second,timestamp_hhmmss,label,class,confidence,bbox,frame
0,00:00:00,Microdebrider,3,0.943159,"[0.564901, 0.533774, 0.105985, 0.238781]",1
1,00:00:01,Microdebrider,3,0.943245,"[0.564653, 0.537167, 0.107426, 0.236999]",55
2,00:00:02,Microdebrider,3,0.942762,"[0.564735, 0.537179, 0.106633, 0.237063]",64
3,00:00:03,Microdebrider,3,0.943192,"[0.564313, 0.538714, 0.106016, 0.232996]",107
4,00:00:04,Microdebrider,3,0.935088,"[0.561438, 0.537881, 0.110651, 0.230227]",148
5,00:00:05,Microdebrider,3,0.946401,"[0.56588, 0.53356, 0.108071, 0.245335]",177
6,00:00:06,Microdebrider,3,0.944285,"[0.56607, 0.524689, 0.106834, 0.261156]",182
7,00:00:07,Microdebrider,3,0.943804,"[0.56555, 0.537917, 0.108354, 0.230462]",218
8,00:00:08,Microdebrider,3,0.939707,"[0.564425, 0.536296, 0.114738, 0.23979]",247
9,00:00:09,Microdebrider,3,0.939795,"[0.564267, 0.541039, 0.114124, 0.231168]",284
10,00:00:10,Microdebrider,3,0.941218,"[0.563828, 0.54692, 0.116988, 0.221584]",322
11,00:00:11,Microdebrider,3,0.933137,"[0.566419, 0.544712, 0.109467, 0.224178]",332
12,00:00:12,Microdebrider,3,0.941673,"[0.563882, 0.548608, 0.116646, 0.218303]",376
13,00:00:13,Microdebrider,3,0.942426,"[0.565305, 0.54065, 0.109263, 0.228925]",409
14,00:00:14,Microdebrider,3,0.941189,"[0.559832, 0.553049, 0.124224, 0.207679]",440
15,00:00:15,Microdebrider,3,0.941041,"[0.560816, 0.5492, 0.124831, 0.216426]",451
16,00:00:16,Microdebrider,3,0.938469,"[0.558668, 0.5531, 0.12867, 0.209803]",491
17,00:00:17,Microdebrider,3,0.938084,"[0.559281, 0.55521, 0.127198, 0.206848]",523
18,00:00:18,Microdebrider,3,0.932045,"[0.562394, 0.559502, 0.121213, 0.199121]",567
19,00:00:19,Microdebrider,3,0.934923,"[0.563665, 0.555844, 0.117409, 0.205807]",576
20,00:00:20,Microdebrider,3,0.93642,"[0.561872, 0.553786, 0.122029, 0.20893]",628
21,00:00:21,Microdebrider,3,0.936732,"[0.561723, 0.553664, 0.121353, 0.208857]",630
22,00:00:22,Microdebrider,3,0.942351,"[0.565938, 0.536028, 0.110222, 0.242173]",685
23,00:00:23,Microdebrider,3,0.940554,"[0.565639, 0.537041, 0.111633, 0.240266]",697
24,00:00:24,Microdebrider,3,0.937386,"[0.559547, 0.549768, 0.126078, 0.216118]",742
25,00:00:25,Microdebrider,3,0.938594,"[0.560133, 0.546672, 0.124118, 0.222698]",771
26,00:00:26,Microdebrider,3,0.940609,"[0.564371, 0.535928, 0.107923, 0.239089]",788
27,00:00:27,Microdebrider,3,0.941154,"[0.565428, 0.537305, 0.109363, 0.23719]",829
28,00:00:28,Microdebrider,3,0.939291,"[0.563412, 0.534436, 0.113311, 0.24156]",857
29,00:00:29,Microdebrider,3,0.940097,"[0.563318, 0.537709, 0.112542, 0.233294]",886
30,00:00:30,Microdebrider,3,0.932263,"[0.561782, 0.538978, 0.1171, 0.232321]",900
31,00:00:31,Microdebrider,3,0.939576,"[0.566632, 0.530635, 0.11036, 0.251685]",951
32,00:00:32,Microdebrider,3,0.941305,"[0.559347, 0.535331, 0.126205, 0.247288]",978
33,00:00:33,Microdebrider,3,0.938316,"[0.557322, 0.543488, 0.128804, 0.228299]",1003
34,00:00:34,Microdebrider,3,0.945544,"[0.564915, 0.533096, 0.108926, 0.245658]",1042
35,00:00:35,Microdebrider,3,0.932056,"[0.572031, 0.524961, 0.0949718, 0.261335]",1070
36,00:00:36,Microdebrider,3,0.944379,"[0.564214, 0.53396, 0.107729, 0.246311]",1092
37,00:00:37,Microdebrider,3,0.947656,"[0.562454, 0.523967, 0.114428, 0.25978]",1111
38,00:00:38,Microdebrider,3,0.924801,"[0.584105, 0.516791, 0.0756051, 0.272432]",1162
39,00:00:39,Microdebrider,3,0.930741,"[0.575828, 0.506399, 0.0886749, 0.293082]",1195
40,00:00:40,Microdebrider,3,0.940716,"[0.566387, 0.508513, 0.10916, 0.287801]",1212
41,00:00:41,Microdebrider,3,0.936917,"[0.570579, 0.509286, 0.0964598, 0.288355]",1258
42,00:00:42,Microdebrider,3,0.936119,"[0.57114, 0.510004, 0.0950447, 0.287119]",1260
43,00:00:43,Microdebrider,3,0.922791,"[0.580058, 0.521497, 0.0807822, 0.263483]",1299
44,00:00:44,Microdebrider,3,0.931609,"[0.572729, 0.530485, 0.0943947, 0.247197]",1330
45,00:00:45,Microdebrider,3,0.92569,"[0.580404, 0.507614, 0.0817253, 0.290844]",1377
46,00:00:46,Microdebrider,3,0.920865,"[0.58125, 0.505756, 0.0799688, 0.294662]",1380
47,00:00:47,Microdebrider,3,0.93692,"[0.57331, 0.507847, 0.0913401, 0.290192]",1431
48,00:00:48,Microdebrider,3,0.929238,"[0.569507, 0.508254, 0.102785, 0.287835]",1440
49,00:00:49,Microdebrider,3,0.919576,"[0.574556, 0.524882, 0.0921618, 0.261001]",1498
50,00:00:50,Microdebrider,3,0.947419,"[0.563952, 0.532181, 0.107028, 0.246577]",1526
51,00:00:51,Microdebrider,3,0.942139,"[0.565729, 0.532168, 0.105392, 0.246559]",1559
52,00:00:52,Microdebrider,3,0.944583,"[0.565007, 0.531807, 0.107638, 0.247315]",1561
53,00:00:53,Microdebrider,3,0.94233,"[0.561492, 0.524788, 0.114037, 0.256442]",1611
54,00:00:54,Microdebrider,3,0.940519,"[0.573203, 0.509842, 0.0942624, 0.281701]",1632
55,00:00:55,Microdebrider,3,0.932045,"[0.575513, 0.512021, 0.0905178, 0.277379]",1655
56,00:00:56,Microdebrider,3,0.933033,"[0.56883, 0.517667, 0.101265, 0.271061]",1696
57,00:00:57,Microdebrider,3,0.931472,"[0.569023, 0.518964, 0.101786, 0.26817]",1715
58,00:00:58,Microdebrider,3,0.945867,"[0.561036, 0.522121, 0.112221, 0.259224]",1766
59,00:00:59,Microdebrider,3,0.943678,"[0.564676, 0.509838, 0.107657, 0.282773]",1779
60,00:01:00,Microdebrider,3,0.940284,"[0.558939, 0.526648, 0.107745, 0.251487]",1814
61,00:01:01,Microdebrider,3,0.94068,"[0.552475, 0.537898, 0.130888, 0.232745]",1856
62,00:01:02,Microdebrider,3,0.932546,"[0.54787, 0.528892, 0.144572, 0.250248]",1883
63,00:01:03,Microdebrider,3,0.933958,"[0.547211, 0.526747, 0.141716, 0.254269]",1899
82,00:01:22,Frazier,1,0.888992,"[0.552516, 0.575308, 0.14924, 0.144602]",2489
83,00:01:23,Frazier,1,0.962224,"[0.578979, 0.558364, 0.0853705, 0.184028]",2519
84,00:01:24,Frazier,1,0.960252,"[0.579293, 0.561267, 0.0850706, 0.179058]",2522
85,00:01:25,Frazier,1,0.961033,"[0.578851, 0.569993, 0.0858073, 0.16256]",2560
86,00:01:26,Frazier,1,0.961603,"[0.579594, 0.572082, 0.0825533, 0.160834]",2602
87,00:01:27,Frazier,1,0.955051,"[0.585482, 0.571195, 0.0734426, 0.164999]",2611
88,00:01:28,Frazier,1,0.953291,"[0.578375, 0.57743, 0.0846095, 0.152003]",2645
89,00:01:29,Frazier,1,0.96062,"[0.579379, 0.572316, 0.0841457, 0.161225]",2698
90,00:01:30,Frazier,1,0.956398,"[0.586392, 0.561676, 0.0725739, 0.184945]",2726
91,00:01:31,Frazier,1,0.954454,"[0.579733, 0.572661, 0.0822533, 0.161623]",2758
92,00:01:32,Frazier,1,0.953241,"[0.579602, 0.572602, 0.0817797, 0.161546]",2760
93,00:01:33,Frazier,1,0.943946,"[0.575921, 0.57679, 0.0864124, 0.154396]",2790
94,00:01:34,Frazier,1,0.939269,"[0.568779, 0.583926, 0.0920559, 0.140796]",2820
95,00:01:35,Frazier,1,0.915496,"[0.562482, 0.597805, 0.107662, 0.115292]",2877
96,00:01:36,Frazier,1,0.914281,"[0.562139, 0.596784, 0.109302, 0.116922]",2881
97,00:01:37,Frazier,1,0.91244,"[0.562992, 0.598071, 0.107528, 0.113666]",2918
98,00:01:38,Frazier,1,0.914154,"[0.563179, 0.597647, 0.106155, 0.114689]",2961
99,00:01:39,Frazier,1,0.930861,"[0.572695, 0.579466, 0.0925234, 0.146867]",2985
100,00:01:40,Frazier,1,0.943405,"[0.56701, 0.585763, 0.102398, 0.136071]",3004
101,00:01:41,Frazier,1,0.952058,"[0.566394, 0.586196, 0.103772, 0.131974]",3035
102,00:01:42,Frazier,1,0.929352,"[0.559692, 0.589491, 0.113289, 0.127317]",3067
112,00:01:52,Freer,4,0.880183,"[0.594308, 0.579227, 0.0578533, 0.161959]",3389
113,00:01:53,Freer,4,0.911767,"[0.586906, 0.592494, 0.0740207, 0.137276]",3411
114,00:01:54,Freer,4,0.886523,"[0.581455, 0.591537, 0.0817587, 0.135203]",3432
115,00:01:55,Freer,4,0.893837,"[0.581405, 0.579161, 0.084502, 0.148294]",3461
116,00:01:56,Freer,4,0.914199,"[0.591395, 0.571737, 0.0643537, 0.170517]",3506
117,00:01:57,Freer,4,0.934671,"[0.589028, 0.576267, 0.0677078, 0.164158]",3527
118,00:01:58,Freer,4,0.924324,"[0.586553, 0.578101, 0.0722994, 0.160832]",3546
119,00:01:59,Freer,4,0.938817,"[0.594405, 0.576706, 0.0561317, 0.171109]",3599
120,00:02:00,Freer,4,0.94602,"[0.592401, 0.576252, 0.0601503, 0.168003]",3606
121,00:02:01,Freer,4,0.941546,"[0.594908, 0.580753, 0.0538252, 0.163389]",3634
122,00:02:02,Freer,4,0.939684,"[0.587935, 0.577876, 0.0664524, 0.163739]",3662
123,00:02:03,Freer,4,0.939739,"[0.592315, 0.568087, 0.0603021, 0.182762]",3700
124,00:02:04,Freer,4,0.932285,"[0.585845, 0.580444, 0.072032, 0.160242]",3748
125,00:02:05,Freer,4,0.947357,"[0.590323, 0.575227, 0.0636622, 0.165834]",3760
126,00:02:06,Freer,4,0.927892,"[0.588431, 0.575822, 0.0690984, 0.164136]",3784
127,00:02:07,Freer,4,0.934635,"[0.588094, 0.576346, 0.0718634, 0.163333]",3826
128,00:02:08,Freer,4,0.923061,"[0.589268, 0.574308, 0.0694717, 0.168592]",3855
129,00:02:09,Freer,4,0.937391,"[0.592008, 0.574599, 0.0610491, 0.169339]",3888
130,00:02:10,Freer,4,0.935807,"[0.587837, 0.583584, 0.0711283, 0.154906]",3920
131,00:02:11,Freer,4,0.918912,"[0.586686, 0.586487, 0.0723726, 0.148079]",3930
132,00:02:12,Freer,4,0.926062,"[0.587203, 0.581704, 0.0719808, 0.154954]",3973
133,00:02:13,Freer,4,0.93179,"[0.594708, 0.57856, 0.0552455, 0.164472]",4000
134,00:02:14,Freer,4,0.89777,"[0.591559, 0.577175, 0.0612529, 0.163139]",4026
135,00:02:15,Freer,4,0.936603,"[0.581203, 0.588456, 0.0800463, 0.139359]",4072
136,00:02:16,Freer,4,0.895733,"[0.587215, 0.571612, 0.0688927, 0.16936]",4107
137,00:02:17,Freer,4,0.870379,"[0.590673, 0.579639, 0.0642188, 0.153199]",4110
138,00:02:18,Freer,4,0.798503,"[0.590606, 0.559102, 0.0590503, 0.197446]",4140
144,00:02:24,Frazier,1,0.902758,"[0.545297, 0.579912, 0.144868, 0.128094]",4347
145,00:02:25,Frazier,1,0.960294,"[0.588038, 0.55987, 0.072717, 0.184825]",4373
146,00:02:26,Frazier,1,0.976535,"[0.592143, 0.564497, 0.0641588, 0.184058]",4382
147,00:02:27,Frazier,1,0.96976,"[0.579127, 0.570802, 0.0850784, 0.156669]",4427
148,00:02:28,Frazier,1,0.96799,"[0.577466, 0.570645, 0.0872023, 0.158673]",4449
149,00:02:29,Frazier,1,0.96969,"[0.576119, 0.571454, 0.0893262, 0.157745]",4488
150,00:02:30,Frazier,1,0.954763,"[0.566531, 0.59273, 0.103536, 0.123732]",4515
151,00:02:31,Frazier,1,0.955778,"[0.570011, 0.582626, 0.100021, 0.14249]",4556
152,00:02:32,Frazier,1,0.964767,"[0.57657, 0.569145, 0.0891536, 0.164524]",4585
153,00:02:33,Frazier,1,0.968365,"[0.576829, 0.570944, 0.0888426, 0.163492]",4598
154,00:02:34,Frazier,1,0.959305,"[0.59423, 0.564745, 0.0592055, 0.187618]",4644
155,00:02:35,Frazier,1,0.968254,"[0.591846, 0.561712, 0.0649878, 0.186929]",4675
156,00:02:36,Frazier,1,0.962776,"[0.590383, 0.5657, 0.0663315, 0.179603]",4680
157,00:02:37,Frazier,1,0.954186,"[0.586595, 0.569903, 0.0735245, 0.165211]",4732
158,00:02:38,Frazier,1,0.955268,"[0.579214, 0.574564, 0.0845091, 0.154023]",4767
159,00:02:39,Frazier,1,0.953338,"[0.567831, 0.59309, 0.102961, 0.123142]",4786
160,00:02:40,Frazier,1,0.9508,"[0.564502, 0.591173, 0.112648, 0.126055]",4821
161,00:02:41,Frazier,1,0.940161,"[0.569733, 0.5814, 0.0997278, 0.142216]",4858
162,00:02:42,Frazier,1,0.948788,"[0.567619, 0.58704, 0.103765, 0.132895]",4866
163,00:02:43,Frazier,1,0.944481,"[0.566021, 0.588537, 0.104172, 0.129191]",4912
164,00:02:44,Frazier,1,0.941628,"[0.566925, 0.589954, 0.10623, 0.129697]",4931
165,00:02:45,Frazier,1,0.942921,"[0.568315, 0.58482, 0.102083, 0.1379]",4978
166,00:02:46,Frazier,1,0.943494,"[0.566357, 0.585313, 0.106522, 0.136378]",4980
167,00:02:47,Frazier,1,0.910083,"[0.562762, 0.591534, 0.109786, 0.123648]",5038
168,00:02:48,Frazier,1,0.917065,"[0.561889, 0.592353, 0.108127, 0.121578]",5046
169,00:02:49,Frazier,1,0.949639,"[0.56595, 0.576153, 0.104356, 0.149074]",5089
170,00:02:50,Frazier,1,0.958815,"[0.570583, 0.585482, 0.0970828, 0.139716]",5122
171,00:02:51,Frazier,1,0.957359,"[0.570356, 0.585299, 0.0983076, 0.138936]",5133
172,00:02:52,Frazier,1,0.952847,"[0.57684, 0.572408, 0.0883693, 0.162962]",5189
173,00:02:53,Frazier,1,0.956999,"[0.577264, 0.57017, 0.0868613, 0.168723]",5194
174,00:02:54,Frazier,1,0.959323,"[0.594457, 0.564434, 0.0603231, 0.177593]",5234
175,00:02:55,Frazier,1,0.970232,"[0.592318, 0.56135, 0.0634752, 0.18907]",5254
176,00:02:56,Frazier,1,0.949854,"[0.596325, 0.56348, 0.0556049, 0.183436]",5296
177,00:02:57,Frazier,1,0.927886,"[0.601813, 0.577385, 0.0499939, 0.158127]",5314
178,00:02:58,Frazier,1,0.95731,"[0.583773, 0.569998, 0.0767474, 0.165325]",5366
179,00:02:59,Frazier,1,0.963531,"[0.57803, 0.569969, 0.0869609, 0.164734]",5371
180,00:03:00,Frazier,1,0.950536,"[0.566668, 0.592924, 0.106221, 0.120281]",5413
181,00:03:01,Frazier,1,0.945983,"[0.565338, 0.591333, 0.109827, 0.123003]",5431
182,00:03:02,Frazier,1,0.944504,"[0.561113, 0.584601, 0.115612, 0.136445]",5475
183,00:03:03,Frazier,1,0.743554,"[0.538325, 0.568887, 0.127527, 0.138927]",5490
189,00:03:09,Forceps,2,0.910001,"[0.550712, 0.558932, 0.141167, 0.185897]",5697
190,00:03:10,Forceps,2,0.93204,"[0.558106, 0.55504, 0.131568, 0.20038]",5706
191,00:03:11,Forceps,2,0.917472,"[0.574437, 0.568396, 0.0952782, 0.167551]",5745
192,00:03:12,Forceps,2,0.921347,"[0.579742, 0.566649, 0.0863707, 0.177444]",5784
193,00:03:13,Forceps,2,0.93912,"[0.584289, 0.581799, 0.0760292, 0.143898]",5812
194,00:03:14,Forceps,2,0.912436,"[0.55622, 0.577344, 0.133693, 0.149993]",5848
195,00:03:15,Forceps,2,0.929459,"[0.556892, 0.57349, 0.132348, 0.15848]",5855
196,00:03:16,Forceps,2,0.921408,"[0.554929, 0.59807, 0.136573, 0.119779]",5905
197,00:03:17,Forceps,2,0.919548,"[0.558697, 0.573985, 0.130663, 0.16001]",5923
198,00:03:18,Forceps,2,0.921267,"[0.556391, 0.589484, 0.134367, 0.13459]",5945
199,00:03:19,Forceps,2,0.924926,"[0.55664, 0.59778, 0.13405, 0.12027]",5973
200,00:03:20,Forceps,2,0.933263,"[0.556465, 0.55782, 0.136408, 0.182986]",6019
202,00:03:22,Forceps,2,0.888894,"[0.548689, 0.525686, 0.117789, 0.155156]",6089
203,00:03:23,Forceps,2,0.935302,"[0.561968, 0.572855, 0.124134, 0.166706]",6115
204,00:03:24,Forceps,2,0.934781,"[0.564007, 0.576818, 0.117329, 0.159289]",6124
205,00:03:25,Forceps,2,0.922583,"[0.570428, 0.588377, 0.106295, 0.131416]",6177
206,00:03:26,Forceps,2,0.917041,"[0.556833, 0.598127, 0.132035, 0.115234]",6207
207,00:03:27,Forceps,2,0.919343,"[0.555769, 0.595488, 0.134085, 0.119724]",6215
208,00:03:28,Forceps,2,0.91406,"[0.554438, 0.590756, 0.135455, 0.129002]",6269
209,00:03:29,Forceps,2,0.91582,"[0.551696, 0.593042, 0.140954, 0.123885]",6272
210,00:03:30,Forceps,2,0.903338,"[0.55545, 0.58384, 0.134346, 0.135822]",6318
211,00:03:31,Forceps,2,0.913164,"[0.553284, 0.57746, 0.134555, 0.147887]",6354
212,00:03:32,Forceps,2,0.916387,"[0.555871, 0.583089, 0.134364, 0.137743]",6366
213,00:03:33,Forceps,2,0.913243,"[0.553849, 0.584922, 0.135943, 0.13896]",6399
214,00:03:34,Forceps,2,0.914531,"[0.554597, 0.589052, 0.136743, 0.134353]",6436
215,00:03:35,Forceps,2,0.918592,"[0.5511, 0.589241, 0.139045, 0.131689]",6461
216,00:03:36,Forceps,2,0.915143,"[0.552192, 0.589268, 0.141898, 0.136892]",6507
217,00:03:37,Forceps,2,0.918251,"[0.550115, 0.588432, 0.144272, 0.135238]",6539
218,00:03:38,Forceps,2,0.916588,"[0.55066, 0.588724, 0.143843, 0.135178]",6540
219,00:03:39,Forceps,2,0.921667,"[0.551417, 0.5906, 0.139807, 0.131675]",6593
220,00:03:40,Forceps,2,0.917422,"[0.551541, 0.590201, 0.141258, 0.131984]",6602
221,00:03:41,Forceps,2,0.917518,"[0.548626, 0.58979, 0.141494, 0.132852]",6657
222,00:03:42,Forceps,2,0.913183,"[0.553322, 0.589283, 0.135941, 0.130347]",6683
223,00:03:43,Forceps,2,0.90392,"[0.550739, 0.59559, 0.138221, 0.115959]",6718
224,00:03:44,Forceps,2,0.91672,"[0.548077, 0.588396, 0.145422, 0.130271]",6737
225,00:03:45,Forceps,2,0.914547,"[0.549077, 0.589647, 0.142664, 0.12927]",6759
226,00:03:46,Forceps,2,0.914541,"[0.548882, 0.588585, 0.142301, 0.133458]",6809
227,00:03:47,Forceps,2,0.911741,"[0.547886, 0.586763, 0.144671, 0.132916]",6810
228,00:03:48,Forceps,2,0.913068,"[0.554678, 0.589537, 0.134024, 0.127091]",6849
229,00:03:49,Forceps,2,0.917302,"[0.548268, 0.592089, 0.143924, 0.123638]",6885
230,00:03:50,Forceps,2,0.917583,"[0.550134, 0.588763, 0.141211, 0.126875]",6902
231,00:03:51,Forceps,2,0.911951,"[0.54755, 0.591231, 0.14622, 0.12422]",6955
232,00:03:52,Forceps,2,0.911444,"[0.550562, 0.588158, 0.140785, 0.126084]",6967
233,00:03:53,Forceps,2,0.915843,"[0.572178, 0.591003, 0.102991, 0.127648]",7010
234,00:03:54,Forceps,2,0.915624,"[0.552621, 0.587453, 0.139033, 0.129279]",7034
235,00:03:55,Forceps,2,0.918942,"[0.553703, 0.579011, 0.135224, 0.142391]",7079
236,00:03:56,Forceps,2,0.920653,"[0.551797, 0.578567, 0.137987, 0.145213]",7084
237,00:03:57,Forceps,2,0.914094,"[0.550901, 0.584436, 0.142677, 0.137884]",7138
238,00:03:58,Forceps,2,0.911102,"[0.551308, 0.58167, 0.141161, 0.139598]",7141
241,00:04:01,Microdebrider,3,0.914831,"[0.538662, 0.538683, 0.165269, 0.23001]",7259
242,00:04:02,Microdebrider,3,0.93718,"[0.55386, 0.536894, 0.132912, 0.230415]",7288
243,00:04:03,Microdebrider,3,0.939541,"[0.556005, 0.53379, 0.133944, 0.232646]",7299
244,00:04:04,Microdebrider,3,0.941578,"[0.555612, 0.535145, 0.133144, 0.231002]",7320
245,00:04:05,Microdebrider,3,0.93672,"[0.556259, 0.545459, 0.132284, 0.214614]",7351
246,00:04:06,Microdebrider,3,0.933312,"[0.54993, 0.554796, 0.141553, 0.198147]",7381
247,00:04:07,Microdebrider,3,0.930156,"[0.542278, 0.548228, 0.153239, 0.20911]",7434
248,00:04:08,Microdebrider,3,0.933989,"[0.546886, 0.552618, 0.145694, 0.202778]",7450
249,00:04:09,Microdebrider,3,0.931303,"[0.545686, 0.55406, 0.146685, 0.201459]",7476
250,00:04:10,Microdebrider,3,0.933249,"[0.547117, 0.552514, 0.143385, 0.202735]",7529
251,00:04:11,Microdebrider,3,0.938267,"[0.553065, 0.547686, 0.130486, 0.21075]",7543
252,00:04:12,Microdebrider,3,0.932638,"[0.54922, 0.556555, 0.141711, 0.1992]",7568
253,00:04:13,Microdebrider,3,0.921601,"[0.539796, 0.576582, 0.159465, 0.162472]",7608
254,00:04:14,Microdebrider,3,0.936707,"[0.549532, 0.555763, 0.137287, 0.195856]",7631
255,00:04:15,Microdebrider,3,0.93263,"[0.555232, 0.553041, 0.134044, 0.20645]",7661
256,00:04:16,Microdebrider,3,0.947408,"[0.562172, 0.534241, 0.11383, 0.24194]",7692
257,00:04:17,Microdebrider,3,0.948733,"[0.561485, 0.534701, 0.115795, 0.240478]",7735
258,00:04:18,Microdebrider,3,0.938691,"[0.552304, 0.533336, 0.131471, 0.239384]",7760
259,00:04:19,Microdebrider,3,0.949767,"[0.554514, 0.530397, 0.129545, 0.252623]",7791
260,00:04:20,Microdebrider,3,0.938643,"[0.554014, 0.547454, 0.132257, 0.214058]",7826
261,00:04:21,Microdebrider,3,0.935821,"[0.558814, 0.54917, 0.125649, 0.212282]",7846
262,00:04:22,Microdebrider,3,0.929231,"[0.552134, 0.559384, 0.137685, 0.193751]",7869
263,00:04:23,Microdebrider,3,0.941797,"[0.562192, 0.537099, 0.115387, 0.238565]",7896
264,00:04:24,Microdebrider,3,0.933814,"[0.550798, 0.56033, 0.138814, 0.19107]",7936
265,00:04:25,Microdebrider,3,0.928803,"[0.552633, 0.566318, 0.137702, 0.180401]",7952
277,00:04:37,Forceps,2,0.889444,"[0.557628, 0.573852, 0.130401, 0.152392]",8338
278,00:04:38,Forceps,2,0.880935,"[0.559611, 0.578862, 0.126257, 0.146007]",8342
279,00:04:39,Forceps,2,0.87233,"[0.576265, 0.569949, 0.0915175, 0.164276]",8390
280,00:04:40,Forceps,2,0.885366,"[0.579738, 0.572074, 0.0880906, 0.159237]",8412
281,00:04:41,Forceps,2,0.834997,"[0.601389, 0.587021, 0.0511194, 0.134952]",8446
282,00:04:42,Forceps,2,0.936314,"[0.58196, 0.578462, 0.0813671, 0.151559]",8487
283,00:04:43,Forceps,2,0.967462,"[0.583896, 0.582371, 0.0788288, 0.141178]",8502
284,00:04:44,Forceps,2,0.953727,"[0.587415, 0.581938, 0.073327, 0.142353]",8532
285,00:04:45,Forceps,2,0.946237,"[0.583095, 0.583255, 0.0791513, 0.141215]",8555
286,00:04:46,Forceps,2,0.881075,"[0.575689, 0.60035, 0.0905631, 0.110531]",8601
287,00:04:47,Forceps,2,0.88244,"[0.57811, 0.597347, 0.0863263, 0.112716]",8613
288,00:04:48,Forceps,2,0.902064,"[0.577194, 0.583145, 0.0924158, 0.136681]",8648
289,00:04:49,Forceps,2,0.923862,"[0.579164, 0.585885, 0.0843601, 0.137468]",8689
290,00:04:50,Forceps,2,0.872214,"[0.583459, 0.601, 0.0796467, 0.108301]",8729
291,00:04:51,Forceps,2,0.889226,"[0.582464, 0.58523, 0.0824431, 0.137807]",8749
292,00:04:52,Forceps,2,0.894505,"[0.57358, 0.601826, 0.0957332, 0.108632]",8784
293,00:04:53,Forceps,2,0.924083,"[0.570698, 0.57051, 0.104386, 0.159772]",8794
294,00:04:54,Forceps,2,0.891181,"[0.585596, 0.59779, 0.0735392, 0.111697]",8842
295,00:04:55,Forceps,2,0.878694,"[0.586124, 0.578262, 0.0736433, 0.14819]",8862
296,00:04:56,Forceps,2,0.866644,"[0.581746, 0.606592, 0.0826572, 0.0951142]",8897
297,00:04:57,Forceps,2,0.94073,"[0.581255, 0.580932, 0.0861286, 0.141882]",8932
298,00:04:58,Forceps,2,0.935078,"[0.57948, 0.581155, 0.0888495, 0.142106]",8940
299,00:04:59,Forceps,2,0.910871,"[0.584396, 0.571789, 0.0822935, 0.168733]",8992
300,00:05:00,Forceps,2,0.933136,"[0.577008, 0.588122, 0.0916789, 0.137959]",9006
301,00:05:01,Forceps,2,0.916931,"[0.582369, 0.578816, 0.084575, 0.153333]",9044
302,00:05:02,Forceps,2,0.900886,"[0.573809, 0.596974, 0.0934702, 0.117219]",9089
303,00:05:03,Forceps,2,0.922081,"[0.569848, 0.584735, 0.105054, 0.137579]",9113
304,00:05:04,Forceps,2,0.912828,"[0.575909, 0.577568, 0.0962413, 0.151299]",9120
305,00:05:05,Forceps,2,0.795856,"[0.579456, 0.609954, 0.0822517, 0.0900974]",9171
306,00:05:06,Forceps,2,0.868888,"[0.574184, 0.609134, 0.0938668, 0.0966534]",9184
307,00:05:07,Forceps,2,0.878018,"[0.57885, 0.579198, 0.0861937, 0.151092]",9239
308,00:05:08,Forceps,2,0.885673,"[0.577507, 0.577221, 0.0882788, 0.154618]",9240
310,00:05:10,Microdebrider,3,0.87059,"[0.526747, 0.544922, 0.187286, 0.213193]",9329
311,00:05:11,Microdebrider,3,0.95017,"[0.556428, 0.530349, 0.133968, 0.250085]",9354
312,00:05:12,Microdebrider,3,0.944054,"[0.560748, 0.530722, 0.123006, 0.2462]",9360
313,00:05:13,Microdebrider,3,0.937173,"[0.565762, 0.535327, 0.107985, 0.237328]",9404
314,00:05:14,Microdebrider,3,0.942805,"[0.560033, 0.538264, 0.122539, 0.234335]",9436
315,00:05:15,Microdebrider,3,0.937701,"[0.559142, 0.541584, 0.124377, 0.228068]",9470
316,00:05:16,Microdebrider,3,0.934775,"[0.560097, 0.543207, 0.121599, 0.225874]",9484
317,00:05:17,Microdebrider,3,0.937209,"[0.561716, 0.547146, 0.120743, 0.218789]",9524
318,00:05:18,Microdebrider,3,0.9369,"[0.561642, 0.548059, 0.121991, 0.216962]",9558
319,00:05:19,Microdebrider,3,0.93798,"[0.557119, 0.555148, 0.131062, 0.202757]",9590
320,00:05:20,Microdebrider,3,0.938605,"[0.556975, 0.554746, 0.130571, 0.203531]",9623
321,00:05:21,Microdebrider,3,0.935893,"[0.557307, 0.550028, 0.1298, 0.213521]",9658
322,00:05:22,Microdebrider,3,0.941083,"[0.55986, 0.552248, 0.123668, 0.20941]",9667
323,00:05:23,Microdebrider,3,0.936787,"[0.561108, 0.552554, 0.121045, 0.208484]",9706
324,00:05:24,Microdebrider,3,0.938503,"[0.557503, 0.5398, 0.129485, 0.231314]",9721
327,00:05:27,Microdebrider,3,0.877981,"[0.533755, 0.542269, 0.190054, 0.204478]",9839
328,00:05:28,Microdebrider,3,0.949474,"[0.555513, 0.523775, 0.133788, 0.261996]",9863
329,00:05:29,Microdebrider,3,0.943989,"[0.563606, 0.516349, 0.114836, 0.276724]",9874
330,00:05:30,Microdebrider,3,0.932755,"[0.555573, 0.544808, 0.133076, 0.222169]",9911
331,00:05:31,Microdebrider,3,0.934391,"[0.5518, 0.560872, 0.139738, 0.192025]",9939
332,00:05:32,Microdebrider,3,0.934201,"[0.55567, 0.554635, 0.132641, 0.205894]",9968
333,00:05:33,Microdebrider,3,0.946529,"[0.563696, 0.533929, 0.113188, 0.243647]",10003
334,00:05:34,Microdebrider,3,0.926101,"[0.578683, 0.511557, 0.0871063, 0.282472]",10049
335,00:05:35,Microdebrider,3,0.934808,"[0.575882, 0.510999, 0.0906409, 0.284405]",10077
336,00:05:36,Microdebrider,3,0.938386,"[0.57531, 0.497198, 0.0937933, 0.311973]",10097
337,00:05:37,Microdebrider,3,0.948977,"[0.564775, 0.534664, 0.111627, 0.238527]",10130
338,00:05:38,Microdebrider,3,0.947763,"[0.564298, 0.536644, 0.113034, 0.23882]",10143
339,00:05:39,Microdebrider,3,0.949553,"[0.555617, 0.53069, 0.133238, 0.251907]",10186
340,00:05:40,Microdebrider,3,0.951125,"[0.563551, 0.534296, 0.114246, 0.243731]",10200
341,00:05:41,Microdebrider,3,0.949681,"[0.555662, 0.533285, 0.13159, 0.245393]",10246
342,00:05:42,Microdebrider,3,0.951328,"[0.561996, 0.525064, 0.117135, 0.260358]",10263
343,00:05:43,Microdebrider,3,0.946443,"[0.56507, 0.533684, 0.110734, 0.242038]",10316
344,00:05:44,Microdebrider,3,0.936515,"[0.567874, 0.51951, 0.104748, 0.267633]",10320
345,00:05:45,Microdebrider,3,0.939419,"[0.572655, 0.533258, 0.096601, 0.241204]",10368
346,00:05:46,Microdebrider,3,0.934113,"[0.56949, 0.533395, 0.102214, 0.241926]",10402
347,00:05:47,Microdebrider,3,0.939202,"[0.56594, 0.536688, 0.109535, 0.237437]",10438
348,00:05:48,Microdebrider,3,0.94618,"[0.564236, 0.535355, 0.11343, 0.240971]",10449
349,00:05:49,Microdebrider,3,0.938437,"[0.568443, 0.532729, 0.106969, 0.244595]",10499
350,00:05:50,Microdebrider,3,0.944207,"[0.566578, 0.523315, 0.111576, 0.262858]",10523
351,00:05:51,Microdebrider,3,0.932955,"[0.56888, 0.531295, 0.104442, 0.244432]",10535
352,00:05:52,Microdebrider,3,0.933956,"[0.56619, 0.532928, 0.107721, 0.24478]",10572
353,00:05:53,Microdebrider,3,0.93625,"[0.567606, 0.527126, 0.107943, 0.254431]",10605
354,00:05:54,Microdebrider,3,0.926041,"[0.564501, 0.522254, 0.115083, 0.260311]",10631
364,00:06:04,Forceps,2,0.909646,"[0.564893, 0.544486, 0.118318, 0.219664]",10949
365,00:06:05,Forceps,2,0.920744,"[0.566637, 0.546867, 0.115238, 0.215448]",10951
366,00:06:06,Forceps,2,0.922267,"[0.571435, 0.570828, 0.100255, 0.160019]",10999
367,00:06:07,Forceps,2,0.923816,"[0.569018, 0.569764, 0.105693, 0.162571]",11013
368,00:06:08,Forceps,2,0.919375,"[0.572153, 0.566194, 0.0999701, 0.170287]",11061
369,00:06:09,Forceps,2,0.920147,"[0.569625, 0.572679, 0.103241, 0.15774]",11080
370,00:06:10,Forceps,2,0.938757,"[0.57711, 0.573018, 0.0958235, 0.162418]",11113
371,00:06:11,Forceps,2,0.892597,"[0.598047, 0.60064, 0.0559004, 0.107013]",11144
372,00:06:12,Forceps,2,0.890987,"[0.602623, 0.595509, 0.0460799, 0.121933]",11167
373,00:06:13,Forceps,2,0.965286,"[0.583288, 0.584162, 0.0828122, 0.139325]",11218
374,00:06:14,Forceps,2,0.958577,"[0.583801, 0.592001, 0.0785946, 0.121621]",11224
375,00:06:15,Forceps,2,0.901115,"[0.583294, 0.597818, 0.083033, 0.113259]",11270
376,00:06:16,Forceps,2,0.87583,"[0.585254, 0.59207, 0.0816471, 0.125425]",11284
377,00:06:17,Forceps,2,0.917236,"[0.583353, 0.559518, 0.0857272, 0.187698]",11339
378,00:06:18,Forceps,2,0.941124,"[0.57851, 0.570359, 0.0905557, 0.165908]",11345
379,00:06:19,Forceps,2,0.869198,"[0.577822, 0.608389, 0.0911452, 0.0942381]",11378
380,00:06:20,Forceps,2,0.857436,"[0.577835, 0.583813, 0.0919232, 0.139586]",11405
381,00:06:21,Forceps,2,0.921484,"[0.582895, 0.570857, 0.0805004, 0.16661]",11456
382,00:06:22,Forceps,2,0.908059,"[0.583115, 0.561475, 0.0843458, 0.183401]",11470
383,00:06:23,Forceps,2,0.92398,"[0.58629, 0.567886, 0.0798199, 0.169715]",11500
384,00:06:24,Forceps,2,0.921661,"[0.573002, 0.591767, 0.0975266, 0.120059]",11531
385,00:06:25,Forceps,2,0.923995,"[0.583677, 0.568098, 0.0825642, 0.176161]",11579
386,00:06:26,Forceps,2,0.946202,"[0.583588, 0.571177, 0.0828518, 0.166673]",11583
387,00:06:27,Forceps,2,0.906155,"[0.585169, 0.551702, 0.0777071, 0.200183]",11611
392,00:06:32,Frazier,1,0.816143,"[0.470944, 0.506641, 0.13205, 0.118959]",11783
393,00:06:33,Frazier,1,0.942443,"[0.567502, 0.572642, 0.107051, 0.151439]",11818
394,00:06:34,Frazier,1,0.942899,"[0.569818, 0.580106, 0.101825, 0.141194]",11830
395,00:06:35,Frazier,1,0.956733,"[0.57764, 0.57512, 0.087738, 0.155707]",11877
396,00:06:36,Frazier,1,0.958032,"[0.593264, 0.56833, 0.0623997, 0.180089]",11909
397,00:06:37,Frazier,1,0.962944,"[0.594712, 0.56628, 0.0619438, 0.181542]",11917
398,00:06:38,Frazier,1,0.942322,"[0.597315, 0.56347, 0.0560244, 0.183213]",11945
399,00:06:39,Frazier,1,0.960411,"[0.577884, 0.563465, 0.0880151, 0.171503]",11998
400,00:06:40,Frazier,1,0.949794,"[0.574678, 0.567057, 0.0936449, 0.160383]",12000
401,00:06:41,Frazier,1,0.928221,"[0.562883, 0.594698, 0.112651, 0.118426]",12054
402,00:06:42,Frazier,1,0.941159,"[0.563774, 0.590072, 0.110339, 0.126481]",12073
403,00:06:43,Frazier,1,0.911576,"[0.561273, 0.595443, 0.111647, 0.119005]",12114
404,00:06:44,Frazier,1,0.919241,"[0.563208, 0.588446, 0.113266, 0.127777]",12140
405,00:06:45,Frazier,1,0.903141,"[0.561782, 0.593957, 0.109282, 0.122389]",12174
406,00:06:46,Frazier,1,0.901195,"[0.563259, 0.594612, 0.111786, 0.119787]",12192
407,00:06:47,Frazier,1,0.905491,"[0.562355, 0.593266, 0.11135, 0.122618]",12236
408,00:06:48,Frazier,1,0.898683,"[0.563792, 0.595101, 0.109035, 0.119039]",12257
409,00:06:49,Frazier,1,0.899759,"[0.563872, 0.595014, 0.108406, 0.119449]",12271
410,00:06:50,Frazier,1,0.896362,"[0.564161, 0.594514, 0.10841, 0.120773]",12300
411,00:06:51,Frazier,1,0.895038,"[0.564683, 0.592398, 0.106636, 0.122764]",12359
412,00:06:52,Frazier,1,0.914536,"[0.56503, 0.593306, 0.107073, 0.12361]",12385
413,00:06:53,Frazier,1,0.914404,"[0.564969, 0.593243, 0.106537, 0.123539]",12412
414,00:06:54,Frazier,1,0.918703,"[0.56338, 0.591066, 0.112338, 0.123593]",12430
415,00:06:55,Frazier,1,0.935261,"[0.568984, 0.587752, 0.0992593, 0.130591]",12457
416,00:06:56,Frazier,1,0.931289,"[0.568615, 0.58331, 0.0996511, 0.141258]",12506
417,00:06:57,Frazier,1,0.952428,"[0.578507, 0.57539, 0.0869558, 0.155566]",12522
418,00:06:58,Frazier,1,0.934549,"[0.569261, 0.58932, 0.101263, 0.132463]",12569
419,00:06:59,Frazier,1,0.919679,"[0.569052, 0.591206, 0.101202, 0.128579]",12570
420,00:07:00,Frazier,1,0.932715,"[0.570909, 0.586946, 0.0971964, 0.137565]",12628
421,00:07:01,Frazier,1,0.942175,"[0.57168, 0.587392, 0.0960506, 0.136838]",12637
422,00:07:02,Frazier,1,0.92456,"[0.575212, 0.579216, 0.0924699, 0.144483]",12661
423,00:07:03,Frazier,1,0.918124,"[0.567842, 0.603943, 0.105271, 0.102404]",12698
424,00:07:04,Frazier,1,0.910784,"[0.569727, 0.58381, 0.101199, 0.135882]",12743
425,00:07:05,Frazier,1,0.949493,"[0.576742, 0.581922, 0.0883571, 0.14077]",12775
426,00:07:06,Frazier,1,0.91311,"[0.572585, 0.586062, 0.0954857, 0.136805]",12780
435,00:07:15,Freer,4,0.920685,"[0.593279, 0.576835, 0.0617336, 0.163176]",13063
436,00:07:16,Freer,4,0.910715,"[0.597751, 0.576413, 0.0524785, 0.160256]",13109
437,00:07:17,Freer,4,0.921415,"[0.598482, 0.577549, 0.0528698, 0.159567]",13123
438,00:07:18,Freer,4,0.952966,"[0.599259, 0.589435, 0.0471049, 0.147653]",13166
439,00:07:19,Freer,4,0.952019,"[0.599921, 0.588989, 0.0481762, 0.149212]",13170
440,00:07:20,Freer,4,0.895584,"[0.594187, 0.589475, 0.0584812, 0.144421]",13205
441,00:07:21,Freer,4,0.946572,"[0.602441, 0.590138, 0.0442883, 0.143981]",13257
442,00:07:22,Freer,4,0.958726,"[0.598082, 0.585626, 0.0528734, 0.151019]",13266
443,00:07:23,Freer,4,0.955223,"[0.601341, 0.589066, 0.0430882, 0.148646]",13301
444,00:07:24,Freer,4,0.947681,"[0.592127, 0.586834, 0.0622622, 0.145768]",13345
445,00:07:25,Freer,4,0.937206,"[0.594282, 0.580363, 0.0579601, 0.159582]",13376
446,00:07:26,Freer,4,0.919726,"[0.592261, 0.578411, 0.0610546, 0.164207]",13383
447,00:07:27,Freer,4,0.947447,"[0.590884, 0.584481, 0.0642208, 0.154835]",13423
448,00:07:28,Freer,4,0.925137,"[0.596045, 0.573592, 0.0576822, 0.171084]",13440
452,00:07:32,Microdebrider,3,0.938125,"[0.555785, 0.523298, 0.132186, 0.263401]",13584
453,00:07:33,Microdebrider,3,0.946547,"[0.564657, 0.519574, 0.109306, 0.269974]",13593
454,00:07:34,Microdebrider,3,0.944303,"[0.565214, 0.528308, 0.108177, 0.250592]",13624
455,00:07:35,Microdebrider,3,0.94152,"[0.559873, 0.532411, 0.1213, 0.245332]",13650
456,00:07:36,Microdebrider,3,0.941972,"[0.563653, 0.535153, 0.114942, 0.242617]",13692
457,00:07:37,Microdebrider,3,0.93525,"[0.572118, 0.52097, 0.0962663, 0.266142]",13716
458,00:07:38,Microdebrider,3,0.929616,"[0.575333, 0.522404, 0.0907279, 0.265731]",13740
459,00:07:39,Microdebrider,3,0.935421,"[0.571505, 0.523537, 0.0959305, 0.261892]",13783
460,00:07:40,Microdebrider,3,0.934466,"[0.573941, 0.527377, 0.0921957, 0.256886]",13821
461,00:07:41,Microdebrider,3,0.927807,"[0.572532, 0.522777, 0.0945017, 0.265079]",13830
462,00:07:42,Microdebrider,3,0.932284,"[0.571244, 0.528023, 0.0971567, 0.25532]",13884
463,00:07:43,Microdebrider,3,0.939941,"[0.569949, 0.535334, 0.0999004, 0.240489]",13914
464,00:07:44,Microdebrider,3,0.936185,"[0.566914, 0.542935, 0.105949, 0.228246]",13946
465,00:07:45,Microdebrider,3,0.936311,"[0.568739, 0.535718, 0.10236, 0.242046]",13977
466,00:07:46,Microdebrider,3,0.940229,"[0.573849, 0.536538, 0.0929714, 0.238425]",13999
467,00:07:47,Microdebrider,3,0.919091,"[0.580334, 0.53869, 0.0830812, 0.23525]",14010
468,00:07:48,Microdebrider,3,0.930357,"[0.573626, 0.517892, 0.0930399, 0.273833]",14069
469,00:07:49,Microdebrider,3,0.934068,"[0.575141, 0.513825, 0.090737, 0.279543]",14072
470,00:07:50,Microdebrider,3,0.932422,"[0.572018, 0.526735, 0.0966995, 0.256511]",14129
471,00:07:51,Microdebrider,3,0.935524,"[0.568507, 0.532059, 0.103585, 0.246928]",14146
472,00:07:52,Microdebrider,3,0.938858,"[0.572479, 0.540805, 0.0978642, 0.228954]",14168
473,00:07:53,Microdebrider,3,0.93139,"[0.579527, 0.533722, 0.0841755, 0.24354]",14195
474,00:07:54,Microdebrider,3,0.940514,"[0.566494, 0.543752, 0.107096, 0.225455]",14241
475,00:07:55,Microdebrider,3,0.940633,"[0.574652, 0.531843, 0.09191, 0.248076]",14274
476,00:07:56,Microdebrider,3,0.935064,"[0.574549, 0.5271, 0.0920374, 0.257375]",14280
477,00:07:57,Microdebrider,3,0.919896,"[0.567417, 0.503842, 0.108681, 0.300287]",14310
496,00:08:16,Forceps,2,0.916893,"[0.577766, 0.563976, 0.0957455, 0.178283]",14909
497,00:08:17,Forceps,2,0.915351,"[0.580108, 0.568932, 0.0890595, 0.168147]",14911
498,00:08:18,Forceps,2,0.930007,"[0.574371, 0.587578, 0.0967878, 0.134664]",14965
499,00:08:19,Forceps,2,0.915467,"[0.576891, 0.585778, 0.0931366, 0.136279]",14975
500,00:08:20,Forceps,2,0.959949,"[0.582919, 0.584915, 0.0850487, 0.138775]",15012
501,00:08:21,Forceps,2,0.972819,"[0.582537, 0.594291, 0.0841789, 0.117361]",15036
502,00:08:22,Forceps,2,0.923456,"[0.575505, 0.592206, 0.0906424, 0.127384]",15081
503,00:08:23,Forceps,2,0.919525,"[0.577872, 0.594933, 0.0922636, 0.119114]",15104
504,00:08:24,Forceps,2,0.938912,"[0.579826, 0.602004, 0.0871507, 0.104409]",15138
505,00:08:25,Forceps,2,0.895335,"[0.58343, 0.609926, 0.0756764, 0.0912386]",15152
506,00:08:26,Forceps,2,0.874844,"[0.583646, 0.586839, 0.0783413, 0.137217]",15181
508,00:08:28,Microdebrider,3,0.907456,"[0.539893, 0.534545, 0.172946, 0.242812]",15267
509,00:08:29,Microdebrider,3,0.941358,"[0.554578, 0.521537, 0.131384, 0.259948]",15287
510,00:08:30,Microdebrider,3,0.941101,"[0.565415, 0.518155, 0.112235, 0.273222]",15313
511,00:08:31,Microdebrider,3,0.935546,"[0.566503, 0.516138, 0.107549, 0.268411]",15348
512,00:08:32,Microdebrider,3,0.931456,"[0.563254, 0.513501, 0.115167, 0.272087]",15363
514,00:08:34,Microdebrider,3,0.899929,"[0.535171, 0.546101, 0.18116, 0.202791]",15447
515,00:08:35,Microdebrider,3,0.947762,"[0.559495, 0.527115, 0.123628, 0.249082]",15471
516,00:08:36,Microdebrider,3,0.943356,"[0.566406, 0.524657, 0.109642, 0.261953]",15494
517,00:08:37,Microdebrider,3,0.944328,"[0.566512, 0.520796, 0.108229, 0.270196]",15532
518,00:08:38,Microdebrider,3,0.938866,"[0.568311, 0.521044, 0.104117, 0.269522]",15541
519,00:08:39,Microdebrider,3,0.926717,"[0.578617, 0.522731, 0.0845993, 0.266203]",15573
520,00:08:40,Microdebrider,3,0.941577,"[0.565115, 0.529285, 0.111219, 0.254274]",15622
521,00:08:41,Microdebrider,3,0.947309,"[0.564086, 0.533569, 0.112394, 0.246135]",15646
522,00:08:42,Microdebrider,3,0.954824,"[0.559617, 0.52357, 0.121324, 0.264992]",15673
523,00:08:43,Microdebrider,3,0.955886,"[0.558567, 0.523531, 0.123744, 0.265662]",15693
524,00:08:44,Microdebrider,3,0.946813,"[0.563601, 0.531785, 0.112541, 0.248884]",15749
525,00:08:45,Microdebrider,3,0.950648,"[0.56212, 0.527068, 0.11673, 0.257248]",15754
526,00:08:46,Microdebrider,3,0.948362,"[0.564204, 0.533804, 0.112113, 0.245149]",15807
527,00:08:47,Microdebrider,3,0.941921,"[0.564742, 0.528385, 0.110451, 0.254303]",15827
528,00:08:48,Microdebrider,3,0.937908,"[0.576391, 0.534111, 0.0887897, 0.243688]",15865
529,00:08:49,Microdebrider,3,0.940763,"[0.574798, 0.528627, 0.0920558, 0.252267]",15899
530,00:08:50,Microdebrider,3,0.944497,"[0.573138, 0.533148, 0.0954538, 0.244582]",15903
531,00:08:51,Microdebrider,3,0.938295,"[0.577292, 0.535177, 0.0877861, 0.240813]",15930
532,00:08:52,Microdebrider,3,0.918442,"[0.585584, 0.535263, 0.0765881, 0.239784]",15989
533,00:08:53,Microdebrider,3,0.942481,"[0.571882, 0.533438, 0.0988739, 0.243197]",16013
534,00:08:54,Microdebrider,3,0.940832,"[0.573205, 0.538233, 0.0978012, 0.233525]",16031
535,00:08:55,Microdebrider,3,0.924644,"[0.586633, 0.532308, 0.0775738, 0.244686]",16075
536,00:08:56,Microdebrider,3,0.920914,"[0.576366, 0.523653, 0.0916034, 0.260842]",16107
537,00:08:57,Microdebrider,3,0.931032,"[0.576147, 0.529388, 0.0923487, 0.250752]",16119
541,00:09:01,Frazier,1,0.950101,"[0.587964, 0.558055, 0.070405, 0.188243]",16254
542,00:09:02,Frazier,1,0.937581,"[0.604662, 0.573526, 0.0501356, 0.167963]",16287
543,00:09:03,Frazier,1,0.947419,"[0.603767, 0.573842, 0.0519127, 0.16747]",16296
544,00:09:04,Frazier,1,0.953817,"[0.584369, 0.568508, 0.0805669, 0.167738]",16329
545,00:09:05,Frazier,1,0.955134,"[0.580931, 0.577039, 0.0853694, 0.152961]",16378
546,00:09:06,Frazier,1,0.947887,"[0.593468, 0.567145, 0.063752, 0.178376]",16391
547,00:09:07,Frazier,1,0.971872,"[0.592692, 0.566013, 0.0657416, 0.185496]",16437
548,00:09:08,Frazier,1,0.969489,"[0.587267, 0.560481, 0.0780567, 0.181626]",16444
549,00:09:09,Frazier,1,0.957559,"[0.585173, 0.569505, 0.0781912, 0.163666]",16498
550,00:09:10,Frazier,1,0.961197,"[0.580088, 0.574615, 0.0865693, 0.152093]",16508
551,00:09:11,Frazier,1,0.947211,"[0.577186, 0.577641, 0.0908165, 0.146502]",16531
552,00:09:12,Frazier,1,0.951516,"[0.588006, 0.575585, 0.0729773, 0.156483]",16569
553,00:09:13,Frazier,1,0.960439,"[0.58446, 0.584873, 0.079795, 0.137711]",16612
554,00:09:14,Frazier,1,0.946048,"[0.587032, 0.58897, 0.0752138, 0.131476]",16635
555,00:09:15,Frazier,1,0.960307,"[0.588753, 0.583074, 0.0732952, 0.14047]",16656
556,00:09:16,Frazier,1,0.95164,"[0.588214, 0.570987, 0.0723141, 0.165616]",16691
560,00:09:20,Freer,4,0.924589,"[0.605295, 0.578419, 0.0402704, 0.158241]",16826
561,00:09:21,Freer,4,0.937362,"[0.603586, 0.596356, 0.0417193, 0.131763]",16857
562,00:09:22,Freer,4,0.927158,"[0.603644, 0.591088, 0.0421488, 0.143342]",16862
563,00:09:23,Freer,4,0.944604,"[0.603211, 0.584525, 0.0428418, 0.155553]",16913
564,00:09:24,Freer,4,0.932945,"[0.602088, 0.580688, 0.043754, 0.162711]",16932
565,00:09:25,Freer,4,0.951986,"[0.599911, 0.584039, 0.0450428, 0.154667]",16978
566,00:09:26,Freer,4,0.936741,"[0.603903, 0.58323, 0.0426099, 0.15173]",16981
567,00:09:27,Freer,4,0.893646,"[0.593789, 0.590045, 0.0558912, 0.140371]",17036
568,00:09:28,Freer,4,0.937575,"[0.604288, 0.58356, 0.0417078, 0.152668]",17048
569,00:09:29,Freer,4,0.951265,"[0.594327, 0.591868, 0.0540173, 0.142705]",17088
570,00:09:30,Freer,4,0.899313,"[0.604502, 0.572075, 0.0407192, 0.172696]",17100
573,00:09:33,Microdebrider,3,0.929737,"[0.552284, 0.535543, 0.139803, 0.243743]",17219
574,00:09:34,Microdebrider,3,0.944946,"[0.562107, 0.522863, 0.118655, 0.268185]",17226
575,00:09:35,Microdebrider,3,0.934387,"[0.577245, 0.531311, 0.0876039, 0.249932]",17272
576,00:09:36,Microdebrider,3,0.933399,"[0.576002, 0.528901, 0.0895977, 0.254448]",17309
577,00:09:37,Microdebrider,3,0.937506,"[0.575266, 0.529736, 0.0906472, 0.252975]",17311
578,00:09:38,Microdebrider,3,0.930131,"[0.578924, 0.530153, 0.0830559, 0.252549]",17349
579,00:09:39,Microdebrider,3,0.922323,"[0.584286, 0.53863, 0.0767173, 0.236004]",17376
580,00:09:40,Microdebrider,3,0.929494,"[0.574786, 0.528244, 0.0916891, 0.25461]",17412
581,00:09:41,Microdebrider,3,0.935487,"[0.575214, 0.530706, 0.0912712, 0.249784]",17459
582,00:09:42,Microdebrider,3,0.938347,"[0.569723, 0.534216, 0.10182, 0.24423]",17472
583,00:09:43,Microdebrider,3,0.888462,"[0.603906, 0.534563, 0.0485046, 0.241476]",17510
584,00:09:44,Microdebrider,3,0.920286,"[0.592605, 0.52742, 0.0663227, 0.256827]",17531
585,00:09:45,Microdebrider,3,0.913275,"[0.590736, 0.532791, 0.0687658, 0.243972]",17563
586,00:09:46,Microdebrider,3,0.92023,"[0.582805, 0.530174, 0.0827391, 0.250508]",17609
587,00:09:47,Microdebrider,3,0.933336,"[0.57494, 0.544589, 0.0920805, 0.223373]",17636
588,00:09:48,Microdebrider,3,0.931878,"[0.579636, 0.554767, 0.0848461, 0.203071]",17652
589,00:09:49,Microdebrider,3,0.89707,"[0.588701, 0.559399, 0.0704697, 0.195214]",17696
590,00:09:50,Microdebrider,3,0.913204,"[0.581645, 0.562611, 0.0834763, 0.190493]",17728
591,00:09:51,Microdebrider,3,0.924224,"[0.582265, 0.558515, 0.0812438, 0.197655]",17732
592,00:09:52,Microdebrider,3,0.91157,"[0.587153, 0.571962, 0.0700405, 0.172434]",17772
593,00:09:53,Microdebrider,3,0.916546,"[0.579049, 0.56917, 0.0865641, 0.180974]",17819
594,00:09:54,Microdebrider,3,0.941157,"[0.572594, 0.536088, 0.0963688, 0.239982]",17841
595,00:09:55,Microdebrider,3,0.768458,"[0.542751, 0.498364, 0.137921, 0.280547]",17850
602,00:10:02,Forceps,2,0.88922,"[0.571355, 0.547728, 0.110815, 0.205171]",18087
603,00:10:03,Forceps,2,0.927828,"[0.584018, 0.583234, 0.0817137, 0.144413]",18119
604,00:10:04,Forceps,2,0.931166,"[0.580348, 0.585847, 0.0876198, 0.138511]",18129
605,00:10:05,Forceps,2,0.918438,"[0.573416, 0.589414, 0.0985382, 0.126813]",18152
606,00:10:06,Forceps,2,0.875586,"[0.579269, 0.591437, 0.0900087, 0.133352]",18193
607,00:10:07,Forceps,2,0.914556,"[0.592013, 0.613564, 0.0604055, 0.0881758]",18229
608,00:10:08,Forceps,2,0.895055,"[0.584844, 0.600588, 0.0754892, 0.112321]",18269
609,00:10:09,Forceps,2,0.940029,"[0.580786, 0.594007, 0.0865479, 0.123558]",18293
610,00:10:10,Forceps,2,0.912804,"[0.586141, 0.602058, 0.0732957, 0.108284]",18325
611,00:10:11,Forceps,2,0.910761,"[0.574325, 0.595147, 0.0913004, 0.121542]",18343
612,00:10:12,Forceps,2,0.929114,"[0.583719, 0.600033, 0.0778736, 0.112309]",18372
613,00:10:13,Forceps,2,0.898161,"[0.573784, 0.590614, 0.0925285, 0.129299]",18398
614,00:10:14,Forceps,2,0.949664,"[0.58609, 0.589653, 0.0766691, 0.132773]",18423
615,00:10:15,Forceps,2,0.911847,"[0.575602, 0.590547, 0.0896932, 0.128438]",18470
616,00:10:16,Forceps,2,0.946107,"[0.595518, 0.575412, 0.0600053, 0.162454]",18496
617,00:10:17,Forceps,2,0.935392,"[0.583938, 0.594676, 0.0817616, 0.121205]",18528
618,00:10:18,Forceps,2,0.946311,"[0.584146, 0.596404, 0.0804153, 0.117857]",18552
619,00:10:19,Forceps,2,0.896279,"[0.582829, 0.569969, 0.0822376, 0.170998]",18580
622,00:10:22,Microdebrider,3,0.936683,"[0.55766, 0.533542, 0.131833, 0.249115]",18682
623,00:10:23,Microdebrider,3,0.944835,"[0.563654, 0.532764, 0.114641, 0.246194]",18693
624,00:10:24,Microdebrider,3,0.940249,"[0.565165, 0.536961, 0.111015, 0.239115]",18736
625,00:10:25,Microdebrider,3,0.938724,"[0.572567, 0.530729, 0.0966873, 0.250354]",18778
626,00:10:26,Microdebrider,3,0.942769,"[0.572651, 0.53142, 0.0968166, 0.248611]",18794
627,00:10:27,Microdebrider,3,0.944723,"[0.57195, 0.535323, 0.0982785, 0.241405]",18817
628,00:10:28,Microdebrider,3,0.939861,"[0.577096, 0.52987, 0.0877659, 0.252283]",18866
629,00:10:29,Microdebrider,3,0.929249,"[0.579974, 0.531821, 0.0837912, 0.248498]",18870
630,00:10:30,Microdebrider,3,0.89138,"[0.596848, 0.546225, 0.0601933, 0.219878]",18924
631,00:10:31,Microdebrider,3,0.894791,"[0.596866, 0.541176, 0.0586121, 0.22919]",18951
632,00:10:32,Microdebrider,3,0.903732,"[0.594178, 0.543023, 0.0605467, 0.227209]",18976
633,00:10:33,Microdebrider,3,0.917434,"[0.599036, 0.572378, 0.055888, 0.172334]",19008
634,00:10:34,Microdebrider,3,0.926979,"[0.578011, 0.539394, 0.0883301, 0.233874]",19049
635,00:10:35,Microdebrider,3,0.934434,"[0.566658, 0.558307, 0.109965, 0.198581]",19078
636,00:10:36,Microdebrider,3,0.933605,"[0.561616, 0.547244, 0.118683, 0.221116]",19089
637,00:10:37,Microdebrider,3,0.932556,"[0.566848, 0.561917, 0.111531, 0.195143]",19126
638,00:10:38,Microdebrider,3,0.93784,"[0.561401, 0.547487, 0.120124, 0.224322]",19168
639,00:10:39,Microdebrider,3,0.943799,"[0.556267, 0.535957, 0.134097, 0.247092]",19184
645,00:10:45,Frazier,1,0.942493,"[0.579803, 0.573043, 0.0835573, 0.157183]",19378
646,00:10:46,Frazier,1,0.946714,"[0.594681, 0.574304, 0.0638264, 0.159625]",19395
647,00:10:47,Frazier,1,0.945413,"[0.59384, 0.565802, 0.061941, 0.189345]",19429
648,00:10:48,Frazier,1,0.920975,"[0.604866, 0.577656, 0.0509472, 0.164328]",19464
649,00:10:49,Frazier,1,0.95656,"[0.583127, 0.568082, 0.0819116, 0.165213]",19492
650,00:10:50,Frazier,1,0.950014,"[0.586317, 0.561293, 0.074058, 0.179422]",19500
651,00:10:51,Frazier,1,0.950168,"[0.569204, 0.594317, 0.101039, 0.123335]",19532
652,00:10:52,Frazier,1,0.94925,"[0.594877, 0.575361, 0.062018, 0.159259]",19578
653,00:10:53,Frazier,1,0.933421,"[0.600728, 0.574122, 0.0586727, 0.155663]",19596
654,00:10:54,Frazier,1,0.958015,"[0.580116, 0.568007, 0.0857407, 0.160919]",19644
655,00:10:55,Frazier,1,0.949548,"[0.583178, 0.572391, 0.0794705, 0.155006]",19651
656,00:10:56,Frazier,1,0.952095,"[0.603608, 0.58029, 0.0587327, 0.147422]",19709
657,00:10:57,Frazier,1,0.961,"[0.595444, 0.572942, 0.0658736, 0.159295]",19737
658,00:10:58,Frazier,1,0.954744,"[0.594659, 0.571937, 0.0669504, 0.160929]",19740
659,00:10:59,Frazier,1,0.950362,"[0.588802, 0.572097, 0.0717911, 0.162002]",19791
660,00:11:00,Frazier,1,0.950066,"[0.597618, 0.578475, 0.0596404, 0.145806]",19809
661,00:11:01,Frazier,1,0.954362,"[0.586319, 0.582542, 0.0758787, 0.141571]",19839
664,00:11:04,Microdebrider,3,0.888596,"[0.543081, 0.525674, 0.169583, 0.256045]",19949
665,00:11:05,Microdebrider,3,0.942687,"[0.56553, 0.535154, 0.11192, 0.242835]",19976
666,00:11:06,Microdebrider,3,0.93758,"[0.565237, 0.538179, 0.113859, 0.238015]",19980
667,00:11:07,Microdebrider,3,0.917882,"[0.580604, 0.531551, 0.0843788, 0.246836]",20026
668,00:11:08,Microdebrider,3,0.917263,"[0.583089, 0.530952, 0.0834092, 0.249722]",20040
669,00:11:09,Microdebrider,3,0.921124,"[0.581144, 0.5365, 0.0864647, 0.238734]",20072
670,00:11:10,Microdebrider,3,0.936955,"[0.567554, 0.520444, 0.105874, 0.271195]",20106
671,00:11:11,Microdebrider,3,0.921921,"[0.58074, 0.537312, 0.0875446, 0.237987]",20150
672,00:11:12,Microdebrider,3,0.92907,"[0.576706, 0.534981, 0.0913801, 0.242467]",20163
673,00:11:13,Microdebrider,3,0.92165,"[0.58838, 0.535147, 0.0758226, 0.239764]",20199
674,00:11:14,Microdebrider,3,0.921407,"[0.58214, 0.568635, 0.0855561, 0.180536]",20249
675,00:11:15,Microdebrider,3,0.928314,"[0.582351, 0.55454, 0.0833413, 0.20482]",20262
676,00:11:16,Microdebrider,3,0.910894,"[0.595985, 0.563208, 0.0629496, 0.187729]",20296
677,00:11:17,Microdebrider,3,0.929033,"[0.582976, 0.542373, 0.0839067, 0.228562]",20339
678,00:11:18,Microdebrider,3,0.930679,"[0.582449, 0.541723, 0.0848679, 0.230353]",20340
679,00:11:19,Microdebrider,3,0.93376,"[0.589509, 0.516538, 0.0714314, 0.276956]",20387
680,00:11:20,Microdebrider,3,0.931331,"[0.585509, 0.53611, 0.0810466, 0.237643]",20413
681,00:11:21,Microdebrider,3,0.929323,"[0.585336, 0.534218, 0.0808209, 0.241261]",20432
685,00:11:25,Frazier,1,0.907096,"[0.564226, 0.598251, 0.11692, 0.115663]",20579
686,00:11:26,Frazier,1,0.915162,"[0.57028, 0.59857, 0.102267, 0.114404]",20594
687,00:11:27,Frazier,1,0.751215,"[0.565721, 0.627719, 0.105334, 0.0653058]",20613
688,00:11:28,Frazier,1,0.937413,"[0.575353, 0.592267, 0.0919499, 0.126312]",20667
689,00:11:29,Frazier,1,0.95499,"[0.579227, 0.581164, 0.0857226, 0.144523]",20674
690,00:11:30,Frazier,1,0.925149,"[0.56774, 0.59571, 0.102215, 0.119093]",20713
691,00:11:31,Frazier,1,0.924571,"[0.561328, 0.597407, 0.106265, 0.11839]",20746
692,00:11:32,Frazier,1,0.949668,"[0.57024, 0.596628, 0.0984246, 0.119401]",20777
693,00:11:33,Frazier,1,0.957035,"[0.592964, 0.575981, 0.0634215, 0.16123]",20808
694,00:11:34,Frazier,1,0.956883,"[0.569202, 0.585942, 0.101653, 0.137138]",20843
695,00:11:35,Frazier,1,0.950972,"[0.568024, 0.595926, 0.0990786, 0.120999]",20854
696,00:11:36,Frazier,1,0.948067,"[0.567204, 0.596701, 0.102443, 0.120576]",20900
697,00:11:37,Frazier,1,0.910353,"[0.563694, 0.602766, 0.10654, 0.107444]",20910
698,00:11:38,Frazier,1,0.933695,"[0.564704, 0.600047, 0.10485, 0.112199]",20955
699,00:11:39,Frazier,1,0.892989,"[0.558132, 0.602201, 0.114222, 0.109587]",20999
700,00:11:40,Frazier,1,0.953476,"[0.569992, 0.593636, 0.097954, 0.125825]",21019
701,00:11:41,Frazier,1,0.952615,"[0.568439, 0.594734, 0.100822, 0.123743]",21034
702,00:11:42,Frazier,1,0.907462,"[0.566099, 0.595664, 0.103863, 0.121378]",21089
703,00:11:43,Frazier,1,0.839921,"[0.563533, 0.589916, 0.107545, 0.134787]",21090
706,00:11:46,Freer,4,0.912354,"[0.590122, 0.575216, 0.064725, 0.163334]",21196
707,00:11:47,Freer,4,0.93898,"[0.590323, 0.584395, 0.0654578, 0.152231]",21239
708,00:11:48,Freer,4,0.952189,"[0.589298, 0.582832, 0.0677075, 0.154687]",21241
709,00:11:49,Freer,4,0.893618,"[0.578707, 0.601867, 0.0814192, 0.126774]",21288
710,00:11:50,Freer,4,0.870372,"[0.577285, 0.608637, 0.0826611, 0.112126]",21328
711,00:11:51,Freer,4,0.941461,"[0.578273, 0.603501, 0.0819682, 0.122737]",21339
712,00:11:52,Freer,4,0.929007,"[0.573386, 0.610153, 0.0875545, 0.109321]",21364
713,00:11:53,Freer,4,0.944039,"[0.578362, 0.603022, 0.083434, 0.118075]",21396
714,00:11:54,Freer,4,0.916684,"[0.579351, 0.59837, 0.0814617, 0.128651]",21420
715,00:11:55,Freer,4,0.925905,"[0.580467, 0.596202, 0.080659, 0.132325]",21474
716,00:11:56,Freer,4,0.936674,"[0.573401, 0.606129, 0.089989, 0.114519]",21493
717,00:11:57,Freer,4,0.941258,"[0.5734, 0.606044, 0.0906372, 0.114464]",21532
718,00:11:58,Freer,4,0.942972,"[0.581371, 0.590954, 0.0771468, 0.141832]",21544
719,00:11:59,Freer,4,0.945412,"[0.581006, 0.592192, 0.0777714, 0.141241]",21581
720,00:12:00,Freer,4,0.949537,"[0.582682, 0.592453, 0.0768272, 0.137474]",21619
721,00:12:01,Freer,4,0.934068,"[0.586094, 0.583307, 0.0720401, 0.150165]",21651
722,00:12:02,Freer,4,0.936028,"[0.586613, 0.584826, 0.0711918, 0.145966]",21688
723,00:12:03,Freer,4,0.942531,"[0.579321, 0.598839, 0.0825691, 0.126846]",21700
724,00:12:04,Freer,4,0.924483,"[0.579214, 0.603583, 0.0829392, 0.116665]",21737
725,00:12:05,Freer,4,0.90172,"[0.58207, 0.590516, 0.0750597, 0.140854]",21758
743,00:12:23,Frazier,1,0.914314,"[0.553966, 0.579801, 0.137373, 0.148705]",22312
744,00:12:24,Frazier,1,0.939646,"[0.587818, 0.562514, 0.0723825, 0.181006]",22324
745,00:12:25,Frazier,1,0.926587,"[0.604071, 0.56606, 0.0528656, 0.181969]",22372
746,00:12:26,Frazier,1,0.918016,"[0.604802, 0.55202, 0.0504281, 0.211309]",22381
747,00:12:27,Frazier,1,0.954242,"[0.584827, 0.581726, 0.0765788, 0.148441]",22436
748,00:12:28,Frazier,1,0.96137,"[0.578045, 0.581887, 0.0865572, 0.147988]",22446
749,00:12:29,Frazier,1,0.949163,"[0.569455, 0.580222, 0.100355, 0.14278]",22478
751,00:12:31,Forceps,2,0.825982,"[0.556398, 0.504197, 0.0703212, 0.11037]",22537
752,00:12:32,Forceps,2,0.91977,"[0.55208, 0.543789, 0.0887992, 0.203836]",22577
753,00:12:33,Forceps,2,0.917036,"[0.560518, 0.5362, 0.0886322, 0.237017]",22590
754,00:12:34,Forceps,2,0.91479,"[0.586208, 0.524854, 0.083038, 0.265478]",22631
755,00:12:35,Forceps,2,0.925053,"[0.58783, 0.533894, 0.0737548, 0.243615]",22677
756,00:12:36,Forceps,2,0.925024,"[0.587066, 0.537895, 0.0753038, 0.235305]",22680
757,00:12:37,Forceps,2,0.94185,"[0.577834, 0.559712, 0.0933934, 0.190735]",22724
758,00:12:38,Forceps,2,0.934778,"[0.574948, 0.563728, 0.0925234, 0.183869]",22756
759,00:12:39,Forceps,2,0.919479,"[0.574753, 0.552403, 0.0885864, 0.201726]",22770
760,00:12:40,Forceps,2,0.915204,"[0.57666, 0.55844, 0.096995, 0.190728]",22816
761,00:12:41,Forceps,2,0.915856,"[0.575134, 0.56325, 0.0945144, 0.181263]",22856
762,00:12:42,Forceps,2,0.914415,"[0.571942, 0.563223, 0.099724, 0.179766]",22860
763,00:12:43,Forceps,2,0.920549,"[0.567441, 0.570596, 0.108178, 0.164683]",22912
764,00:12:44,Forceps,2,0.924738,"[0.570371, 0.570667, 0.100317, 0.166265]",22942
765,00:12:45,Forceps,2,0.922844,"[0.570654, 0.567782, 0.0993472, 0.171088]",22950
768,00:12:48,Microdebrider,3,0.927363,"[0.548448, 0.544308, 0.148241, 0.223932]",23069
769,00:12:49,Microdebrider,3,0.945194,"[0.557313, 0.533605, 0.131871, 0.245797]",23073
770,00:12:50,Microdebrider,3,0.938568,"[0.56545, 0.535418, 0.111908, 0.241224]",23101
771,00:12:51,Microdebrider,3,0.938247,"[0.561503, 0.538639, 0.120468, 0.234499]",23138
772,00:12:52,Microdebrider,3,0.93308,"[0.553246, 0.550255, 0.137945, 0.215539]",23180
773,00:12:53,Microdebrider,3,0.927268,"[0.550337, 0.557013, 0.144789, 0.201732]",23192
774,00:12:54,Microdebrider,3,0.919186,"[0.547759, 0.561015, 0.149332, 0.195098]",23249
775,00:12:55,Microdebrider,3,0.920655,"[0.547855, 0.559906, 0.148985, 0.19775]",23251
776,00:12:56,Microdebrider,3,0.925352,"[0.550022, 0.558892, 0.145184, 0.198466]",23305
777,00:12:57,Microdebrider,3,0.918059,"[0.547099, 0.561249, 0.15074, 0.19513]",23311
778,00:12:58,Microdebrider,3,0.922155,"[0.550139, 0.560574, 0.145244, 0.193876]",23347
779,00:12:59,Microdebrider,3,0.922732,"[0.541685, 0.577028, 0.15945, 0.168968]",23396
780,00:13:00,Microdebrider,3,0.94181,"[0.572038, 0.532575, 0.0990618, 0.244106]",23429
781,00:13:01,Microdebrider,3,0.943644,"[0.571945, 0.534896, 0.0994014, 0.240458]",23431
782,00:13:02,Microdebrider,3,0.938885,"[0.559841, 0.554541, 0.124505, 0.206683]",23465
783,00:13:03,Microdebrider,3,0.936234,"[0.559367, 0.547391, 0.125487, 0.220437]",23497
784,00:13:04,Microdebrider,3,0.933419,"[0.561082, 0.548789, 0.1228, 0.217886]",23524
785,00:13:05,Microdebrider,3,0.934388,"[0.558027, 0.544793, 0.125533, 0.225084]",23557
786,00:13:06,Microdebrider,3,0.934943,"[0.553879, 0.554909, 0.13577, 0.205637]",23609
787,00:13:07,Microdebrider,3,0.935277,"[0.553998, 0.554874, 0.136, 0.205969]",23613
788,00:13:08,Microdebrider,3,0.924107,"[0.549967, 0.55944, 0.145368, 0.196634]",23654
789,00:13:09,Microdebrider,3,0.935216,"[0.557036, 0.549991, 0.130457, 0.215368]",23690
790,00:13:10,Microdebrider,3,0.939031,"[0.573526, 0.53289, 0.0940331, 0.244404]",23728
791,00:13:11,Microdebrider,3,0.939001,"[0.573359, 0.536562, 0.0949077, 0.237321]",23750
792,00:13:12,Microdebrider,3,0.940852,"[0.573217, 0.534381, 0.0945657, 0.240575]",23764
793,00:13:13,Microdebrider,3,0.934554,"[0.559849, 0.554011, 0.121664, 0.205444]",23800
794,00:13:14,Microdebrider,3,0.937328,"[0.559986, 0.549047, 0.122458, 0.216905]",23848
795,00:13:15,Microdebrider,3,0.934958,"[0.558756, 0.543383, 0.122339, 0.226422]",23875
796,00:13:16,Microdebrider,3,0.935306,"[0.556479, 0.556347, 0.131011, 0.203438]",23889
797,00:13:17,Microdebrider,3,0.933733,"[0.551846, 0.554898, 0.141561, 0.203766]",23913
798,00:13:18,Microdebrider,3,0.935492,"[0.552293, 0.575968, 0.140931, 0.168628]",23955
812,00:13:32,Frazier,1,0.946323,"[0.580006, 0.559945, 0.0830055, 0.182494]",24387
813,00:13:33,Frazier,1,0.947411,"[0.593035, 0.561727, 0.0616852, 0.195974]",24393
814,00:13:34,Frazier,1,0.961885,"[0.592487, 0.561314, 0.0689669, 0.18217]",24432
815,00:13:35,Frazier,1,0.958638,"[0.576292, 0.575334, 0.0885216, 0.154164]",24476
816,00:13:36,Frazier,1,0.9664,"[0.577488, 0.561142, 0.0879838, 0.181282]",24488
817,00:13:37,Frazier,1,0.920172,"[0.604235, 0.568506, 0.0526903, 0.180008]",24531
818,00:13:38,Frazier,1,0.958983,"[0.578364, 0.560638, 0.0903508, 0.179943]",24560
819,00:13:39,Frazier,1,0.954341,"[0.591036, 0.578565, 0.0679504, 0.149239]",24594
820,00:13:40,Frazier,1,0.951932,"[0.580066, 0.581919, 0.0852356, 0.144953]",24604
821,00:13:41,Frazier,1,0.964416,"[0.5942, 0.589467, 0.0638283, 0.134915]",24645
822,00:13:42,Frazier,1,0.955074,"[0.570486, 0.5974, 0.0984671, 0.118924]",24687
823,00:13:43,Frazier,1,0.952345,"[0.569247, 0.597803, 0.101376, 0.117617]",24690
824,00:13:44,Frazier,1,0.954483,"[0.587142, 0.583239, 0.0729454, 0.143211]",24727
825,00:13:45,Frazier,1,0.942297,"[0.605744, 0.573024, 0.0546804, 0.16017]",24750
826,00:13:46,Frazier,1,0.960925,"[0.588128, 0.582368, 0.0734339, 0.14303]",24785
827,00:13:47,Frazier,1,0.953179,"[0.595868, 0.580677, 0.0619631, 0.144672]",24812
828,00:13:48,Frazier,1,0.966776,"[0.585572, 0.583796, 0.0781638, 0.140888]",24862
829,00:13:49,Frazier,1,0.950292,"[0.589301, 0.588362, 0.0712559, 0.135137]",24872
830,00:13:50,Frazier,1,0.948748,"[0.604878, 0.578, 0.0557495, 0.154873]",24912
831,00:13:51,Frazier,1,0.964584,"[0.593115, 0.571718, 0.0678241, 0.167925]",24952
832,00:13:52,Frazier,1,0.9489,"[0.591477, 0.572546, 0.0695396, 0.169918]",24975
833,00:13:53,Frazier,1,0.941677,"[0.588511, 0.575595, 0.0721718, 0.158099]",25018
834,00:13:54,Frazier,1,0.954742,"[0.585512, 0.585216, 0.0773027, 0.140239]",25039
835,00:13:55,Frazier,1,0.952645,"[0.577948, 0.594439, 0.088995, 0.122319]",25075
836,00:13:56,Frazier,1,0.941658,"[0.570473, 0.59799, 0.0999403, 0.117935]",25083
837,00:13:57,Frazier,1,0.922715,"[0.567468, 0.611219, 0.103735, 0.0956594]",25131
838,00:13:58,Frazier,1,0.926327,"[0.558185, 0.591275, 0.117722, 0.13085]",25168
839,00:13:59,Frazier,1,0.74278,"[0.551848, 0.577864, 0.127515, 0.15141]",25170
842,00:14:02,Forceps,2,0.921879,"[0.578566, 0.572322, 0.0842722, 0.168717]",25287
843,00:14:03,Forceps,2,0.944878,"[0.585419, 0.571298, 0.0692707, 0.177485]",25295
844,00:14:04,Forceps,2,0.945783,"[0.600088, 0.572328, 0.0488064, 0.1725]",25348
845,00:14:05,Forceps,2,0.957197,"[0.596404, 0.574354, 0.053859, 0.166596]",25357
846,00:14:06,Forceps,2,0.958138,"[0.596158, 0.574841, 0.0551177, 0.163884]",25400
847,00:14:07,Forceps,2,0.950075,"[0.596834, 0.579214, 0.0536898, 0.155042]",25410
848,00:14:08,Forceps,2,0.958189,"[0.602496, 0.57134, 0.0455233, 0.168943]",25441
849,00:14:09,Forceps,2,0.945995,"[0.595046, 0.567495, 0.0572044, 0.181401]",25487
850,00:14:10,Forceps,2,0.928689,"[0.60173, 0.566001, 0.0479984, 0.182023]",25501
851,00:14:11,Forceps,2,0.922201,"[0.604289, 0.564221, 0.0439159, 0.186114]",25539
853,00:14:13,Microdebrider,3,0.920367,"[0.545384, 0.544782, 0.155577, 0.223348]",25619
854,00:14:14,Microdebrider,3,0.952026,"[0.561542, 0.52408, 0.119233, 0.261721]",25625
855,00:14:15,Microdebrider,3,0.928099,"[0.586495, 0.5349, 0.0780626, 0.241705]",25663
856,00:14:16,Microdebrider,3,0.911106,"[0.592432, 0.52595, 0.0649786, 0.258881]",25701
857,00:14:17,Microdebrider,3,0.918683,"[0.587724, 0.534737, 0.0738806, 0.240196]",25726
858,00:14:18,Microdebrider,3,0.913962,"[0.604518, 0.539974, 0.0493651, 0.241629]",25751
859,00:14:19,Microdebrider,3,0.903197,"[0.597595, 0.532574, 0.0616325, 0.245412]",25778
860,00:14:20,Microdebrider,3,0.923724,"[0.589248, 0.523288, 0.0710651, 0.261124]",25829
861,00:14:21,Microdebrider,3,0.942706,"[0.573223, 0.533373, 0.0967508, 0.243745]",25858
862,00:14:22,Microdebrider,3,0.941164,"[0.565546, 0.537031, 0.110913, 0.237953]",25875
865,00:14:25,Frazier,1,0.7586,"[0.569146, 0.58819, 0.107842, 0.114063]",25979
866,00:14:26,Frazier,1,0.826562,"[0.585343, 0.606261, 0.0687505, 0.0973691]",25989
867,00:14:27,Frazier,1,0.868584,"[0.584465, 0.626472, 0.0751219, 0.0651191]",26037
868,00:14:28,Frazier,1,0.840683,"[0.584593, 0.629751, 0.0761219, 0.0622132]",26041
869,00:14:29,Frazier,1,0.855637,"[0.583717, 0.626103, 0.0775429, 0.0652898]",26080
870,00:14:30,Frazier,1,0.852149,"[0.584488, 0.628035, 0.0740063, 0.0615509]",26127
871,00:14:31,Frazier,1,0.852123,"[0.583191, 0.626557, 0.0767183, 0.0632462]",26133
872,00:14:32,Frazier,1,0.873778,"[0.582895, 0.625475, 0.076103, 0.0645155]",26179
873,00:14:33,Frazier,1,0.862203,"[0.584691, 0.624428, 0.0710699, 0.0644565]",26202
874,00:14:34,Frazier,1,0.841498,"[0.590204, 0.620661, 0.0594929, 0.0696089]",26239
875,00:14:35,Frazier,1,0.857488,"[0.589432, 0.620264, 0.0608934, 0.0703762]",26254
876,00:14:36,Frazier,1,0.855156,"[0.591963, 0.620727, 0.0569212, 0.0696642]",26285
877,00:14:37,Frazier,1,0.846931,"[0.581809, 0.582507, 0.0868664, 0.141868]",26337
878,00:14:38,Frazier,1,0.856497,"[0.579507, 0.591394, 0.09179, 0.121991]",26352
879,00:14:39,Frazier,1,0.853308,"[0.602229, 0.595549, 0.0432797, 0.11937]",26395
881,00:14:41,Frazier,1,0.836093,"[0.58375, 0.610822, 0.072139, 0.0914908]",26448
882,00:14:42,Frazier,1,0.838356,"[0.579676, 0.581506, 0.0888884, 0.143115]",26461
883,00:14:43,Frazier,1,0.76967,"[0.58769, 0.615745, 0.0661943, 0.0748971]",26517
884,00:14:44,Frazier,1,0.774254,"[0.586767, 0.617228, 0.0689967, 0.0732569]",26532
885,00:14:45,Frazier,1,0.804422,"[0.579725, 0.620717, 0.0799857, 0.0709039]",26561
886,00:14:46,Frazier,1,0.791108,"[0.580064, 0.619496, 0.0799478, 0.0722895]",26588
887,00:14:47,Frazier,1,0.802202,"[0.584105, 0.62593, 0.0715808, 0.0638772]",26612
888,00:14:48,Frazier,1,0.839274,"[0.580778, 0.619981, 0.0789408, 0.0740948]",26653
889,00:14:49,Frazier,1,0.840776,"[0.582309, 0.620395, 0.0766941, 0.0697956]",26678
890,00:14:50,Frazier,1,0.832366,"[0.583095, 0.618775, 0.0755468, 0.0744947]",26713
891,00:14:51,Frazier,1,0.794468,"[0.583258, 0.621615, 0.0756086, 0.0683115]",26731
892,00:14:52,Frazier,1,0.788539,"[0.585198, 0.623257, 0.0711876, 0.0648219]",26761
893,00:14:53,Frazier,1,0.787926,"[0.584984, 0.623181, 0.0709148, 0.0642336]",26795
894,00:14:54,Frazier,1,0.818678,"[0.585141, 0.620464, 0.0716049, 0.069598]",26836
895,00:14:55,Frazier,1,0.820952,"[0.585469, 0.621193, 0.0705572, 0.0687302]",26864
896,00:14:56,Frazier,1,0.765918,"[0.574153, 0.590904, 0.0984102, 0.119832]",26909
897,00:14:57,Frazier,1,0.86574,"[0.588879, 0.583053, 0.0785177, 0.140997]",26918
898,00:14:58,Frazier,1,0.793213,"[0.576898, 0.587027, 0.0960552, 0.128926]",26950
899,00:14:59,Frazier,1,0.873473,"[0.588645, 0.585053, 0.08002, 0.135715]",26988
900,00:15:00,Frazier,1,0.873479,"[0.590023, 0.592562, 0.0782181, 0.119915]",27007
901,00:15:01,Frazier,1,0.879711,"[0.594502, 0.600018, 0.0707838, 0.105649]",27049
902,00:15:02,Frazier,1,0.844802,"[0.608549, 0.594808, 0.0427792, 0.11986]",27074
903,00:15:03,Frazier,1,0.824848,"[0.578963, 0.590802, 0.0916509, 0.122597]",27092
904,00:15:04,Frazier,1,0.828054,"[0.581505, 0.611444, 0.0766967, 0.0866914]",27149
905,00:15:05,Frazier,1,0.824016,"[0.580125, 0.603968, 0.075907, 0.098651]",27151
916,00:15:16,Microdebrider,3,0.937359,"[0.554242, 0.535353, 0.135366, 0.240425]",27509
917,00:15:17,Microdebrider,3,0.942128,"[0.554623, 0.536151, 0.133976, 0.238197]",27510
918,00:15:18,Microdebrider,3,0.933291,"[0.562432, 0.550551, 0.115757, 0.211329]",27543
919,00:15:19,Microdebrider,3,0.930705,"[0.557392, 0.55037, 0.127352, 0.217076]",27581
920,00:15:20,Microdebrider,3,0.927849,"[0.553242, 0.555715, 0.136855, 0.203445]",27622
921,00:15:21,Microdebrider,3,0.932566,"[0.551198, 0.552503, 0.139009, 0.210026]",27646
922,00:15:22,Microdebrider,3,0.927426,"[0.554491, 0.548122, 0.132605, 0.219692]",27663
923,00:15:23,Microdebrider,3,0.931958,"[0.556745, 0.544879, 0.127592, 0.224131]",27715
924,00:15:24,Microdebrider,3,0.933632,"[0.557525, 0.546428, 0.125715, 0.221309]",27748
925,00:15:25,Microdebrider,3,0.939247,"[0.558576, 0.538117, 0.121198, 0.239286]",27778
926,00:15:26,Microdebrider,3,0.939921,"[0.559754, 0.535975, 0.120678, 0.242701]",27794
927,00:15:27,Microdebrider,3,0.936123,"[0.55221, 0.548488, 0.137662, 0.222053]",27832
928,00:15:28,Microdebrider,3,0.930768,"[0.55481, 0.548033, 0.131055, 0.218086]",27841
929,00:15:29,Microdebrider,3,0.923164,"[0.55455, 0.556062, 0.132873, 0.203394]",27888
930,00:15:30,Microdebrider,3,0.942191,"[0.559513, 0.538913, 0.122178, 0.237023]",27927
931,00:15:31,Microdebrider,3,0.941825,"[0.56472, 0.536904, 0.112817, 0.240736]",27933
932,00:15:32,Microdebrider,3,0.917493,"[0.547008, 0.574205, 0.142106, 0.170817]",27989
933,00:15:33,Microdebrider,3,0.934892,"[0.55938, 0.547387, 0.124635, 0.220591]",27998
934,00:15:34,Microdebrider,3,0.937275,"[0.559253, 0.539315, 0.123074, 0.237139]",28029
935,00:15:35,Microdebrider,3,0.915789,"[0.552721, 0.563677, 0.136318, 0.188516]",28050
936,00:15:36,Microdebrider,3,0.920713,"[0.551765, 0.560718, 0.141026, 0.194447]",28087
937,00:15:37,Microdebrider,3,0.915643,"[0.549853, 0.567116, 0.140157, 0.185255]",28139
938,00:15:38,Microdebrider,3,0.923281,"[0.555256, 0.558628, 0.13089, 0.201382]",28165
939,00:15:39,Microdebrider,3,0.923034,"[0.551484, 0.557891, 0.14028, 0.198322]",28192
946,00:15:46,Frazier,1,0.811871,"[0.580061, 0.603323, 0.0801769, 0.105564]",28401
947,00:15:47,Frazier,1,0.794039,"[0.559608, 0.624735, 0.119535, 0.0727034]",28423
948,00:15:48,Frazier,1,0.793358,"[0.571575, 0.625974, 0.0948211, 0.0642754]",28450
949,00:15:49,Frazier,1,0.795546,"[0.575345, 0.627491, 0.0887055, 0.0626874]",28496
950,00:15:50,Frazier,1,0.801957,"[0.578293, 0.627859, 0.0841883, 0.0628051]",28508
951,00:15:51,Frazier,1,0.831724,"[0.569638, 0.625777, 0.0983028, 0.0664799]",28556
952,00:15:52,Frazier,1,0.836505,"[0.566896, 0.626328, 0.103518, 0.0661745]",28562
953,00:15:53,Frazier,1,0.836008,"[0.560647, 0.625134, 0.118047, 0.0693461]",28613
954,00:15:54,Frazier,1,0.789296,"[0.564663, 0.63059, 0.109609, 0.0613099]",28621
955,00:15:55,Frazier,1,0.819161,"[0.570059, 0.625634, 0.101056, 0.0660907]",28672
956,00:15:56,Frazier,1,0.828373,"[0.571204, 0.625377, 0.0962666, 0.0661568]",28704
957,00:15:57,Frazier,1,0.840604,"[0.567085, 0.626863, 0.105799, 0.0648616]",28720
958,00:15:58,Frazier,1,0.818404,"[0.563682, 0.620642, 0.112045, 0.077029]",28741
960,00:16:00,Microdebrider,3,0.875435,"[0.534843, 0.533835, 0.181633, 0.234496]",28828
961,00:16:01,Microdebrider,3,0.944836,"[0.561452, 0.524848, 0.118328, 0.262078]",28854
962,00:16:02,Microdebrider,3,0.937355,"[0.571883, 0.53452, 0.097748, 0.241382]",28866
963,00:16:03,Microdebrider,3,0.938396,"[0.565505, 0.533745, 0.108887, 0.244811]",28919
964,00:16:04,Microdebrider,3,0.942386,"[0.563493, 0.537054, 0.114029, 0.239076]",28921
965,00:16:05,Microdebrider,3,0.936169,"[0.572698, 0.532803, 0.0999825, 0.243829]",28963
966,00:16:06,Microdebrider,3,0.936691,"[0.572537, 0.533872, 0.0956451, 0.243413]",28991
967,00:16:07,Microdebrider,3,0.936983,"[0.5749, 0.530181, 0.0921961, 0.248455]",29012
968,00:16:08,Microdebrider,3,0.943574,"[0.564753, 0.535684, 0.11135, 0.243232]",29068
969,00:16:09,Microdebrider,3,0.941303,"[0.563783, 0.537548, 0.113138, 0.238911]",29070
970,00:16:10,Microdebrider,3,0.930591,"[0.558436, 0.54962, 0.123922, 0.215877]",29114
971,00:16:11,Microdebrider,3,0.932188,"[0.561447, 0.552367, 0.119209, 0.209564]",29138
972,00:16:12,Microdebrider,3,0.934102,"[0.559498, 0.540116, 0.120451, 0.230703]",29172
973,00:16:13,Microdebrider,3,0.929739,"[0.556027, 0.547215, 0.131218, 0.218398]",29208
974,00:16:14,Microdebrider,3,0.933558,"[0.557057, 0.535997, 0.130457, 0.246694]",29236
975,00:16:15,Microdebrider,3,0.927419,"[0.55129, 0.556459, 0.141409, 0.202269]",29252
976,00:16:16,Microdebrider,3,0.93157,"[0.55485, 0.546425, 0.131931, 0.221022]",29292
977,00:16:17,Microdebrider,3,0.930553,"[0.556106, 0.554784, 0.129481, 0.207504]",29319
978,00:16:18,Microdebrider,3,0.932957,"[0.556345, 0.545665, 0.129254, 0.223174]",29363
979,00:16:19,Microdebrider,3,0.919052,"[0.552858, 0.55784, 0.135871, 0.198015]",29399
980,00:16:20,Microdebrider,3,0.947079,"[0.556072, 0.530209, 0.130414, 0.253373]",29413
981,00:16:21,Microdebrider,3,0.927757,"[0.554935, 0.547661, 0.131146, 0.220708]",29442
982,00:16:22,Microdebrider,3,0.927091,"[0.546134, 0.552112, 0.150945, 0.213526]",29470
983,00:16:23,Microdebrider,3,0.929175,"[0.55099, 0.549994, 0.143999, 0.215344]",29496
984,00:16:24,Microdebrider,3,0.931737,"[0.550535, 0.538439, 0.13968, 0.239309]",29546
985,00:16:25,Microdebrider,3,0.953972,"[0.561668, 0.52209, 0.116044, 0.269756]",29575
986,00:16:26,Microdebrider,3,0.952344,"[0.561196, 0.52241, 0.116219, 0.267252]",29581
987,00:16:27,Microdebrider,3,0.946729,"[0.563205, 0.52764, 0.113173, 0.255209]",29610
988,00:16:28,Microdebrider,3,0.943668,"[0.564387, 0.526245, 0.107998, 0.260695]",29668
989,00:16:29,Microdebrider,3,0.950312,"[0.562869, 0.520631, 0.10932, 0.270428]",29675
990,00:16:30,Microdebrider,3,0.950044,"[0.562308, 0.519677, 0.114758, 0.270358]",29704
991,00:16:31,Microdebrider,3,0.926415,"[0.588016, 0.513788, 0.0722075, 0.284727]",29756
992,00:16:32,Microdebrider,3,0.926113,"[0.589, 0.515952, 0.0705628, 0.280131]",29760
993,00:16:33,Microdebrider,3,0.921993,"[0.576964, 0.517046, 0.0897465, 0.271215]",29811
994,00:16:34,Microdebrider,3,0.935885,"[0.567423, 0.518981, 0.103873, 0.273672]",29824
1004,00:16:44,Forceps,2,0.912393,"[0.587563, 0.542046, 0.0737698, 0.229106]",30135
1005,00:16:45,Forceps,2,0.898584,"[0.588448, 0.557356, 0.0709325, 0.195015]",30172
1006,00:16:46,Forceps,2,0.91194,"[0.591076, 0.552597, 0.0648822, 0.208864]",30200
1007,00:16:47,Forceps,2,0.915721,"[0.582966, 0.561162, 0.0809717, 0.18914]",30235
1008,00:16:48,Forceps,2,0.923321,"[0.569897, 0.567302, 0.099139, 0.168863]",30264
1009,00:16:49,Forceps,2,0.9219,"[0.571562, 0.566344, 0.0951952, 0.172209]",30271
1010,00:16:50,Forceps,2,0.923053,"[0.583101, 0.562288, 0.0778278, 0.187697]",30309
1011,00:16:51,Forceps,2,0.934135,"[0.575124, 0.572511, 0.0910819, 0.161929]",30338
1012,00:16:52,Forceps,2,0.963664,"[0.583473, 0.560087, 0.0771441, 0.180296]",30379
1013,00:16:53,Forceps,2,0.719543,"[0.520794, 0.430848, 0.0708516, 0.11619]",30393
1017,00:16:57,Microdebrider,3,0.898272,"[0.536554, 0.55412, 0.171963, 0.196713]",30538
1018,00:16:58,Microdebrider,3,0.877802,"[0.52274, 0.473665, 0.193894, 0.265483]",30568
1019,00:16:59,Microdebrider,3,0.944967,"[0.559205, 0.498871, 0.121564, 0.305295]",30596
1020,00:17:00,Microdebrider,3,0.947094,"[0.562682, 0.497824, 0.113879, 0.309275]",30604
1021,00:17:01,Microdebrider,3,0.914332,"[0.593016, 0.486356, 0.0647448, 0.338807]",30640
1022,00:17:02,Microdebrider,3,0.926222,"[0.582789, 0.493811, 0.0780971, 0.322334]",30689
1023,00:17:03,Microdebrider,3,0.944696,"[0.569984, 0.49279, 0.101428, 0.314885]",30711
1024,00:17:04,Microdebrider,3,0.937298,"[0.566191, 0.498446, 0.108861, 0.306472]",30720
1025,00:17:05,Microdebrider,3,0.932758,"[0.575263, 0.514224, 0.0922169, 0.27393]",30775
1026,00:17:06,Microdebrider,3,0.941975,"[0.566115, 0.520263, 0.109842, 0.270323]",30797
1027,00:17:07,Microdebrider,3,0.950356,"[0.562572, 0.531923, 0.112962, 0.248772]",30815
1028,00:17:08,Microdebrider,3,0.945275,"[0.563084, 0.534526, 0.112529, 0.244102]",30847
1029,00:17:09,Microdebrider,3,0.942824,"[0.566003, 0.533116, 0.109253, 0.244966]",30886
1034,00:17:14,Forceps,2,0.897332,"[0.571515, 0.547742, 0.0976414, 0.214472]",31049
1035,00:17:15,Forceps,2,0.932404,"[0.578152, 0.562141, 0.0866903, 0.184958]",31063
1036,00:17:16,Forceps,2,0.940041,"[0.577672, 0.571107, 0.0881983, 0.162481]",31109
1037,00:17:17,Forceps,2,0.950215,"[0.577889, 0.573039, 0.0876904, 0.159183]",31113
1038,00:17:18,Forceps,2,0.936695,"[0.573881, 0.5755, 0.0943207, 0.155858]",31146
1044,00:17:24,Forceps,2,0.790786,"[0.527423, 0.510234, 0.077004, 0.122307]",31349
1045,00:17:25,Forceps,2,0.907388,"[0.556588, 0.530022, 0.0887062, 0.244405]",31363
1046,00:17:26,Forceps,2,0.913525,"[0.585662, 0.530183, 0.0772276, 0.245581]",31402
1047,00:17:27,Forceps,2,0.921407,"[0.582151, 0.551786, 0.0843645, 0.201766]",31439
1048,00:17:28,Forceps,2,0.924982,"[0.57889, 0.553077, 0.0887327, 0.199125]",31444
1049,00:17:29,Forceps,2,0.905078,"[0.573423, 0.560742, 0.0957016, 0.179969]",31490
1050,00:17:30,Forceps,2,0.906109,"[0.57627, 0.564972, 0.0910248, 0.177548]",31527
1051,00:17:31,Forceps,2,0.933469,"[0.578726, 0.570969, 0.0847913, 0.1662]",31557
1052,00:17:32,Forceps,2,0.927672,"[0.578822, 0.572699, 0.0856082, 0.1617]",31564
1053,00:17:33,Forceps,2,0.923033,"[0.571845, 0.563174, 0.0937742, 0.179864]",31592
1056,00:17:36,Microdebrider,3,0.782591,"[0.52225, 0.552265, 0.17428, 0.178125]",31709
1057,00:17:37,Microdebrider,3,0.916021,"[0.54125, 0.537554, 0.163218, 0.234492]",31737
1058,00:17:38,Microdebrider,3,0.938018,"[0.564762, 0.512794, 0.115927, 0.278607]",31766
1059,00:17:39,Microdebrider,3,0.926767,"[0.56821, 0.515851, 0.106335, 0.271026]",31770
1060,00:17:40,Microdebrider,3,0.926395,"[0.575228, 0.517157, 0.094187, 0.271387]",31827
1061,00:17:41,Microdebrider,3,0.933893,"[0.573864, 0.515259, 0.0947237, 0.274953]",31834
1062,00:17:42,Microdebrider,3,0.928218,"[0.572846, 0.512802, 0.0970692, 0.278772]",31860
1063,00:17:43,Microdebrider,3,0.932455,"[0.576281, 0.5128, 0.0900007, 0.279161]",31905
1064,00:17:44,Microdebrider,3,0.924696,"[0.589348, 0.511284, 0.0698503, 0.287087]",31925
1065,00:17:45,Microdebrider,3,0.927564,"[0.578041, 0.523449, 0.0860252, 0.262731]",31976
1066,00:17:46,Microdebrider,3,0.939574,"[0.571029, 0.535717, 0.0987651, 0.240063]",31995
1067,00:17:47,Microdebrider,3,0.94558,"[0.564209, 0.539553, 0.111061, 0.233922]",32017
1068,00:17:48,Microdebrider,3,0.942269,"[0.565035, 0.535888, 0.106758, 0.241208]",32042
1069,00:17:49,Microdebrider,3,0.941763,"[0.562064, 0.533059, 0.119505, 0.245506]",32085
1070,00:17:50,Microdebrider,3,0.931977,"[0.558997, 0.559248, 0.124787, 0.199922]",32107
1071,00:17:51,Microdebrider,3,0.930564,"[0.548066, 0.575176, 0.143033, 0.169833]",32138
1072,00:17:52,Microdebrider,3,0.923662,"[0.549835, 0.559372, 0.138416, 0.194905]",32160
1073,00:17:53,Microdebrider,3,0.923357,"[0.547693, 0.558575, 0.147912, 0.197727]",32200
1074,00:17:54,Microdebrider,3,0.920938,"[0.549506, 0.562399, 0.14292, 0.192761]",32234
1075,00:17:55,Microdebrider,3,0.937439,"[0.555219, 0.53978, 0.129079, 0.236422]",32273
1076,00:17:56,Microdebrider,3,0.942215,"[0.559018, 0.536576, 0.121138, 0.24121]",32284
1077,00:17:57,Microdebrider,3,0.936614,"[0.556839, 0.535198, 0.125627, 0.243887]",32326
1078,00:17:58,Microdebrider,3,0.929226,"[0.555791, 0.54376, 0.128049, 0.230035]",32350
1079,00:17:59,Microdebrider,3,0.947776,"[0.565063, 0.525242, 0.109114, 0.260106]",32391
1080,00:18:00,Microdebrider,3,0.942053,"[0.561676, 0.513179, 0.115134, 0.278264]",32411
1084,00:18:04,Frazier,1,0.831653,"[0.560045, 0.536968, 0.0719055, 0.097659]",32548
1085,00:18:05,Frazier,1,0.810129,"[0.567632, 0.535358, 0.0707825, 0.0844284]",32550
1086,00:18:06,Frazier,1,0.826496,"[0.559573, 0.5831, 0.123616, 0.136911]",32587
1087,00:18:07,Frazier,1,0.861486,"[0.58263, 0.565652, 0.0840514, 0.175058]",32639
1088,00:18:08,Frazier,1,0.932949,"[0.58621, 0.572083, 0.0787964, 0.165523]",32649
1089,00:18:09,Frazier,1,0.933201,"[0.591747, 0.582348, 0.0670179, 0.142346]",32694
1090,00:18:10,Frazier,1,0.912663,"[0.590362, 0.589843, 0.0692673, 0.128644]",32703
1091,00:18:11,Frazier,1,0.911633,"[0.578129, 0.580114, 0.0948739, 0.139887]",32745
1092,00:18:12,Frazier,1,0.912253,"[0.581698, 0.598581, 0.0858376, 0.106807]",32765
1093,00:18:13,Frazier,1,0.900844,"[0.592649, 0.603379, 0.069206, 0.0990277]",32801
1094,00:18:14,Frazier,1,0.891695,"[0.606979, 0.605173, 0.0409632, 0.0988722]",32826
1095,00:18:15,Frazier,1,0.881512,"[0.584978, 0.602739, 0.0789318, 0.103713]",32852
1096,00:18:16,Frazier,1,0.827272,"[0.57651, 0.619576, 0.0884539, 0.069514]",32881
1097,00:18:17,Frazier,1,0.835905,"[0.571592, 0.60288, 0.0993033, 0.0995064]",32939
1098,00:18:18,Frazier,1,0.831844,"[0.573253, 0.605321, 0.0964947, 0.0956342]",32940
1099,00:18:19,Frazier,1,0.784731,"[0.587128, 0.621453, 0.0730434, 0.0668645]",32984
1100,00:18:20,Frazier,1,0.82717,"[0.585768, 0.602031, 0.0741919, 0.103292]",33019
1101,00:18:21,Frazier,1,0.833491,"[0.578386, 0.625137, 0.0776839, 0.0626815]",33058
1102,00:18:22,Frazier,1,0.803083,"[0.582884, 0.626224, 0.0673219, 0.0610043]",33063
1103,00:18:23,Frazier,1,0.794555,"[0.572846, 0.616404, 0.0958493, 0.0740757]",33096
1108,00:18:28,Frazier,1,0.868887,"[0.542902, 0.567647, 0.119339, 0.0855238]",33268
1109,00:18:29,Frazier,1,0.923536,"[0.566353, 0.586483, 0.106507, 0.132583]",33279
1110,00:18:30,Frazier,1,0.896757,"[0.564916, 0.605357, 0.106413, 0.0981096]",33326
1111,00:18:31,Frazier,1,0.935756,"[0.573279, 0.58007, 0.0972536, 0.141358]",33358
1112,00:18:32,Frazier,1,0.93979,"[0.575529, 0.583602, 0.0904533, 0.133028]",33372
1113,00:18:33,Frazier,1,0.92246,"[0.56937, 0.597383, 0.101685, 0.116665]",33392
1114,00:18:34,Frazier,1,0.889415,"[0.566734, 0.60348, 0.106495, 0.105269]",33424
1115,00:18:35,Frazier,1,0.897255,"[0.566336, 0.603842, 0.105783, 0.104016]",33475
1116,00:18:36,Frazier,1,0.895951,"[0.572348, 0.611935, 0.0954666, 0.0914598]",33504
1117,00:18:37,Frazier,1,0.903606,"[0.570234, 0.61032, 0.0986329, 0.0937976]",33517
1118,00:18:38,Frazier,1,0.949178,"[0.578515, 0.568898, 0.0887328, 0.161631]",33561
1119,00:18:39,Frazier,1,0.951292,"[0.588243, 0.562077, 0.0715789, 0.179995]",33590
1120,00:18:40,Frazier,1,0.949884,"[0.594514, 0.549576, 0.0622663, 0.199595]",33628
1121,00:18:41,Frazier,1,0.970739,"[0.585851, 0.560013, 0.0783743, 0.179536]",33647
1122,00:18:42,Frazier,1,0.957403,"[0.591794, 0.573832, 0.0656654, 0.154524]",33676
1123,00:18:43,Frazier,1,0.951505,"[0.596336, 0.580797, 0.0645103, 0.144022]",33714
1124,00:18:44,Frazier,1,0.950278,"[0.598056, 0.582863, 0.0615487, 0.13671]",33738
1125,00:18:45,Frazier,1,0.957578,"[0.597605, 0.593375, 0.0643395, 0.12427]",33756
1126,00:18:46,Frazier,1,0.93823,"[0.606183, 0.586292, 0.0519476, 0.128034]",33781
1127,00:18:47,Frazier,1,0.951382,"[0.596719, 0.576997, 0.0657508, 0.150813]",33830
1128,00:18:48,Frazier,1,0.952415,"[0.602977, 0.566233, 0.0572966, 0.175411]",33848
1129,00:18:49,Frazier,1,0.961324,"[0.595708, 0.573268, 0.0664562, 0.158098]",33871
1130,00:18:50,Frazier,1,0.952439,"[0.587274, 0.584446, 0.0751522, 0.135727]",33921
1131,00:18:51,Frazier,1,0.954388,"[0.594027, 0.578961, 0.0656483, 0.146718]",33930
1132,00:18:52,Frazier,1,0.921249,"[0.575046, 0.594523, 0.0928105, 0.11959]",33978
1133,00:18:53,Frazier,1,0.908631,"[0.573435, 0.599882, 0.0919426, 0.108893]",34019
1134,00:18:54,Frazier,1,0.932583,"[0.577892, 0.584153, 0.0898181, 0.134583]",34045
1139,00:18:59,Freer,4,0.937141,"[0.601057, 0.580372, 0.0485786, 0.158965]",34197
1140,00:19:00,Freer,4,0.942731,"[0.605291, 0.580759, 0.0433685, 0.161101]",34216
1141,00:19:01,Freer,4,0.95529,"[0.604593, 0.581676, 0.0452763, 0.153667]",34246
1142,00:19:02,Freer,4,0.937142,"[0.596781, 0.58424, 0.0551456, 0.148272]",34274
1143,00:19:03,Freer,4,0.949574,"[0.603749, 0.581974, 0.0439219, 0.153873]",34319
1144,00:19:04,Freer,4,0.96516,"[0.606226, 0.579902, 0.0424182, 0.152192]",34330
1145,00:19:05,Freer,4,0.916167,"[0.609921, 0.590791, 0.034956, 0.142258]",34370
1146,00:19:06,Freer,4,0.949138,"[0.603086, 0.574696, 0.0454689, 0.169269]",34403
1147,00:19:07,Freer,4,0.960336,"[0.594231, 0.582623, 0.0582005, 0.150634]",34429
1148,00:19:08,Freer,4,0.963388,"[0.593877, 0.579136, 0.0593792, 0.155762]",34461
1149,00:19:09,Freer,4,0.941813,"[0.5992, 0.582689, 0.0519983, 0.153285]",34476
1150,00:19:10,Freer,4,0.954,"[0.604059, 0.589388, 0.0448846, 0.146604]",34500
1151,00:19:11,Freer,4,0.932951,"[0.595146, 0.584595, 0.0576194, 0.144837]",34540
1152,00:19:12,Freer,4,0.937632,"[0.595048, 0.587377, 0.0563876, 0.146719]",34577
1153,00:19:13,Freer,4,0.92155,"[0.591713, 0.590986, 0.0623388, 0.140162]",34602
1154,00:19:14,Freer,4,0.920294,"[0.593951, 0.595262, 0.0593308, 0.134934]",34623
1155,00:19:15,Freer,4,0.918917,"[0.593809, 0.594969, 0.0599808, 0.135601]",34658
1156,00:19:16,Freer,4,0.924393,"[0.600418, 0.588302, 0.0496571, 0.150555]",34683
1157,00:19:17,Freer,4,0.940802,"[0.594218, 0.592326, 0.0595242, 0.139203]",34722
1158,00:19:18,Freer,4,0.940162,"[0.594192, 0.592883, 0.0595575, 0.138908]",34740
1159,00:19:19,Freer,4,0.951348,"[0.59654, 0.600039, 0.0546131, 0.12999]",34785
1167,00:19:27,Frazier,1,0.943309,"[0.577887, 0.584112, 0.0887928, 0.1381]",35038
1168,00:19:28,Frazier,1,0.945652,"[0.577135, 0.584284, 0.0902422, 0.137868]",35042
1169,00:19:29,Frazier,1,0.954046,"[0.591549, 0.576944, 0.0668098, 0.153086]",35099
1170,00:19:30,Frazier,1,0.955958,"[0.587565, 0.572501, 0.0728375, 0.155664]",35117
1171,00:19:31,Frazier,1,0.952359,"[0.594016, 0.572969, 0.0651939, 0.15998]",35151
1172,00:19:32,Frazier,1,0.952565,"[0.585238, 0.579294, 0.0792624, 0.142092]",35171
1174,00:19:34,Forceps,2,0.92954,"[0.55765, 0.567933, 0.131598, 0.171074]",35249
1175,00:19:35,Forceps,2,0.924415,"[0.559464, 0.568432, 0.129555, 0.16849]",35251
1176,00:19:36,Forceps,2,0.89676,"[0.584221, 0.573645, 0.0953665, 0.158824]",35295
1177,00:19:37,Forceps,2,0.902873,"[0.575569, 0.576328, 0.108378, 0.150126]",35324
1178,00:19:38,Forceps,2,0.923115,"[0.561816, 0.574027, 0.127337, 0.158164]",35353
1183,00:19:43,Microdebrider,3,0.895361,"[0.545623, 0.564117, 0.155398, 0.180121]",35517
1184,00:19:44,Microdebrider,3,0.942191,"[0.570712, 0.531207, 0.100437, 0.246942]",35549
1185,00:19:45,Microdebrider,3,0.942998,"[0.573373, 0.529354, 0.0953147, 0.249927]",35551
1186,00:19:46,Microdebrider,3,0.94561,"[0.5706, 0.534139, 0.100527, 0.243111]",35588
1187,00:19:47,Microdebrider,3,0.942434,"[0.563347, 0.536382, 0.114178, 0.2404]",35614
1188,00:19:48,Microdebrider,3,0.942637,"[0.564338, 0.532052, 0.11114, 0.24917]",35653
1189,00:19:49,Microdebrider,3,0.94483,"[0.562346, 0.537228, 0.116285, 0.239111]",35685
1190,00:19:50,Microdebrider,3,0.940877,"[0.554176, 0.540289, 0.13115, 0.235593]",35716
1191,00:19:51,Microdebrider,3,0.935519,"[0.556725, 0.540607, 0.125823, 0.235737]",35757
1192,00:19:52,Microdebrider,3,0.94298,"[0.554595, 0.538722, 0.131114, 0.237466]",35774
1193,00:19:53,Microdebrider,3,0.9389,"[0.567285, 0.53314, 0.107084, 0.24571]",35812
1194,00:19:54,Microdebrider,3,0.94228,"[0.571375, 0.525615, 0.0976547, 0.260648]",35832
1195,00:19:55,Microdebrider,3,0.938333,"[0.56348, 0.536961, 0.114512, 0.241957]",35878
1196,00:19:56,Microdebrider,3,0.942773,"[0.562067, 0.530926, 0.116462, 0.251673]",35889
1197,00:19:57,Microdebrider,3,0.942027,"[0.563256, 0.530122, 0.111084, 0.25407]",35919
1198,00:19:58,Microdebrider,3,0.946963,"[0.56307, 0.533478, 0.110997, 0.246726]",35947
1199,00:19:59,Microdebrider,3,0.942203,"[0.564304, 0.531073, 0.110407, 0.252034]",35970
1200,00:20:00,Microdebrider,3,0.940577,"[0.562888, 0.536561, 0.114377, 0.243733]",36019
1201,00:20:01,Microdebrider,3,0.938084,"[0.562656, 0.537555, 0.11383, 0.242277]",36056
1202,00:20:02,Microdebrider,3,0.941828,"[0.557152, 0.538741, 0.12412, 0.243613]",36089
1203,00:20:03,Microdebrider,3,0.940996,"[0.558468, 0.538143, 0.121619, 0.243907]",36090
1204,00:20:04,Microdebrider,3,0.94197,"[0.558848, 0.538332, 0.11973, 0.242889]",36127
1205,00:20:05,Microdebrider,3,0.939876,"[0.558682, 0.537848, 0.120123, 0.243545]",36155
1206,00:20:06,Microdebrider,3,0.941963,"[0.557908, 0.539964, 0.121562, 0.237766]",36190
1207,00:20:07,Microdebrider,3,0.940621,"[0.567602, 0.518469, 0.102897, 0.272849]",36235
1208,00:20:08,Microdebrider,3,0.929279,"[0.569713, 0.522307, 0.101115, 0.263906]",36240
1209,00:20:09,Microdebrider,3,0.927192,"[0.567323, 0.510108, 0.107773, 0.285704]",36285
1212,00:20:12,Frazier,1,0.943449,"[0.589517, 0.572529, 0.0712846, 0.163089]",36389
1213,00:20:13,Frazier,1,0.956088,"[0.588963, 0.576003, 0.0715935, 0.156914]",36392
1214,00:20:14,Frazier,1,0.955558,"[0.579585, 0.579153, 0.0857569, 0.144648]",36424
1215,00:20:15,Frazier,1,0.957688,"[0.578008, 0.580235, 0.0876803, 0.143493]",36469
1216,00:20:16,Frazier,1,0.952588,"[0.577119, 0.570572, 0.0898506, 0.163577]",36485
1217,00:20:17,Frazier,1,0.918616,"[0.555821, 0.559677, 0.120218, 0.174213]",36517
1220,00:20:20,Forceps,2,0.716004,"[0.586032, 0.556951, 0.07714, 0.193234]",36628
1221,00:20:21,Forceps,2,0.833547,"[0.586732, 0.560751, 0.070688, 0.182156]",36658
1222,00:20:22,Forceps,2,0.82777,"[0.588398, 0.562712, 0.0700902, 0.182357]",36667
1223,00:20:23,Forceps,2,0.832922,"[0.587546, 0.5552, 0.0717566, 0.193904]",36700
1224,00:20:24,Forceps,2,0.860188,"[0.579811, 0.59154, 0.0834769, 0.127988]",36731
1225,00:20:25,Forceps,2,0.817631,"[0.581215, 0.575027, 0.0803374, 0.154613]",36750
1227,00:20:27,Frazier,1,0.922819,"[0.578148, 0.568271, 0.0902418, 0.167451]",36839
1228,00:20:28,Frazier,1,0.952307,"[0.579437, 0.575598, 0.08507, 0.150926]",36850
1229,00:20:29,Frazier,1,0.953063,"[0.572778, 0.587695, 0.0978109, 0.134223]",36887
1230,00:20:30,Frazier,1,0.949224,"[0.57635, 0.580562, 0.0902971, 0.141968]",36929
1231,00:20:31,Frazier,1,0.954689,"[0.577566, 0.571553, 0.0888846, 0.160069]",36938
1232,00:20:32,Frazier,1,0.943398,"[0.592598, 0.556374, 0.0610038, 0.203484]",36960
1233,00:20:33,Frazier,1,0.96815,"[0.578025, 0.573706, 0.0841241, 0.156822]",37013
1234,00:20:34,Frazier,1,0.966397,"[0.573943, 0.561958, 0.0952017, 0.175267]",37024
1235,00:20:35,Frazier,1,0.950893,"[0.569939, 0.571368, 0.0997531, 0.155608]",37070
1236,00:20:36,Frazier,1,0.948636,"[0.578101, 0.581353, 0.0872459, 0.141931]",37081
1237,00:20:37,Frazier,1,0.906431,"[0.567932, 0.61246, 0.108975, 0.0860012]",37112
1238,00:20:38,Frazier,1,0.890434,"[0.560032, 0.58129, 0.116127, 0.137703]",37169
1239,00:20:39,Frazier,1,0.928729,"[0.560658, 0.570917, 0.112741, 0.158528]",37175
1240,00:20:40,Frazier,1,0.928405,"[0.583498, 0.570324, 0.0790598, 0.163653]",37229
1241,00:20:41,Frazier,1,0.946996,"[0.578099, 0.579325, 0.0861954, 0.143392]",37236
1242,00:20:42,Frazier,1,0.926449,"[0.568789, 0.602122, 0.10419, 0.106036]",37265
1243,00:20:43,Frazier,1,0.94353,"[0.572361, 0.582545, 0.0956469, 0.139642]",37296
1244,00:20:44,Frazier,1,0.912796,"[0.564012, 0.608565, 0.112271, 0.095626]",37336
1245,00:20:45,Frazier,1,0.932594,"[0.568073, 0.588665, 0.103331, 0.131476]",37361
1246,00:20:46,Frazier,1,0.938568,"[0.577898, 0.574284, 0.0861551, 0.157017]",37409
1247,00:20:47,Frazier,1,0.94252,"[0.579476, 0.580464, 0.0833132, 0.144399]",37421
1248,00:20:48,Frazier,1,0.923884,"[0.598696, 0.561293, 0.0535276, 0.187865]",37469
1249,00:20:49,Frazier,1,0.945536,"[0.591213, 0.568882, 0.0646616, 0.176011]",37494
1250,00:20:50,Frazier,1,0.955878,"[0.590711, 0.56808, 0.0666183, 0.179751]",37507
1251,00:20:51,Frazier,1,0.948103,"[0.59473, 0.573475, 0.0656233, 0.164215]",37557
1252,00:20:52,Frazier,1,0.959904,"[0.587125, 0.573796, 0.0720456, 0.158933]",37580
1253,00:20:53,Frazier,1,0.941264,"[0.585479, 0.557813, 0.0763076, 0.189924]",37590
1254,00:20:54,Frazier,1,0.940974,"[0.589168, 0.573159, 0.0683384, 0.162088]",37649
1255,00:20:55,Frazier,1,0.936828,"[0.589488, 0.573157, 0.0680885, 0.161425]",37650
1256,00:20:56,Frazier,1,0.947593,"[0.585597, 0.564916, 0.0772193, 0.176272]",37695
1257,00:20:57,Frazier,1,0.948098,"[0.580826, 0.575735, 0.0827261, 0.150932]",37736
1258,00:20:58,Frazier,1,0.947533,"[0.587313, 0.558368, 0.0738535, 0.185924]",37760
1259,00:20:59,Frazier,1,0.879523,"[0.522484, 0.529182, 0.099745, 0.225863]",37771
1264,00:21:04,Forceps,2,0.913541,"[0.577198, 0.550426, 0.0946884, 0.202278]",37949
1265,00:21:05,Forceps,2,0.914642,"[0.578502, 0.560929, 0.0932238, 0.189328]",37958
1266,00:21:06,Forceps,2,0.913886,"[0.572294, 0.575719, 0.101839, 0.153703]",38008
1267,00:21:07,Forceps,2,0.910935,"[0.574887, 0.57718, 0.0967215, 0.148797]",38012
1268,00:21:08,Forceps,2,0.800247,"[0.577773, 0.611658, 0.0868869, 0.093593]",38067
1269,00:21:09,Forceps,2,0.873402,"[0.572509, 0.58572, 0.0974416, 0.136108]",38082
1270,00:21:10,Forceps,2,0.768936,"[0.601815, 0.608931, 0.0464608, 0.096762]",38126
1271,00:21:11,Forceps,2,0.88156,"[0.580953, 0.586128, 0.0857198, 0.13576]",38156
1272,00:21:12,Forceps,2,0.893418,"[0.581167, 0.570185, 0.0859915, 0.164796]",38160
1278,00:21:18,Forceps,2,0.92021,"[0.58321, 0.571836, 0.0822935, 0.165128]",38362
1279,00:21:19,Forceps,2,0.943005,"[0.586331, 0.57068, 0.0787153, 0.166784]",38374
1280,00:21:20,Forceps,2,0.904776,"[0.575201, 0.58487, 0.0916935, 0.141074]",38422
1281,00:21:21,Forceps,2,0.929011,"[0.575103, 0.58255, 0.0882786, 0.144361]",38457
1282,00:21:22,Forceps,2,0.935772,"[0.575959, 0.585537, 0.0866794, 0.140674]",38460
1283,00:21:23,Forceps,2,0.899038,"[0.573612, 0.589823, 0.0944062, 0.122405]",38498
1284,00:21:24,Forceps,2,0.889526,"[0.57466, 0.586087, 0.0955088, 0.13425]",38520
1285,00:21:25,Forceps,2,0.902389,"[0.570481, 0.597105, 0.100978, 0.116119]",38573
1286,00:21:26,Forceps,2,0.893197,"[0.568388, 0.594968, 0.104969, 0.119665]",38580
1287,00:21:27,Forceps,2,0.898001,"[0.583292, 0.566082, 0.0833941, 0.176876]",38628
1288,00:21:28,Forceps,2,0.895492,"[0.574365, 0.608701, 0.0939358, 0.0951396]",38641
1289,00:21:29,Forceps,2,0.915449,"[0.562272, 0.564071, 0.120736, 0.170324]",38696
1294,00:21:34,Forceps,2,0.9068,"[0.541897, 0.558273, 0.17025, 0.188315]",38848
1295,00:21:35,Forceps,2,0.934918,"[0.552591, 0.567449, 0.142774, 0.171746]",38865
1296,00:21:36,Forceps,2,0.913277,"[0.554191, 0.577379, 0.138079, 0.152624]",38882
1297,00:21:37,Forceps,2,0.910904,"[0.572223, 0.590843, 0.0979973, 0.13025]",38935
1298,00:21:38,Forceps,2,0.914735,"[0.557922, 0.559566, 0.134584, 0.174114]",38969
1299,00:21:39,Forceps,2,0.922602,"[0.560071, 0.556933, 0.132273, 0.178085]",38972
1300,00:21:40,Forceps,2,0.940296,"[0.563958, 0.565495, 0.123183, 0.168927]",39015
1301,00:21:41,Forceps,2,0.934257,"[0.55631, 0.561795, 0.136825, 0.171583]",39034
1302,00:21:42,Forceps,2,0.91778,"[0.551511, 0.588452, 0.144901, 0.136717]",39073
1303,00:21:43,Forceps,2,0.91542,"[0.550324, 0.574223, 0.143883, 0.160299]",39115
1304,00:21:44,Forceps,2,0.868782,"[0.542419, 0.549104, 0.157613, 0.193917]",39120
1311,00:21:51,Microdebrider,3,0.887075,"[0.537392, 0.522886, 0.183582, 0.164842]",39345
1312,00:21:52,Microdebrider,3,0.877366,"[0.533894, 0.552129, 0.179389, 0.203766]",39383
1313,00:21:53,Microdebrider,3,0.922588,"[0.551762, 0.539977, 0.143289, 0.232354]",39418
1314,00:21:54,Microdebrider,3,0.949259,"[0.560466, 0.536848, 0.122672, 0.238853]",39427
1315,00:21:55,Microdebrider,3,0.936358,"[0.570222, 0.539143, 0.101317, 0.23253]",39450
1316,00:21:56,Microdebrider,3,0.941424,"[0.573549, 0.537301, 0.0942854, 0.236375]",39497
1317,00:21:57,Microdebrider,3,0.933896,"[0.57324, 0.541438, 0.0964516, 0.228903]",39511
1318,00:21:58,Microdebrider,3,0.935457,"[0.573284, 0.543237, 0.0964575, 0.227944]",39549
1319,00:21:59,Microdebrider,3,0.933711,"[0.570773, 0.542989, 0.101684, 0.22735]",39599
1320,00:22:00,Microdebrider,3,0.934148,"[0.57104, 0.543582, 0.10143, 0.226604]",39600
1321,00:22:01,Microdebrider,3,0.933328,"[0.565562, 0.5515, 0.10919, 0.214158]",39657
1322,00:22:02,Microdebrider,3,0.941807,"[0.561966, 0.53521, 0.119931, 0.242942]",39662
1337,00:22:17,Frazier,1,0.881496,"[0.545521, 0.549144, 0.127348, 0.121996]",40133
1338,00:22:18,Frazier,1,0.964246,"[0.5854, 0.561047, 0.0793149, 0.185507]",40169
1339,00:22:19,Frazier,1,0.957436,"[0.58521, 0.562484, 0.0797975, 0.180917]",40170
1340,00:22:20,Frazier,1,0.956603,"[0.576043, 0.581431, 0.0897229, 0.147692]",40215
1341,00:22:21,Frazier,1,0.943698,"[0.57702, 0.570558, 0.0887257, 0.167826]",40241
1342,00:22:22,Frazier,1,0.960383,"[0.592838, 0.567753, 0.068661, 0.168225]",40281
1343,00:22:23,Frazier,1,0.956048,"[0.593088, 0.569238, 0.0700939, 0.169902]",40298
1344,00:22:24,Frazier,1,0.949803,"[0.591626, 0.56813, 0.0690961, 0.166431]",40321
1345,00:22:25,Frazier,1,0.958503,"[0.592876, 0.561597, 0.0698821, 0.179468]",40374
1346,00:22:26,Frazier,1,0.933048,"[0.596902, 0.559956, 0.0636055, 0.183036]",40380
1347,00:22:27,Frazier,1,0.950539,"[0.593855, 0.558334, 0.0666857, 0.186485]",40439
1348,00:22:28,Frazier,1,0.957106,"[0.58616, 0.572796, 0.0739417, 0.161495]",40468
1349,00:22:29,Frazier,1,0.95142,"[0.587239, 0.571308, 0.0719733, 0.162731]",40484
1350,00:22:30,Frazier,1,0.949651,"[0.58751, 0.571264, 0.0717485, 0.165468]",40520
1351,00:22:31,Frazier,1,0.943113,"[0.569542, 0.587034, 0.0981663, 0.135642]",40541
1352,00:22:32,Frazier,1,0.952731,"[0.576543, 0.577401, 0.0891115, 0.151895]",40570
1353,00:22:33,Frazier,1,0.947878,"[0.580137, 0.569808, 0.0858782, 0.163287]",40619
1354,00:22:34,Frazier,1,0.956884,"[0.579254, 0.570248, 0.0870202, 0.162515]",40620
1355,00:22:35,Frazier,1,0.952157,"[0.579098, 0.57284, 0.0845148, 0.154438]",40673
1356,00:22:36,Frazier,1,0.954303,"[0.578493, 0.573482, 0.0835603, 0.157349]",40695
1357,00:22:37,Frazier,1,0.948948,"[0.57846, 0.572462, 0.0839471, 0.152018]",40737
1358,00:22:38,Frazier,1,0.938944,"[0.573557, 0.580291, 0.0907419, 0.144269]",40741
1359,00:22:39,Frazier,1,0.917258,"[0.565033, 0.59364, 0.101019, 0.120511]",40782
1360,00:22:40,Frazier,1,0.910593,"[0.567837, 0.606302, 0.100027, 0.102239]",40827
1361,00:22:41,Frazier,1,0.903293,"[0.568091, 0.606521, 0.100751, 0.101124]",40844
1362,00:22:42,Frazier,1,0.880001,"[0.556073, 0.606261, 0.10215, 0.09781]",40888
1363,00:22:43,Frazier,1,0.934573,"[0.556314, 0.5932, 0.12037, 0.122046]",40915
1364,00:22:44,Frazier,1,0.944391,"[0.566911, 0.58188, 0.10229, 0.142536]",40930
1365,00:22:45,Frazier,1,0.952938,"[0.57655, 0.578815, 0.087969, 0.143297]",40966
1366,00:22:46,Frazier,1,0.957532,"[0.57821, 0.572605, 0.0827736, 0.158418]",41003
1367,00:22:47,Frazier,1,0.948803,"[0.585415, 0.56236, 0.0747837, 0.17711]",41014
1369,00:22:49,Microdebrider,3,0.740357,"[0.513439, 0.452921, 0.209137, 0.108744]",41089
1370,00:22:50,Microdebrider,3,0.950433,"[0.561902, 0.527491, 0.115652, 0.257776]",41128
1371,00:22:51,Microdebrider,3,0.941786,"[0.573492, 0.5301, 0.0930346, 0.250306]",41137
1372,00:22:52,Microdebrider,3,0.954953,"[0.563034, 0.526545, 0.111885, 0.260061]",41187
1373,00:22:53,Microdebrider,3,0.954175,"[0.564603, 0.523102, 0.110859, 0.266865]",41191
1374,00:22:54,Microdebrider,3,0.94007,"[0.573505, 0.525625, 0.0936869, 0.259805]",41242
1375,00:22:55,Microdebrider,3,0.94124,"[0.566009, 0.523074, 0.106418, 0.266061]",41269
1376,00:22:56,Microdebrider,3,0.935146,"[0.564929, 0.537608, 0.108801, 0.239557]",41308
1377,00:22:57,Microdebrider,3,0.938271,"[0.563865, 0.53683, 0.109492, 0.240867]",41332
1378,00:22:58,Microdebrider,3,0.942157,"[0.561523, 0.535664, 0.11385, 0.24264]",41354
1379,00:22:59,Microdebrider,3,0.936453,"[0.564949, 0.542346, 0.106524, 0.232359]",41386
1380,00:23:00,Microdebrider,3,0.933713,"[0.564978, 0.544111, 0.107164, 0.230293]",41414
1381,00:23:01,Microdebrider,3,0.936373,"[0.571881, 0.529897, 0.0936503, 0.253869]",41458
1382,00:23:02,Microdebrider,3,0.937138,"[0.572547, 0.531493, 0.0927665, 0.250678]",41464
1383,00:23:03,Microdebrider,3,0.940065,"[0.571641, 0.523015, 0.0945995, 0.268769]",41499
1384,00:23:04,Microdebrider,3,0.941202,"[0.562273, 0.542239, 0.111986, 0.234368]",41528
1385,00:23:05,Microdebrider,3,0.938305,"[0.564751, 0.545709, 0.108777, 0.226917]",41577
1386,00:23:06,Microdebrider,3,0.936659,"[0.564386, 0.544798, 0.109571, 0.228651]",41580
1387,00:23:07,Microdebrider,3,0.933123,"[0.562741, 0.542138, 0.112202, 0.228631]",41639
1388,00:23:08,Microdebrider,3,0.93389,"[0.563225, 0.540256, 0.113228, 0.233063]",41669
1389,00:23:09,Microdebrider,3,0.93429,"[0.563158, 0.539371, 0.113772, 0.234914]",41673
1390,00:23:10,Microdebrider,3,0.94851,"[0.564163, 0.526512, 0.1091, 0.259082]",41711
1391,00:23:11,Microdebrider,3,0.943622,"[0.563258, 0.531188, 0.110704, 0.252182]",41758
1392,00:23:12,Microdebrider,3,0.943081,"[0.563828, 0.531043, 0.109209, 0.252351]",41761
1393,00:23:13,Microdebrider,3,0.934792,"[0.561375, 0.544239, 0.113189, 0.230387]",41796
1394,00:23:14,Microdebrider,3,0.936545,"[0.564445, 0.536642, 0.10851, 0.242125]",41847
1395,00:23:15,Microdebrider,3,0.9364,"[0.560764, 0.544115, 0.117044, 0.23146]",41853
1396,00:23:16,Microdebrider,3,0.947731,"[0.563706, 0.529782, 0.110293, 0.254388]",41896
1397,00:23:17,Microdebrider,3,0.9471,"[0.563717, 0.529305, 0.109272, 0.255349]",41935
1398,00:23:18,Microdebrider,3,0.948511,"[0.564944, 0.524091, 0.107077, 0.267516]",41954
1399,00:23:19,Microdebrider,3,0.941061,"[0.561816, 0.534734, 0.114573, 0.249884]",41975
1400,00:23:20,Microdebrider,3,0.952963,"[0.56297, 0.528835, 0.110406, 0.259832]",42020
1401,00:23:21,Microdebrider,3,0.937354,"[0.573762, 0.526063, 0.0922869, 0.261398]",42042
1402,00:23:22,Microdebrider,3,0.933875,"[0.576155, 0.512382, 0.0899475, 0.282355]",42079
1403,00:23:23,Microdebrider,3,0.944435,"[0.563048, 0.526481, 0.115361, 0.250692]",42112
1404,00:23:24,Microdebrider,3,0.938548,"[0.565858, 0.534126, 0.108523, 0.235905]",42120
1405,00:23:25,Microdebrider,3,0.937471,"[0.574909, 0.528884, 0.0933903, 0.252808]",42179
1406,00:23:26,Microdebrider,3,0.935516,"[0.573158, 0.526942, 0.095204, 0.257314]",42184
1407,00:23:27,Microdebrider,3,0.933853,"[0.570202, 0.529354, 0.100823, 0.253009]",42233
1408,00:23:28,Microdebrider,3,0.933558,"[0.57164, 0.52836, 0.0980328, 0.255116]",42251
1409,00:23:29,Microdebrider,3,0.938717,"[0.565842, 0.528926, 0.109434, 0.253987]",42287
1410,00:23:30,Microdebrider,3,0.930227,"[0.565737, 0.563949, 0.112283, 0.194416]",42328
1411,00:23:31,Microdebrider,3,0.934885,"[0.56669, 0.558946, 0.108369, 0.203015]",42359
1412,00:23:32,Microdebrider,3,0.93337,"[0.566054, 0.557585, 0.109952, 0.205473]",42360
1413,00:23:33,Microdebrider,3,0.931256,"[0.566107, 0.548444, 0.11204, 0.223539]",42400
1414,00:23:34,Microdebrider,3,0.93473,"[0.564411, 0.536844, 0.112305, 0.241941]",42437
1415,00:23:35,Microdebrider,3,0.925794,"[0.56265, 0.554102, 0.118919, 0.211678]",42450
1416,00:23:36,Microdebrider,3,0.931033,"[0.567789, 0.558773, 0.107292, 0.202633]",42497
1417,00:23:37,Microdebrider,3,0.939755,"[0.573538, 0.526862, 0.0945454, 0.259916]",42528
1418,00:23:38,Microdebrider,3,0.942323,"[0.570467, 0.518872, 0.098011, 0.271633]",42559
1422,00:23:42,Forceps,2,0.93549,"[0.552979, 0.570816, 0.140319, 0.165385]",42689
1423,00:23:43,Forceps,2,0.943206,"[0.555657, 0.572659, 0.135868, 0.160506]",42691
1424,00:23:44,Forceps,2,0.898325,"[0.565245, 0.572047, 0.114633, 0.157807]",42742
1425,00:23:45,Forceps,2,0.899771,"[0.583427, 0.573762, 0.0796421, 0.157886]",42758
1426,00:23:46,Forceps,2,0.9192,"[0.557354, 0.573933, 0.129871, 0.153709]",42797
1427,00:23:47,Forceps,2,0.909531,"[0.579628, 0.58746, 0.084158, 0.134635]",42828
1428,00:23:48,Forceps,2,0.906305,"[0.558593, 0.589423, 0.12703, 0.127528]",42843
1429,00:23:49,Forceps,2,0.937201,"[0.55614, 0.565617, 0.134331, 0.163772]",42888
1433,00:23:53,Forceps,2,0.914493,"[0.55817, 0.563652, 0.131885, 0.167092]",43019
1434,00:23:54,Forceps,2,0.921923,"[0.5618, 0.573211, 0.121834, 0.157996]",43025
1435,00:23:55,Forceps,2,0.896672,"[0.581944, 0.581605, 0.0787329, 0.146268]",43053
1436,00:23:56,Forceps,2,0.905647,"[0.565889, 0.586867, 0.111349, 0.130784]",43089
1437,00:23:57,Forceps,2,0.90415,"[0.569426, 0.578687, 0.104303, 0.147336]",43115
1438,00:23:58,Forceps,2,0.908145,"[0.565251, 0.587851, 0.113792, 0.129941]",43156
1439,00:23:59,Forceps,2,0.900357,"[0.565186, 0.580258, 0.112675, 0.143403]",43170
1440,00:24:00,Forceps,2,0.905849,"[0.562626, 0.588808, 0.119067, 0.130056]",43221
1441,00:24:01,Forceps,2,0.91081,"[0.565225, 0.585437, 0.114842, 0.135518]",43248
1442,00:24:02,Forceps,2,0.919741,"[0.556029, 0.595901, 0.133287, 0.119835]",43289
1443,00:24:03,Forceps,2,0.928121,"[0.55391, 0.586872, 0.138143, 0.138366]",43318
1444,00:24:04,Forceps,2,0.929572,"[0.556274, 0.588249, 0.134052, 0.135572]",43321
1445,00:24:05,Forceps,2,0.889437,"[0.565624, 0.600052, 0.112759, 0.112159]",43379
1446,00:24:06,Forceps,2,0.919319,"[0.55423, 0.596182, 0.134736, 0.122652]",43395
1447,00:24:07,Forceps,2,0.918065,"[0.554055, 0.58311, 0.136213, 0.144704]",43417
1448,00:24:08,Forceps,2,0.926767,"[0.556271, 0.588055, 0.133492, 0.13357]",43467
1449,00:24:09,Forceps,2,0.928671,"[0.559252, 0.573426, 0.128202, 0.15746]",43494
1450,00:24:10,Forceps,2,0.927658,"[0.56112, 0.561999, 0.123376, 0.173646]",43515
1453,00:24:13,Forceps,2,0.923081,"[0.562521, 0.565429, 0.12138, 0.170808]",43613
1454,00:24:14,Forceps,2,0.915172,"[0.565127, 0.574625, 0.116265, 0.154641]",43636
1455,00:24:15,Forceps,2,0.925135,"[0.559198, 0.57194, 0.128245, 0.164137]",43672
1456,00:24:16,Forceps,2,0.932702,"[0.555474, 0.569279, 0.136539, 0.170542]",43706
1457,00:24:17,Forceps,2,0.943082,"[0.557044, 0.573112, 0.132956, 0.161883]",43711
1458,00:24:18,Forceps,2,0.92787,"[0.556193, 0.575049, 0.134992, 0.157916]",43769
1459,00:24:19,Forceps,2,0.940489,"[0.557068, 0.570656, 0.132651, 0.160456]",43778
1460,00:24:20,Forceps,2,0.927009,"[0.554589, 0.587566, 0.138657, 0.140881]",43826
1461,00:24:21,Forceps,2,0.9279,"[0.551644, 0.589153, 0.145127, 0.138115]",43831
1462,00:24:22,Forceps,2,0.922183,"[0.554035, 0.588446, 0.137484, 0.133733]",43887
1463,00:24:23,Forceps,2,0.919357,"[0.555054, 0.588873, 0.13438, 0.133937]",43890
1464,00:24:24,Forceps,2,0.924954,"[0.55466, 0.590128, 0.137299, 0.131719]",43945
1465,00:24:25,Forceps,2,0.94342,"[0.556352, 0.572703, 0.13083, 0.158791]",43958
1467,00:24:27,Forceps,2,0.900894,"[0.554172, 0.556128, 0.135596, 0.183695]",44039
1468,00:24:28,Forceps,2,0.94089,"[0.573301, 0.574562, 0.0978399, 0.155347]",44058
1469,00:24:29,Forceps,2,0.927512,"[0.576779, 0.5866, 0.091428, 0.133394]",44099
1470,00:24:30,Forceps,2,0.934402,"[0.574772, 0.590237, 0.0981598, 0.124433]",44105
1471,00:24:31,Forceps,2,0.92231,"[0.562807, 0.561722, 0.121567, 0.171323]",44139
1480,00:24:40,Microdebrider,3,0.882443,"[0.535085, 0.5028, 0.180038, 0.213146]",44426
1481,00:24:41,Microdebrider,3,0.94028,"[0.560585, 0.533724, 0.117279, 0.245309]",44457
1482,00:24:42,Microdebrider,3,0.940969,"[0.563767, 0.531272, 0.112592, 0.250969]",44460
1483,00:24:43,Microdebrider,3,0.937658,"[0.572458, 0.528445, 0.0954809, 0.253931]",44497
1484,00:24:44,Microdebrider,3,0.935945,"[0.558897, 0.545274, 0.119163, 0.228099]",44549
1485,00:24:45,Microdebrider,3,0.937454,"[0.565008, 0.534421, 0.107504, 0.244643]",44559
1486,00:24:46,Microdebrider,3,0.941161,"[0.56455, 0.544517, 0.107965, 0.226492]",44595
1487,00:24:47,Microdebrider,3,0.937855,"[0.561688, 0.546822, 0.113699, 0.22264]",44616
1488,00:24:48,Microdebrider,3,0.934804,"[0.560887, 0.547698, 0.116596, 0.221721]",44656
1489,00:24:49,Microdebrider,3,0.930742,"[0.56488, 0.55529, 0.109657, 0.206528]",44677
1490,00:24:50,Microdebrider,3,0.927598,"[0.558124, 0.553099, 0.126118, 0.211594]",44705
1491,00:24:51,Microdebrider,3,0.926017,"[0.555044, 0.555934, 0.131357, 0.204329]",44754
1492,00:24:52,Microdebrider,3,0.935258,"[0.559747, 0.539139, 0.119921, 0.236495]",44770
1493,00:24:53,Microdebrider,3,0.946487,"[0.564999, 0.53183, 0.108731, 0.250204]",44808
1494,00:24:54,Microdebrider,3,0.940164,"[0.564674, 0.533554, 0.109094, 0.24676]",44849
1495,00:24:55,Microdebrider,3,0.942805,"[0.563874, 0.531259, 0.109802, 0.251048]",44850
1496,00:24:56,Microdebrider,3,0.945613,"[0.563226, 0.530834, 0.107353, 0.252585]",44905
1497,00:24:57,Microdebrider,3,0.939524,"[0.563845, 0.531481, 0.107016, 0.251475]",44939
1498,00:24:58,Microdebrider,3,0.944384,"[0.56443, 0.528454, 0.106888, 0.256761]",44942
1499,00:24:59,Microdebrider,3,0.943482,"[0.562356, 0.534306, 0.111134, 0.247371]",44997
1500,00:25:00,Microdebrider,3,0.942108,"[0.562824, 0.534445, 0.106647, 0.245782]",45010
1501,00:25:01,Microdebrider,3,0.948258,"[0.562735, 0.518213, 0.104615, 0.274761]",45058
1502,00:25:02,Microdebrider,3,0.943437,"[0.561782, 0.518921, 0.107492, 0.272333]",45060
1503,00:25:03,Microdebrider,3,0.93215,"[0.554442, 0.536182, 0.130207, 0.243374]",45093
1504,00:25:04,Microdebrider,3,0.94099,"[0.563103, 0.530826, 0.10861, 0.252301]",45140
1505,00:25:05,Microdebrider,3,0.955156,"[0.565109, 0.515252, 0.103818, 0.280813]",45172
1506,00:25:06,Microdebrider,3,0.948388,"[0.56458, 0.516951, 0.101875, 0.270186]",45192
1507,00:25:07,Microdebrider,3,0.919982,"[0.582455, 0.512643, 0.0751714, 0.277525]",45210
1508,00:25:08,Microdebrider,3,0.91846,"[0.58152, 0.520604, 0.0805017, 0.263215]",45263
1509,00:25:09,Microdebrider,3,0.934039,"[0.57721, 0.515209, 0.0839071, 0.273938]",45291
1510,00:25:10,Microdebrider,3,0.936928,"[0.57673, 0.51489, 0.0856804, 0.2733]",45302
1511,00:25:11,Microdebrider,3,0.9358,"[0.574673, 0.52378, 0.0896647, 0.260265]",45348
1512,00:25:12,Microdebrider,3,0.932758,"[0.577615, 0.522411, 0.0839062, 0.268717]",45364
1513,00:25:13,Microdebrider,3,0.934099,"[0.56578, 0.533775, 0.106312, 0.244635]",45406
1514,00:25:14,Microdebrider,3,0.936544,"[0.571979, 0.519814, 0.0943247, 0.26888]",45424
1515,00:25:15,Microdebrider,3,0.955812,"[0.564448, 0.517187, 0.107179, 0.274966]",45455
1517,00:25:17,Forceps,2,0.929315,"[0.552898, 0.568245, 0.14129, 0.168662]",45537
1518,00:25:18,Forceps,2,0.946242,"[0.586178, 0.568005, 0.0715537, 0.171891]",45568
1519,00:25:19,Forceps,2,0.953319,"[0.585082, 0.570889, 0.0726287, 0.166648]",45578
1520,00:25:20,Forceps,2,0.90885,"[0.573543, 0.564217, 0.0940777, 0.173695]",45624
1521,00:25:21,Forceps,2,0.925734,"[0.571279, 0.567349, 0.0992177, 0.168178]",45648
1522,00:25:22,Forceps,2,0.93046,"[0.578689, 0.572674, 0.0836249, 0.162034]",45687
1523,00:25:23,Forceps,2,0.950983,"[0.579834, 0.584738, 0.083581, 0.141274]",45717
1524,00:25:24,Forceps,2,0.929757,"[0.576548, 0.582132, 0.0888111, 0.144417]",45722
1525,00:25:25,Forceps,2,0.929148,"[0.57725, 0.576448, 0.0876347, 0.154596]",45765
1526,00:25:26,Forceps,2,0.959172,"[0.577769, 0.586315, 0.0876966, 0.139992]",45793
1527,00:25:27,Forceps,2,0.919722,"[0.55605, 0.557363, 0.132552, 0.183676]",45826
1531,00:25:31,Microdebrider,3,0.879822,"[0.529499, 0.540902, 0.192192, 0.211647]",45959
1532,00:25:32,Microdebrider,3,0.940154,"[0.56291, 0.53498, 0.115115, 0.242955]",45978
1533,00:25:33,Microdebrider,3,0.935662,"[0.562953, 0.536623, 0.113745, 0.238589]",45992
1534,00:25:34,Microdebrider,3,0.934747,"[0.570921, 0.534063, 0.0953181, 0.244542]",46047
1535,00:25:35,Microdebrider,3,0.935403,"[0.567592, 0.536292, 0.104635, 0.241967]",46057
1536,00:25:36,Microdebrider,3,0.933837,"[0.565633, 0.538346, 0.107632, 0.23894]",46087
1537,00:25:37,Microdebrider,3,0.932807,"[0.566146, 0.539054, 0.107302, 0.236803]",46113
1538,00:25:38,Microdebrider,3,0.933088,"[0.565607, 0.53905, 0.108636, 0.235652]",46140
1539,00:25:39,Microdebrider,3,0.933177,"[0.561803, 0.544498, 0.115458, 0.22668]",46180
1540,00:25:40,Microdebrider,3,0.932989,"[0.564325, 0.539015, 0.108338, 0.236636]",46216
1541,00:25:41,Microdebrider,3,0.934021,"[0.571735, 0.538542, 0.0957413, 0.237365]",46238
1542,00:25:42,Microdebrider,3,0.918582,"[0.571654, 0.548531, 0.097966, 0.219362]",46263
1543,00:25:43,Microdebrider,3,0.931016,"[0.564735, 0.543052, 0.108768, 0.228776]",46319
1544,00:25:44,Microdebrider,3,0.930628,"[0.564811, 0.543974, 0.109168, 0.227169]",46320
1545,00:25:45,Microdebrider,3,0.931846,"[0.56323, 0.553752, 0.112181, 0.207373]",46354
1546,00:25:46,Microdebrider,3,0.935009,"[0.567802, 0.536057, 0.104282, 0.241958]",46408
1547,00:25:47,Microdebrider,3,0.937534,"[0.56873, 0.518167, 0.100828, 0.27548]",46432
1548,00:25:48,Microdebrider,3,0.933863,"[0.572662, 0.527755, 0.0936614, 0.252901]",46468
1549,00:25:49,Microdebrider,3,0.939134,"[0.573047, 0.533373, 0.0953367, 0.241885]",46489
1550,00:25:50,Microdebrider,3,0.933077,"[0.570708, 0.537995, 0.0984308, 0.236907]",46529
1551,00:25:51,Microdebrider,3,0.933739,"[0.570717, 0.537519, 0.0977631, 0.237468]",46538
1552,00:25:52,Microdebrider,3,0.931335,"[0.56705, 0.54271, 0.104011, 0.227287]",46572
1553,00:25:53,Microdebrider,3,0.933648,"[0.56115, 0.546135, 0.114258, 0.224193]",46599
1554,00:25:54,Microdebrider,3,0.929081,"[0.551304, 0.55184, 0.137252, 0.211727]",46639
1555,00:25:55,Microdebrider,3,0.930773,"[0.553292, 0.543835, 0.130709, 0.23121]",46654
1556,00:25:56,Microdebrider,3,0.9254,"[0.555277, 0.543442, 0.129768, 0.231775]",46709
1557,00:25:57,Microdebrider,3,0.93253,"[0.557782, 0.545603, 0.121702, 0.228374]",46723
1558,00:25:58,Microdebrider,3,0.925741,"[0.556203, 0.551878, 0.129662, 0.215348]",46750
1559,00:25:59,Microdebrider,3,0.926383,"[0.554567, 0.556695, 0.129508, 0.208321]",46784
1560,00:26:00,Microdebrider,3,0.923855,"[0.554172, 0.557136, 0.12984, 0.204072]",46802
1561,00:26:01,Microdebrider,3,0.929658,"[0.555882, 0.556816, 0.128534, 0.204712]",46846
1562,00:26:02,Microdebrider,3,0.906179,"[0.544296, 0.580652, 0.151001, 0.165897]",46861
1563,00:26:03,Microdebrider,3,0.928083,"[0.553671, 0.545017, 0.127318, 0.227219]",46917
1564,00:26:04,Microdebrider,3,0.928544,"[0.554967, 0.557289, 0.128462, 0.207326]",46944
1565,00:26:05,Microdebrider,3,0.932569,"[0.560231, 0.5444, 0.11703, 0.2331]",46958
1566,00:26:06,Microdebrider,3,0.932965,"[0.558418, 0.547391, 0.116333, 0.222403]",47008
1567,00:26:07,Microdebrider,3,0.934338,"[0.560116, 0.54596, 0.114418, 0.226404]",47029
1568,00:26:08,Microdebrider,3,0.933662,"[0.564191, 0.546797, 0.10764, 0.226502]",47059
1569,00:26:09,Microdebrider,3,0.934099,"[0.563156, 0.547468, 0.107547, 0.224626]",47075
1570,00:26:10,Microdebrider,3,0.930948,"[0.560322, 0.545153, 0.113676, 0.231799]",47111
1571,00:26:11,Microdebrider,3,0.933434,"[0.564326, 0.540637, 0.104782, 0.232396]",47152
1572,00:26:12,Microdebrider,3,0.935917,"[0.570829, 0.531301, 0.097064, 0.249955]",47167
1573,00:26:13,Microdebrider,3,0.942234,"[0.564442, 0.533425, 0.108412, 0.243591]",47206
1578,00:26:18,Frazier,1,0.806114,"[0.56061, 0.597012, 0.132055, 0.115464]",47369
1579,00:26:19,Frazier,1,0.853335,"[0.562444, 0.568639, 0.116335, 0.157722]",47392
1580,00:26:20,Frazier,1,0.847505,"[0.569581, 0.582097, 0.104838, 0.133423]",47416
1581,00:26:21,Frazier,1,0.741403,"[0.57743, 0.611388, 0.0887154, 0.0848751]",47452
1582,00:26:22,Frazier,1,0.737582,"[0.566811, 0.601525, 0.113188, 0.101998]",47474
1586,00:26:26,Freer,4,0.908735,"[0.590608, 0.577908, 0.0610163, 0.160916]",47592
1587,00:26:27,Freer,4,0.89151,"[0.588281, 0.583573, 0.064431, 0.146065]",47636
1588,00:26:28,Freer,4,0.886755,"[0.588745, 0.585174, 0.0642437, 0.143676]",47644
1589,00:26:29,Freer,4,0.918863,"[0.595204, 0.579284, 0.0505967, 0.162177]",47680
1590,00:26:30,Freer,4,0.917381,"[0.601964, 0.584507, 0.042803, 0.156854]",47729
1591,00:26:31,Freer,4,0.924322,"[0.604281, 0.583521, 0.0416213, 0.161616]",47737
1592,00:26:32,Freer,4,0.882396,"[0.608968, 0.577694, 0.0381203, 0.172209]",47774
1593,00:26:33,Freer,4,0.919813,"[0.604497, 0.58349, 0.0425116, 0.158021]",47810
1594,00:26:34,Freer,4,0.913537,"[0.604833, 0.578874, 0.0397163, 0.172381]",47844
1595,00:26:35,Freer,4,0.926207,"[0.593596, 0.58809, 0.0535221, 0.149774]",47875
1596,00:26:36,Freer,4,0.937703,"[0.600893, 0.576853, 0.0417692, 0.168111]",47884
1598,00:26:38,Frazier,1,0.77485,"[0.562081, 0.586239, 0.126935, 0.123653]",47966
1599,00:26:39,Frazier,1,0.837528,"[0.568391, 0.594668, 0.109603, 0.11828]",47976
1600,00:26:40,Frazier,1,0.841487,"[0.564294, 0.584722, 0.113874, 0.135667]",48002
1601,00:26:41,Frazier,1,0.873436,"[0.562047, 0.58778, 0.117447, 0.133151]",48040
1602,00:26:42,Frazier,1,0.804328,"[0.56815, 0.589877, 0.105931, 0.128097]",48061
1603,00:26:43,Frazier,1,0.864546,"[0.581726, 0.581182, 0.0870081, 0.145004]",48116
1604,00:26:44,Frazier,1,0.889803,"[0.585456, 0.584545, 0.0786043, 0.139234]",48124
1605,00:26:45,Frazier,1,0.888042,"[0.590194, 0.591446, 0.0699898, 0.128784]",48163
1606,00:26:46,Frazier,1,0.849308,"[0.571359, 0.592909, 0.107797, 0.121473]",48200
1607,00:26:47,Frazier,1,0.859114,"[0.570631, 0.586909, 0.106194, 0.132164]",48219
1608,00:26:48,Frazier,1,0.852097,"[0.567136, 0.589983, 0.109517, 0.124355]",48269
1609,00:26:49,Frazier,1,0.906014,"[0.561875, 0.596167, 0.119241, 0.112951]",48294
1610,00:26:50,Frazier,1,0.84935,"[0.565766, 0.610336, 0.112704, 0.0897653]",48323
1611,00:26:51,Frazier,1,0.839984,"[0.563802, 0.608604, 0.113141, 0.0936981]",48357
1612,00:26:52,Frazier,1,0.863465,"[0.57028, 0.593807, 0.106487, 0.118427]",48385
1613,00:26:53,Frazier,1,0.87616,"[0.566293, 0.585528, 0.110012, 0.133025]",48413
1614,00:26:54,Frazier,1,0.885509,"[0.582235, 0.58446, 0.0852112, 0.141214]",48432
1615,00:26:55,Frazier,1,0.867761,"[0.561988, 0.594523, 0.116405, 0.114936]",48475
1616,00:26:56,Frazier,1,0.861289,"[0.561477, 0.594593, 0.118425, 0.114339]",48486
1617,00:26:57,Frazier,1,0.857416,"[0.5617, 0.59173, 0.117665, 0.121711]",48516
1618,00:26:58,Frazier,1,0.88367,"[0.5601, 0.592433, 0.120599, 0.122408]",48555
1619,00:26:59,Frazier,1,0.868767,"[0.562284, 0.586158, 0.116386, 0.131776]",48577
1620,00:27:00,Frazier,1,0.844424,"[0.576759, 0.611679, 0.0848517, 0.0873779]",48616
1621,00:27:01,Frazier,1,0.85664,"[0.579019, 0.611834, 0.0803155, 0.0859965]",48640
1622,00:27:02,Frazier,1,0.852136,"[0.576542, 0.61298, 0.0878397, 0.0838474]",48667
1623,00:27:03,Frazier,1,0.833734,"[0.56354, 0.609868, 0.11565, 0.0915391]",48713
1624,00:27:04,Frazier,1,0.885034,"[0.561843, 0.596536, 0.119234, 0.116365]",48741
1625,00:27:05,Frazier,1,0.859083,"[0.561631, 0.601143, 0.121834, 0.108223]",48757
1626,00:27:06,Frazier,1,0.859794,"[0.562454, 0.5922, 0.116327, 0.125611]",48809
1627,00:27:07,Frazier,1,0.873563,"[0.563059, 0.590348, 0.114633, 0.127468]",48811
1628,00:27:08,Frazier,1,0.90815,"[0.560593, 0.593743, 0.119987, 0.120725]",48858
1629,00:27:09,Frazier,1,0.840746,"[0.564303, 0.586497, 0.11405, 0.134837]",48870
1630,00:27:10,Frazier,1,0.905649,"[0.559424, 0.593541, 0.119944, 0.121839]",48925
1631,00:27:11,Frazier,1,0.869095,"[0.562833, 0.60949, 0.111421, 0.0911004]",48946
1632,00:27:12,Frazier,1,0.850122,"[0.560642, 0.602651, 0.11972, 0.102987]",48975
1633,00:27:13,Frazier,1,0.857046,"[0.560959, 0.600548, 0.118922, 0.108336]",49006
1634,00:27:14,Frazier,1,0.867632,"[0.562304, 0.601563, 0.116401, 0.105218]",49033
1635,00:27:15,Frazier,1,0.81593,"[0.559287, 0.590821, 0.123423, 0.125293]",49050
1638,00:27:18,Forceps,2,0.943006,"[0.539706, 0.570589, 0.166923, 0.167889]",49166
1639,00:27:19,Forceps,2,0.938714,"[0.542042, 0.572758, 0.162594, 0.166128]",49170
1640,00:27:20,Forceps,2,0.929883,"[0.558404, 0.555725, 0.12679, 0.198136]",49215
1641,00:27:21,Forceps,2,0.920294,"[0.551985, 0.578226, 0.13617, 0.151869]",49246
1642,00:27:22,Forceps,2,0.905745,"[0.547825, 0.582839, 0.146861, 0.145306]",49289
1643,00:27:23,Forceps,2,0.923926,"[0.552406, 0.592389, 0.138193, 0.127837]",49309
1644,00:27:24,Forceps,2,0.929758,"[0.547981, 0.57062, 0.143138, 0.166195]",49338
1646,00:27:26,Forceps,2,0.927331,"[0.533816, 0.548851, 0.169599, 0.187065]",49407
1647,00:27:27,Forceps,2,0.932181,"[0.549878, 0.574487, 0.143977, 0.162727]",49421
1648,00:27:28,Forceps,2,0.929929,"[0.558781, 0.556825, 0.126232, 0.190991]",49450
1649,00:27:29,Forceps,2,0.924679,"[0.556392, 0.556761, 0.130012, 0.195858]",49489
1650,00:27:30,Forceps,2,0.92652,"[0.554065, 0.557412, 0.132384, 0.190241]",49528
1651,00:27:31,Forceps,2,0.936739,"[0.552529, 0.556128, 0.1362, 0.195352]",49544
1652,00:27:32,Forceps,2,0.914838,"[0.566472, 0.580775, 0.101385, 0.150405]",49585
1653,00:27:33,Forceps,2,0.903249,"[0.57396, 0.573792, 0.0919577, 0.155816]",49606
1654,00:27:34,Forceps,2,0.906895,"[0.577606, 0.573808, 0.0890909, 0.157089]",49648
1655,00:27:35,Forceps,2,0.907884,"[0.561807, 0.576141, 0.123766, 0.155658]",49671
1656,00:27:36,Forceps,2,0.939952,"[0.552462, 0.566897, 0.139482, 0.168442]",49704
1657,00:27:37,Forceps,2,0.910719,"[0.539665, 0.526324, 0.147179, 0.168136]",49711
1661,00:27:41,Frazier,1,0.861915,"[0.548633, 0.500964, 0.0944115, 0.0702313]",49834
1662,00:27:42,Frazier,1,0.748296,"[0.563291, 0.607108, 0.115491, 0.092893]",49863
1663,00:27:43,Frazier,1,0.718921,"[0.594834, 0.613692, 0.0528016, 0.0829322]",49908
1664,00:27:44,Frazier,1,0.741467,"[0.594209, 0.612998, 0.0545637, 0.0858531]",49949
1665,00:27:45,Frazier,1,0.788233,"[0.566515, 0.603546, 0.109621, 0.101327]",49967
1666,00:27:46,Frazier,1,0.792657,"[0.566311, 0.628359, 0.102149, 0.0598794]",50006
1667,00:27:47,Frazier,1,0.796063,"[0.569887, 0.630849, 0.0968152, 0.0560662]",50010
1668,00:27:48,Frazier,1,0.784699,"[0.598557, 0.616138, 0.0448146, 0.080494]",50050
1669,00:27:49,Frazier,1,0.815376,"[0.591339, 0.61879, 0.0593113, 0.0726764]",50090
1670,00:27:50,Frazier,1,0.828717,"[0.58747, 0.614976, 0.0660316, 0.0811217]",50121
1671,00:27:51,Frazier,1,0.814367,"[0.585358, 0.622101, 0.0680489, 0.0699026]",50157
1672,00:27:52,Frazier,1,0.834525,"[0.588393, 0.624807, 0.0616188, 0.0626373]",50166
1673,00:27:53,Frazier,1,0.854664,"[0.582118, 0.622986, 0.0708261, 0.0691018]",50198
1674,00:27:54,Frazier,1,0.849334,"[0.580999, 0.618184, 0.0754744, 0.0772924]",50224
1675,00:27:55,Frazier,1,0.83025,"[0.591705, 0.628344, 0.055043, 0.057572]",50259
1676,00:27:56,Frazier,1,0.829542,"[0.580878, 0.622325, 0.0800546, 0.0687385]",50282
1677,00:27:57,Frazier,1,0.833016,"[0.578119, 0.621156, 0.0868176, 0.0705287]",50317
1678,00:27:58,Frazier,1,0.768997,"[0.5668, 0.612331, 0.106417, 0.0864565]",50340
1679,00:27:59,Frazier,1,0.830586,"[0.592003, 0.616018, 0.0566057, 0.0818177]",50379
1680,00:28:00,Frazier,1,0.793256,"[0.58949, 0.623619, 0.0619267, 0.0665331]",50401
1681,00:28:01,Frazier,1,0.792477,"[0.591999, 0.629727, 0.0541754, 0.0571035]",50453
1682,00:28:02,Frazier,1,0.831161,"[0.587231, 0.624951, 0.0629864, 0.061117]",50489
1683,00:28:03,Frazier,1,0.830119,"[0.587766, 0.625193, 0.062225, 0.0609524]",50490
1684,00:28:04,Frazier,1,0.799427,"[0.58452, 0.62547, 0.0641298, 0.0641698]",50548
1685,00:28:05,Frazier,1,0.857032,"[0.585404, 0.624743, 0.0637634, 0.0647541]",50573
1686,00:28:06,Frazier,1,0.858124,"[0.58609, 0.624479, 0.0646308, 0.0651433]",50594
1687,00:28:07,Frazier,1,0.822243,"[0.589849, 0.628613, 0.0574821, 0.0582139]",50616
1688,00:28:08,Frazier,1,0.811032,"[0.588491, 0.623675, 0.0617742, 0.0673131]",50644
1689,00:28:09,Frazier,1,0.817389,"[0.567672, 0.601987, 0.100875, 0.10613]",50679
1691,00:28:11,Microdebrider,3,0.798631,"[0.516481, 0.480554, 0.177964, 0.176667]",50759
1692,00:28:12,Microdebrider,3,0.927558,"[0.547166, 0.528668, 0.14552, 0.257302]",50789
1693,00:28:13,Microdebrider,3,0.94513,"[0.559591, 0.524173, 0.122144, 0.261578]",50794
1694,00:28:14,Microdebrider,3,0.935124,"[0.572156, 0.521337, 0.0952958, 0.268062]",50822
1695,00:28:15,Microdebrider,3,0.934436,"[0.567993, 0.535829, 0.10365, 0.242173]",50872
1696,00:28:16,Microdebrider,3,0.933092,"[0.568317, 0.535659, 0.102475, 0.242226]",50900
1697,00:28:17,Microdebrider,3,0.933795,"[0.567678, 0.535214, 0.10356, 0.242605]",50922
1698,00:28:18,Microdebrider,3,0.934777,"[0.568126, 0.537109, 0.104529, 0.241332]",50946
1699,00:28:19,Microdebrider,3,0.93419,"[0.571508, 0.538183, 0.0983405, 0.238538]",50981
1700,00:28:20,Microdebrider,3,0.935465,"[0.568455, 0.537664, 0.102659, 0.238438]",51005
1701,00:28:21,Microdebrider,3,0.927953,"[0.566587, 0.543753, 0.106379, 0.230193]",51054
1702,00:28:22,Microdebrider,3,0.928661,"[0.567183, 0.541795, 0.106277, 0.235108]",51071
1703,00:28:23,Microdebrider,3,0.935497,"[0.564727, 0.545034, 0.110332, 0.231014]",51107
1704,00:28:24,Microdebrider,3,0.934036,"[0.563585, 0.548576, 0.112737, 0.223935]",51134
1705,00:28:25,Microdebrider,3,0.932801,"[0.564417, 0.543854, 0.109446, 0.233943]",51160
1706,00:28:26,Microdebrider,3,0.935262,"[0.564211, 0.54274, 0.110322, 0.233948]",51188
1707,00:28:27,Microdebrider,3,0.918911,"[0.569171, 0.548785, 0.103015, 0.22333]",51210
1708,00:28:28,Microdebrider,3,0.938008,"[0.5643, 0.543856, 0.109687, 0.228825]",51263
1709,00:28:29,Microdebrider,3,0.93507,"[0.571505, 0.533709, 0.0976661, 0.247715]",51296
1710,00:28:30,Microdebrider,3,0.935957,"[0.563767, 0.544673, 0.109904, 0.2314]",51324
1711,00:28:31,Microdebrider,3,0.939822,"[0.56278, 0.540399, 0.107807, 0.233997]",51340
1712,00:28:32,Microdebrider,3,0.934948,"[0.559538, 0.54394, 0.116067, 0.228288]",51377
1713,00:28:33,Microdebrider,3,0.942149,"[0.555237, 0.532926, 0.127291, 0.247202]",51391
1715,00:28:35,Forceps,2,0.914361,"[0.548104, 0.556035, 0.146615, 0.185206]",51479
1716,00:28:36,Forceps,2,0.940595,"[0.556746, 0.5693, 0.129114, 0.16316]",51491
1717,00:28:37,Forceps,2,0.928037,"[0.576699, 0.574918, 0.0895474, 0.154421]",51527
1718,00:28:38,Forceps,2,0.93673,"[0.581698, 0.584867, 0.0806049, 0.136778]",51566
1719,00:28:39,Forceps,2,0.93519,"[0.580284, 0.585961, 0.0832428, 0.136306]",51574
1720,00:28:40,Forceps,2,0.946531,"[0.578608, 0.581148, 0.0865042, 0.141794]",51612
1721,00:28:41,Forceps,2,0.926611,"[0.577278, 0.581985, 0.0885014, 0.143578]",51653
1722,00:28:42,Forceps,2,0.945789,"[0.579104, 0.579969, 0.084974, 0.145916]",51666
1723,00:28:43,Forceps,2,0.923067,"[0.576556, 0.580796, 0.0903041, 0.144357]",51716
1724,00:28:44,Forceps,2,0.939454,"[0.578556, 0.580729, 0.0875673, 0.144793]",51727
1725,00:28:45,Forceps,2,0.947985,"[0.578749, 0.582378, 0.0870024, 0.1424]",51778
1726,00:28:46,Forceps,2,0.941393,"[0.578626, 0.583832, 0.0874115, 0.139096]",51783
1727,00:28:47,Forceps,2,0.910791,"[0.575308, 0.57914, 0.0919039, 0.1467]",51837
1728,00:28:48,Forceps,2,0.916335,"[0.574389, 0.58836, 0.0933396, 0.128731]",51861
1729,00:28:49,Forceps,2,0.911014,"[0.576313, 0.589338, 0.0918564, 0.129286]",51870
1730,00:28:50,Forceps,2,0.907803,"[0.556856, 0.562423, 0.130838, 0.168515]",51902
1733,00:28:53,Forceps,2,0.900067,"[0.567693, 0.548977, 0.109117, 0.197987]",52019
1734,00:28:54,Forceps,2,0.915131,"[0.561152, 0.562281, 0.124414, 0.17539]",52045
1735,00:28:55,Forceps,2,0.922023,"[0.563577, 0.564699, 0.118301, 0.172521]",52053
1736,00:28:56,Forceps,2,0.922146,"[0.557006, 0.570832, 0.13038, 0.157619]",52109
1737,00:28:57,Forceps,2,0.93101,"[0.556888, 0.56035, 0.132748, 0.173418]",52115
1739,00:28:59,Forceps,2,0.906145,"[0.569394, 0.547532, 0.10508, 0.202494]",52188
1740,00:29:00,Forceps,2,0.943259,"[0.585123, 0.573458, 0.075413, 0.156297]",52210
1741,00:29:01,Forceps,2,0.916492,"[0.57786, 0.581125, 0.0921913, 0.144807]",52231
1742,00:29:02,Forceps,2,0.917017,"[0.575638, 0.589976, 0.0918327, 0.128186]",52262
1743,00:29:03,Forceps,2,0.911787,"[0.556881, 0.590238, 0.131331, 0.125941]",52292
1744,00:29:04,Forceps,2,0.913042,"[0.576446, 0.58583, 0.0917803, 0.135412]",52329
1745,00:29:05,Forceps,2,0.907749,"[0.574457, 0.587166, 0.0952763, 0.132492]",52351
1746,00:29:06,Forceps,2,0.925161,"[0.580781, 0.585493, 0.0846016, 0.135431]",52393
1747,00:29:07,Forceps,2,0.915062,"[0.571471, 0.589913, 0.101085, 0.130755]",52412
1748,00:29:08,Forceps,2,0.913335,"[0.572081, 0.586775, 0.0997118, 0.133069]",52469
1749,00:29:09,Forceps,2,0.918582,"[0.570573, 0.58577, 0.10278, 0.138573]",52474
1750,00:29:10,Forceps,2,0.955588,"[0.578735, 0.585922, 0.0881106, 0.136947]",52512
1751,00:29:11,Forceps,2,0.922209,"[0.575516, 0.588971, 0.090703, 0.130055]",52532
1752,00:29:12,Forceps,2,0.904135,"[0.557094, 0.582967, 0.131521, 0.140018]",52584
1753,00:29:13,Forceps,2,0.908868,"[0.570325, 0.557768, 0.104593, 0.18135]",52601
1755,00:29:15,Microdebrider,3,0.871226,"[0.534342, 0.50918, 0.181846, 0.261306]",52679
1756,00:29:16,Microdebrider,3,0.940048,"[0.555991, 0.53217, 0.134913, 0.250203]",52705
1757,00:29:17,Microdebrider,3,0.938977,"[0.560127, 0.536758, 0.119199, 0.239178]",52713
1758,00:29:18,Microdebrider,3,0.934774,"[0.568397, 0.536883, 0.102465, 0.237789]",52765
1759,00:29:19,Microdebrider,3,0.936876,"[0.568587, 0.535367, 0.102562, 0.240706]",52777
1760,00:29:20,Microdebrider,3,0.930204,"[0.569422, 0.540426, 0.100805, 0.230066]",52800
1761,00:29:21,Microdebrider,3,0.931579,"[0.564781, 0.555913, 0.111973, 0.207155]",52854
1762,00:29:22,Microdebrider,3,0.932887,"[0.565764, 0.556019, 0.109598, 0.207067]",52872
1763,00:29:23,Microdebrider,3,0.936852,"[0.564668, 0.547232, 0.109481, 0.220277]",52893
1764,00:29:24,Microdebrider,3,0.941173,"[0.564602, 0.544109, 0.107853, 0.225912]",52937
1765,00:29:25,Microdebrider,3,0.92586,"[0.568245, 0.544047, 0.102203, 0.228321]",52950
1766,00:29:26,Microdebrider,3,0.941275,"[0.563442, 0.544363, 0.111661, 0.230451]",53004
1767,00:29:27,Microdebrider,3,0.938026,"[0.565148, 0.545323, 0.109259, 0.229539]",53011
1768,00:29:28,Microdebrider,3,0.929845,"[0.565038, 0.559285, 0.111094, 0.206141]",53049
1769,00:29:29,Microdebrider,3,0.930057,"[0.564828, 0.560545, 0.112534, 0.204715]",53083
1770,00:29:30,Microdebrider,3,0.930731,"[0.564256, 0.560828, 0.113994, 0.203114]",53129
1771,00:29:31,Microdebrider,3,0.930856,"[0.564294, 0.560732, 0.113879, 0.202694]",53146
1772,00:29:32,Microdebrider,3,0.929843,"[0.564061, 0.561193, 0.114359, 0.202195]",53160
1773,00:29:33,Microdebrider,3,0.929834,"[0.564406, 0.561163, 0.112496, 0.201091]",53190
1774,00:29:34,Microdebrider,3,0.928899,"[0.564852, 0.562003, 0.111926, 0.201132]",53220
1775,00:29:35,Microdebrider,3,0.929153,"[0.56421, 0.562315, 0.112387, 0.201143]",53265
1776,00:29:36,Microdebrider,3,0.927739,"[0.564211, 0.563244, 0.111457, 0.198437]",53295
1777,00:29:37,Microdebrider,3,0.929205,"[0.56379, 0.562514, 0.112755, 0.200444]",53323
1778,00:29:38,Microdebrider,3,0.928384,"[0.564295, 0.562779, 0.111462, 0.200429]",53361
1779,00:29:39,Microdebrider,3,0.939293,"[0.56196, 0.546127, 0.1139, 0.222912]",53389
1780,00:29:40,Microdebrider,3,0.935836,"[0.563729, 0.55033, 0.109138, 0.215741]",53429
1781,00:29:41,Microdebrider,3,0.935336,"[0.563893, 0.550683, 0.109587, 0.215744]",53430
1782,00:29:42,Microdebrider,3,0.933257,"[0.564226, 0.553408, 0.10877, 0.209791]",53461
1783,00:29:43,Microdebrider,3,0.930689,"[0.56375, 0.554034, 0.109151, 0.210279]",53519
1784,00:29:44,Microdebrider,3,0.9392,"[0.564701, 0.548709, 0.106938, 0.219003]",53523
1785,00:29:45,Microdebrider,3,0.936038,"[0.56596, 0.547188, 0.104774, 0.22583]",53577
1786,00:29:46,Microdebrider,3,0.936727,"[0.566187, 0.547494, 0.107395, 0.227497]",53607
1787,00:29:47,Microdebrider,3,0.934345,"[0.566072, 0.543832, 0.106133, 0.234026]",53610
1788,00:29:48,Microdebrider,3,0.936008,"[0.56565, 0.545242, 0.104359, 0.22767]",53655
1789,00:29:49,Microdebrider,3,0.933859,"[0.564443, 0.543921, 0.110092, 0.230105]",53683
1790,00:29:50,Microdebrider,3,0.935343,"[0.565296, 0.537497, 0.107103, 0.236514]",53725
1791,00:29:51,Microdebrider,3,0.937,"[0.565114, 0.525835, 0.109488, 0.259646]",53759
1792,00:29:52,Microdebrider,3,0.933264,"[0.562979, 0.517474, 0.116732, 0.272172]",53760
1795,00:29:55,Frazier,1,0.87936,"[0.5447, 0.575382, 0.146853, 0.154592]",53873
1796,00:29:56,Frazier,1,0.953363,"[0.591425, 0.563809, 0.0606438, 0.18288]",53906
1797,00:29:57,Frazier,1,0.94575,"[0.591211, 0.563011, 0.0612007, 0.183368]",53910
1798,00:29:58,Frazier,1,0.958786,"[0.579037, 0.575007, 0.0852594, 0.151843]",53961
1799,00:29:59,Frazier,1,0.952367,"[0.577335, 0.581659, 0.0865475, 0.141536]",53988
1800,00:30:00,Frazier,1,0.951732,"[0.577287, 0.570273, 0.0863331, 0.159998]",54020
1801,00:30:01,Frazier,1,0.948566,"[0.580729, 0.582268, 0.0834802, 0.139303]",54055
1802,00:30:02,Frazier,1,0.951871,"[0.583553, 0.587861, 0.0780328, 0.128779]",54089
1803,00:30:03,Frazier,1,0.957227,"[0.578976, 0.576027, 0.0840851, 0.151192]",54119
1804,00:30:04,Frazier,1,0.959741,"[0.579896, 0.575346, 0.082876, 0.153381]",54123
1805,00:30:05,Frazier,1,0.970183,"[0.577611, 0.57328, 0.0864554, 0.157658]",54172
1806,00:30:06,Frazier,1,0.959055,"[0.578779, 0.582848, 0.0868014, 0.142496]",54186
1807,00:30:07,Frazier,1,0.95108,"[0.577771, 0.583909, 0.0876689, 0.139617]",54218
1808,00:30:08,Frazier,1,0.962862,"[0.576373, 0.575153, 0.0886871, 0.156613]",54245
1809,00:30:09,Frazier,1,0.951407,"[0.575307, 0.586208, 0.0889628, 0.138059]",54277
1810,00:30:10,Frazier,1,0.942371,"[0.574422, 0.57797, 0.0906296, 0.149035]",54329
1811,00:30:11,Frazier,1,0.951984,"[0.569177, 0.585094, 0.100565, 0.138761]",54347
1812,00:30:12,Frazier,1,0.96018,"[0.578668, 0.569502, 0.0849728, 0.160163]",54373
1813,00:30:13,Frazier,1,0.956582,"[0.587016, 0.593507, 0.0739864, 0.119818]",54391
1814,00:30:14,Frazier,1,0.950654,"[0.575696, 0.583662, 0.089517, 0.135886]",54424
1815,00:30:15,Frazier,1,0.931036,"[0.574927, 0.594043, 0.0935101, 0.12574]",54456
1816,00:30:16,Frazier,1,0.925554,"[0.574466, 0.59678, 0.0932105, 0.119591]",54507
1817,00:30:17,Frazier,1,0.924251,"[0.57404, 0.59661, 0.0938114, 0.120008]",54511
1818,00:30:18,Frazier,1,0.92683,"[0.574443, 0.60117, 0.0915207, 0.115033]",54567
1819,00:30:19,Frazier,1,0.93381,"[0.574489, 0.593656, 0.0928057, 0.127153]",54598
1820,00:30:20,Frazier,1,0.94103,"[0.57659, 0.593888, 0.0907053, 0.126313]",54616
1829,00:30:29,Freer,4,0.941434,"[0.59328, 0.566595, 0.0566642, 0.187737]",54893
1830,00:30:30,Freer,4,0.928708,"[0.590314, 0.572177, 0.0631493, 0.175435]",54901
1831,00:30:31,Freer,4,0.761138,"[0.602039, 0.581442, 0.0438759, 0.16003]",54958
1832,00:30:32,Freer,4,0.835997,"[0.599542, 0.581161, 0.0515899, 0.158373]",54973
1833,00:30:33,Freer,4,0.958452,"[0.594168, 0.591187, 0.0530586, 0.143196]",55004
1834,00:30:34,Freer,4,0.937286,"[0.598491, 0.576429, 0.0495638, 0.17095]",55045
1835,00:30:35,Freer,4,0.951875,"[0.590496, 0.5785, 0.0593437, 0.167909]",55063
1836,00:30:36,Freer,4,0.941236,"[0.595784, 0.573729, 0.0526075, 0.178862]",55093
1837,00:30:37,Freer,4,0.913309,"[0.59325, 0.569187, 0.054465, 0.18621]",55134
1838,00:30:38,Freer,4,0.940123,"[0.586727, 0.574079, 0.066629, 0.174705]",55164
1839,00:30:39,Freer,4,0.94662,"[0.593989, 0.589601, 0.0514343, 0.143902]",55171
1840,00:30:40,Freer,4,0.944875,"[0.5882, 0.573658, 0.0663479, 0.170957]",55206
1850,00:30:50,Forceps,2,0.908774,"[0.564367, 0.561064, 0.105328, 0.176387]",55527
1851,00:30:51,Forceps,2,0.953347,"[0.588466, 0.585623, 0.0686292, 0.136664]",55555
1852,00:30:52,Forceps,2,0.940674,"[0.580986, 0.575257, 0.0791802, 0.157892]",55565
1853,00:30:53,Forceps,2,0.925351,"[0.576908, 0.573592, 0.0896719, 0.158126]",55591
1854,00:30:54,Forceps,2,0.925278,"[0.560181, 0.592786, 0.113856, 0.119508]",55641
1855,00:30:55,Forceps,2,0.918282,"[0.565668, 0.588888, 0.106826, 0.127786]",55652
1856,00:30:56,Forceps,2,0.917482,"[0.562484, 0.588667, 0.113168, 0.125734]",55681
1857,00:30:57,Forceps,2,0.919844,"[0.575291, 0.582, 0.0912712, 0.139474]",55734
1858,00:30:58,Forceps,2,0.933897,"[0.588456, 0.585059, 0.069718, 0.13786]",55743
1859,00:30:59,Forceps,2,0.7881,"[0.598053, 0.567492, 0.0426827, 0.175347]",55770
1864,00:31:04,Frazier,1,0.854935,"[0.502434, 0.449468, 0.0923682, 0.198439]",55944
1865,00:31:05,Frazier,1,0.888816,"[0.543952, 0.579922, 0.147214, 0.141964]",55974
1866,00:31:06,Frazier,1,0.967141,"[0.576727, 0.560171, 0.0887557, 0.181159]",55997
1867,00:31:07,Frazier,1,0.967407,"[0.579333, 0.570996, 0.0864882, 0.161412]",56016
1868,00:31:08,Frazier,1,0.954245,"[0.576673, 0.580745, 0.0889574, 0.145391]",56048
1869,00:31:09,Frazier,1,0.948287,"[0.573264, 0.589841, 0.0936993, 0.134802]",56088
1870,00:31:10,Frazier,1,0.955331,"[0.569273, 0.587557, 0.0989759, 0.136728]",56109
1871,00:31:11,Frazier,1,0.947976,"[0.56439, 0.591143, 0.108042, 0.128468]",56152
1872,00:31:12,Frazier,1,0.951576,"[0.576715, 0.586923, 0.0894937, 0.138423]",56188
1873,00:31:13,Frazier,1,0.953489,"[0.576587, 0.580963, 0.0886265, 0.145425]",56194
1874,00:31:14,Frazier,1,0.953721,"[0.572244, 0.588341, 0.0945293, 0.137616]",56242
1875,00:31:15,Frazier,1,0.953197,"[0.572078, 0.595201, 0.0924463, 0.125051]",56253
1876,00:31:16,Frazier,1,0.950315,"[0.571354, 0.588928, 0.0915434, 0.134132]",56297
1877,00:31:17,Frazier,1,0.95812,"[0.577047, 0.571014, 0.0873567, 0.161067]",56324
1878,00:31:18,Frazier,1,0.881806,"[0.55276, 0.573294, 0.119598, 0.139109]",56355
1879,00:31:19,Frazier,1,0.921271,"[0.544182, 0.576697, 0.13698, 0.137644]",56381
1880,00:31:20,Frazier,1,0.900773,"[0.515316, 0.506532, 0.123836, 0.150492]",56413
1883,00:31:23,Forceps,2,0.889992,"[0.536053, 0.553345, 0.0828026, 0.195079]",56516
1884,00:31:24,Forceps,2,0.919105,"[0.582709, 0.536479, 0.0805422, 0.238536]",56549
1885,00:31:25,Forceps,2,0.916675,"[0.585116, 0.537637, 0.0774412, 0.234728]",56551
1886,00:31:26,Forceps,2,0.928043,"[0.584418, 0.547817, 0.0776234, 0.208426]",56605
1887,00:31:27,Forceps,2,0.920511,"[0.585854, 0.54745, 0.0757014, 0.217029]",56622
1888,00:31:28,Forceps,2,0.921126,"[0.581898, 0.546845, 0.0837137, 0.215116]",56661
1889,00:31:29,Forceps,2,0.923663,"[0.580521, 0.54961, 0.0853631, 0.211222]",56677
1890,00:31:30,Forceps,2,0.919067,"[0.590317, 0.555244, 0.0674445, 0.207291]",56729
1891,00:31:31,Forceps,2,0.942054,"[0.593758, 0.555543, 0.0574264, 0.204474]",56735
1892,00:31:32,Forceps,2,0.876174,"[0.584478, 0.518381, 0.0800976, 0.274399]",56772
1893,00:31:33,Forceps,2,0.879083,"[0.572241, 0.540946, 0.102119, 0.208604]",56819
1894,00:31:34,Forceps,2,0.948914,"[0.585763, 0.56261, 0.076421, 0.189185]",56848
1895,00:31:35,Forceps,2,0.941999,"[0.584752, 0.561766, 0.0783599, 0.191391]",56850
1896,00:31:36,Forceps,2,0.925724,"[0.580977, 0.558626, 0.0890563, 0.191075]",56905
1897,00:31:37,Forceps,2,0.936499,"[0.587814, 0.568902, 0.0687464, 0.174902]",56939
1898,00:31:38,Forceps,2,0.945525,"[0.590146, 0.569127, 0.0648687, 0.179336]",56946
1899,00:31:39,Forceps,2,0.904201,"[0.579756, 0.536822, 0.0825035, 0.23328]",56970
1905,00:31:45,Microdebrider,3,0.812171,"[0.519813, 0.52236, 0.203138, 0.145186]",57175
1906,00:31:46,Microdebrider,3,0.911638,"[0.539014, 0.565392, 0.173618, 0.169528]",57203
1907,00:31:47,Microdebrider,3,0.934802,"[0.557016, 0.541381, 0.122749, 0.226569]",57228
1908,00:31:48,Microdebrider,3,0.939159,"[0.565201, 0.541308, 0.103391, 0.230207]",57256
1909,00:31:49,Microdebrider,3,0.932535,"[0.565562, 0.545356, 0.103163, 0.222441]",57270
1910,00:31:50,Microdebrider,3,0.941299,"[0.563747, 0.540347, 0.107733, 0.232719]",57310
1911,00:31:51,Microdebrider,3,0.929842,"[0.564732, 0.541353, 0.106512, 0.232506]",57337
1912,00:31:52,Microdebrider,3,0.938228,"[0.559432, 0.536102, 0.122339, 0.240514]",57385
1918,00:31:58,Frazier,1,0.919621,"[0.55251, 0.581426, 0.131468, 0.138364]",57569
1919,00:31:59,Frazier,1,0.963476,"[0.575832, 0.581661, 0.0898298, 0.142102]",57584
1920,00:32:00,Frazier,1,0.956444,"[0.577286, 0.59345, 0.0874195, 0.126237]",57629
1921,00:32:01,Frazier,1,0.964221,"[0.576197, 0.581208, 0.0882478, 0.146496]",57646
1922,00:32:02,Frazier,1,0.967193,"[0.577223, 0.57408, 0.0867303, 0.161821]",57668
1923,00:32:03,Frazier,1,0.96753,"[0.577269, 0.573189, 0.0870916, 0.161395]",57699
1924,00:32:04,Frazier,1,0.958137,"[0.579347, 0.584187, 0.0843857, 0.143588]",57740
1925,00:32:05,Frazier,1,0.948551,"[0.584777, 0.574642, 0.073549, 0.159912]",57755
1926,00:32:06,Frazier,1,0.956833,"[0.576908, 0.582975, 0.088024, 0.142933]",57784
1927,00:32:07,Frazier,1,0.951039,"[0.580061, 0.58557, 0.0826189, 0.140901]",57818
1928,00:32:08,Frazier,1,0.952228,"[0.585969, 0.574223, 0.0723011, 0.160702]",57860
1929,00:32:09,Frazier,1,0.952769,"[0.592777, 0.570311, 0.0634249, 0.170671]",57872
1930,00:32:10,Frazier,1,0.948736,"[0.584812, 0.578912, 0.0747504, 0.153426]",57916
1931,00:32:11,Frazier,1,0.959844,"[0.580476, 0.575796, 0.0830646, 0.157607]",57930
1932,00:32:12,Frazier,1,0.955145,"[0.585902, 0.575104, 0.073189, 0.160581]",57976
1933,00:32:13,Frazier,1,0.963667,"[0.579679, 0.574151, 0.0839563, 0.160855]",58000
1934,00:32:14,Frazier,1,0.793696,"[0.555624, 0.537552, 0.111217, 0.206015]",58020
1943,00:32:23,Freer,4,0.937147,"[0.58971, 0.55826, 0.0628863, 0.199136]",58303
1944,00:32:24,Freer,4,0.94195,"[0.601519, 0.565047, 0.0480434, 0.189729]",58332
1945,00:32:25,Freer,4,0.963595,"[0.592079, 0.567013, 0.0583724, 0.183794]",58355
1946,00:32:26,Freer,4,0.948843,"[0.59207, 0.567091, 0.0590876, 0.182353]",58409
1947,00:32:27,Freer,4,0.953135,"[0.590026, 0.571186, 0.0620647, 0.174415]",58412
1949,00:32:29,Frazier,1,0.920428,"[0.558928, 0.583698, 0.120454, 0.144789]",58498
1950,00:32:30,Frazier,1,0.963075,"[0.578297, 0.583604, 0.0863853, 0.139306]",58515
1951,00:32:31,Frazier,1,0.951777,"[0.576716, 0.579856, 0.0873896, 0.149397]",58559
1952,00:32:32,Frazier,1,0.956327,"[0.575903, 0.58588, 0.0884006, 0.13818]",58564
1953,00:32:33,Frazier,1,0.949153,"[0.580106, 0.584361, 0.0842176, 0.142072]",58593
1954,00:32:34,Frazier,1,0.956147,"[0.585814, 0.57708, 0.0692759, 0.155577]",58622
1955,00:32:35,Frazier,1,0.959111,"[0.575889, 0.583207, 0.0879258, 0.145674]",58650
1956,00:32:36,Frazier,1,0.945662,"[0.56921, 0.596634, 0.0928473, 0.120522]",58700
1957,00:32:37,Frazier,1,0.954631,"[0.577903, 0.58688, 0.0852562, 0.141096]",58718
1966,00:32:46,Forceps,2,0.881751,"[0.577663, 0.573321, 0.0778203, 0.163093]",59006
1967,00:32:47,Forceps,2,0.931928,"[0.584003, 0.57942, 0.0694955, 0.154401]",59028
1968,00:32:48,Forceps,2,0.912613,"[0.580118, 0.57498, 0.0755854, 0.160753]",59060
1969,00:32:49,Forceps,2,0.918111,"[0.583966, 0.579399, 0.0724571, 0.153168]",59093
1970,00:32:50,Forceps,2,0.921125,"[0.583034, 0.58403, 0.0730953, 0.143056]",59102
1971,00:32:51,Forceps,2,0.902441,"[0.58115, 0.575731, 0.0762899, 0.158587]",59132
1973,00:32:53,Frazier,1,0.946713,"[0.557831, 0.587413, 0.121319, 0.13535]",59209
1974,00:32:54,Frazier,1,0.960313,"[0.575865, 0.584257, 0.0897177, 0.142144]",59231
1975,00:32:55,Frazier,1,0.960147,"[0.576262, 0.587557, 0.0887967, 0.135582]",59268
1976,00:32:56,Frazier,1,0.958998,"[0.579514, 0.586076, 0.0850499, 0.142675]",59288
1977,00:32:57,Frazier,1,0.956917,"[0.579445, 0.588623, 0.0847593, 0.138094]",59332
1978,00:32:58,Frazier,1,0.967084,"[0.578354, 0.585672, 0.0862322, 0.142592]",59366
1979,00:32:59,Frazier,1,0.956729,"[0.579425, 0.586064, 0.0833317, 0.141096]",59382
1980,00:33:00,Frazier,1,0.945871,"[0.570716, 0.582785, 0.0949486, 0.145799]",59429
1981,00:33:01,Frazier,1,0.962179,"[0.576357, 0.583019, 0.0880861, 0.144506]",59444
1982,00:33:02,Frazier,1,0.938275,"[0.573154, 0.594342, 0.0911117, 0.126512]",59480
1983,00:33:03,Frazier,1,0.947176,"[0.575397, 0.592044, 0.0879205, 0.132214]",59519
1984,00:33:04,Frazier,1,0.944817,"[0.57531, 0.592525, 0.08824, 0.131094]",59520
1985,00:33:05,Frazier,1,0.938645,"[0.57353, 0.583855, 0.0918867, 0.141964]",59579
1986,00:33:06,Frazier,1,0.945636,"[0.573176, 0.588736, 0.0916544, 0.135862]",59584
1987,00:33:07,Frazier,1,0.896574,"[0.563498, 0.603728, 0.106726, 0.109402]",59637
1988,00:33:08,Frazier,1,0.923589,"[0.567054, 0.606772, 0.100345, 0.107013]",59656
1989,00:33:09,Frazier,1,0.896407,"[0.563969, 0.613601, 0.105839, 0.0924461]",59670
1990,00:33:10,Frazier,1,0.892722,"[0.562127, 0.619374, 0.109567, 0.084911]",59729
1991,00:33:11,Frazier,1,0.922712,"[0.564865, 0.606984, 0.103142, 0.104247]",59756
1992,00:33:12,Frazier,1,0.922574,"[0.565566, 0.607856, 0.103703, 0.103408]",59785
1993,00:33:13,Frazier,1,0.932491,"[0.566129, 0.606582, 0.100532, 0.104588]",59813
1994,00:33:14,Frazier,1,0.942192,"[0.568543, 0.59606, 0.0972164, 0.122179]",59849
1995,00:33:15,Frazier,1,0.943474,"[0.568372, 0.596539, 0.0975902, 0.121131]",59850
1996,00:33:16,Frazier,1,0.942819,"[0.570285, 0.598418, 0.0937995, 0.118064]",59882
1997,00:33:17,Frazier,1,0.935637,"[0.570983, 0.593956, 0.0949843, 0.129029]",59939
1998,00:33:18,Frazier,1,0.941936,"[0.572937, 0.595152, 0.0917948, 0.125627]",59945
1999,00:33:19,Frazier,1,0.906683,"[0.565401, 0.616147, 0.102459, 0.0904007]",59999
2000,00:33:20,Frazier,1,0.924025,"[0.564221, 0.605193, 0.105023, 0.106174]",60018
2001,00:33:21,Frazier,1,0.918324,"[0.562386, 0.610054, 0.108515, 0.0995078]",60058
2002,00:33:22,Frazier,1,0.934022,"[0.56569, 0.606152, 0.101558, 0.103758]",60089
2003,00:33:23,Frazier,1,0.93832,"[0.564357, 0.607082, 0.104638, 0.101937]",60091
2004,00:33:24,Frazier,1,0.910544,"[0.560099, 0.618003, 0.111832, 0.0837114]",60123
2005,00:33:25,Frazier,1,0.936076,"[0.567974, 0.594796, 0.0978596, 0.124797]",60179
2006,00:33:26,Frazier,1,0.949628,"[0.569515, 0.587582, 0.0974926, 0.139162]",60206
2007,00:33:27,Frazier,1,0.959412,"[0.579705, 0.58461, 0.0844748, 0.143384]",60234
2008,00:33:28,Frazier,1,0.960396,"[0.576044, 0.58338, 0.0909172, 0.145588]",60245
2009,00:33:29,Frazier,1,0.964406,"[0.576666, 0.584696, 0.0880795, 0.142869]",60281
2020,00:33:40,Microdebrider,3,0.853996,"[0.518022, 0.56302, 0.191961, 0.170575]",60627
2021,00:33:41,Microdebrider,3,0.92823,"[0.542016, 0.527007, 0.148276, 0.262218]",60656
2022,00:33:42,Microdebrider,3,0.940627,"[0.551492, 0.537198, 0.131126, 0.240661]",60674
2023,00:33:43,Microdebrider,3,0.93028,"[0.553631, 0.545261, 0.130078, 0.228684]",60715
2024,00:33:44,Microdebrider,3,0.93594,"[0.553893, 0.544803, 0.128892, 0.23044]",60736
2025,00:33:45,Microdebrider,3,0.933364,"[0.554379, 0.549329, 0.127762, 0.219376]",60767
2026,00:33:46,Microdebrider,3,0.931999,"[0.54849, 0.55435, 0.141279, 0.207423]",60783
2027,00:33:47,Microdebrider,3,0.930561,"[0.548611, 0.55492, 0.138671, 0.204914]",60810
2028,00:33:48,Microdebrider,3,0.934958,"[0.553003, 0.539304, 0.128526, 0.238834]",60864
2029,00:33:49,Microdebrider,3,0.9359,"[0.55433, 0.537854, 0.125739, 0.240149]",60881
2030,00:33:50,Microdebrider,3,0.938555,"[0.551793, 0.539491, 0.131034, 0.238262]",60916
2031,00:33:51,Microdebrider,3,0.939426,"[0.556426, 0.537559, 0.11952, 0.24079]",60952
2032,00:33:52,Microdebrider,3,0.93685,"[0.555162, 0.538693, 0.121306, 0.239654]",60960
2033,00:33:53,Microdebrider,3,0.930672,"[0.564524, 0.532283, 0.106168, 0.249549]",61019
2034,00:33:54,Microdebrider,3,0.937279,"[0.553908, 0.538069, 0.126601, 0.242568]",61027
2035,00:33:55,Microdebrider,3,0.931088,"[0.558588, 0.539744, 0.11852, 0.237311]",61065
2036,00:33:56,Microdebrider,3,0.936527,"[0.55451, 0.542921, 0.126925, 0.232509]",61090
2037,00:33:57,Microdebrider,3,0.93547,"[0.553661, 0.537548, 0.128856, 0.240259]",61139
2038,00:33:58,Microdebrider,3,0.947267,"[0.56269, 0.52909, 0.110753, 0.257234]",61155
2039,00:33:59,Microdebrider,3,0.943578,"[0.563812, 0.527541, 0.10816, 0.26057]",61180
2045,00:34:05,Frazier,1,0.964364,"[0.57748, 0.571455, 0.0865803, 0.166578]",61377
2046,00:34:06,Frazier,1,0.966266,"[0.576073, 0.572417, 0.0893257, 0.164293]",61381
2047,00:34:07,Frazier,1,0.955896,"[0.576062, 0.591868, 0.0895753, 0.133028]",61414
2048,00:34:08,Frazier,1,0.946027,"[0.571619, 0.583346, 0.0958899, 0.145114]",61468
2049,00:34:09,Frazier,1,0.94975,"[0.584467, 0.581697, 0.0777704, 0.146912]",61498
2050,00:34:10,Frazier,1,0.966052,"[0.576288, 0.581354, 0.0889234, 0.14989]",61526
2051,00:34:11,Frazier,1,0.958936,"[0.576622, 0.58324, 0.0882805, 0.146382]",61530
2052,00:34:12,Frazier,1,0.949714,"[0.576246, 0.59484, 0.0893019, 0.12701]",61589
2053,00:34:13,Frazier,1,0.951102,"[0.575796, 0.587962, 0.0913482, 0.137968]",61613
2054,00:34:14,Frazier,1,0.756304,"[0.554222, 0.550691, 0.112537, 0.19473]",61620
2062,00:34:22,Frazier,1,0.95697,"[0.575789, 0.574303, 0.0884367, 0.160088]",61885
2063,00:34:23,Frazier,1,0.955539,"[0.577686, 0.581654, 0.0865264, 0.145225]",61892
2064,00:34:24,Frazier,1,0.955835,"[0.574075, 0.583798, 0.0903502, 0.142949]",61934
2065,00:34:25,Frazier,1,0.962272,"[0.575711, 0.582988, 0.089997, 0.145402]",61967
2066,00:34:26,Frazier,1,0.954538,"[0.57807, 0.588677, 0.0861607, 0.138071]",61985
2070,00:34:30,Freer,4,0.882314,"[0.577763, 0.546566, 0.0891887, 0.226358]",62129
2071,00:34:31,Freer,4,0.931194,"[0.592559, 0.571329, 0.0588117, 0.172791]",62140
2072,00:34:32,Freer,4,0.898029,"[0.595052, 0.569622, 0.0573968, 0.181364]",62162
2073,00:34:33,Freer,4,0.95626,"[0.592743, 0.570404, 0.0598601, 0.184234]",62208
2074,00:34:34,Freer,4,0.975668,"[0.593268, 0.567214, 0.0546719, 0.189573]",62247
2075,00:34:35,Freer,4,0.966366,"[0.594502, 0.565967, 0.0530109, 0.192657]",62250
2076,00:34:36,Freer,4,0.967837,"[0.592179, 0.560638, 0.0557051, 0.201553]",62306
2077,00:34:37,Freer,4,0.971063,"[0.592878, 0.568964, 0.0553597, 0.183613]",62335
2078,00:34:38,Freer,4,0.964661,"[0.592945, 0.569535, 0.0544549, 0.183345]",62340
2079,00:34:39,Freer,4,0.966162,"[0.589944, 0.575917, 0.0610467, 0.169372]",62387
2080,00:34:40,Freer,4,0.972082,"[0.59196, 0.569804, 0.0557659, 0.18573]",62403
2081,00:34:41,Freer,4,0.959903,"[0.589326, 0.557304, 0.0611888, 0.201369]",62447
2082,00:34:42,Freer,4,0.963032,"[0.589672, 0.558778, 0.061674, 0.200608]",62468
2083,00:34:43,Freer,4,0.96768,"[0.591984, 0.565129, 0.0559311, 0.193615]",62503
2084,00:34:44,Freer,4,0.97507,"[0.592015, 0.568949, 0.0559372, 0.185872]",62530
2085,00:34:45,Freer,4,0.968389,"[0.594071, 0.559193, 0.0513708, 0.205677]",62550
2086,00:34:46,Freer,4,0.972032,"[0.593965, 0.558957, 0.0513039, 0.207523]",62582
2088,00:34:48,Frazier,1,0.860489,"[0.545563, 0.581268, 0.148831, 0.134717]",62655
2089,00:34:49,Frazier,1,0.964369,"[0.576894, 0.573623, 0.0871043, 0.163867]",62681
2090,00:34:50,Frazier,1,0.967404,"[0.577628, 0.575247, 0.0860115, 0.161532]",62716
2091,00:34:51,Frazier,1,0.960254,"[0.576139, 0.589038, 0.0873218, 0.137054]",62730
2092,00:34:52,Frazier,1,0.955876,"[0.575563, 0.586771, 0.0896473, 0.139678]",62770
2093,00:34:53,Frazier,1,0.963314,"[0.575381, 0.582725, 0.088497, 0.14633]",62809
2094,00:34:54,Frazier,1,0.954793,"[0.575908, 0.589706, 0.0884624, 0.133813]",62822
2095,00:34:55,Frazier,1,0.952267,"[0.575793, 0.589185, 0.0869816, 0.136358]",62874
2096,00:34:56,Frazier,1,0.955919,"[0.576322, 0.589329, 0.0876614, 0.13587]",62880
2098,00:34:58,Microdebrider,3,0.865516,"[0.518139, 0.509418, 0.199343, 0.154239]",62955
2099,00:34:59,Microdebrider,3,0.908695,"[0.540613, 0.545152, 0.165852, 0.222943]",62997
2100,00:35:00,Microdebrider,3,0.942592,"[0.55421, 0.538519, 0.12863, 0.23968]",63018
2101,00:35:01,Microdebrider,3,0.937078,"[0.559578, 0.535245, 0.116797, 0.24624]",63030
2102,00:35:02,Microdebrider,3,0.92738,"[0.559463, 0.540893, 0.116014, 0.237961]",63080
2103,00:35:03,Microdebrider,3,0.926717,"[0.56357, 0.538844, 0.107574, 0.243056]",63115
2104,00:35:04,Microdebrider,3,0.936624,"[0.559454, 0.535172, 0.117011, 0.246714]",63146
2105,00:35:05,Microdebrider,3,0.934635,"[0.557631, 0.535556, 0.120487, 0.247016]",63150
2106,00:35:06,Microdebrider,3,0.935181,"[0.557689, 0.546772, 0.119904, 0.228576]",63193
2107,00:35:07,Microdebrider,3,0.934102,"[0.562033, 0.540308, 0.110493, 0.24185]",63212
2108,00:35:08,Microdebrider,3,0.933147,"[0.562191, 0.542187, 0.108712, 0.237298]",63240
2109,00:35:09,Microdebrider,3,0.93038,"[0.555157, 0.548062, 0.124376, 0.224999]",63293
2110,00:35:10,Microdebrider,3,0.930178,"[0.553493, 0.544419, 0.128688, 0.230879]",63304
2111,00:35:11,Microdebrider,3,0.93155,"[0.553252, 0.554656, 0.127287, 0.211442]",63345
2114,00:35:14,Frazier,1,0.950279,"[0.570097, 0.586174, 0.0988117, 0.14406]",63446
2115,00:35:15,Frazier,1,0.952442,"[0.573894, 0.584159, 0.0918543, 0.144069]",63461
2116,00:35:16,Frazier,1,0.964439,"[0.578418, 0.585295, 0.0845112, 0.14556]",63502
2117,00:35:17,Frazier,1,0.962132,"[0.576781, 0.584836, 0.086743, 0.144999]",63531
2118,00:35:18,Frazier,1,0.955925,"[0.579987, 0.58592, 0.0825317, 0.142783]",63542
2119,00:35:19,Frazier,1,0.940127,"[0.570862, 0.583162, 0.0951913, 0.143626]",63579
2122,00:35:22,Freer,4,0.915121,"[0.590904, 0.569512, 0.0612667, 0.178291]",63687
2123,00:35:23,Freer,4,0.922683,"[0.590622, 0.570866, 0.0629665, 0.17914]",63696
2124,00:35:24,Freer,4,0.950472,"[0.58972, 0.573012, 0.0612366, 0.175063]",63737
2125,00:35:25,Freer,4,0.95097,"[0.586867, 0.583448, 0.0682384, 0.14874]",63779
2126,00:35:26,Freer,4,0.947205,"[0.587311, 0.585039, 0.0663462, 0.148004]",63780
2139,00:35:39,Forceps,2,0.924977,"[0.564113, 0.564886, 0.114326, 0.175255]",64193
2140,00:35:40,Forceps,2,0.9381,"[0.583212, 0.574695, 0.0727628, 0.161713]",64215
2141,00:35:41,Forceps,2,0.962042,"[0.583484, 0.573469, 0.0702034, 0.167177]",64236
2142,00:35:42,Forceps,2,0.955084,"[0.583985, 0.576414, 0.0740326, 0.159343]",64273
2143,00:35:43,Forceps,2,0.962214,"[0.584487, 0.573454, 0.0727797, 0.164382]",64318
2144,00:35:44,Forceps,2,0.952975,"[0.583282, 0.575652, 0.074563, 0.159481]",64326
2146,00:35:46,Frazier,1,0.942659,"[0.567738, 0.575178, 0.100752, 0.156059]",64408
2147,00:35:47,Frazier,1,0.956344,"[0.577309, 0.582073, 0.0845577, 0.145102]",64415
2148,00:35:48,Frazier,1,0.956639,"[0.577904, 0.580961, 0.0862019, 0.149173]",64452
2149,00:35:49,Frazier,1,0.950914,"[0.571779, 0.587411, 0.0945982, 0.137856]",64473
2150,00:35:50,Frazier,1,0.954097,"[0.573702, 0.583444, 0.0910495, 0.142376]",64523
2151,00:35:51,Frazier,1,0.956282,"[0.575375, 0.594819, 0.0872072, 0.125027]",64544
2152,00:35:52,Frazier,1,0.950219,"[0.575947, 0.588737, 0.0906044, 0.134193]",64566
2153,00:35:53,Frazier,1,0.952662,"[0.576528, 0.589963, 0.0884886, 0.132058]",64619
2154,00:35:54,Frazier,1,0.959056,"[0.577849, 0.589902, 0.0871902, 0.133289]",64621
2155,00:35:55,Frazier,1,0.953127,"[0.576589, 0.582894, 0.0885507, 0.144344]",64679
2156,00:35:56,Frazier,1,0.954694,"[0.57624, 0.582606, 0.0890445, 0.144228]",64680
2157,00:35:57,Frazier,1,0.949882,"[0.572402, 0.583188, 0.0928017, 0.144216]",64717
2165,00:36:05,Frazier,1,0.902921,"[0.54546, 0.580227, 0.148429, 0.131294]",64978
2166,00:36:06,Frazier,1,0.963738,"[0.587065, 0.559865, 0.0741938, 0.187899]",65008
2167,00:36:07,Frazier,1,0.969181,"[0.587274, 0.564111, 0.0726572, 0.178294]",65019
2168,00:36:08,Frazier,1,0.965813,"[0.578269, 0.57626, 0.0855498, 0.156457]",65067
2169,00:36:09,Frazier,1,0.961717,"[0.577224, 0.587648, 0.0881863, 0.137907]",65085
2170,00:36:10,Frazier,1,0.962959,"[0.579613, 0.58644, 0.083843, 0.141463]",65107
2171,00:36:11,Frazier,1,0.965371,"[0.576663, 0.583253, 0.0883699, 0.148271]",65130
2172,00:36:12,Frazier,1,0.968866,"[0.577497, 0.582781, 0.0864822, 0.149011]",65174
2173,00:36:13,Frazier,1,0.963883,"[0.576097, 0.583219, 0.0893612, 0.146825]",65207
2174,00:36:14,Frazier,1,0.960925,"[0.576846, 0.58732, 0.0883581, 0.141454]",65231
2175,00:36:15,Frazier,1,0.967748,"[0.578238, 0.583163, 0.0852032, 0.148604]",65261
2176,00:36:16,Frazier,1,0.953489,"[0.577034, 0.590397, 0.0886265, 0.134023]",65281
2177,00:36:17,Frazier,1,0.944999,"[0.573511, 0.593025, 0.0939865, 0.128349]",65310
2178,00:36:18,Frazier,1,0.955673,"[0.577809, 0.588587, 0.0871072, 0.138301]",65346
2179,00:36:19,Frazier,1,0.95528,"[0.586518, 0.560698, 0.0674343, 0.182938]",65387
2180,00:36:20,Frazier,1,0.932695,"[0.595969, 0.562238, 0.0538228, 0.184268]",65400
2181,00:36:21,Frazier,1,0.93758,"[0.603356, 0.563463, 0.0531456, 0.183159]",65434
2182,00:36:22,Frazier,1,0.964529,"[0.587215, 0.575817, 0.0698549, 0.155696]",65485
2183,00:36:23,Frazier,1,0.960359,"[0.587266, 0.582738, 0.0718004, 0.145653]",65508
2184,00:36:24,Frazier,1,0.953744,"[0.576396, 0.570364, 0.0882005, 0.166345]",65541
2213,00:36:53,Frazier,1,0.926681,"[0.557247, 0.577427, 0.120609, 0.150691]",66418
2214,00:36:54,Frazier,1,0.960785,"[0.576564, 0.570895, 0.0872744, 0.164215]",66432
2215,00:36:55,Frazier,1,0.962714,"[0.57627, 0.583011, 0.0861376, 0.143934]",66464
2216,00:36:56,Frazier,1,0.95885,"[0.576572, 0.592658, 0.0863129, 0.125908]",66488
2217,00:36:57,Frazier,1,0.955881,"[0.576515, 0.587814, 0.0866962, 0.134003]",66528
2218,00:36:58,Frazier,1,0.962322,"[0.578564, 0.585597, 0.0851596, 0.142059]",66558
2219,00:36:59,Frazier,1,0.95884,"[0.576359, 0.581932, 0.0872981, 0.145003]",66575
2220,00:37:00,Frazier,1,0.959032,"[0.577375, 0.582013, 0.0853416, 0.145872]",66603
2222,00:37:02,Forceps,2,0.83085,"[0.583125, 0.568109, 0.0732014, 0.17386]",66678
2223,00:37:03,Forceps,2,0.857362,"[0.584006, 0.574693, 0.0704786, 0.157464]",66700
2224,00:37:04,Forceps,2,0.867463,"[0.582645, 0.567167, 0.0740416, 0.173426]",66748
2225,00:37:05,Forceps,2,0.857009,"[0.585707, 0.57422, 0.0690828, 0.159018]",66750
2226,00:37:06,Forceps,2,0.883989,"[0.582996, 0.565649, 0.0743515, 0.175248]",66807
2227,00:37:07,Forceps,2,0.858744,"[0.579201, 0.564531, 0.0806797, 0.178387]",66813
2228,00:37:08,Forceps,2,0.842141,"[0.578839, 0.567555, 0.0803389, 0.170909]",66842
2229,00:37:09,Forceps,2,0.846587,"[0.583681, 0.575974, 0.072499, 0.154081]",66895
2230,00:37:10,Forceps,2,0.869578,"[0.583634, 0.574664, 0.072039, 0.155621]",66919
2231,00:37:11,Forceps,2,0.790119,"[0.581798, 0.576917, 0.0743111, 0.153562]",66954
2232,00:37:12,Forceps,2,0.817917,"[0.579285, 0.576879, 0.079731, 0.15142]",66963
2234,00:37:14,Frazier,1,0.878476,"[0.543439, 0.581629, 0.140297, 0.135551]",67043
2235,00:37:15,Frazier,1,0.971709,"[0.576919, 0.569735, 0.0882796, 0.164401]",67078
2236,00:37:16,Frazier,1,0.970165,"[0.576026, 0.572352, 0.0891374, 0.159206]",67080
2237,00:37:17,Frazier,1,0.959241,"[0.57675, 0.589694, 0.0873195, 0.13165]",67128
2238,00:37:18,Frazier,1,0.968442,"[0.575584, 0.572835, 0.0865951, 0.161949]",67156
2244,00:37:24,Frazier,1,0.916277,"[0.551005, 0.57771, 0.129941, 0.141809]",67349
2245,00:37:25,Frazier,1,0.961254,"[0.585112, 0.55982, 0.0731205, 0.183688]",67379
2246,00:37:26,Frazier,1,0.964538,"[0.579229, 0.572145, 0.0838048, 0.161024]",67399
2247,00:37:27,Frazier,1,0.958952,"[0.578417, 0.582525, 0.0859768, 0.145175]",67414
2248,00:37:28,Frazier,1,0.945452,"[0.577286, 0.589691, 0.0885254, 0.132287]",67441
2254,00:37:34,Frazier,1,0.887977,"[0.551585, 0.576254, 0.138273, 0.140048]",67636
2255,00:37:35,Frazier,1,0.959925,"[0.57752, 0.554029, 0.0881317, 0.195212]",67670
2256,00:37:36,Frazier,1,0.957859,"[0.587634, 0.572663, 0.0707101, 0.159997]",67709
2257,00:37:37,Frazier,1,0.957468,"[0.586536, 0.573248, 0.0721571, 0.158294]",67710
2258,00:37:38,Frazier,1,0.941579,"[0.571744, 0.595836, 0.0967667, 0.119556]",67761
2259,00:37:39,Frazier,1,0.949651,"[0.576627, 0.57417, 0.0894506, 0.152441]",67786
2260,00:37:40,Frazier,1,0.957412,"[0.578326, 0.586281, 0.0884655, 0.134855]",67819
2261,00:37:41,Frazier,1,0.951261,"[0.577038, 0.583349, 0.0891819, 0.139839]",67859
2262,00:37:42,Frazier,1,0.961189,"[0.578597, 0.58168, 0.0876138, 0.14326]",67861
2267,00:37:47,Forceps,2,0.836768,"[0.550389, 0.5271, 0.111037, 0.151403]",68039
2268,00:37:48,Forceps,2,0.937301,"[0.564442, 0.567072, 0.115885, 0.166864]",68059
2269,00:37:49,Forceps,2,0.939448,"[0.589812, 0.565825, 0.0641615, 0.176669]",68091
2270,00:37:50,Forceps,2,0.934229,"[0.589134, 0.567088, 0.0631571, 0.176015]",68107
2271,00:37:51,Forceps,2,0.954024,"[0.591186, 0.577022, 0.0598081, 0.154335]",68131
2272,00:37:52,Forceps,2,0.935231,"[0.589131, 0.575721, 0.0628523, 0.160053]",68164
2273,00:37:53,Forceps,2,0.96203,"[0.594389, 0.572649, 0.0545583, 0.169823]",68217
2274,00:37:54,Forceps,2,0.967861,"[0.59434, 0.574579, 0.0539134, 0.165883]",68224
2275,00:37:55,Forceps,2,0.943764,"[0.595299, 0.571674, 0.0521284, 0.172441]",68278
2276,00:37:56,Forceps,2,0.960877,"[0.594486, 0.577397, 0.0543996, 0.157703]",68300
2277,00:37:57,Forceps,2,0.946633,"[0.58545, 0.566478, 0.0712729, 0.184667]",68312
2278,00:37:58,Forceps,2,0.709637,"[0.550991, 0.509856, 0.0728812, 0.187091]",68345
2283,00:38:03,Forceps,2,0.905203,"[0.568072, 0.534531, 0.0990638, 0.237165]",68513
2284,00:38:04,Forceps,2,0.922258,"[0.584284, 0.532276, 0.0808168, 0.24973]",68526
2285,00:38:05,Forceps,2,0.929835,"[0.592799, 0.547757, 0.0628587, 0.21429]",68567
2286,00:38:06,Forceps,2,0.946384,"[0.587145, 0.549724, 0.0735981, 0.210298]",68587
2287,00:38:07,Forceps,2,0.929418,"[0.584942, 0.549231, 0.0780527, 0.208693]",68610
2288,00:38:08,Forceps,2,0.939975,"[0.578474, 0.557247, 0.0877837, 0.191746]",68644
2289,00:38:09,Forceps,2,0.942835,"[0.594308, 0.556463, 0.0591664, 0.205953]",68697
2290,00:38:10,Forceps,2,0.946077,"[0.590769, 0.562391, 0.0663251, 0.194246]",68722
2291,00:38:11,Forceps,2,0.914591,"[0.595939, 0.56701, 0.0561432, 0.186364]",68730
2292,00:38:12,Forceps,2,0.860097,"[0.59668, 0.574532, 0.0580469, 0.165236]",68764
2293,00:38:13,Forceps,2,0.835384,"[0.595997, 0.532634, 0.0605852, 0.249072]",68818
2296,00:38:16,Forceps,2,0.819124,"[0.594442, 0.566946, 0.0639001, 0.178898]",68900
2297,00:38:17,Forceps,2,0.903723,"[0.602579, 0.543982, 0.0518644, 0.217246]",68933
2298,00:38:18,Forceps,2,0.919276,"[0.603834, 0.551436, 0.0522018, 0.209846]",68949
2299,00:38:19,Forceps,2,0.885628,"[0.605564, 0.546179, 0.0486834, 0.220261]",68988
2300,00:38:20,Forceps,2,0.867846,"[0.585066, 0.520016, 0.0822258, 0.270205]",69000
2304,00:38:24,Forceps,2,0.922533,"[0.567671, 0.563473, 0.117163, 0.167995]",69135
2305,00:38:25,Forceps,2,0.930091,"[0.562926, 0.567929, 0.119878, 0.170188]",69156
2306,00:38:26,Forceps,2,0.918099,"[0.58663, 0.574891, 0.0694064, 0.166495]",69198
2307,00:38:27,Forceps,2,0.903767,"[0.596025, 0.579136, 0.0524509, 0.155997]",69215
2308,00:38:28,Forceps,2,0.913374,"[0.590307, 0.573857, 0.0604789, 0.165933]",69265
2309,00:38:29,Forceps,2,0.941123,"[0.596857, 0.575589, 0.0503257, 0.164453]",69281
2310,00:38:30,Forceps,2,0.917086,"[0.574032, 0.593247, 0.0964607, 0.122895]",69304
2311,00:38:31,Forceps,2,0.927811,"[0.570527, 0.590332, 0.105641, 0.129789]",69359
2312,00:38:32,Forceps,2,0.952461,"[0.572414, 0.592081, 0.102029, 0.125473]",69366
2313,00:38:33,Forceps,2,0.926989,"[0.561062, 0.568982, 0.123341, 0.168223]",69398
2314,00:38:34,Forceps,2,0.938256,"[0.556689, 0.567761, 0.13315, 0.168297]",69428
2326,00:38:46,Frazier,1,0.862483,"[0.554724, 0.577061, 0.158803, 0.142313]",69807
2327,00:38:47,Frazier,1,0.958578,"[0.585431, 0.559566, 0.0750156, 0.187166]",69838
2328,00:38:48,Frazier,1,0.962158,"[0.586665, 0.560361, 0.0755375, 0.184206]",69845
2329,00:38:49,Frazier,1,0.968285,"[0.577505, 0.572138, 0.0886873, 0.167496]",69899
2330,00:38:50,Frazier,1,0.963364,"[0.578082, 0.571521, 0.0874008, 0.167347]",69900
2331,00:38:51,Frazier,1,0.952814,"[0.584409, 0.581522, 0.0759586, 0.151246]",69930
2332,00:38:52,Frazier,1,0.956893,"[0.577845, 0.573264, 0.0864489, 0.163531]",69973
2333,00:38:53,Frazier,1,0.957588,"[0.585726, 0.580793, 0.077145, 0.150883]",70000
2334,00:38:54,Frazier,1,0.952978,"[0.593366, 0.569674, 0.0643755, 0.170523]",70026
2335,00:38:55,Frazier,1,0.949638,"[0.595178, 0.562472, 0.0562523, 0.185616]",70051
2336,00:38:56,Frazier,1,0.949671,"[0.585331, 0.579128, 0.0762334, 0.153444]",70094
2337,00:38:57,Frazier,1,0.951046,"[0.587064, 0.57996, 0.0749285, 0.152907]",70114
2343,00:39:03,Freer,4,0.857251,"[0.603172, 0.585541, 0.0431798, 0.144077]",70318
2344,00:39:04,Freer,4,0.901671,"[0.601252, 0.583172, 0.0497295, 0.153938]",70346
2345,00:39:05,Freer,4,0.917962,"[0.599628, 0.585237, 0.0481823, 0.148128]",70379
2346,00:39:06,Freer,4,0.928886,"[0.600749, 0.583332, 0.0455078, 0.152408]",70381
2347,00:39:07,Freer,4,0.847819,"[0.601764, 0.595332, 0.04332, 0.126959]",70410
2348,00:39:08,Freer,4,0.928774,"[0.594431, 0.588038, 0.0518211, 0.142529]",70460
2349,00:39:09,Freer,4,0.826546,"[0.593823, 0.57146, 0.0521121, 0.171698]",70472
2350,00:39:10,Freer,4,0.903408,"[0.598667, 0.593643, 0.0446747, 0.132483]",70523
2351,00:39:11,Freer,4,0.896967,"[0.599412, 0.598945, 0.0433401, 0.121066]",70544
2352,00:39:12,Freer,4,0.935155,"[0.598447, 0.593277, 0.0460964, 0.133719]",70576
2353,00:39:13,Freer,4,0.935107,"[0.597247, 0.59237, 0.0459288, 0.133468]",70611
2354,00:39:14,Freer,4,0.88821,"[0.597519, 0.593799, 0.044904, 0.127339]",70620
2356,00:39:16,Forceps,2,0.839924,"[0.589371, 0.583458, 0.0753079, 0.135163]",70707
2357,00:39:17,Forceps,2,0.848497,"[0.588038, 0.584551, 0.0735036, 0.136511]",70712
2358,00:39:18,Forceps,2,0.848919,"[0.582427, 0.583591, 0.0810876, 0.140001]",70753
2359,00:39:19,Forceps,2,0.839195,"[0.584439, 0.583614, 0.0788185, 0.136633]",70796
2360,00:39:20,Forceps,2,0.780071,"[0.583041, 0.583397, 0.0823448, 0.137835]",70800
2361,00:39:21,Forceps,2,0.837171,"[0.586459, 0.584653, 0.0725795, 0.137261]",70850
2362,00:39:22,Forceps,2,0.822477,"[0.582326, 0.583647, 0.0844292, 0.136257]",70881
2365,00:39:25,Frazier,1,0.94567,"[0.580832, 0.57007, 0.0809635, 0.167376]",70979
2366,00:39:26,Frazier,1,0.957814,"[0.579428, 0.573279, 0.0837132, 0.161893]",70982
2367,00:39:27,Frazier,1,0.94104,"[0.582464, 0.577698, 0.0754002, 0.155764]",71013
2368,00:39:28,Frazier,1,0.94622,"[0.587367, 0.578305, 0.069075, 0.155109]",71069
2369,00:39:29,Frazier,1,0.952825,"[0.585546, 0.583336, 0.0729836, 0.145887]",71080
2370,00:39:30,Frazier,1,0.95427,"[0.579492, 0.584487, 0.0817687, 0.144717]",71107
2371,00:39:31,Frazier,1,0.948545,"[0.586629, 0.582438, 0.071479, 0.146233]",71131
2374,00:39:34,Microdebrider,3,0.861344,"[0.522089, 0.557908, 0.200331, 0.191392]",71238
2375,00:39:35,Microdebrider,3,0.944569,"[0.555389, 0.532591, 0.133325, 0.248632]",71269
2376,00:39:36,Microdebrider,3,0.936244,"[0.564868, 0.538485, 0.109647, 0.238478]",71280
2377,00:39:37,Microdebrider,3,0.935517,"[0.569972, 0.534036, 0.0984558, 0.247915]",71316
2378,00:39:38,Microdebrider,3,0.935152,"[0.566481, 0.537856, 0.105267, 0.247221]",71367
2379,00:39:39,Microdebrider,3,0.933763,"[0.566125, 0.536149, 0.105438, 0.24756]",71391
2380,00:39:40,Microdebrider,3,0.934992,"[0.566753, 0.537637, 0.104823, 0.245882]",71429
2381,00:39:41,Microdebrider,3,0.934289,"[0.566908, 0.537668, 0.104466, 0.245882]",71430
2382,00:39:42,Microdebrider,3,0.939589,"[0.564894, 0.534697, 0.107996, 0.245611]",71468
2383,00:39:43,Microdebrider,3,0.936324,"[0.563608, 0.539358, 0.111542, 0.237747]",71504
2384,00:39:44,Microdebrider,3,0.93556,"[0.568675, 0.53696, 0.103861, 0.248]",71525
2385,00:39:45,Microdebrider,3,0.937261,"[0.567584, 0.5374, 0.105158, 0.245964]",71558
2386,00:39:46,Microdebrider,3,0.935532,"[0.566936, 0.536468, 0.105482, 0.247456]",71607
2387,00:39:47,Microdebrider,3,0.934793,"[0.56733, 0.536619, 0.104482, 0.246208]",71635
2388,00:39:48,Microdebrider,3,0.933725,"[0.566187, 0.536323, 0.10703, 0.248369]",71645
2389,00:39:49,Microdebrider,3,0.947416,"[0.563463, 0.529534, 0.114075, 0.253875]",71679
2396,00:39:56,Frazier,1,0.94112,"[0.569988, 0.575364, 0.0998453, 0.161359]",71908
2397,00:39:57,Frazier,1,0.96507,"[0.57737, 0.574462, 0.0861301, 0.162586]",71911
2398,00:39:58,Frazier,1,0.96159,"[0.578106, 0.590063, 0.0863686, 0.134395]",71967
2399,00:39:59,Frazier,1,0.956699,"[0.579602, 0.591554, 0.083662, 0.130201]",71971
2400,00:40:00,Frazier,1,0.922932,"[0.572555, 0.605077, 0.0894616, 0.10709]",72000
2401,00:40:01,Frazier,1,0.948625,"[0.580181, 0.591471, 0.082522, 0.131869]",72041
2402,00:40:02,Frazier,1,0.946409,"[0.574911, 0.599083, 0.0868744, 0.119013]",72072
2403,00:40:03,Frazier,1,0.952154,"[0.579331, 0.592442, 0.0836901, 0.12997]",72114
2404,00:40:04,Frazier,1,0.954584,"[0.575188, 0.594663, 0.087652, 0.124788]",72149
2405,00:40:05,Frazier,1,0.954135,"[0.57411, 0.585025, 0.0902594, 0.140671]",72154
2410,00:40:10,Forceps,2,0.938947,"[0.554813, 0.570441, 0.132711, 0.162111]",72327
2411,00:40:11,Forceps,2,0.939231,"[0.556996, 0.572703, 0.129256, 0.15909]",72331
2412,00:40:12,Forceps,2,0.913606,"[0.563411, 0.579943, 0.117121, 0.146384]",72360
2413,00:40:13,Forceps,2,0.917163,"[0.589822, 0.576122, 0.0649687, 0.157285]",72417
2414,00:40:14,Forceps,2,0.947113,"[0.585004, 0.583633, 0.0714121, 0.147155]",72431
2415,00:40:15,Forceps,2,0.945999,"[0.58408, 0.584277, 0.0723222, 0.145706]",72452
2416,00:40:16,Forceps,2,0.898311,"[0.567846, 0.580083, 0.105367, 0.148452]",72489
2417,00:40:17,Forceps,2,0.920181,"[0.591341, 0.579832, 0.0597776, 0.153807]",72521
2418,00:40:18,Forceps,2,0.912823,"[0.591134, 0.580936, 0.0601274, 0.149673]",72541
2419,00:40:19,Forceps,2,0.904824,"[0.574324, 0.58551, 0.0966419, 0.136241]",72578
2420,00:40:20,Forceps,2,0.91386,"[0.563029, 0.585167, 0.117103, 0.138978]",72626
2421,00:40:21,Forceps,2,0.936172,"[0.570749, 0.586378, 0.104951, 0.136175]",72642
2422,00:40:22,Forceps,2,0.919596,"[0.563342, 0.58822, 0.117336, 0.13452]",72685
2423,00:40:23,Forceps,2,0.921271,"[0.55976, 0.593573, 0.126706, 0.126997]",72716
2424,00:40:24,Forceps,2,0.926127,"[0.559189, 0.586244, 0.127831, 0.139114]",72730
2425,00:40:25,Forceps,2,0.918843,"[0.564365, 0.585537, 0.116564, 0.138823]",72751
2426,00:40:26,Forceps,2,0.922433,"[0.557083, 0.584093, 0.132647, 0.143922]",72789
2427,00:40:27,Forceps,2,0.92172,"[0.578463, 0.578433, 0.0825279, 0.151849]",72819
2433,00:40:33,Forceps,2,0.931493,"[0.552588, 0.572706, 0.139777, 0.165714]",73019
2434,00:40:34,Forceps,2,0.93414,"[0.554462, 0.573046, 0.136591, 0.164739]",73021
2435,00:40:35,Forceps,2,0.915825,"[0.568597, 0.587315, 0.108044, 0.133524]",73069
2436,00:40:36,Forceps,2,0.921602,"[0.557446, 0.585804, 0.130728, 0.13984]",73104
2437,00:40:37,Forceps,2,0.916635,"[0.566312, 0.586748, 0.111919, 0.136536]",73116
2438,00:40:38,Forceps,2,0.924134,"[0.559143, 0.588297, 0.127327, 0.133543]",73156
2439,00:40:39,Forceps,2,0.923177,"[0.578923, 0.581407, 0.0873276, 0.146389]",73199
2440,00:40:40,Forceps,2,0.931185,"[0.580557, 0.581879, 0.0829952, 0.146305]",73200
2441,00:40:41,Forceps,2,0.932671,"[0.582779, 0.578891, 0.0781787, 0.152752]",73259
2442,00:40:42,Forceps,2,0.945482,"[0.583173, 0.582685, 0.075797, 0.145793]",73275
2443,00:40:43,Forceps,2,0.891807,"[0.562073, 0.572952, 0.118739, 0.159231]",73318
2444,00:40:44,Forceps,2,0.822353,"[0.562022, 0.570823, 0.116304, 0.16429]",73320
2447,00:40:47,Frazier,1,0.964108,"[0.578429, 0.581723, 0.0851765, 0.143188]",73430
2448,00:40:48,Frazier,1,0.946759,"[0.580938, 0.587816, 0.0826822, 0.135083]",73440
2449,00:40:49,Frazier,1,0.951612,"[0.578878, 0.583156, 0.0838211, 0.143142]",73481
2450,00:40:50,Frazier,1,0.957996,"[0.577007, 0.581806, 0.0871109, 0.142618]",73526
2451,00:40:51,Frazier,1,0.955683,"[0.577585, 0.581153, 0.0878973, 0.141426]",73552
2452,00:40:52,Frazier,1,0.949352,"[0.579422, 0.581647, 0.0833801, 0.141849]",73583
2453,00:40:53,Frazier,1,0.95079,"[0.580521, 0.584234, 0.0835247, 0.138063]",73594
2454,00:40:54,Frazier,1,0.954721,"[0.587052, 0.583345, 0.0726718, 0.144118]",73638
2455,00:40:55,Frazier,1,0.954872,"[0.587199, 0.584936, 0.0723385, 0.143053]",73669
2456,00:40:56,Frazier,1,0.95061,"[0.579867, 0.595313, 0.0833511, 0.12467]",73682
2457,00:40:57,Frazier,1,0.932835,"[0.572369, 0.607595, 0.0890781, 0.104735]",73716
2458,00:40:58,Frazier,1,0.950251,"[0.575585, 0.593594, 0.0880873, 0.127678]",73769
2459,00:40:59,Frazier,1,0.955435,"[0.576392, 0.594668, 0.087784, 0.125331]",73771
2460,00:41:00,Frazier,1,0.933717,"[0.572085, 0.607845, 0.0904504, 0.106659]",73801
2461,00:41:01,Frazier,1,0.921917,"[0.571256, 0.611015, 0.0925877, 0.100937]",73856
2462,00:41:02,Frazier,1,0.922175,"[0.571482, 0.609642, 0.0922606, 0.103761]",73862
2463,00:41:03,Frazier,1,0.923816,"[0.571319, 0.609015, 0.092257, 0.104595]",73907
2464,00:41:04,Frazier,1,0.932739,"[0.572861, 0.606514, 0.0894514, 0.10867]",73924
2465,00:41:05,Frazier,1,0.92797,"[0.571154, 0.610993, 0.0930181, 0.100806]",73954
2466,00:41:06,Frazier,1,0.952951,"[0.578832, 0.595227, 0.086577, 0.126732]",73993
2467,00:41:07,Frazier,1,0.923373,"[0.572843, 0.60809, 0.0894445, 0.106208]",74021
2468,00:41:08,Frazier,1,0.92365,"[0.571184, 0.610181, 0.0909578, 0.101208]",74049
2469,00:41:09,Frazier,1,0.923477,"[0.568794, 0.599193, 0.0976685, 0.114714]",74081
2470,00:41:10,Frazier,1,0.933625,"[0.564089, 0.590603, 0.107167, 0.129988]",74110
2475,00:41:15,Forceps,2,0.924359,"[0.536307, 0.552482, 0.171932, 0.195633]",74274
2476,00:41:16,Forceps,2,0.947254,"[0.552997, 0.570627, 0.136375, 0.166133]",74293
2477,00:41:17,Forceps,2,0.932101,"[0.569734, 0.586274, 0.106709, 0.136381]",74310
2478,00:41:18,Forceps,2,0.920837,"[0.588287, 0.589635, 0.0674583, 0.136122]",74340
2479,00:41:19,Forceps,2,0.918306,"[0.567038, 0.588325, 0.111241, 0.13325]",74371
2480,00:41:20,Forceps,2,0.918737,"[0.563696, 0.589081, 0.116168, 0.133297]",74417
2481,00:41:21,Forceps,2,0.919895,"[0.568668, 0.590647, 0.10879, 0.130746]",74431
2482,00:41:22,Forceps,2,0.921102,"[0.563451, 0.588837, 0.118772, 0.134553]",74471
2483,00:41:23,Forceps,2,0.926388,"[0.556782, 0.593629, 0.130567, 0.127656]",74515
2484,00:41:24,Forceps,2,0.9225,"[0.556725, 0.589489, 0.132115, 0.134072]",74520
2485,00:41:25,Forceps,2,0.926812,"[0.55469, 0.596201, 0.134337, 0.127332]",74565
2486,00:41:26,Forceps,2,0.923629,"[0.559521, 0.591252, 0.126288, 0.128805]",74580
2487,00:41:27,Forceps,2,0.919265,"[0.591188, 0.584135, 0.0585784, 0.146564]",74615
2488,00:41:28,Forceps,2,0.914252,"[0.590618, 0.578978, 0.0601774, 0.155852]",74666
2489,00:41:29,Forceps,2,0.904292,"[0.576269, 0.592306, 0.0938838, 0.126209]",74696
2490,00:41:30,Forceps,2,0.895662,"[0.589736, 0.58754, 0.0622253, 0.136578]",74706
2491,00:41:31,Forceps,2,0.927134,"[0.57295, 0.594175, 0.09883, 0.123101]",74752
2492,00:41:32,Forceps,2,0.918604,"[0.56663, 0.587315, 0.110945, 0.132231]",74774
2493,00:41:33,Forceps,2,0.904722,"[0.594013, 0.5853, 0.055151, 0.139516]",74816
2494,00:41:34,Forceps,2,0.913158,"[0.590916, 0.577691, 0.0592862, 0.155899]",74821
2496,00:41:36,Microdebrider,3,0.881095,"[0.526893, 0.56037, 0.196919, 0.187404]",74909
2497,00:41:37,Microdebrider,3,0.947717,"[0.56479, 0.53523, 0.110573, 0.243198]",74938
2498,00:41:38,Microdebrider,3,0.945697,"[0.565739, 0.534891, 0.108654, 0.243747]",74940
2499,00:41:39,Microdebrider,3,0.942766,"[0.561141, 0.533824, 0.115867, 0.246102]",74995
2500,00:41:40,Microdebrider,3,0.941222,"[0.556687, 0.537986, 0.122259, 0.237151]",75029
2501,00:41:41,Microdebrider,3,0.941436,"[0.556515, 0.537834, 0.122466, 0.237259]",75030
2502,00:41:42,Microdebrider,3,0.932866,"[0.556386, 0.545084, 0.12233, 0.223297]",75078
2503,00:41:43,Microdebrider,3,0.92733,"[0.556144, 0.549046, 0.122939, 0.215815]",75090
2504,00:41:44,Microdebrider,3,0.929311,"[0.553495, 0.551513, 0.127491, 0.212895]",75144
2505,00:41:45,Microdebrider,3,0.927261,"[0.552745, 0.552177, 0.128107, 0.213244]",75161
2506,00:41:46,Microdebrider,3,0.942834,"[0.559432, 0.539818, 0.118991, 0.236369]",75209
2507,00:41:47,Microdebrider,3,0.943461,"[0.56227, 0.536398, 0.114618, 0.240933]",75239
2508,00:41:48,Microdebrider,3,0.947367,"[0.563365, 0.532493, 0.11368, 0.248761]",75241
2509,00:41:49,Microdebrider,3,0.934586,"[0.565756, 0.535401, 0.103551, 0.244052]",75294
2510,00:41:50,Microdebrider,3,0.940055,"[0.564177, 0.536712, 0.109151, 0.241494]",75329
2511,00:41:51,Microdebrider,3,0.940222,"[0.563926, 0.536326, 0.10802, 0.242267]",75330
2512,00:41:52,Microdebrider,3,0.936486,"[0.562282, 0.537408, 0.112078, 0.241207]",75369
2513,00:41:53,Microdebrider,3,0.940063,"[0.563031, 0.532772, 0.112362, 0.247121]",75399
2517,00:41:57,Frazier,1,0.91104,"[0.564845, 0.574798, 0.11266, 0.159535]",75537
2518,00:41:58,Frazier,1,0.96161,"[0.579304, 0.572262, 0.0841524, 0.162822]",75542
2519,00:41:59,Frazier,1,0.947251,"[0.578124, 0.575564, 0.0846608, 0.156427]",75571
2520,00:42:00,Frazier,1,0.95521,"[0.576851, 0.579564, 0.0873559, 0.145642]",75628
2521,00:42:01,Frazier,1,0.963346,"[0.57869, 0.580393, 0.0854593, 0.14495]",75640
2522,00:42:02,Frazier,1,0.957754,"[0.580006, 0.580651, 0.0851879, 0.1451]",75685
2523,00:42:03,Frazier,1,0.961255,"[0.579183, 0.572014, 0.0850707, 0.162413]",75701
2524,00:42:04,Frazier,1,0.95601,"[0.588426, 0.587768, 0.0732402, 0.134722]",75737
2525,00:42:05,Frazier,1,0.954663,"[0.578759, 0.583695, 0.0849939, 0.141722]",75769
2528,00:42:08,Frazier,1,0.939023,"[0.570575, 0.580034, 0.0981485, 0.144685]",75868
2529,00:42:09,Frazier,1,0.946378,"[0.577732, 0.592798, 0.0874769, 0.123764]",75888
2530,00:42:10,Frazier,1,0.943459,"[0.572846, 0.59383, 0.093578, 0.123017]",75909
2531,00:42:11,Frazier,1,0.942871,"[0.570093, 0.599943, 0.095033, 0.11057]",75951
2532,00:42:12,Frazier,1,0.951093,"[0.574181, 0.594209, 0.0902386, 0.122685]",75969
2533,00:42:13,Frazier,1,0.92057,"[0.573493, 0.607028, 0.0895363, 0.105836]",75992
2534,00:42:14,Frazier,1,0.951621,"[0.575542, 0.592288, 0.0887625, 0.125274]",76049
2535,00:42:15,Frazier,1,0.958892,"[0.575604, 0.593733, 0.0883856, 0.121777]",76053
2536,00:42:16,Frazier,1,0.931492,"[0.57056, 0.60067, 0.0961208, 0.111897]",76082
2537,00:42:17,Frazier,1,0.900299,"[0.567968, 0.603428, 0.099149, 0.109767]",76121
2538,00:42:18,Frazier,1,0.953315,"[0.576348, 0.584629, 0.0875471, 0.139387]",76168
2539,00:42:19,Frazier,1,0.960969,"[0.577288, 0.580951, 0.0860484, 0.141989]",76175
2540,00:42:20,Frazier,1,0.959451,"[0.58846, 0.58492, 0.0729964, 0.138472]",76201
2541,00:42:21,Frazier,1,0.942063,"[0.577329, 0.599416, 0.0870981, 0.112876]",76231
2542,00:42:22,Frazier,1,0.950557,"[0.581056, 0.594205, 0.0819205, 0.120662]",76275
2543,00:42:23,Frazier,1,0.934004,"[0.57918, 0.599014, 0.0841686, 0.1105]",76313
2544,00:42:24,Frazier,1,0.947613,"[0.580662, 0.593953, 0.0815068, 0.11812]",76349
2545,00:42:25,Frazier,1,0.945108,"[0.580725, 0.594711, 0.0830503, 0.117897]",76352
2546,00:42:26,Frazier,1,0.943006,"[0.580515, 0.596012, 0.0839752, 0.116921]",76389
2547,00:42:27,Frazier,1,0.928637,"[0.579276, 0.598986, 0.0826748, 0.110804]",76423
2548,00:42:28,Frazier,1,0.926091,"[0.578284, 0.594109, 0.085297, 0.116904]",76467
2549,00:42:29,Frazier,1,0.926374,"[0.579642, 0.590318, 0.0852505, 0.123827]",76496
2550,00:42:30,Frazier,1,0.937825,"[0.574394, 0.59317, 0.0908968, 0.124712]",76522
2551,00:42:31,Frazier,1,0.930129,"[0.574133, 0.594413, 0.0923061, 0.119614]",76558
2552,00:42:32,Frazier,1,0.923059,"[0.574681, 0.596941, 0.0919657, 0.112359]",76560
2553,00:42:33,Frazier,1,0.906051,"[0.573431, 0.599341, 0.0901054, 0.109128]",76590
2554,00:42:34,Frazier,1,0.922576,"[0.57514, 0.596826, 0.0913665, 0.114178]",76638
2555,00:42:35,Frazier,1,0.924018,"[0.574112, 0.599153, 0.0905124, 0.109638]",76676
2556,00:42:36,Frazier,1,0.918321,"[0.574863, 0.603088, 0.090228, 0.103895]",76685
2557,00:42:37,Frazier,1,0.912947,"[0.571283, 0.606867, 0.0922424, 0.0990376]",76717
2558,00:42:38,Frazier,1,0.882862,"[0.568066, 0.607322, 0.0968012, 0.10078]",76766
2559,00:42:39,Frazier,1,0.906825,"[0.567654, 0.595883, 0.0966009, 0.121239]",76799
2560,00:42:40,Frazier,1,0.924017,"[0.568589, 0.585113, 0.0959976, 0.138844]",76805
2566,00:42:46,Forceps,2,0.915363,"[0.538986, 0.551552, 0.162467, 0.198554]",77005
2567,00:42:47,Forceps,2,0.920016,"[0.540793, 0.555355, 0.163523, 0.193683]",77018
2568,00:42:48,Forceps,2,0.915496,"[0.54719, 0.559656, 0.154291, 0.180811]",77059
2569,00:42:49,Forceps,2,0.930463,"[0.542057, 0.56302, 0.163581, 0.179151]",77078
2570,00:42:50,Forceps,2,0.91558,"[0.549852, 0.558893, 0.143779, 0.188235]",77128
2571,00:42:51,Forceps,2,0.933699,"[0.556497, 0.562494, 0.130572, 0.176064]",77156
2572,00:42:52,Forceps,2,0.941775,"[0.559573, 0.568529, 0.126469, 0.165988]",77172
2573,00:42:53,Forceps,2,0.908804,"[0.556036, 0.57862, 0.134944, 0.152763]",77191
2574,00:42:54,Forceps,2,0.910645,"[0.555113, 0.5801, 0.134818, 0.149657]",77236
2575,00:42:55,Forceps,2,0.913671,"[0.554456, 0.582632, 0.134867, 0.144051]",77262
2576,00:42:56,Forceps,2,0.916805,"[0.580898, 0.575108, 0.0794117, 0.157583]",77297
2577,00:42:57,Forceps,2,0.936757,"[0.579438, 0.579669, 0.085192, 0.147789]",77337
2578,00:42:58,Forceps,2,0.938985,"[0.578086, 0.579986, 0.0869385, 0.14779]",77347
2579,00:42:59,Forceps,2,0.935723,"[0.574555, 0.579957, 0.0922728, 0.150293]",77399
2580,00:43:00,Forceps,2,0.933255,"[0.575619, 0.572157, 0.0896057, 0.163397]",77419
2581,00:43:01,Forceps,2,0.927355,"[0.57493, 0.571852, 0.0914923, 0.163512]",77443
2582,00:43:02,Forceps,2,0.944622,"[0.582322, 0.583324, 0.0787229, 0.139418]",77481
2583,00:43:03,Forceps,2,0.963917,"[0.579589, 0.587301, 0.0831573, 0.134884]",77502
2584,00:43:04,Forceps,2,0.962067,"[0.578922, 0.587277, 0.0855171, 0.136903]",77546
2585,00:43:05,Forceps,2,0.948915,"[0.577513, 0.587856, 0.0883588, 0.137095]",77552
2586,00:43:06,Forceps,2,0.9131,"[0.581193, 0.585519, 0.0808592, 0.138549]",77591
2587,00:43:07,Forceps,2,0.911196,"[0.576461, 0.583284, 0.089395, 0.14408]",77612
2588,00:43:08,Forceps,2,0.934175,"[0.568039, 0.582518, 0.105446, 0.142574]",77665
2589,00:43:09,Forceps,2,0.93422,"[0.56822, 0.586258, 0.105615, 0.139084]",77670
2590,00:43:10,Forceps,2,0.914746,"[0.568452, 0.585849, 0.104584, 0.141409]",77729
2591,00:43:11,Forceps,2,0.926134,"[0.562042, 0.586289, 0.113402, 0.139349]",77751
2592,00:43:12,Forceps,2,0.917032,"[0.56028, 0.565375, 0.121162, 0.174365]",77786
2595,00:43:15,Forceps,2,0.899871,"[0.528294, 0.508007, 0.161707, 0.149789]",77878
2596,00:43:16,Forceps,2,0.930156,"[0.542536, 0.567908, 0.156736, 0.172236]",77905
2597,00:43:17,Forceps,2,0.923867,"[0.547783, 0.574826, 0.144856, 0.160419]",77914
2598,00:43:18,Forceps,2,0.912006,"[0.561833, 0.587691, 0.120543, 0.135672]",77945
2599,00:43:19,Forceps,2,0.883782,"[0.561893, 0.582083, 0.121172, 0.143811]",77996
2600,00:43:20,Forceps,2,0.905169,"[0.559215, 0.587818, 0.125598, 0.135712]",78028
2601,00:43:21,Forceps,2,0.903707,"[0.558004, 0.587602, 0.128241, 0.135403]",78048
2602,00:43:22,Forceps,2,0.917237,"[0.555107, 0.574924, 0.130665, 0.158749]",78078
2611,00:43:31,Frazier,1,0.807797,"[0.515248, 0.512309, 0.14534, 0.0839699]",78351
2612,00:43:32,Frazier,1,0.936907,"[0.572052, 0.562805, 0.0951414, 0.172089]",78389
2613,00:43:33,Frazier,1,0.952224,"[0.576285, 0.561798, 0.0905245, 0.178278]",78395
2614,00:43:34,Frazier,1,0.94999,"[0.57292, 0.569216, 0.0953964, 0.162122]",78427
2615,00:43:35,Frazier,1,0.95576,"[0.578425, 0.577103, 0.085894, 0.154755]",78464
2616,00:43:36,Frazier,1,0.957676,"[0.576195, 0.581522, 0.0868379, 0.146231]",78501
2617,00:43:37,Frazier,1,0.960101,"[0.575938, 0.582498, 0.0886485, 0.143034]",78538
2618,00:43:38,Frazier,1,0.964016,"[0.575279, 0.581685, 0.0881021, 0.140991]",78560
2619,00:43:39,Frazier,1,0.966079,"[0.574762, 0.580947, 0.0867072, 0.142556]",78584
2620,00:43:40,Frazier,1,0.957513,"[0.576267, 0.58835, 0.0899493, 0.135184]",78603
2621,00:43:41,Frazier,1,0.961821,"[0.576676, 0.593458, 0.0869518, 0.126032]",78647
2622,00:43:42,Frazier,1,0.956186,"[0.576314, 0.593605, 0.0890387, 0.120825]",78675
2623,00:43:43,Frazier,1,0.942463,"[0.568222, 0.598457, 0.0975988, 0.112898]",78698
2624,00:43:44,Frazier,1,0.924352,"[0.567656, 0.606218, 0.0978172, 0.10059]",78733
2625,00:43:45,Frazier,1,0.905898,"[0.564878, 0.613952, 0.10138, 0.0923435]",78755
2626,00:43:46,Frazier,1,0.923256,"[0.567873, 0.605726, 0.0972075, 0.10254]",78793
2627,00:43:47,Frazier,1,0.888895,"[0.562363, 0.625623, 0.107407, 0.0719921]",78816
2642,00:44:02,Frazier,1,0.907652,"[0.525654, 0.557748, 0.11711, 0.144295]",79286
2643,00:44:03,Frazier,1,0.95482,"[0.576292, 0.577295, 0.088526, 0.152605]",79317
2644,00:44:04,Frazier,1,0.956423,"[0.577576, 0.580829, 0.0871292, 0.144955]",79321
2645,00:44:05,Frazier,1,0.947529,"[0.58071, 0.584597, 0.082592, 0.13969]",79357
2646,00:44:06,Frazier,1,0.957915,"[0.585693, 0.588085, 0.0733776, 0.135074]",79406
2647,00:44:07,Frazier,1,0.956005,"[0.578097, 0.593708, 0.0853491, 0.126125]",79439
2648,00:44:08,Frazier,1,0.953939,"[0.577194, 0.594251, 0.0856148, 0.124485]",79440
2649,00:44:09,Frazier,1,0.952632,"[0.576075, 0.597817, 0.0881944, 0.116799]",79483
2650,00:44:10,Frazier,1,0.950773,"[0.576959, 0.596207, 0.0865308, 0.118572]",79526
2651,00:44:11,Frazier,1,0.946507,"[0.577388, 0.594129, 0.085597, 0.12334]",79532
2652,00:44:12,Frazier,1,0.924528,"[0.568154, 0.601016, 0.0960102, 0.11104]",79589
2653,00:44:13,Frazier,1,0.929879,"[0.568724, 0.602178, 0.0955986, 0.109073]",79591
2654,00:44:14,Frazier,1,0.914034,"[0.568544, 0.604447, 0.0951569, 0.10573]",79648
2655,00:44:15,Frazier,1,0.915954,"[0.568714, 0.605962, 0.0947664, 0.103401]",79655
2656,00:44:16,Frazier,1,0.900975,"[0.566086, 0.610973, 0.0995371, 0.0949368]",79685
2657,00:44:17,Frazier,1,0.894836,"[0.56305, 0.618761, 0.0999122, 0.0828814]",79716
2658,00:44:18,Frazier,1,0.868404,"[0.56475, 0.616514, 0.099095, 0.0873801]",79741
2662,00:44:22,Forceps,2,0.89643,"[0.543487, 0.551608, 0.16093, 0.177409]",79889
2663,00:44:23,Forceps,2,0.939675,"[0.553244, 0.573296, 0.134823, 0.163541]",79911
2664,00:44:24,Forceps,2,0.967823,"[0.578082, 0.583762, 0.0860059, 0.141639]",79948
2665,00:44:25,Forceps,2,0.961577,"[0.577822, 0.58604, 0.0861807, 0.137352]",79958
2666,00:44:26,Forceps,2,0.950887,"[0.576271, 0.588156, 0.0865368, 0.135561]",79990
2667,00:44:27,Forceps,2,0.938273,"[0.576032, 0.586445, 0.0865543, 0.137226]",80014
2668,00:44:28,Forceps,2,0.947476,"[0.576753, 0.581179, 0.0890901, 0.145419]",80060
2669,00:44:29,Forceps,2,0.911942,"[0.558786, 0.589343, 0.125333, 0.133644]",80099
2670,00:44:30,Forceps,2,0.915174,"[0.55255, 0.601201, 0.136191, 0.118482]",80128
2671,00:44:31,Forceps,2,0.921593,"[0.574526, 0.582617, 0.0908125, 0.143475]",80159
2672,00:44:32,Forceps,2,0.95893,"[0.577934, 0.585345, 0.0853424, 0.139996]",80174
2673,00:44:33,Forceps,2,0.941848,"[0.577095, 0.588215, 0.0861364, 0.133753]",80196
2674,00:44:34,Forceps,2,0.913937,"[0.554617, 0.591606, 0.132136, 0.12862]",80235
2675,00:44:35,Forceps,2,0.939497,"[0.575169, 0.58674, 0.0909239, 0.136661]",80266
2676,00:44:36,Forceps,2,0.917869,"[0.574097, 0.589905, 0.0897554, 0.129552]",80291
2677,00:44:37,Forceps,2,0.909719,"[0.55153, 0.602663, 0.133867, 0.114962]",80322
2678,00:44:38,Forceps,2,0.917043,"[0.552151, 0.59262, 0.136967, 0.129287]",80361
2679,00:44:39,Forceps,2,0.910486,"[0.560133, 0.593534, 0.123562, 0.122713]",80376
2680,00:44:40,Forceps,2,0.923119,"[0.553592, 0.592406, 0.138383, 0.132965]",80418
2681,00:44:41,Forceps,2,0.902154,"[0.561776, 0.599029, 0.119664, 0.116091]",80452
2682,00:44:42,Forceps,2,0.916158,"[0.555187, 0.591763, 0.129605, 0.128717]",80480
2683,00:44:43,Forceps,2,0.907583,"[0.559246, 0.59462, 0.122662, 0.121378]",80490
2684,00:44:44,Forceps,2,0.918862,"[0.553673, 0.593021, 0.135653, 0.129354]",80547
2685,00:44:45,Forceps,2,0.916306,"[0.554457, 0.593494, 0.135212, 0.127643]",80550
2686,00:44:46,Forceps,2,0.921553,"[0.552045, 0.592401, 0.139228, 0.131926]",80600
2687,00:44:47,Forceps,2,0.90779,"[0.559721, 0.595754, 0.123888, 0.121661]",80616
2688,00:44:48,Forceps,2,0.918675,"[0.551525, 0.595927, 0.138339, 0.128877]",80660
2689,00:44:49,Forceps,2,0.911793,"[0.555646, 0.594597, 0.12936, 0.12713]",80670
2690,00:44:50,Forceps,2,0.920333,"[0.553441, 0.589133, 0.135906, 0.138096]",80729
2691,00:44:51,Forceps,2,0.920256,"[0.552978, 0.588412, 0.135905, 0.138892]",80732
2692,00:44:52,Forceps,2,0.916121,"[0.577837, 0.587445, 0.0837121, 0.132426]",80778
2693,00:44:53,Forceps,2,0.916451,"[0.551289, 0.590064, 0.135989, 0.137719]",80814
2694,00:44:54,Forceps,2,0.924068,"[0.54403, 0.571174, 0.152141, 0.163876]",80830
2702,00:45:02,Microdebrider,3,0.880497,"[0.53367, 0.55941, 0.183808, 0.183241]",81088
2703,00:45:03,Microdebrider,3,0.936981,"[0.556233, 0.546828, 0.127157, 0.217836]",81108
2704,00:45:04,Microdebrider,3,0.936375,"[0.560305, 0.549621, 0.119318, 0.215035]",81122
2705,00:45:05,Microdebrider,3,0.930728,"[0.560161, 0.567277, 0.116995, 0.186052]",81150
2706,00:45:06,Microdebrider,3,0.928398,"[0.557281, 0.574793, 0.121501, 0.176205]",81199
2707,00:45:07,Microdebrider,3,0.929943,"[0.560428, 0.565954, 0.115506, 0.192247]",81213
2708,00:45:08,Microdebrider,3,0.923084,"[0.554437, 0.576248, 0.127387, 0.169365]",81265
2709,00:45:09,Microdebrider,3,0.923154,"[0.553689, 0.576073, 0.127473, 0.17092]",81278
2710,00:45:10,Microdebrider,3,0.919957,"[0.550925, 0.576118, 0.133207, 0.169577]",81311
2711,00:45:11,Microdebrider,3,0.91931,"[0.550564, 0.572776, 0.133718, 0.177339]",81354
2712,00:45:12,Microdebrider,3,0.917927,"[0.553848, 0.576331, 0.127435, 0.17018]",81365
2713,00:45:13,Microdebrider,3,0.92741,"[0.547231, 0.573552, 0.139213, 0.172761]",81397
2714,00:45:14,Microdebrider,3,0.917542,"[0.550939, 0.572307, 0.13252, 0.178971]",81445
2715,00:45:15,Microdebrider,3,0.920364,"[0.55755, 0.567961, 0.119326, 0.188094]",81478
2716,00:45:16,Microdebrider,3,0.917216,"[0.554236, 0.569183, 0.126223, 0.186129]",81480
2717,00:45:17,Microdebrider,3,0.921265,"[0.549579, 0.572057, 0.13472, 0.179211]",81539
2718,00:45:18,Microdebrider,3,0.92309,"[0.549053, 0.573375, 0.134799, 0.176822]",81540
2719,00:45:19,Microdebrider,3,0.922778,"[0.547642, 0.571386, 0.135478, 0.179448]",81581
2720,00:45:20,Microdebrider,3,0.919109,"[0.550309, 0.573166, 0.13104, 0.175631]",81629
2721,00:45:21,Microdebrider,3,0.916947,"[0.550454, 0.570941, 0.131009, 0.180793]",81631
2722,00:45:22,Microdebrider,3,0.910428,"[0.556256, 0.57125, 0.121364, 0.184348]",81661
2723,00:45:23,Microdebrider,3,0.913312,"[0.553529, 0.572733, 0.126069, 0.178431]",81703
2724,00:45:24,Microdebrider,3,0.909192,"[0.554039, 0.571686, 0.125813, 0.182334]",81722
2725,00:45:25,Microdebrider,3,0.917341,"[0.553449, 0.566435, 0.12496, 0.186973]",81779
2726,00:45:26,Microdebrider,3,0.927608,"[0.553835, 0.560327, 0.126551, 0.196706]",81782
2747,00:45:47,Frazier,1,0.911334,"[0.549778, 0.580381, 0.140204, 0.1464]",82439
2748,00:45:48,Frazier,1,0.953204,"[0.575741, 0.57753, 0.0902405, 0.151904]",82467
2749,00:45:49,Frazier,1,0.958412,"[0.578851, 0.578543, 0.085192, 0.151558]",82479
2750,00:45:50,Frazier,1,0.928896,"[0.562977, 0.597475, 0.1088, 0.118131]",82515
2751,00:45:51,Frazier,1,0.949555,"[0.568038, 0.587537, 0.0983046, 0.134864]",82548
2752,00:45:52,Frazier,1,0.946494,"[0.575203, 0.578623, 0.0906298, 0.149968]",82588
2753,00:45:53,Frazier,1,0.961637,"[0.575906, 0.581213, 0.0879835, 0.143364]",82606
2754,00:45:54,Frazier,1,0.951541,"[0.575955, 0.58477, 0.0889357, 0.136244]",82625
2755,00:45:55,Frazier,1,0.952825,"[0.574889, 0.595995, 0.0874513, 0.116202]",82665
2756,00:45:56,Frazier,1,0.947969,"[0.571526, 0.59838, 0.091687, 0.112013]",82693
2757,00:45:57,Frazier,1,0.926456,"[0.569082, 0.602422, 0.0957291, 0.106811]",82713
2758,00:45:58,Frazier,1,0.914844,"[0.568393, 0.604209, 0.0976866, 0.106767]",82760
2759,00:45:59,Frazier,1,0.92993,"[0.571235, 0.595497, 0.0948986, 0.117447]",82798
2760,00:46:00,Frazier,1,0.93514,"[0.571154, 0.606439, 0.0932388, 0.103087]",82816
2761,00:46:01,Frazier,1,0.945702,"[0.576697, 0.584296, 0.0878941, 0.138124]",82857
2762,00:46:02,Frazier,1,0.952559,"[0.575872, 0.585969, 0.089493, 0.137376]",82886
2763,00:46:03,Frazier,1,0.960961,"[0.584298, 0.587514, 0.0750327, 0.134439]",82912
2764,00:46:04,Frazier,1,0.963199,"[0.585541, 0.58381, 0.0728691, 0.143669]",82945
2765,00:46:05,Frazier,1,0.964888,"[0.586002, 0.5715, 0.0715392, 0.163452]",82958
2766,00:46:06,Frazier,1,0.952648,"[0.576599, 0.572175, 0.0874407, 0.157252]",83000
2767,00:46:07,Frazier,1,0.954339,"[0.582609, 0.582856, 0.0743931, 0.143345]",83023
2768,00:46:08,Frazier,1,0.954545,"[0.583393, 0.582259, 0.0754708, 0.143381]",83046
2769,00:46:09,Frazier,1,0.960027,"[0.585859, 0.586181, 0.072373, 0.138548]",83079
2770,00:46:10,Frazier,1,0.951511,"[0.578741, 0.586139, 0.0825493, 0.138099]",83119
2772,00:46:12,Frazier,1,0.819978,"[0.549291, 0.597674, 0.136559, 0.11816]",83189
2773,00:46:13,Frazier,1,0.940368,"[0.577208, 0.562053, 0.0875533, 0.182492]",83206
2774,00:46:14,Frazier,1,0.944747,"[0.579802, 0.577839, 0.081114, 0.152128]",83236
2775,00:46:15,Frazier,1,0.946495,"[0.583471, 0.583396, 0.0732208, 0.141511]",83253
2776,00:46:16,Frazier,1,0.948292,"[0.584627, 0.573936, 0.0725688, 0.159475]",83301
2777,00:46:17,Frazier,1,0.952176,"[0.585329, 0.577267, 0.0720483, 0.152959]",83322
2778,00:46:18,Frazier,1,0.954193,"[0.585842, 0.582726, 0.0745121, 0.141502]",83356
2782,00:46:22,Forceps,2,0.862122,"[0.544763, 0.50547, 0.128968, 0.113657]",83487
2783,00:46:23,Forceps,2,0.930235,"[0.562723, 0.572272, 0.113024, 0.163941]",83506
2784,00:46:24,Forceps,2,0.937257,"[0.579149, 0.578761, 0.0830803, 0.153417]",83521
2785,00:46:25,Forceps,2,0.926475,"[0.585719, 0.578665, 0.0710908, 0.153689]",83571
2786,00:46:26,Forceps,2,0.942292,"[0.587402, 0.587753, 0.0664356, 0.13734]",83590
2787,00:46:27,Forceps,2,0.898061,"[0.590006, 0.57588, 0.0625457, 0.158832]",83635
2788,00:46:28,Forceps,2,0.93754,"[0.572925, 0.583721, 0.098407, 0.137644]",83658
2789,00:46:29,Forceps,2,0.910929,"[0.583649, 0.57246, 0.0725934, 0.165854]",83676
2790,00:46:30,Forceps,2,0.907859,"[0.559822, 0.577194, 0.122711, 0.156394]",83700
2791,00:46:31,Forceps,2,0.878263,"[0.568925, 0.551099, 0.107119, 0.207883]",83757
2792,00:46:32,Forceps,2,0.905678,"[0.566491, 0.574466, 0.109381, 0.156514]",83769
2793,00:46:33,Forceps,2,0.898842,"[0.588503, 0.57325, 0.0628937, 0.163255]",83807
2794,00:46:34,Forceps,2,0.913637,"[0.59103, 0.567364, 0.0588104, 0.176835]",83838
2795,00:46:35,Forceps,2,0.915952,"[0.589439, 0.575348, 0.0616682, 0.159083]",83851
2796,00:46:36,Forceps,2,0.899795,"[0.590362, 0.581678, 0.0612932, 0.149608]",83908
2797,00:46:37,Forceps,2,0.916584,"[0.588898, 0.579491, 0.0629832, 0.151586]",83926
2798,00:46:38,Forceps,2,0.934634,"[0.559008, 0.555834, 0.124358, 0.193103]",83956
2832,00:47:12,Microdebrider,3,0.935992,"[0.553303, 0.542994, 0.134935, 0.225541]",84986
2833,00:47:13,Microdebrider,3,0.940646,"[0.559711, 0.540315, 0.119424, 0.230869]",84995
2834,00:47:14,Microdebrider,3,0.935371,"[0.562648, 0.553961, 0.110754, 0.207131]",85037
2835,00:47:15,Microdebrider,3,0.933288,"[0.559638, 0.55387, 0.11539, 0.208919]",85061
2836,00:47:16,Microdebrider,3,0.929698,"[0.55877, 0.558038, 0.11739, 0.203966]",85084
2837,00:47:17,Microdebrider,3,0.923108,"[0.556, 0.5668, 0.118079, 0.188375]",85120
2838,00:47:18,Microdebrider,3,0.924979,"[0.554983, 0.560545, 0.121925, 0.197709]",85162
2839,00:47:19,Microdebrider,3,0.927236,"[0.561179, 0.567404, 0.113597, 0.188235]",85192
2840,00:47:20,Microdebrider,3,0.929262,"[0.559299, 0.552094, 0.116342, 0.212708]",85228
2841,00:47:21,Microdebrider,3,0.930461,"[0.55913, 0.552366, 0.117484, 0.212256]",85234
2842,00:47:22,Microdebrider,3,0.93129,"[0.559887, 0.556598, 0.115262, 0.203856]",85262
2843,00:47:23,Microdebrider,3,0.932405,"[0.559238, 0.557138, 0.117457, 0.20344]",85294
2844,00:47:24,Microdebrider,3,0.926922,"[0.559238, 0.566036, 0.114303, 0.189602]",85323
2845,00:47:25,Microdebrider,3,0.921476,"[0.554268, 0.561886, 0.125573, 0.197873]",85368
2846,00:47:26,Microdebrider,3,0.918379,"[0.55233, 0.564304, 0.127576, 0.19228]",85406
2847,00:47:27,Microdebrider,3,0.919932,"[0.549001, 0.559301, 0.13206, 0.199004]",85429
2848,00:47:28,Microdebrider,3,0.918117,"[0.545597, 0.570061, 0.139296, 0.183891]",85442
2849,00:47:29,Microdebrider,3,0.918538,"[0.545175, 0.56688, 0.140842, 0.188374]",85484
2850,00:47:30,Microdebrider,3,0.920708,"[0.546479, 0.56665, 0.137479, 0.187216]",85500
2851,00:47:31,Microdebrider,3,0.897664,"[0.539163, 0.584169, 0.148451, 0.149036]",85558
2852,00:47:32,Microdebrider,3,0.91666,"[0.540328, 0.577724, 0.145259, 0.167926]",85585
2853,00:47:33,Microdebrider,3,0.916814,"[0.54376, 0.566968, 0.139376, 0.186005]",85600
2854,00:47:34,Microdebrider,3,0.828417,"[0.535751, 0.543011, 0.159659, 0.226849]",85621
2863,00:47:43,Freer,4,0.911648,"[0.588765, 0.558178, 0.0606064, 0.198941]",85915
2864,00:47:44,Freer,4,0.945731,"[0.587707, 0.577373, 0.0706384, 0.161215]",85928
2865,00:47:45,Freer,4,0.932101,"[0.584967, 0.589208, 0.0766935, 0.145106]",85951
2866,00:47:46,Freer,4,0.928083,"[0.580794, 0.593444, 0.081741, 0.13728]",85985
2867,00:47:47,Freer,4,0.911125,"[0.58033, 0.596131, 0.0807806, 0.135295]",86015
2868,00:47:48,Freer,4,0.913522,"[0.585634, 0.590797, 0.0708727, 0.144764]",86069
2869,00:47:49,Freer,4,0.917487,"[0.585857, 0.591023, 0.0708361, 0.14424]",86070
2870,00:47:50,Freer,4,0.902107,"[0.583596, 0.595435, 0.0765522, 0.136623]",86127
2871,00:47:51,Freer,4,0.921202,"[0.587713, 0.574871, 0.0715609, 0.167855]",86140
2876,00:47:56,Forceps,2,0.867238,"[0.511777, 0.499246, 0.131331, 0.174667]",86308
2877,00:47:57,Forceps,2,0.927091,"[0.543783, 0.56235, 0.156733, 0.181383]",86327
2878,00:47:58,Forceps,2,0.925846,"[0.557264, 0.572048, 0.129205, 0.157876]",86343
2879,00:47:59,Forceps,2,0.923105,"[0.553307, 0.589417, 0.139228, 0.132918]",86375
2880,00:48:00,Forceps,2,0.921998,"[0.549175, 0.592698, 0.144498, 0.130324]",86429
2881,00:48:01,Forceps,2,0.922842,"[0.549733, 0.591427, 0.144018, 0.13232]",86432
2882,00:48:02,Forceps,2,0.913404,"[0.544183, 0.575471, 0.157074, 0.161409]",86489
2883,00:48:03,Forceps,2,0.915527,"[0.548228, 0.596385, 0.14341, 0.120528]",86513
2884,00:48:04,Forceps,2,0.910891,"[0.542577, 0.592177, 0.156503, 0.128133]",86541
2885,00:48:05,Forceps,2,0.928408,"[0.535368, 0.567561, 0.173704, 0.167791]",86551
2887,00:48:07,Forceps,2,0.910914,"[0.557527, 0.5738, 0.129049, 0.162036]",86636
2888,00:48:08,Forceps,2,0.904194,"[0.558159, 0.58488, 0.129691, 0.141537]",86669
2889,00:48:09,Forceps,2,0.911926,"[0.554657, 0.588152, 0.135615, 0.136747]",86680
2890,00:48:10,Forceps,2,0.874246,"[0.546606, 0.589055, 0.145367, 0.130046]",86700
2891,00:48:11,Forceps,2,0.903793,"[0.547816, 0.575389, 0.147235, 0.154726]",86738
2892,00:48:12,Forceps,2,0.890776,"[0.54724, 0.592933, 0.146674, 0.125103]",86760
2893,00:48:13,Forceps,2,0.908357,"[0.53871, 0.568766, 0.165792, 0.16022]",86799
2911,00:48:31,Microdebrider,3,0.89494,"[0.533407, 0.565136, 0.177464, 0.184382]",87357
2912,00:48:32,Microdebrider,3,0.939781,"[0.553309, 0.542338, 0.133381, 0.230356]",87364
2913,00:48:33,Microdebrider,3,0.930277,"[0.562883, 0.550279, 0.110622, 0.214643]",87402
2914,00:48:34,Microdebrider,3,0.932572,"[0.563361, 0.54433, 0.10974, 0.226874]",87435
2915,00:48:35,Microdebrider,3,0.930988,"[0.56389, 0.555581, 0.11138, 0.207162]",87479
2916,00:48:36,Microdebrider,3,0.932843,"[0.56293, 0.553492, 0.1107, 0.208389]",87499
2917,00:48:37,Microdebrider,3,0.930979,"[0.561169, 0.556082, 0.114038, 0.203539]",87539
2918,00:48:38,Microdebrider,3,0.933174,"[0.562319, 0.555385, 0.112246, 0.20463]",87544
2919,00:48:39,Microdebrider,3,0.926566,"[0.559096, 0.566174, 0.115106, 0.187312]",87577
2920,00:48:40,Microdebrider,3,0.922953,"[0.556455, 0.5689, 0.123238, 0.184481]",87627
2921,00:48:41,Microdebrider,3,0.919555,"[0.553715, 0.567515, 0.13053, 0.187523]",87655
2922,00:48:42,Microdebrider,3,0.917335,"[0.553628, 0.568528, 0.129703, 0.184276]",87660
2923,00:48:43,Microdebrider,3,0.927175,"[0.555556, 0.558406, 0.123852, 0.204802]",87712
2924,00:48:44,Microdebrider,3,0.92055,"[0.553219, 0.563905, 0.128283, 0.190699]",87746
2925,00:48:45,Microdebrider,3,0.930857,"[0.560513, 0.565377, 0.112461, 0.188748]",87779
2926,00:48:46,Microdebrider,3,0.931544,"[0.56055, 0.565845, 0.113662, 0.187761]",87786
2927,00:48:47,Microdebrider,3,0.931684,"[0.560144, 0.554279, 0.11203, 0.206563]",87827
2928,00:48:48,Microdebrider,3,0.928159,"[0.558849, 0.558069, 0.115268, 0.198407]",87844
2929,00:48:49,Microdebrider,3,0.94405,"[0.554283, 0.53088, 0.124555, 0.249473]",87898
2930,00:48:50,Microdebrider,3,0.907453,"[0.537915, 0.506835, 0.146611, 0.297205]",87902
2938,00:48:58,Forceps,2,0.822201,"[0.531935, 0.530183, 0.0948007, 0.110342]",88151
2939,00:48:59,Forceps,2,0.922646,"[0.583815, 0.536334, 0.0815531, 0.237952]",88191
2940,00:49:00,Forceps,2,0.937492,"[0.579332, 0.56045, 0.0842861, 0.188386]",88222
2941,00:49:01,Forceps,2,0.936401,"[0.579235, 0.563943, 0.0855491, 0.184151]",88230
2942,00:49:02,Forceps,2,0.943383,"[0.576733, 0.573129, 0.0898924, 0.164474]",88266
2943,00:49:03,Forceps,2,0.928876,"[0.575827, 0.573291, 0.089119, 0.163608]",88291
2948,00:49:08,Microdebrider,3,0.939278,"[0.555303, 0.540252, 0.129617, 0.233361]",88466
2949,00:49:09,Microdebrider,3,0.938434,"[0.565187, 0.540415, 0.108355, 0.230317]",88494
2950,00:49:10,Microdebrider,3,0.935954,"[0.565072, 0.543123, 0.109008, 0.225955]",88502
2951,00:49:11,Microdebrider,3,0.933968,"[0.562077, 0.553875, 0.115374, 0.204489]",88545
2952,00:49:12,Microdebrider,3,0.931563,"[0.560109, 0.552395, 0.118424, 0.207992]",88565
2953,00:49:13,Microdebrider,3,0.927062,"[0.555086, 0.556382, 0.12829, 0.201373]",88590
2954,00:49:14,Microdebrider,3,0.9204,"[0.548145, 0.56297, 0.137865, 0.191523]",88626
2955,00:49:15,Microdebrider,3,0.918585,"[0.54631, 0.561123, 0.145589, 0.19243]",88650
2956,00:49:16,Microdebrider,3,0.920869,"[0.54245, 0.546695, 0.150659, 0.222028]",88685
2963,00:49:23,Microdebrider,3,0.931632,"[0.551537, 0.538622, 0.135065, 0.236751]",88919
2964,00:49:24,Microdebrider,3,0.940561,"[0.555035, 0.538124, 0.126741, 0.238049]",88923
2965,00:49:25,Microdebrider,3,0.938683,"[0.565676, 0.53155, 0.108438, 0.248784]",88954
2966,00:49:26,Microdebrider,3,0.934642,"[0.565659, 0.536313, 0.105736, 0.241333]",88997
2967,00:49:27,Microdebrider,3,0.931337,"[0.566663, 0.536797, 0.104474, 0.240783]",89028
2968,00:49:28,Microdebrider,3,0.92827,"[0.570153, 0.54255, 0.0970409, 0.231389]",89069
2969,00:49:29,Microdebrider,3,0.936977,"[0.570855, 0.536849, 0.0968407, 0.241527]",89074
2970,00:49:30,Microdebrider,3,0.929162,"[0.564265, 0.542442, 0.106626, 0.233553]",89116
2971,00:49:31,Microdebrider,3,0.927513,"[0.565222, 0.542165, 0.105984, 0.233949]",89158
2972,00:49:32,Microdebrider,3,0.940255,"[0.564728, 0.533875, 0.104613, 0.245759]",89181
2973,00:49:33,Microdebrider,3,0.938682,"[0.563985, 0.539014, 0.107494, 0.23272]",89210
2974,00:49:34,Microdebrider,3,0.87244,"[0.530891, 0.525818, 0.174015, 0.236959]",89249
2975,00:49:35,Microdebrider,3,0.943815,"[0.554621, 0.530541, 0.125388, 0.247517]",89273
2976,00:49:36,Microdebrider,3,0.938128,"[0.561083, 0.528717, 0.114556, 0.251604]",89281
2977,00:49:37,Microdebrider,3,0.933722,"[0.562006, 0.533861, 0.112562, 0.243386]",89310
2978,00:49:38,Microdebrider,3,0.931866,"[0.567115, 0.537766, 0.105988, 0.242341]",89364
2979,00:49:39,Microdebrider,3,0.93128,"[0.567415, 0.540337, 0.105511, 0.238121]",89373
2980,00:49:40,Microdebrider,3,0.934165,"[0.565846, 0.537568, 0.107003, 0.241021]",89425
2981,00:49:41,Microdebrider,3,0.93306,"[0.566743, 0.538696, 0.106561, 0.238767]",89458
2982,00:49:42,Microdebrider,3,0.931594,"[0.570168, 0.539594, 0.0984986, 0.239199]",89471
2983,00:49:43,Microdebrider,3,0.931387,"[0.56552, 0.534381, 0.107953, 0.244874]",89491
2984,00:49:44,Microdebrider,3,0.925218,"[0.567357, 0.541261, 0.10288, 0.234376]",89539
2985,00:49:45,Microdebrider,3,0.936539,"[0.567764, 0.536132, 0.105186, 0.242594]",89578
2986,00:49:46,Microdebrider,3,0.935847,"[0.566974, 0.537768, 0.10646, 0.23936]",89587
2987,00:49:47,Microdebrider,3,0.931864,"[0.562717, 0.542859, 0.113599, 0.229881]",89639
2988,00:49:48,Microdebrider,3,0.931381,"[0.563077, 0.543175, 0.113014, 0.229356]",89640
2989,00:49:49,Microdebrider,3,0.945768,"[0.563384, 0.537406, 0.110627, 0.24029]",89690
2990,00:49:50,Microdebrider,3,0.938676,"[0.563959, 0.539119, 0.110237, 0.236824]",89708
2991,00:49:51,Microdebrider,3,0.937057,"[0.566126, 0.534189, 0.107547, 0.242771]",89750
2992,00:49:52,Microdebrider,3,0.932619,"[0.566809, 0.537378, 0.104985, 0.2387]",89764
2993,00:49:53,Microdebrider,3,0.93482,"[0.56464, 0.533728, 0.107509, 0.245076]",89808
2994,00:49:54,Microdebrider,3,0.934369,"[0.57038, 0.539019, 0.0985776, 0.235995]",89847
2995,00:49:55,Microdebrider,3,0.933923,"[0.567658, 0.537781, 0.10331, 0.236632]",89862
2996,00:49:56,Microdebrider,3,0.929355,"[0.575164, 0.542864, 0.0911249, 0.228642]",89880
2997,00:49:57,Microdebrider,3,0.926703,"[0.576537, 0.541485, 0.0884495, 0.231163]",89927
2998,00:49:58,Microdebrider,3,0.939528,"[0.574105, 0.533989, 0.0912367, 0.244751]",89941
2999,00:49:59,Microdebrider,3,0.935731,"[0.577162, 0.535813, 0.0847258, 0.241429]",89998
3000,00:50:00,Microdebrider,3,0.936846,"[0.576789, 0.534854, 0.0861136, 0.243186]",90000
3001,00:50:01,Microdebrider,3,0.953825,"[0.56091, 0.518538, 0.117529, 0.274333]",90059
3002,00:50:02,Microdebrider,3,0.955195,"[0.561138, 0.518547, 0.117102, 0.274409]",90060
3003,00:50:03,Microdebrider,3,0.942045,"[0.564122, 0.535746, 0.105061, 0.241241]",90099
3004,00:50:04,Microdebrider,3,0.941721,"[0.564837, 0.53569, 0.105523, 0.241638]",90125
3005,00:50:05,Microdebrider,3,0.939986,"[0.563986, 0.531389, 0.109076, 0.250888]",90164
3006,00:50:06,Microdebrider,3,0.932379,"[0.567403, 0.536206, 0.102608, 0.243144]",90180
3007,00:50:07,Microdebrider,3,0.938335,"[0.564307, 0.535779, 0.106747, 0.242047]",90236
3008,00:50:08,Microdebrider,3,0.929087,"[0.572469, 0.539348, 0.0924858, 0.234889]",90252
3009,00:50:09,Microdebrider,3,0.931976,"[0.57074, 0.537403, 0.0945673, 0.238684]",90287
3015,00:50:15,Forceps,2,0.927493,"[0.553345, 0.564846, 0.135837, 0.167044]",90478
3016,00:50:16,Forceps,2,0.94498,"[0.561715, 0.573217, 0.124096, 0.165301]",90501
3017,00:50:17,Forceps,2,0.918791,"[0.563015, 0.575948, 0.120194, 0.158639]",90510
3018,00:50:18,Forceps,2,0.92149,"[0.595653, 0.575341, 0.0571871, 0.157836]",90557
3019,00:50:19,Forceps,2,0.933175,"[0.576771, 0.585576, 0.09687, 0.134515]",90596
3020,00:50:20,Forceps,2,0.964344,"[0.574446, 0.59156, 0.10178, 0.122131]",90605
3021,00:50:21,Forceps,2,0.92592,"[0.570324, 0.591977, 0.107726, 0.123465]",90652
3022,00:50:22,Forceps,2,0.922821,"[0.55604, 0.576598, 0.132795, 0.157781]",90687
3023,00:50:23,Forceps,2,0.911971,"[0.571474, 0.578961, 0.100668, 0.146936]",90701
3025,00:50:25,Forceps,2,0.924731,"[0.558131, 0.564892, 0.133696, 0.170919]",90778
3026,00:50:26,Forceps,2,0.923249,"[0.559967, 0.568965, 0.126949, 0.170518]",90781
3027,00:50:27,Forceps,2,0.879677,"[0.575704, 0.574652, 0.0926856, 0.153557]",90811
3028,00:50:28,Forceps,2,0.898963,"[0.594642, 0.565129, 0.0549926, 0.180867]",90860
3029,00:50:29,Forceps,2,0.91678,"[0.595695, 0.575207, 0.0519708, 0.163443]",90886
3030,00:50:30,Forceps,2,0.9019,"[0.594781, 0.577, 0.0524947, 0.155848]",90905
3031,00:50:31,Forceps,2,0.900205,"[0.571957, 0.587146, 0.099395, 0.13159]",90934
3032,00:50:32,Forceps,2,0.933201,"[0.574067, 0.592118, 0.0993448, 0.118369]",90989
3033,00:50:33,Forceps,2,0.940623,"[0.571601, 0.593801, 0.103389, 0.118706]",90993
3034,00:50:34,Forceps,2,0.94619,"[0.572529, 0.586152, 0.100592, 0.130947]",91032
3035,00:50:35,Forceps,2,0.929609,"[0.573486, 0.596599, 0.100017, 0.110907]",91059
3036,00:50:36,Forceps,2,0.918045,"[0.576232, 0.57912, 0.0933935, 0.143738]",91087
3037,00:50:37,Forceps,2,0.937886,"[0.571372, 0.593077, 0.105051, 0.117964]",91125
3038,00:50:38,Forceps,2,0.925717,"[0.572591, 0.580011, 0.0995655, 0.141417]",91152
3039,00:50:39,Forceps,2,0.928885,"[0.573905, 0.595583, 0.0973419, 0.113089]",91190
3040,00:50:40,Forceps,2,0.897367,"[0.569745, 0.580071, 0.103517, 0.140743]",91206
3041,00:50:41,Forceps,2,0.86801,"[0.586004, 0.555894, 0.0702236, 0.193476]",91232
3044,00:50:44,Microdebrider,3,0.910042,"[0.539182, 0.523175, 0.17536, 0.253916]",91349
3045,00:50:45,Microdebrider,3,0.948021,"[0.555654, 0.531127, 0.135895, 0.249862]",91362
3046,00:50:46,Microdebrider,3,0.943723,"[0.573103, 0.53514, 0.0946202, 0.241214]",91384
3047,00:50:47,Microdebrider,3,0.942166,"[0.574725, 0.53654, 0.0919785, 0.240667]",91414
3048,00:50:48,Microdebrider,3,0.937321,"[0.57348, 0.528294, 0.0943012, 0.253239]",91469
3049,00:50:49,Microdebrider,3,0.939995,"[0.572906, 0.534051, 0.0947199, 0.243877]",91496
3050,00:50:50,Microdebrider,3,0.936205,"[0.566379, 0.538536, 0.10478, 0.234729]",91525
3051,00:50:51,Microdebrider,3,0.936939,"[0.56639, 0.535473, 0.103276, 0.239095]",91533
3052,00:50:52,Microdebrider,3,0.939316,"[0.571496, 0.534769, 0.0961277, 0.243511]",91589
3053,00:50:53,Microdebrider,3,0.940113,"[0.57238, 0.53588, 0.0938048, 0.241927]",91592
3054,00:50:54,Microdebrider,3,0.939067,"[0.572726, 0.537005, 0.094314, 0.240115]",91641
3055,00:50:55,Microdebrider,3,0.938868,"[0.57606, 0.53701, 0.0908819, 0.238389]",91674
3056,00:50:56,Microdebrider,3,0.937387,"[0.572987, 0.538976, 0.0952749, 0.234297]",91680
3057,00:50:57,Microdebrider,3,0.932511,"[0.565608, 0.533923, 0.107111, 0.2448]",91717
3058,00:50:58,Microdebrider,3,0.927908,"[0.568522, 0.533629, 0.101188, 0.245219]",91741
3059,00:50:59,Microdebrider,3,0.929286,"[0.557599, 0.53395, 0.120925, 0.249104]",91799
3060,00:51:00,Microdebrider,3,0.948229,"[0.559925, 0.518157, 0.114239, 0.278093]",91819
3061,00:51:01,Microdebrider,3,0.944095,"[0.559332, 0.522115, 0.117401, 0.269866]",91852
3062,00:51:02,Microdebrider,3,0.944228,"[0.560987, 0.518254, 0.118084, 0.277701]",91866
3063,00:51:03,Microdebrider,3,0.94095,"[0.558357, 0.531613, 0.12273, 0.251083]",91895
3064,00:51:04,Microdebrider,3,0.93725,"[0.557869, 0.532399, 0.119861, 0.249803]",91929
3065,00:51:05,Microdebrider,3,0.92096,"[0.567343, 0.531416, 0.102589, 0.250044]",91973
3066,00:51:06,Microdebrider,3,0.919719,"[0.567912, 0.531333, 0.101255, 0.250817]",91981
3067,00:51:07,Microdebrider,3,0.936681,"[0.563667, 0.531905, 0.108612, 0.248967]",92038
3068,00:51:08,Microdebrider,3,0.941591,"[0.559876, 0.52665, 0.117933, 0.258808]",92042
3069,00:51:09,Microdebrider,3,0.933591,"[0.561169, 0.53258, 0.113122, 0.24732]",92072
3074,00:51:14,Forceps,2,0.917111,"[0.544105, 0.551378, 0.15637, 0.202815]",92248
3075,00:51:15,Forceps,2,0.924529,"[0.548374, 0.562745, 0.148198, 0.182984]",92255
3076,00:51:16,Forceps,2,0.925909,"[0.595637, 0.568336, 0.0535171, 0.178006]",92306
3077,00:51:17,Forceps,2,0.920902,"[0.597624, 0.568616, 0.051976, 0.177388]",92311
3078,00:51:18,Forceps,2,0.935225,"[0.596799, 0.567073, 0.0520578, 0.175307]",92355
3079,00:51:19,Forceps,2,0.919838,"[0.567581, 0.591666, 0.11369, 0.128571]",92383
3080,00:51:20,Forceps,2,0.909537,"[0.567369, 0.571324, 0.111041, 0.160839]",92400
3081,00:51:21,Forceps,2,0.911463,"[0.567959, 0.570879, 0.111075, 0.162662]",92441
3083,00:51:23,Forceps,2,0.905348,"[0.579454, 0.564213, 0.0949427, 0.179626]",92504
3084,00:51:24,Forceps,2,0.898369,"[0.591459, 0.544628, 0.0669079, 0.217244]",92527
3085,00:51:25,Forceps,2,0.942839,"[0.555393, 0.572395, 0.134778, 0.160996]",92572
3086,00:51:26,Forceps,2,0.91323,"[0.596027, 0.578726, 0.0526679, 0.151536]",92606
3087,00:51:27,Forceps,2,0.925747,"[0.596501, 0.579478, 0.0510243, 0.149902]",92616
3088,00:51:28,Forceps,2,0.916939,"[0.576062, 0.586932, 0.092606, 0.132192]",92661
3089,00:51:29,Forceps,2,0.912014,"[0.587668, 0.576112, 0.0660734, 0.155595]",92672
3090,00:51:30,Forceps,2,0.944986,"[0.574616, 0.598484, 0.0983334, 0.111235]",92710
3091,00:51:31,Forceps,2,0.925021,"[0.562073, 0.571113, 0.124091, 0.159955]",92759
3092,00:51:32,Forceps,2,0.923016,"[0.560665, 0.563424, 0.126011, 0.172772]",92760
3094,00:51:34,Microdebrider,3,0.847275,"[0.530146, 0.563546, 0.190163, 0.178555]",92833
3095,00:51:35,Microdebrider,3,0.930482,"[0.562343, 0.52062, 0.108683, 0.260993]",92879
3096,00:51:36,Microdebrider,3,0.932719,"[0.567167, 0.530384, 0.102358, 0.247621]",92888
3097,00:51:37,Microdebrider,3,0.933147,"[0.571247, 0.527874, 0.098457, 0.25562]",92936
3098,00:51:38,Microdebrider,3,0.933308,"[0.571014, 0.52812, 0.0996073, 0.255079]",92940
3099,00:51:39,Microdebrider,3,0.936124,"[0.570722, 0.530789, 0.100248, 0.250269]",92995
3100,00:51:40,Microdebrider,3,0.941667,"[0.571872, 0.534822, 0.0967781, 0.243869]",93003
3101,00:51:41,Microdebrider,3,0.936261,"[0.569397, 0.538335, 0.104065, 0.236169]",93052
3102,00:51:42,Microdebrider,3,0.933459,"[0.571716, 0.542117, 0.0984301, 0.228739]",93062
3103,00:51:43,Microdebrider,3,0.931951,"[0.568257, 0.540551, 0.104766, 0.232331]",93116
3104,00:51:44,Microdebrider,3,0.930023,"[0.568455, 0.541445, 0.104208, 0.230856]",93120
3105,00:51:45,Microdebrider,3,0.937322,"[0.564632, 0.535879, 0.108091, 0.238921]",93154
3109,00:51:49,Microdebrider,3,0.940098,"[0.554753, 0.530406, 0.135409, 0.253933]",93299
3110,00:51:50,Microdebrider,3,0.943898,"[0.573469, 0.535131, 0.0944137, 0.241837]",93320
3111,00:51:51,Microdebrider,3,0.94247,"[0.573777, 0.532897, 0.0926289, 0.246162]",93332
3112,00:51:52,Microdebrider,3,0.934009,"[0.571119, 0.535033, 0.0966669, 0.243272]",93387
3113,00:51:53,Microdebrider,3,0.937196,"[0.574432, 0.535317, 0.0905916, 0.242052]",93400
3114,00:51:54,Microdebrider,3,0.939696,"[0.571143, 0.535152, 0.0949278, 0.242874]",93428
3115,00:51:55,Microdebrider,3,0.936125,"[0.574356, 0.533983, 0.0909235, 0.247078]",93475
3116,00:51:56,Microdebrider,3,0.934811,"[0.573946, 0.538393, 0.0915516, 0.236729]",93480
3117,00:51:57,Microdebrider,3,0.9411,"[0.571425, 0.537642, 0.097648, 0.236895]",93538
3118,00:51:58,Microdebrider,3,0.913302,"[0.569626, 0.529506, 0.100794, 0.249554]",93540
3125,00:52:05,Forceps,2,0.932747,"[0.552147, 0.565972, 0.141079, 0.179913]",93768
3126,00:52:06,Forceps,2,0.912475,"[0.569739, 0.574478, 0.111734, 0.156781]",93781
3127,00:52:07,Forceps,2,0.931454,"[0.59274, 0.577725, 0.06004, 0.156461]",93825
3128,00:52:08,Forceps,2,0.926651,"[0.583773, 0.576706, 0.0843767, 0.157594]",93853
3129,00:52:09,Forceps,2,0.906759,"[0.562721, 0.580466, 0.120116, 0.150606]",93890
3130,00:52:10,Forceps,2,0.912311,"[0.56464, 0.574931, 0.121871, 0.1612]",93902
3131,00:52:11,Forceps,2,0.929253,"[0.580816, 0.582676, 0.0893906, 0.145324]",93937
3132,00:52:12,Forceps,2,0.916474,"[0.564407, 0.572637, 0.121599, 0.163355]",93979
3133,00:52:13,Forceps,2,0.92149,"[0.598243, 0.580798, 0.0549563, 0.150316]",93999
3134,00:52:14,Forceps,2,0.90771,"[0.564465, 0.589329, 0.116659, 0.131909]",94048
3135,00:52:15,Forceps,2,0.912822,"[0.561925, 0.584905, 0.122887, 0.139561]",94065
3136,00:52:16,Forceps,2,0.90996,"[0.564744, 0.568271, 0.12063, 0.175443]",94088
3137,00:52:17,Forceps,2,0.940236,"[0.591166, 0.580526, 0.0660755, 0.147708]",94138
3138,00:52:18,Forceps,2,0.955906,"[0.588927, 0.586743, 0.0682149, 0.138138]",94149
3139,00:52:19,Forceps,2,0.966012,"[0.587, 0.588184, 0.0719278, 0.137156]",94178
3140,00:52:20,Forceps,2,0.867037,"[0.571808, 0.562015, 0.10135, 0.188476]",94200
3142,00:52:22,Frazier,1,0.931268,"[0.581631, 0.577967, 0.081189, 0.154593]",94289
3143,00:52:23,Frazier,1,0.948473,"[0.58699, 0.577682, 0.0704532, 0.148065]",94308
3144,00:52:24,Frazier,1,0.954221,"[0.586597, 0.578506, 0.0706476, 0.143765]",94322
3145,00:52:25,Frazier,1,0.963348,"[0.585679, 0.587784, 0.0714782, 0.135932]",94364
3146,00:52:26,Frazier,1,0.962034,"[0.588037, 0.58922, 0.0741117, 0.128791]",94392
3147,00:52:27,Frazier,1,0.956912,"[0.579008, 0.583327, 0.0857216, 0.141689]",94410
3148,00:52:28,Frazier,1,0.948933,"[0.575741, 0.581733, 0.0889047, 0.138895]",94467
3149,00:52:29,Frazier,1,0.968726,"[0.579095, 0.577246, 0.0833814, 0.153819]",94493
3150,00:52:30,Frazier,1,0.964943,"[0.579166, 0.577499, 0.0831478, 0.1528]",94529
3151,00:52:31,Frazier,1,0.961761,"[0.580319, 0.589396, 0.080854, 0.133576]",94559
3152,00:52:32,Frazier,1,0.96139,"[0.578458, 0.589602, 0.0832836, 0.134229]",94563
3153,00:52:33,Frazier,1,0.964292,"[0.578837, 0.573317, 0.0842671, 0.159279]",94604
3154,00:52:34,Frazier,1,0.960907,"[0.579196, 0.58498, 0.0833077, 0.140198]",94639
3162,00:52:42,Forceps,2,0.925972,"[0.545192, 0.571297, 0.156588, 0.165857]",94878
3163,00:52:43,Forceps,2,0.919902,"[0.553974, 0.575644, 0.134969, 0.158488]",94894
3164,00:52:44,Forceps,2,0.910744,"[0.56223, 0.587177, 0.121259, 0.139791]",94949
3165,00:52:45,Forceps,2,0.916096,"[0.560508, 0.586777, 0.123396, 0.140532]",94951
3166,00:52:46,Forceps,2,0.918245,"[0.55743, 0.589282, 0.131875, 0.136053]",95000
3167,00:52:47,Forceps,2,0.916058,"[0.559914, 0.588131, 0.126333, 0.138835]",95019
3168,00:52:48,Forceps,2,0.939854,"[0.558618, 0.575826, 0.127586, 0.162098]",95049
3169,00:52:49,Forceps,2,0.928579,"[0.554919, 0.587711, 0.134121, 0.13794]",95078
3170,00:52:50,Forceps,2,0.928658,"[0.561348, 0.575145, 0.121772, 0.164296]",95121
3171,00:52:51,Forceps,2,0.934744,"[0.555986, 0.573383, 0.132595, 0.164506]",95147
3172,00:52:52,Forceps,2,0.925521,"[0.558858, 0.570946, 0.127822, 0.17128]",95165
3173,00:52:53,Forceps,2,0.933033,"[0.564951, 0.545383, 0.113709, 0.222674]",95203
3174,00:52:54,Forceps,2,0.932716,"[0.556828, 0.559492, 0.131089, 0.19069]",95229
3175,00:52:55,Forceps,2,0.912074,"[0.57336, 0.544482, 0.0965483, 0.223681]",95257
3176,00:52:56,Forceps,2,0.898988,"[0.568365, 0.546136, 0.108235, 0.219341]",95307
3177,00:52:57,Forceps,2,0.898216,"[0.570135, 0.546861, 0.103649, 0.218621]",95315
3178,00:52:58,Forceps,2,0.925629,"[0.563053, 0.555972, 0.120325, 0.192456]",95360
3179,00:52:59,Forceps,2,0.915594,"[0.566487, 0.574436, 0.113138, 0.157207]",95375
3180,00:53:00,Forceps,2,0.934092,"[0.556571, 0.559978, 0.136888, 0.180513]",95412
3185,00:53:05,Frazier,1,0.939566,"[0.569632, 0.570194, 0.0999212, 0.163662]",95579
3186,00:53:06,Frazier,1,0.945774,"[0.578064, 0.568455, 0.0856107, 0.169486]",95583
3187,00:53:07,Frazier,1,0.951068,"[0.578051, 0.570847, 0.0881207, 0.161666]",95615
3188,00:53:08,Frazier,1,0.948047,"[0.577366, 0.580249, 0.0863806, 0.143398]",95640
3189,00:53:09,Frazier,1,0.960127,"[0.585574, 0.57428, 0.0720152, 0.156652]",95694
3190,00:53:10,Frazier,1,0.95542,"[0.580442, 0.582005, 0.0833922, 0.143368]",95709
3191,00:53:11,Frazier,1,0.943695,"[0.580708, 0.584016, 0.0814482, 0.142381]",95730
3192,00:53:12,Frazier,1,0.952087,"[0.579292, 0.594646, 0.0857449, 0.123885]",95777
3193,00:53:13,Frazier,1,0.91864,"[0.568022, 0.604994, 0.0985876, 0.103463]",95791
3194,00:53:14,Frazier,1,0.905495,"[0.563852, 0.613395, 0.103386, 0.0935341]",95829
3195,00:53:15,Frazier,1,0.913122,"[0.562768, 0.61085, 0.106072, 0.0956923]",95878
3196,00:53:16,Frazier,1,0.896039,"[0.562461, 0.61298, 0.106811, 0.0916494]",95880
3197,00:53:17,Frazier,1,0.841061,"[0.55544, 0.613387, 0.122781, 0.0852467]",95936
3198,00:53:18,Frazier,1,0.861685,"[0.557673, 0.611085, 0.120713, 0.0945392]",95969
3199,00:53:19,Frazier,1,0.860425,"[0.560001, 0.612459, 0.114721, 0.0923205]",95976
3200,00:53:20,Frazier,1,0.796386,"[0.556033, 0.635645, 0.122992, 0.0582209]",96007
3203,00:53:23,Forceps,2,0.932963,"[0.543093, 0.566855, 0.153272, 0.163495]",96118
3204,00:53:24,Forceps,2,0.931145,"[0.556497, 0.564667, 0.130997, 0.172614]",96148
3205,00:53:25,Forceps,2,0.9294,"[0.556355, 0.570184, 0.130853, 0.161682]",96152
3206,00:53:26,Forceps,2,0.912529,"[0.557158, 0.588604, 0.131996, 0.133625]",96209
3207,00:53:27,Forceps,2,0.911163,"[0.557462, 0.58906, 0.131469, 0.132299]",96210
3208,00:53:28,Forceps,2,0.915782,"[0.554831, 0.588136, 0.137595, 0.136128]",96268
3209,00:53:29,Forceps,2,0.917595,"[0.553627, 0.590557, 0.140452, 0.132319]",96273
3210,00:53:30,Forceps,2,0.910438,"[0.552043, 0.596425, 0.140356, 0.125273]",96301
3211,00:53:31,Forceps,2,0.905469,"[0.560269, 0.591513, 0.126592, 0.128772]",96348
3212,00:53:32,Forceps,2,0.908251,"[0.556045, 0.583638, 0.136563, 0.145988]",96377
3213,00:53:33,Forceps,2,0.910152,"[0.55606, 0.589231, 0.134677, 0.132533]",96402
3214,00:53:34,Forceps,2,0.909337,"[0.555203, 0.589807, 0.137118, 0.13279]",96440
3215,00:53:35,Forceps,2,0.908036,"[0.55298, 0.598855, 0.142109, 0.118836]",96467
3216,00:53:36,Forceps,2,0.901913,"[0.548744, 0.589153, 0.150615, 0.134547]",96497
3217,00:53:37,Forceps,2,0.880539,"[0.551105, 0.58695, 0.144969, 0.137634]",96539
3218,00:53:38,Forceps,2,0.909941,"[0.554519, 0.59402, 0.1392, 0.126214]",96549
3219,00:53:39,Forceps,2,0.902443,"[0.557018, 0.59212, 0.134537, 0.130499]",96570
3220,00:53:40,Forceps,2,0.901973,"[0.551284, 0.593594, 0.142199, 0.126168]",96601
3221,00:53:41,Forceps,2,0.915492,"[0.555161, 0.595704, 0.137218, 0.122273]",96655
3222,00:53:42,Forceps,2,0.904754,"[0.553545, 0.596373, 0.14124, 0.118423]",96661
3223,00:53:43,Forceps,2,0.934038,"[0.555349, 0.568708, 0.135093, 0.168623]",96710
3224,00:53:44,Forceps,2,0.934316,"[0.558313, 0.570254, 0.12829, 0.163099]",96722
3225,00:53:45,Forceps,2,0.914748,"[0.557839, 0.577417, 0.130607, 0.150829]",96764
3226,00:53:46,Forceps,2,0.927866,"[0.557249, 0.570623, 0.130246, 0.163295]",96809
3227,00:53:47,Forceps,2,0.931803,"[0.555309, 0.565997, 0.132872, 0.171362]",96811
3231,00:53:51,Microdebrider,3,0.917266,"[0.544168, 0.535479, 0.165461, 0.226001]",96957
3232,00:53:52,Microdebrider,3,0.943659,"[0.553142, 0.522427, 0.144094, 0.26335]",96989
3233,00:53:53,Microdebrider,3,0.94361,"[0.55454, 0.526418, 0.142194, 0.254957]",96992
3234,00:53:54,Microdebrider,3,0.934757,"[0.555278, 0.542839, 0.131996, 0.225322]",97039
3235,00:53:55,Microdebrider,3,0.941911,"[0.559319, 0.536154, 0.124638, 0.239669]",97059
3236,00:53:56,Microdebrider,3,0.928459,"[0.552123, 0.556253, 0.139686, 0.201244]",97080
3237,00:53:57,Microdebrider,3,0.924406,"[0.549425, 0.557874, 0.144513, 0.199585]",97135
3238,00:53:58,Microdebrider,3,0.922789,"[0.5503, 0.563532, 0.142613, 0.189655]",97141
3239,00:53:59,Microdebrider,3,0.919913,"[0.546018, 0.569856, 0.144246, 0.17818]",97182
3240,00:54:00,Microdebrider,3,0.922012,"[0.547506, 0.566698, 0.142759, 0.184699]",97222
3241,00:54:01,Microdebrider,3,0.920692,"[0.549381, 0.565999, 0.140195, 0.186159]",97236
3242,00:54:02,Microdebrider,3,0.918439,"[0.548694, 0.569692, 0.142916, 0.179371]",97260
3243,00:54:03,Microdebrider,3,0.924151,"[0.55102, 0.55799, 0.138288, 0.200571]",97317
3244,00:54:04,Microdebrider,3,0.929618,"[0.554573, 0.557974, 0.132028, 0.202475]",97335
3245,00:54:05,Microdebrider,3,0.924276,"[0.553412, 0.557599, 0.13387, 0.202767]",97366
3246,00:54:06,Microdebrider,3,0.922222,"[0.550975, 0.562426, 0.134388, 0.192775]",97394
3247,00:54:07,Microdebrider,3,0.918933,"[0.550899, 0.559526, 0.138416, 0.198478]",97437
3248,00:54:08,Microdebrider,3,0.91833,"[0.55088, 0.56014, 0.138054, 0.197244]",97440
3249,00:54:09,Microdebrider,3,0.921969,"[0.550875, 0.557562, 0.139556, 0.202139]",97493
3250,00:54:10,Microdebrider,3,0.924215,"[0.548575, 0.570063, 0.139036, 0.178973]",97524
3251,00:54:11,Microdebrider,3,0.926731,"[0.54881, 0.569422, 0.135287, 0.179769]",97553
3252,00:54:12,Microdebrider,3,0.926451,"[0.549314, 0.559057, 0.134298, 0.197816]",97584
3263,00:54:23,Microdebrider,3,0.902861,"[0.52216, 0.575342, 0.182634, 0.164981]",97915
3264,00:54:24,Microdebrider,3,0.922885,"[0.535744, 0.551931, 0.153682, 0.210839]",97949
3265,00:54:25,Microdebrider,3,0.926625,"[0.534271, 0.55135, 0.151044, 0.210805]",97978
3266,00:54:26,Microdebrider,3,0.929051,"[0.534204, 0.551973, 0.151684, 0.209724]",98001
3267,00:54:27,Microdebrider,3,0.928343,"[0.534128, 0.552936, 0.150541, 0.207189]",98012
3268,00:54:28,Microdebrider,3,0.923036,"[0.535715, 0.567261, 0.140038, 0.179626]",98044
3269,00:54:29,Microdebrider,3,0.925526,"[0.538452, 0.577823, 0.150162, 0.168891]",98080
3270,00:54:30,Microdebrider,3,0.924762,"[0.537979, 0.578742, 0.149855, 0.167539]",98101
3271,00:54:31,Microdebrider,3,0.915488,"[0.538487, 0.576451, 0.149592, 0.170416]",98139
3272,00:54:32,Microdebrider,3,0.907249,"[0.537371, 0.582735, 0.157535, 0.156149]",98172
3273,00:54:33,Microdebrider,3,0.912591,"[0.538176, 0.57881, 0.154338, 0.166467]",98212
3274,00:54:34,Microdebrider,3,0.902849,"[0.534743, 0.594037, 0.16371, 0.13298]",98248
3275,00:54:35,Microdebrider,3,0.902984,"[0.534622, 0.593622, 0.16346, 0.133485]",98250
3276,00:54:36,Microdebrider,3,0.899697,"[0.533873, 0.595526, 0.165552, 0.131667]",98280
3277,00:54:37,Microdebrider,3,0.900446,"[0.535108, 0.590902, 0.161743, 0.14011]",98334
3278,00:54:38,Microdebrider,3,0.906264,"[0.53353, 0.596926, 0.164512, 0.128133]",98344
3279,00:54:39,Microdebrider,3,0.907274,"[0.535366, 0.58275, 0.158718, 0.152812]",98387
3280,00:54:40,Microdebrider,3,0.88433,"[0.532828, 0.602127, 0.164168, 0.117855]",98400
3281,00:54:41,Microdebrider,3,0.919555,"[0.538748, 0.582941, 0.150286, 0.156095]",98457
3282,00:54:42,Microdebrider,3,0.90866,"[0.533049, 0.595666, 0.156436, 0.12888]",98482
3283,00:54:43,Microdebrider,3,0.887452,"[0.531462, 0.601129, 0.1598, 0.119817]",98492
3284,00:54:44,Microdebrider,3,0.853176,"[0.525723, 0.615181, 0.159263, 0.100625]",98532
3285,00:54:45,Microdebrider,3,0.858881,"[0.531422, 0.600834, 0.147563, 0.128084]",98579
3286,00:54:46,Microdebrider,3,0.904046,"[0.536429, 0.590557, 0.156087, 0.14061]",98592
3287,00:54:47,Microdebrider,3,0.904083,"[0.537652, 0.59316, 0.152645, 0.135222]",98615
3288,00:54:48,Microdebrider,3,0.90565,"[0.535617, 0.591913, 0.158107, 0.136836]",98649
3289,00:54:49,Microdebrider,3,0.924547,"[0.545592, 0.5652, 0.141447, 0.187776]",98695
3290,00:54:50,Microdebrider,3,0.924384,"[0.540581, 0.576127, 0.14729, 0.170703]",98720
3291,00:54:51,Microdebrider,3,0.91154,"[0.540359, 0.582304, 0.152263, 0.154541]",98730
3292,00:54:52,Microdebrider,3,0.908015,"[0.540143, 0.583396, 0.152181, 0.151142]",98763
3293,00:54:53,Microdebrider,3,0.931678,"[0.540975, 0.577286, 0.147718, 0.165807]",98810
3294,00:54:54,Microdebrider,3,0.914514,"[0.540267, 0.582117, 0.149645, 0.152664]",98845
3295,00:54:55,Microdebrider,3,0.918444,"[0.540213, 0.581356, 0.14891, 0.158954]",98861
3296,00:54:56,Microdebrider,3,0.931452,"[0.538382, 0.577975, 0.149411, 0.164441]",98908
3297,00:54:57,Microdebrider,3,0.932088,"[0.538804, 0.577859, 0.149179, 0.164848]",98914
3298,00:54:58,Microdebrider,3,0.91631,"[0.540899, 0.580348, 0.148322, 0.158273]",98953
3299,00:54:59,Microdebrider,3,0.914433,"[0.540695, 0.580151, 0.147565, 0.161074]",98996
3300,00:55:00,Microdebrider,3,0.92777,"[0.542555, 0.576114, 0.144143, 0.170588]",99004
3320,00:55:20,Microdebrider,3,0.931805,"[0.546942, 0.543435, 0.149302, 0.227694]",99625
3321,00:55:21,Microdebrider,3,0.937423,"[0.552837, 0.546724, 0.139019, 0.221316]",99639
3322,00:55:22,Microdebrider,3,0.920961,"[0.5456, 0.559403, 0.149297, 0.198321]",99660
3323,00:55:23,Microdebrider,3,0.916011,"[0.546268, 0.570275, 0.143856, 0.180537]",99718
3324,00:55:24,Microdebrider,3,0.917434,"[0.547315, 0.570619, 0.143158, 0.17891]",99721
3325,00:55:25,Microdebrider,3,0.91799,"[0.5462, 0.565605, 0.140892, 0.189701]",99777
3326,00:55:26,Microdebrider,3,0.918822,"[0.547817, 0.562729, 0.142088, 0.19416]",99781
3327,00:55:27,Microdebrider,3,0.901579,"[0.533324, 0.592331, 0.167778, 0.139719]",99810
3328,00:55:28,Microdebrider,3,0.908588,"[0.53338, 0.581606, 0.166269, 0.162136]",99855
3329,00:55:29,Microdebrider,3,0.903821,"[0.527211, 0.598827, 0.170576, 0.133301]",99891
3330,00:55:30,Microdebrider,3,0.890385,"[0.528636, 0.591673, 0.174262, 0.144258]",99906
3331,00:55:31,Microdebrider,3,0.885145,"[0.529052, 0.593036, 0.169158, 0.141717]",99936
3332,00:55:32,Microdebrider,3,0.846219,"[0.521261, 0.60778, 0.178383, 0.117995]",99989
3333,00:55:33,Microdebrider,3,0.917767,"[0.534282, 0.579562, 0.15902, 0.163029]",100017
3334,00:55:34,Microdebrider,3,0.927587,"[0.534726, 0.573113, 0.162755, 0.168439]",100025
3335,00:55:35,Microdebrider,3,0.890075,"[0.534029, 0.593049, 0.158919, 0.139945]",100050
3336,00:55:36,Microdebrider,3,0.902917,"[0.536784, 0.584388, 0.154327, 0.152911]",100109
3337,00:55:37,Microdebrider,3,0.920046,"[0.5399, 0.574603, 0.148864, 0.168581]",100120
3338,00:55:38,Microdebrider,3,0.920817,"[0.538045, 0.57173, 0.156759, 0.173778]",100146
3339,00:55:39,Microdebrider,3,0.917222,"[0.541152, 0.574523, 0.151362, 0.174064]",100172
3340,00:55:40,Microdebrider,3,0.921238,"[0.537286, 0.575303, 0.158525, 0.167149]",100204
3341,00:55:41,Microdebrider,3,0.915285,"[0.536602, 0.569623, 0.156305, 0.177448]",100257
3342,00:55:42,Microdebrider,3,0.940857,"[0.564943, 0.538043, 0.106244, 0.239168]",100288
3343,00:55:43,Microdebrider,3,0.938339,"[0.565538, 0.534829, 0.104248, 0.246565]",100290
3344,00:55:44,Microdebrider,3,0.936649,"[0.5662, 0.541417, 0.104284, 0.231541]",100337
3345,00:55:45,Microdebrider,3,0.934284,"[0.56976, 0.539556, 0.0990522, 0.235682]",100350
3346,00:55:46,Microdebrider,3,0.929323,"[0.570368, 0.542397, 0.0964201, 0.231025]",100387
3347,00:55:47,Microdebrider,3,0.938408,"[0.572068, 0.535094, 0.0937536, 0.24436]",100434
3348,00:55:48,Microdebrider,3,0.939175,"[0.573602, 0.534775, 0.0912798, 0.243897]",100462
3349,00:55:49,Microdebrider,3,0.930502,"[0.570477, 0.542757, 0.0965013, 0.229684]",100470
3350,00:55:50,Microdebrider,3,0.92276,"[0.569264, 0.544849, 0.0989336, 0.225293]",100523
3351,00:55:51,Microdebrider,3,0.928963,"[0.566897, 0.543157, 0.105062, 0.228752]",100543
3352,00:55:52,Microdebrider,3,0.926079,"[0.571034, 0.547367, 0.0963913, 0.221309]",100589
3353,00:55:53,Microdebrider,3,0.927099,"[0.572393, 0.546122, 0.0935862, 0.222926]",100595
3354,00:55:54,Microdebrider,3,0.926155,"[0.575362, 0.555799, 0.0897245, 0.204854]",100647
3355,00:55:55,Microdebrider,3,0.927613,"[0.573968, 0.543873, 0.0915611, 0.229715]",100659
3356,00:55:56,Microdebrider,3,0.930484,"[0.570542, 0.544507, 0.097427, 0.227353]",100698
3357,00:55:57,Microdebrider,3,0.931466,"[0.56993, 0.542107, 0.0987968, 0.231928]",100727
3358,00:55:58,Microdebrider,3,0.932817,"[0.570479, 0.544083, 0.0969185, 0.227336]",100765
3359,00:55:59,Microdebrider,3,0.938899,"[0.560618, 0.532924, 0.121431, 0.247321]",100778
3364,00:56:04,Microdebrider,3,0.910511,"[0.544889, 0.537789, 0.154901, 0.239679]",100949
3365,00:56:05,Microdebrider,3,0.950468,"[0.557328, 0.533974, 0.131955, 0.245924]",100952
3366,00:56:06,Microdebrider,3,0.942232,"[0.573824, 0.533109, 0.0959844, 0.246381]",101006
3367,00:56:07,Microdebrider,3,0.938173,"[0.572917, 0.536105, 0.0934805, 0.242065]",101010
3368,00:56:08,Microdebrider,3,0.928908,"[0.578016, 0.537038, 0.0846125, 0.241872]",101051
3369,00:56:09,Microdebrider,3,0.935344,"[0.570062, 0.539449, 0.10004, 0.234426]",101074
3370,00:56:10,Microdebrider,3,0.931254,"[0.572064, 0.54333, 0.0961843, 0.228042]",101110
3371,00:56:11,Microdebrider,3,0.940377,"[0.573494, 0.534838, 0.0937139, 0.243428]",101134
3372,00:56:12,Microdebrider,3,0.940493,"[0.572265, 0.533636, 0.096282, 0.245109]",101168
3373,00:56:13,Microdebrider,3,0.940507,"[0.571763, 0.533314, 0.0973931, 0.246925]",101202
3374,00:56:14,Microdebrider,3,0.939747,"[0.571551, 0.53522, 0.0973677, 0.243779]",101231
3375,00:56:15,Microdebrider,3,0.938673,"[0.571515, 0.536676, 0.0966503, 0.24191]",101253
3380,00:56:20,Microdebrider,3,0.88936,"[0.530263, 0.555455, 0.18413, 0.204214]",101426
3381,00:56:21,Microdebrider,3,0.943229,"[0.558613, 0.533285, 0.126568, 0.248902]",101436
3382,00:56:22,Microdebrider,3,0.934561,"[0.570394, 0.539882, 0.099527, 0.233738]",101478
3383,00:56:23,Microdebrider,3,0.921723,"[0.572812, 0.553083, 0.0928282, 0.212715]",101515
3384,00:56:24,Microdebrider,3,0.921318,"[0.573107, 0.555654, 0.0911875, 0.208548]",101546
3385,00:56:25,Microdebrider,3,0.93184,"[0.570773, 0.541166, 0.095362, 0.233039]",101575
3386,00:56:26,Microdebrider,3,0.932121,"[0.565489, 0.537661, 0.105244, 0.239453]",101592
3387,00:56:27,Microdebrider,3,0.929599,"[0.575717, 0.538383, 0.0853281, 0.238502]",101617
3388,00:56:28,Microdebrider,3,0.921419,"[0.580266, 0.544755, 0.0805573, 0.22648]",101640
3389,00:56:29,Microdebrider,3,0.93481,"[0.57124, 0.538918, 0.095171, 0.23674]",101682
3390,00:56:30,Microdebrider,3,0.935352,"[0.573364, 0.538173, 0.0906744, 0.238114]",101728
3391,00:56:31,Microdebrider,3,0.935015,"[0.572496, 0.539695, 0.0928794, 0.235449]",101730
3392,00:56:32,Microdebrider,3,0.927302,"[0.570264, 0.541531, 0.0958807, 0.23167]",101760
3393,00:56:33,Microdebrider,3,0.92935,"[0.565312, 0.555403, 0.108066, 0.205148]",101809
3394,00:56:34,Microdebrider,3,0.928821,"[0.566722, 0.556719, 0.106073, 0.20013]",101827
3395,00:56:35,Microdebrider,3,0.933162,"[0.566092, 0.539765, 0.10541, 0.235176]",101870
3396,00:56:36,Microdebrider,3,0.92757,"[0.569849, 0.544963, 0.0975628, 0.226751]",101880
3397,00:56:37,Microdebrider,3,0.934195,"[0.567366, 0.5379, 0.103154, 0.239169]",101933
3398,00:56:38,Microdebrider,3,0.93909,"[0.569902, 0.535272, 0.098763, 0.242967]",101962
3399,00:56:39,Microdebrider,3,0.933563,"[0.570157, 0.538666, 0.0975338, 0.236968]",101975
3400,00:56:40,Microdebrider,3,0.934931,"[0.565662, 0.535355, 0.105912, 0.244201]",102001
3401,00:56:41,Microdebrider,3,0.930792,"[0.573828, 0.53282, 0.0917154, 0.247038]",102040
3402,00:56:42,Microdebrider,3,0.924136,"[0.578909, 0.546066, 0.0820572, 0.221869]",102079
3403,00:56:43,Microdebrider,3,0.937488,"[0.573766, 0.532757, 0.0917669, 0.248485]",102114
3404,00:56:44,Microdebrider,3,0.932972,"[0.573992, 0.538257, 0.0904618, 0.238097]",102120
3405,00:56:45,Microdebrider,3,0.930338,"[0.567977, 0.53434, 0.100918, 0.245053]",102176
3406,00:56:46,Microdebrider,3,0.936408,"[0.574928, 0.531253, 0.0901418, 0.251021]",102187
3407,00:56:47,Microdebrider,3,0.938639,"[0.575684, 0.532745, 0.0881205, 0.247234]",102234
3408,00:56:48,Microdebrider,3,0.944358,"[0.566638, 0.524955, 0.105529, 0.261628]",102254
3415,00:56:55,Forceps,2,0.910761,"[0.541542, 0.559633, 0.164155, 0.189372]",102478
3416,00:56:56,Forceps,2,0.922819,"[0.556523, 0.558513, 0.131425, 0.191631]",102500
3417,00:56:57,Forceps,2,0.894367,"[0.569393, 0.581512, 0.103342, 0.146291]",102519
3418,00:56:58,Forceps,2,0.913794,"[0.557459, 0.579248, 0.130272, 0.153129]",102568
3419,00:56:59,Forceps,2,0.913057,"[0.558888, 0.577108, 0.12824, 0.156839]",102580
3420,00:57:00,Forceps,2,0.908265,"[0.564526, 0.580914, 0.11728, 0.147257]",102600
3421,00:57:01,Forceps,2,0.91363,"[0.55737, 0.590574, 0.126865, 0.130943]",102657
3422,00:57:02,Forceps,2,0.931654,"[0.553284, 0.57312, 0.135097, 0.164564]",102688
3423,00:57:03,Forceps,2,0.930094,"[0.554399, 0.574762, 0.13267, 0.160902]",102690
3424,00:57:04,Forceps,2,0.895109,"[0.566758, 0.585823, 0.110126, 0.1389]",102720
3425,00:57:05,Forceps,2,0.910634,"[0.586761, 0.588297, 0.0709642, 0.137943]",102755
3426,00:57:06,Forceps,2,0.926762,"[0.55776, 0.566935, 0.129426, 0.178869]",102806
3427,00:57:07,Forceps,2,0.915035,"[0.552516, 0.559707, 0.138752, 0.194665]",102810
3433,00:57:13,Frazier,1,0.808619,"[0.553306, 0.599767, 0.129549, 0.116476]",103017
3434,00:57:14,Frazier,1,0.938769,"[0.586476, 0.578587, 0.0729061, 0.145446]",103037
3435,00:57:15,Frazier,1,0.924169,"[0.579943, 0.586656, 0.0811619, 0.136498]",103071
3436,00:57:16,Frazier,1,0.943599,"[0.58585, 0.587323, 0.0715045, 0.13464]",103086
3437,00:57:17,Frazier,1,0.94237,"[0.580081, 0.594508, 0.0830339, 0.123938]",103122
3438,00:57:18,Frazier,1,0.949193,"[0.586172, 0.585714, 0.0712159, 0.139367]",103147
3439,00:57:19,Frazier,1,0.951845,"[0.578933, 0.597712, 0.0826401, 0.121196]",103199
3440,00:57:20,Frazier,1,0.939752,"[0.57294, 0.596134, 0.0918615, 0.123679]",103206
3441,00:57:21,Frazier,1,0.940977,"[0.572009, 0.597522, 0.0954914, 0.120045]",103231
3442,00:57:22,Frazier,1,0.943603,"[0.57051, 0.596029, 0.0912633, 0.124301]",103288
3443,00:57:23,Frazier,1,0.94605,"[0.578649, 0.595218, 0.0822891, 0.126002]",103298
3444,00:57:24,Frazier,1,0.945163,"[0.578016, 0.598766, 0.0830446, 0.118546]",103322
3445,00:57:25,Frazier,1,0.940144,"[0.573124, 0.599404, 0.0904486, 0.114909]",103353
3446,00:57:26,Frazier,1,0.932777,"[0.579769, 0.594228, 0.0817656, 0.126421]",103392
3447,00:57:27,Frazier,1,0.918248,"[0.574531, 0.59657, 0.0885145, 0.123233]",103411
3448,00:57:28,Frazier,1,0.939667,"[0.575983, 0.59724, 0.0877649, 0.120787]",103457
3449,00:57:29,Frazier,1,0.934928,"[0.572102, 0.5908, 0.0932036, 0.132538]",103478
3450,00:57:30,Frazier,1,0.944307,"[0.569679, 0.596635, 0.0986761, 0.119945]",103512
3451,00:57:31,Frazier,1,0.91773,"[0.565514, 0.600811, 0.109198, 0.112296]",103537
3452,00:57:32,Frazier,1,0.950109,"[0.579105, 0.583414, 0.0835903, 0.144589]",103583
3453,00:57:33,Frazier,1,0.945802,"[0.596232, 0.574398, 0.0568038, 0.163346]",103597
3454,00:57:34,Frazier,1,0.941912,"[0.595168, 0.573401, 0.0570782, 0.167131]",103641
3455,00:57:35,Frazier,1,0.958106,"[0.594854, 0.579954, 0.0592596, 0.155155]",103658
3456,00:57:36,Frazier,1,0.952125,"[0.574688, 0.573467, 0.0870885, 0.161766]",103707
3457,00:57:37,Frazier,1,0.949583,"[0.577244, 0.573632, 0.0828149, 0.161641]",103719
3458,00:57:38,Frazier,1,0.932476,"[0.587629, 0.572038, 0.0662006, 0.168382]",103741
3459,00:57:39,Frazier,1,0.935042,"[0.583056, 0.582175, 0.0751314, 0.145436]",103796
3460,00:57:40,Frazier,1,0.947936,"[0.585704, 0.577558, 0.0716103, 0.153127]",103827
3461,00:57:41,Frazier,1,0.95261,"[0.58786, 0.579399, 0.0725237, 0.150497]",103840
3462,00:57:42,Frazier,1,0.928894,"[0.581262, 0.585347, 0.0802536, 0.141781]",103877
3463,00:57:43,Frazier,1,0.9411,"[0.580413, 0.594974, 0.0836577, 0.125443]",103897
3464,00:57:44,Frazier,1,0.933484,"[0.581043, 0.590845, 0.0836401, 0.128584]",103926
3465,00:57:45,Frazier,1,0.91823,"[0.580353, 0.594147, 0.0843803, 0.12334]",103959
3466,00:57:46,Frazier,1,0.911648,"[0.575493, 0.587207, 0.08727, 0.138593]",104008
3467,00:57:47,Frazier,1,0.917408,"[0.573968, 0.586182, 0.0890538, 0.140005]",104025
3470,00:57:50,Microdebrider,3,0.873373,"[0.524291, 0.559902, 0.192682, 0.193765]",104127
3471,00:57:51,Microdebrider,3,0.939786,"[0.556318, 0.530911, 0.125546, 0.251808]",104159
3472,00:57:52,Microdebrider,3,0.939982,"[0.555969, 0.530295, 0.125648, 0.253343]",104160
3473,00:57:53,Microdebrider,3,0.932573,"[0.569138, 0.52645, 0.102167, 0.259031]",104190
3474,00:57:54,Microdebrider,3,0.924556,"[0.568823, 0.524418, 0.102023, 0.264437]",104232
3475,00:57:55,Microdebrider,3,0.92046,"[0.567713, 0.526565, 0.102661, 0.261398]",104253
3476,00:57:56,Microdebrider,3,0.914355,"[0.566103, 0.528705, 0.103634, 0.260866]",104302
3477,00:57:57,Microdebrider,3,0.92121,"[0.568969, 0.536149, 0.0976303, 0.246705]",104337
3478,00:57:58,Microdebrider,3,0.92567,"[0.572169, 0.541834, 0.0921356, 0.234961]",104356
3479,00:57:59,Microdebrider,3,0.918788,"[0.571884, 0.549278, 0.0936641, 0.220962]",104388
3480,00:58:00,Microdebrider,3,0.932603,"[0.564686, 0.540302, 0.104276, 0.234206]",104420
3481,00:58:01,Microdebrider,3,0.927527,"[0.566023, 0.555091, 0.104326, 0.206216]",104452
3482,00:58:02,Microdebrider,3,0.933635,"[0.565406, 0.559303, 0.106361, 0.198632]",104487
3483,00:58:03,Microdebrider,3,0.932333,"[0.562471, 0.553713, 0.111193, 0.209735]",104519
3484,00:58:04,Microdebrider,3,0.930777,"[0.56274, 0.553601, 0.110389, 0.209424]",104521
3485,00:58:05,Microdebrider,3,0.92732,"[0.561122, 0.554959, 0.113748, 0.207542]",104568
3486,00:58:06,Microdebrider,3,0.923763,"[0.549103, 0.559211, 0.133773, 0.203041]",104609
3487,00:58:07,Microdebrider,3,0.928117,"[0.563367, 0.554457, 0.107538, 0.208455]",104639
3488,00:58:08,Microdebrider,3,0.930588,"[0.556114, 0.54719, 0.123819, 0.22571]",104669
3489,00:58:09,Microdebrider,3,0.937039,"[0.554189, 0.543715, 0.127498, 0.234843]",104674
3494,00:58:14,Microdebrider,3,0.894422,"[0.528247, 0.534697, 0.184933, 0.24303]",104847
3495,00:58:15,Microdebrider,3,0.944262,"[0.561129, 0.530524, 0.117807, 0.249471]",104875
3496,00:58:16,Microdebrider,3,0.940171,"[0.56475, 0.529675, 0.112432, 0.253597]",104881
3497,00:58:17,Microdebrider,3,0.93263,"[0.568249, 0.537101, 0.10635, 0.24028]",104917
3498,00:58:18,Microdebrider,3,0.933024,"[0.566295, 0.557852, 0.108219, 0.201295]",104957
3499,00:58:19,Microdebrider,3,0.927583,"[0.560112, 0.552467, 0.117437, 0.213431]",104976
3500,00:58:20,Microdebrider,3,0.936833,"[0.558587, 0.54033, 0.117562, 0.23696]",105022
3501,00:58:21,Microdebrider,3,0.926381,"[0.571904, 0.541841, 0.0939447, 0.232385]",105041
3502,00:58:22,Microdebrider,3,0.933507,"[0.565149, 0.532691, 0.105352, 0.248553]",105089
3503,00:58:23,Microdebrider,3,0.937996,"[0.574699, 0.53548, 0.0904512, 0.241946]",105119
3504,00:58:24,Microdebrider,3,0.93709,"[0.574579, 0.535007, 0.0901672, 0.242352]",105120
3505,00:58:25,Microdebrider,3,0.934006,"[0.57318, 0.534707, 0.0908911, 0.247346]",105176
3506,00:58:26,Microdebrider,3,0.934505,"[0.572874, 0.533541, 0.0909338, 0.248526]",105205
3507,00:58:27,Microdebrider,3,0.935662,"[0.564699, 0.531196, 0.107796, 0.250925]",105218
3508,00:58:28,Microdebrider,3,0.937191,"[0.574125, 0.534318, 0.0894099, 0.245853]",105250
3509,00:58:29,Microdebrider,3,0.938211,"[0.565307, 0.52468, 0.106051, 0.263777]",105299
3510,00:58:30,Microdebrider,3,0.94506,"[0.564788, 0.519042, 0.106064, 0.274551]",105327
3511,00:58:31,Microdebrider,3,0.935392,"[0.563823, 0.526362, 0.107558, 0.259807]",105330
3512,00:58:32,Microdebrider,3,0.941537,"[0.557895, 0.539, 0.119838, 0.238309]",105389
3513,00:58:33,Microdebrider,3,0.942693,"[0.554487, 0.537242, 0.127031, 0.243849]",105392
3514,00:58:34,Microdebrider,3,0.910572,"[0.542533, 0.56627, 0.148439, 0.186029]",105421
3515,00:58:35,Microdebrider,3,0.909998,"[0.530302, 0.574658, 0.177829, 0.178212]",105463
3516,00:58:36,Microdebrider,3,0.888899,"[0.531743, 0.576635, 0.169263, 0.172218]",105509
3517,00:58:37,Microdebrider,3,0.906532,"[0.532979, 0.56858, 0.169224, 0.183889]",105518
3529,00:58:49,Forceps,2,0.870016,"[0.526003, 0.526613, 0.113632, 0.138865]",105898
3530,00:58:50,Forceps,2,0.923986,"[0.552888, 0.577433, 0.141788, 0.156798]",105929
3531,00:58:51,Forceps,2,0.948074,"[0.554608, 0.570495, 0.134309, 0.169996]",105935
3532,00:58:52,Forceps,2,0.940906,"[0.575664, 0.584101, 0.0982085, 0.1391]",105980
3533,00:58:53,Forceps,2,0.955425,"[0.575848, 0.58756, 0.0976612, 0.134542]",106015
3534,00:58:54,Forceps,2,0.958504,"[0.575654, 0.587079, 0.0977264, 0.135299]",106021
3535,00:58:55,Forceps,2,0.9196,"[0.580359, 0.591387, 0.0866661, 0.127546]",106050
3536,00:58:56,Forceps,2,0.8663,"[0.584304, 0.59443, 0.0781986, 0.119841]",106095
3537,00:58:57,Forceps,2,0.88576,"[0.598328, 0.586982, 0.0481113, 0.136176]",106136
3538,00:58:58,Forceps,2,0.903836,"[0.583905, 0.585188, 0.0803267, 0.136827]",106148
3540,00:59:00,Forceps,2,0.933803,"[0.55275, 0.565325, 0.14424, 0.173406]",106228
3541,00:59:01,Forceps,2,0.933674,"[0.554297, 0.566918, 0.139399, 0.171202]",106230
3542,00:59:02,Forceps,2,0.91433,"[0.567322, 0.551164, 0.112053, 0.206042]",106263
3543,00:59:03,Forceps,2,0.889143,"[0.574992, 0.538164, 0.0927556, 0.239315]",106319
3544,00:59:04,Forceps,2,0.883402,"[0.576515, 0.539552, 0.0897522, 0.236098]",106320
3545,00:59:05,Forceps,2,0.855099,"[0.570422, 0.551552, 0.103994, 0.207465]",106378
3546,00:59:06,Forceps,2,0.898731,"[0.571871, 0.552064, 0.101031, 0.207041]",106383
3547,00:59:07,Forceps,2,0.895463,"[0.573758, 0.546357, 0.0988622, 0.220697]",106411
3562,00:59:22,Forceps,2,0.926763,"[0.549848, 0.574477, 0.145114, 0.163001]",106889
3563,00:59:23,Forceps,2,0.938205,"[0.554875, 0.575072, 0.136063, 0.161797]",106891
3564,00:59:24,Forceps,2,0.899866,"[0.594732, 0.590597, 0.0571521, 0.135082]",106948
3565,00:59:25,Forceps,2,0.915314,"[0.595939, 0.588103, 0.0533808, 0.136598]",106976
3566,00:59:26,Forceps,2,0.931708,"[0.575349, 0.599127, 0.0986428, 0.112423]",106998
3567,00:59:27,Forceps,2,0.949789,"[0.575801, 0.587434, 0.0978547, 0.131065]",107021
3568,00:59:28,Forceps,2,0.938131,"[0.571989, 0.584719, 0.104408, 0.135107]",107069
3569,00:59:29,Forceps,2,0.955871,"[0.572224, 0.587475, 0.103639, 0.130739]",107072
3570,00:59:30,Forceps,2,0.9362,"[0.573003, 0.596377, 0.104163, 0.124011]",107100
3571,00:59:31,Forceps,2,0.92797,"[0.573876, 0.590021, 0.0999411, 0.130481]",107154
3572,00:59:32,Forceps,2,0.925479,"[0.571169, 0.593026, 0.106509, 0.124567]",107160
3573,00:59:33,Forceps,2,0.922271,"[0.560539, 0.590435, 0.12518, 0.130626]",107194
3574,00:59:34,Forceps,2,0.913168,"[0.56952, 0.590837, 0.105865, 0.128942]",107220
3575,00:59:35,Forceps,2,0.919397,"[0.565956, 0.587167, 0.112014, 0.132995]",107269
3576,00:59:36,Forceps,2,0.911359,"[0.568556, 0.589456, 0.10693, 0.131751]",107297
3577,00:59:37,Forceps,2,0.916587,"[0.558328, 0.594607, 0.130888, 0.126391]",107325
3578,00:59:38,Forceps,2,0.925245,"[0.555008, 0.591625, 0.136557, 0.130847]",107359
3579,00:59:39,Forceps,2,0.924738,"[0.552617, 0.576771, 0.139324, 0.15832]",107381
3610,01:00:10,Frazier,1,0.817054,"[0.559232, 0.627012, 0.109642, 0.0668515]",108325
3611,01:00:11,Frazier,1,0.793489,"[0.565488, 0.625709, 0.103822, 0.0687194]",108332
3612,01:00:12,Frazier,1,0.843857,"[0.566328, 0.614054, 0.0983186, 0.091236]",108369
3613,01:00:13,Frazier,1,0.850155,"[0.562717, 0.608465, 0.108574, 0.0985636]",108401
3614,01:00:14,Frazier,1,0.795194,"[0.565712, 0.620135, 0.103958, 0.0802832]",108420
3626,01:00:26,Frazier,1,0.788689,"[0.580447, 0.631622, 0.0615056, 0.0475533]",108803
3627,01:00:27,Frazier,1,0.751942,"[0.589045, 0.629951, 0.0571106, 0.0481029]",108821
3628,01:00:28,Frazier,1,0.730791,"[0.589347, 0.633432, 0.0667885, 0.0436714]",108853
3629,01:00:29,Frazier,1,0.858806,"[0.575367, 0.613921, 0.0888893, 0.0881179]",108897
3630,01:00:30,Frazier,1,0.862962,"[0.569225, 0.597929, 0.0960875, 0.115449]",108914
3631,01:00:31,Frazier,1,0.861908,"[0.571629, 0.601135, 0.104411, 0.107563]",108941
3632,01:00:32,Frazier,1,0.911286,"[0.584641, 0.588408, 0.0736822, 0.137359]",108984
3633,01:00:33,Frazier,1,0.886002,"[0.580426, 0.587182, 0.0813695, 0.139024]",108990
3634,01:00:34,Frazier,1,0.837782,"[0.571798, 0.596023, 0.0963154, 0.124219]",109039
3635,01:00:35,Frazier,1,0.85416,"[0.56632, 0.587715, 0.116391, 0.124547]",109057
3640,01:00:40,Freer,4,0.919188,"[0.598077, 0.573051, 0.0490189, 0.168986]",109224
3641,01:00:41,Freer,4,0.908927,"[0.583014, 0.600342, 0.073686, 0.116887]",109254
3642,01:00:42,Freer,4,0.911297,"[0.5956, 0.572104, 0.0501894, 0.172456]",109283
3643,01:00:43,Freer,4,0.893976,"[0.58062, 0.594344, 0.0829815, 0.125339]",109317
3644,01:00:44,Freer,4,0.910977,"[0.576239, 0.601493, 0.0913113, 0.114493]",109340
3645,01:00:45,Freer,4,0.920036,"[0.589816, 0.576164, 0.0648783, 0.161082]",109359
3646,01:00:46,Freer,4,0.881245,"[0.579342, 0.600605, 0.0857163, 0.118228]",109382
3647,01:00:47,Freer,4,0.897357,"[0.594452, 0.572901, 0.0527757, 0.170362]",109438
3648,01:00:48,Freer,4,0.919365,"[0.58776, 0.568271, 0.0665228, 0.175215]",109448
3649,01:00:49,Freer,4,0.842771,"[0.59213, 0.563003, 0.0567855, 0.185793]",109479
3742,01:02:22,Frazier,1,0.790638,"[0.616063, 0.556296, 0.036091, 0.197791]",112283
3743,01:02:23,Frazier,1,0.769446,"[0.610495, 0.564105, 0.0351842, 0.187683]",112318
3744,01:02:24,Frazier,1,0.893841,"[0.594613, 0.573976, 0.0559475, 0.166108]",112342
3745,01:02:25,Frazier,1,0.881583,"[0.59659, 0.563178, 0.0469833, 0.181985]",112368
3746,01:02:26,Frazier,1,0.924541,"[0.594705, 0.579854, 0.0539958, 0.157888]",112409
3747,01:02:27,Frazier,1,0.911423,"[0.595052, 0.579913, 0.0528966, 0.15798]",112410
3748,01:02:28,Frazier,1,0.809587,"[0.636226, 0.562727, 0.0394711, 0.181119]",112450
3750,01:02:30,Frazier,1,0.822834,"[0.635706, 0.56339, 0.0420584, 0.185774]",112525
3751,01:02:31,Frazier,1,0.808874,"[0.633617, 0.565371, 0.0388224, 0.180057]",112533
3752,01:02:32,Frazier,1,0.864025,"[0.600613, 0.574525, 0.0430726, 0.167373]",112587
3753,01:02:33,Frazier,1,0.906482,"[0.598068, 0.578446, 0.0468906, 0.162662]",112597
3754,01:02:34,Frazier,1,0.849972,"[0.601688, 0.572739, 0.0434363, 0.172102]",112623
3755,01:02:35,Frazier,1,0.917413,"[0.596785, 0.584209, 0.0540437, 0.149494]",112679
3756,01:02:36,Frazier,1,0.930338,"[0.596655, 0.58403, 0.0532726, 0.150051]",112686
3757,01:02:37,Frazier,1,0.853753,"[0.605732, 0.573525, 0.0373739, 0.164329]",112737
3758,01:02:38,Frazier,1,0.880861,"[0.60626, 0.585719, 0.0422886, 0.148931]",112754
3759,01:02:39,Frazier,1,0.850579,"[0.605057, 0.577531, 0.0402138, 0.162482]",112779
3760,01:02:40,Frazier,1,0.840826,"[0.599041, 0.570465, 0.0453232, 0.173892]",112810
3761,01:02:41,Frazier,1,0.838195,"[0.604222, 0.563966, 0.0370964, 0.181807]",112843
3762,01:02:42,Frazier,1,0.934659,"[0.59467, 0.578982, 0.0554548, 0.158105]",112885
3763,01:02:43,Frazier,1,0.919818,"[0.593231, 0.583255, 0.057202, 0.149691]",112893
3764,01:02:44,Frazier,1,0.916306,"[0.592907, 0.584759, 0.057251, 0.146918]",112942
3765,01:02:45,Frazier,1,0.923939,"[0.595852, 0.579817, 0.0519831, 0.15644]",112977
3766,01:02:46,Frazier,1,0.925809,"[0.596219, 0.580636, 0.051991, 0.154539]",113006
3767,01:02:47,Frazier,1,0.923317,"[0.596091, 0.581354, 0.0520023, 0.153322]",113011
3768,01:02:48,Frazier,1,0.932113,"[0.597227, 0.580503, 0.051929, 0.157406]",113064
3769,01:02:49,Frazier,1,0.876847,"[0.599535, 0.577178, 0.0463047, 0.161288]",113070
3780,01:03:00,Frazier,1,0.758673,"[0.606402, 0.565312, 0.0373384, 0.188578]",113412
3781,01:03:01,Frazier,1,0.861457,"[0.600064, 0.575108, 0.04565, 0.165281]",113459
3782,01:03:02,Frazier,1,0.888457,"[0.599005, 0.577046, 0.0464293, 0.164366]",113467
3783,01:03:03,Frazier,1,0.868449,"[0.600516, 0.574829, 0.0425011, 0.167053]",113500
3784,01:03:04,Frazier,1,0.883367,"[0.597499, 0.576234, 0.046914, 0.163665]",113549
3785,01:03:05,Frazier,1,0.89334,"[0.595244, 0.576306, 0.0501199, 0.164335]",113578
3786,01:03:06,Frazier,1,0.886011,"[0.594513, 0.577348, 0.0517129, 0.16227]",113584
3787,01:03:07,Frazier,1,0.86711,"[0.588915, 0.586996, 0.0614944, 0.143304]",113635
3788,01:03:08,Frazier,1,0.898016,"[0.587464, 0.592347, 0.0639038, 0.132679]",113655
3789,01:03:09,Frazier,1,0.883612,"[0.593878, 0.575132, 0.052108, 0.167922]",113698
3790,01:03:10,Frazier,1,0.917403,"[0.594706, 0.568044, 0.0491209, 0.184688]",113706
3791,01:03:11,Frazier,1,0.907191,"[0.595511, 0.56976, 0.0476437, 0.180521]",113758
3792,01:03:12,Frazier,1,0.911417,"[0.595327, 0.569614, 0.0487957, 0.180179]",113762
3793,01:03:13,Frazier,1,0.882235,"[0.589883, 0.580235, 0.0604195, 0.156366]",113816
3794,01:03:14,Frazier,1,0.897286,"[0.590891, 0.579101, 0.0603083, 0.158222]",113844
3795,01:03:15,Frazier,1,0.89833,"[0.590922, 0.579462, 0.0596783, 0.157516]",113859
3796,01:03:16,Frazier,1,0.906653,"[0.588697, 0.588131, 0.0621491, 0.141736]",113899
3797,01:03:17,Frazier,1,0.889335,"[0.594298, 0.565654, 0.0507195, 0.184782]",113928
3798,01:03:18,Frazier,1,0.900917,"[0.595852, 0.577919, 0.0493257, 0.163261]",113966
3799,01:03:19,Frazier,1,0.90123,"[0.595934, 0.578367, 0.0497751, 0.161653]",113970
3800,01:03:20,Frazier,1,0.88754,"[0.586997, 0.586311, 0.0629235, 0.143073]",114029
3801,01:03:21,Frazier,1,0.900663,"[0.586972, 0.588704, 0.0629201, 0.139058]",114036
3802,01:03:22,Frazier,1,0.867355,"[0.592636, 0.584513, 0.0557634, 0.148299]",114087
3803,01:03:23,Frazier,1,0.85518,"[0.59044, 0.582179, 0.0590611, 0.151708]",114092
3804,01:03:24,Frazier,1,0.905578,"[0.587371, 0.586405, 0.0630354, 0.143483]",114126
3805,01:03:25,Frazier,1,0.854085,"[0.587452, 0.588006, 0.0644981, 0.139892]",114177
3806,01:03:26,Frazier,1,0.908676,"[0.595933, 0.576439, 0.0503893, 0.163024]",114186
3807,01:03:27,Frazier,1,0.907807,"[0.591148, 0.579179, 0.0598904, 0.158669]",114226
3808,01:03:28,Frazier,1,0.905363,"[0.590734, 0.581706, 0.0607492, 0.152223]",114242
3809,01:03:29,Frazier,1,0.911435,"[0.588742, 0.579308, 0.0605691, 0.155894]",114299
3810,01:03:30,Frazier,1,0.92195,"[0.588446, 0.579832, 0.0607922, 0.154478]",114310
3811,01:03:31,Frazier,1,0.910935,"[0.584946, 0.58018, 0.0642979, 0.153355]",114338
3812,01:03:32,Frazier,1,0.885012,"[0.591237, 0.573587, 0.0586906, 0.168623]",114384
3813,01:03:33,Frazier,1,0.77395,"[0.60152, 0.55525, 0.0387146, 0.20084]",114393
3828,01:03:48,Microdebrider,3,0.894998,"[0.587693, 0.508387, 0.0657728, 0.296831]",114868
3829,01:03:49,Microdebrider,3,0.89964,"[0.586547, 0.510094, 0.0693146, 0.294098]",114878
3830,01:03:50,Microdebrider,3,0.91039,"[0.584471, 0.515549, 0.0690479, 0.28625]",114926
3831,01:03:51,Microdebrider,3,0.909692,"[0.587424, 0.516821, 0.0653774, 0.287418]",114936
3832,01:03:52,Microdebrider,3,0.897031,"[0.587265, 0.502482, 0.0593179, 0.307809]",114987
3833,01:03:53,Microdebrider,3,0.90308,"[0.587853, 0.503186, 0.0551952, 0.306168]",114994
3834,01:03:54,Microdebrider,3,0.892701,"[0.587041, 0.503996, 0.0591171, 0.305726]",115040
3835,01:03:55,Microdebrider,3,0.904957,"[0.589172, 0.500058, 0.0580826, 0.314761]",115060
3836,01:03:56,Microdebrider,3,0.903925,"[0.5863, 0.505438, 0.0700543, 0.307601]",115108
3837,01:03:57,Microdebrider,3,0.901927,"[0.585971, 0.506751, 0.0716763, 0.304336]",115111
3838,01:03:58,Microdebrider,3,0.90477,"[0.581796, 0.518658, 0.0751434, 0.280035]",115169
3839,01:03:59,Microdebrider,3,0.918702,"[0.582124, 0.517983, 0.0741666, 0.28111]",115174
3840,01:04:00,Microdebrider,3,0.919951,"[0.579724, 0.518074, 0.0799366, 0.284228]",115227
3841,01:04:01,Microdebrider,3,0.920716,"[0.579951, 0.516981, 0.0789531, 0.286088]",115237
3842,01:04:02,Microdebrider,3,0.917057,"[0.582333, 0.513903, 0.0761471, 0.292623]",115289
3843,01:04:03,Microdebrider,3,0.925155,"[0.580649, 0.514038, 0.080135, 0.291956]",115294
3844,01:04:04,Microdebrider,3,0.903963,"[0.578572, 0.524594, 0.079224, 0.272275]",115321
3845,01:04:05,Microdebrider,3,0.923275,"[0.582076, 0.514335, 0.0799349, 0.290269]",115378
3846,01:04:06,Microdebrider,3,0.913863,"[0.580075, 0.513653, 0.0824668, 0.292441]",115380
3847,01:04:07,Microdebrider,3,0.896681,"[0.570447, 0.533548, 0.0893723, 0.250358]",115438
3848,01:04:08,Microdebrider,3,0.924728,"[0.580446, 0.506021, 0.0827471, 0.309953]",115450
3849,01:04:09,Microdebrider,3,0.919669,"[0.58042, 0.514602, 0.0813175, 0.289639]",115489
3850,01:04:10,Microdebrider,3,0.920527,"[0.57992, 0.517102, 0.0799818, 0.287376]",115514
3851,01:04:11,Microdebrider,3,0.929871,"[0.576504, 0.520842, 0.0827416, 0.27644]",115540
3852,01:04:12,Microdebrider,3,0.921415,"[0.568904, 0.529854, 0.0902931, 0.256364]",115583
3853,01:04:13,Microdebrider,3,0.942761,"[0.570983, 0.518282, 0.089923, 0.277471]",115605
3854,01:04:14,Microdebrider,3,0.944472,"[0.571798, 0.516012, 0.0868141, 0.281328]",115624
3855,01:04:15,Microdebrider,3,0.947855,"[0.571195, 0.509499, 0.0847138, 0.294348]",115676
3856,01:04:16,Microdebrider,3,0.936223,"[0.57294, 0.516821, 0.0874523, 0.281207]",115709
3857,01:04:17,Microdebrider,3,0.938359,"[0.567801, 0.51717, 0.0963043, 0.280382]",115714
3858,01:04:18,Microdebrider,3,0.940851,"[0.5693, 0.516177, 0.0897276, 0.283202]",115744
3859,01:04:19,Microdebrider,3,0.905907,"[0.584252, 0.50403, 0.0732298, 0.308206]",115770
3865,01:04:25,Frazier,1,0.786321,"[0.629243, 0.540409, 0.0356371, 0.24124]",115972
3866,01:04:26,Frazier,1,0.847145,"[0.640908, 0.549899, 0.0447301, 0.217149]",116006
3867,01:04:27,Frazier,1,0.87357,"[0.602958, 0.565316, 0.0442843, 0.185142]",116039
3868,01:04:28,Frazier,1,0.915785,"[0.598511, 0.566902, 0.0498683, 0.18983]",116069
3869,01:04:29,Frazier,1,0.921617,"[0.597743, 0.567577, 0.0502289, 0.18518]",116096
3870,01:04:30,Frazier,1,0.920751,"[0.598203, 0.569014, 0.0504082, 0.181908]",116101
3871,01:04:31,Frazier,1,0.892981,"[0.599123, 0.57151, 0.0493187, 0.176483]",116159
3872,01:04:32,Frazier,1,0.900225,"[0.599215, 0.570434, 0.0492817, 0.177039]",116184
3873,01:04:33,Frazier,1,0.894492,"[0.598338, 0.572186, 0.0484726, 0.17636]",116198
3874,01:04:34,Frazier,1,0.884875,"[0.59929, 0.574937, 0.0474762, 0.16724]",116249
3875,01:04:35,Frazier,1,0.896112,"[0.596758, 0.575686, 0.0505758, 0.167469]",116254
3876,01:04:36,Frazier,1,0.903534,"[0.595573, 0.573891, 0.0540623, 0.164575]",116280
3877,01:04:37,Frazier,1,0.884387,"[0.594233, 0.57803, 0.0552759, 0.159627]",116312
3878,01:04:38,Frazier,1,0.871808,"[0.591109, 0.581583, 0.058916, 0.156056]",116342
3879,01:04:39,Frazier,1,0.917043,"[0.59798, 0.577807, 0.0480803, 0.163094]",116388
3880,01:04:40,Frazier,1,0.869028,"[0.600875, 0.566175, 0.0462713, 0.183028]",116400
3882,01:04:42,Frazier,1,0.70993,"[0.603535, 0.546546, 0.0429198, 0.229251]",116460
3883,01:04:43,Frazier,1,0.830346,"[0.653038, 0.539605, 0.0425977, 0.250921]",116496
3884,01:04:44,Frazier,1,0.743394,"[0.605358, 0.565742, 0.0337914, 0.188538]",116529
3885,01:04:45,Frazier,1,0.711605,"[0.598578, 0.568959, 0.04454, 0.180857]",116576
3886,01:04:46,Frazier,1,0.762814,"[0.597545, 0.569545, 0.0462435, 0.180209]",116596
3891,01:04:51,Frazier,1,0.790726,"[0.605174, 0.567157, 0.0353026, 0.184599]",116754
3892,01:04:52,Frazier,1,0.794812,"[0.604865, 0.566402, 0.0368673, 0.182794]",116789
3893,01:04:53,Frazier,1,0.808628,"[0.60469, 0.567347, 0.0367224, 0.183218]",116808
3894,01:04:54,Frazier,1,0.782365,"[0.606821, 0.561789, 0.0333542, 0.192202]",116844
3895,01:04:55,Frazier,1,0.819235,"[0.60256, 0.566338, 0.0378339, 0.184786]",116859
3896,01:04:56,Frazier,1,0.804519,"[0.599304, 0.566016, 0.0408657, 0.183781]",116896
3897,01:04:57,Frazier,1,0.814638,"[0.603703, 0.566836, 0.0359011, 0.183335]",116919
3898,01:04:58,Frazier,1,0.814348,"[0.602877, 0.564775, 0.0357487, 0.184972]",116968
3899,01:04:59,Frazier,1,0.813462,"[0.598525, 0.564566, 0.0414574, 0.182401]",116987
3900,01:05:00,Frazier,1,0.808477,"[0.605248, 0.563081, 0.033143, 0.189369]",117024
3901,01:05:01,Frazier,1,0.734037,"[0.608, 0.557791, 0.030456, 0.200583]",117030
3902,01:05:02,Frazier,1,0.753406,"[0.608152, 0.556817, 0.0313039, 0.204812]",117084
3903,01:05:03,Frazier,1,0.783577,"[0.605916, 0.558928, 0.0342847, 0.204936]",117114
3904,01:05:04,Frazier,1,0.81706,"[0.604252, 0.564427, 0.035564, 0.189629]",117125
3905,01:05:05,Frazier,1,0.893064,"[0.594641, 0.5708, 0.0505661, 0.171081]",117172
3906,01:05:06,Frazier,1,0.896961,"[0.594865, 0.571587, 0.0497662, 0.170118]",117183
3910,01:05:10,Frazier,1,0.740202,"[0.627697, 0.526785, 0.0327768, 0.243069]",117320
3911,01:05:11,Frazier,1,0.833473,"[0.622625, 0.545789, 0.0331482, 0.224967]",117344
3912,01:05:12,Frazier,1,0.906167,"[0.596912, 0.567214, 0.04715, 0.177719]",117389
3913,01:05:13,Frazier,1,0.918707,"[0.594563, 0.574297, 0.051342, 0.165707]",117399
3914,01:05:14,Frazier,1,0.945846,"[0.594957, 0.57029, 0.0499622, 0.169502]",117447
3915,01:05:15,Frazier,1,0.941483,"[0.594912, 0.57041, 0.0499177, 0.1679]",117450
3916,01:05:16,Frazier,1,0.901355,"[0.593627, 0.578666, 0.0527837, 0.1573]",117509
3917,01:05:17,Frazier,1,0.916913,"[0.593045, 0.576313, 0.0529545, 0.158775]",117520
3918,01:05:18,Frazier,1,0.903515,"[0.591319, 0.576704, 0.0559757, 0.156991]",117541
3919,01:05:19,Frazier,1,0.897433,"[0.591411, 0.574079, 0.0560869, 0.16369]",117579
3920,01:05:20,Frazier,1,0.930297,"[0.592797, 0.57071, 0.0533751, 0.170109]",117620
3921,01:05:21,Frazier,1,0.90792,"[0.587592, 0.576501, 0.0624304, 0.161126]",117643
3922,01:05:22,Frazier,1,0.910014,"[0.588971, 0.576547, 0.0606534, 0.160557]",117681
3923,01:05:23,Frazier,1,0.905495,"[0.591222, 0.575592, 0.0571569, 0.159749]",117708
3924,01:05:24,Frazier,1,0.903353,"[0.588841, 0.577392, 0.0613003, 0.158648]",117733
3925,01:05:25,Frazier,1,0.911521,"[0.588131, 0.579029, 0.0612431, 0.156641]",117761
3926,01:05:26,Frazier,1,0.907968,"[0.586227, 0.576128, 0.0652763, 0.161226]",117797
3927,01:05:27,Frazier,1,0.880512,"[0.5895, 0.577117, 0.0605946, 0.156638]",117836
3928,01:05:28,Frazier,1,0.880139,"[0.588959, 0.573011, 0.0616437, 0.161723]",117856
3929,01:05:29,Frazier,1,0.866318,"[0.588563, 0.57143, 0.0622746, 0.166107]",117872
3930,01:05:30,Frazier,1,0.861659,"[0.588524, 0.568826, 0.0624674, 0.170072]",117929
3931,01:05:31,Frazier,1,0.877546,"[0.589181, 0.573181, 0.0615139, 0.163708]",117947
3932,01:05:32,Frazier,1,0.873123,"[0.589892, 0.573915, 0.0605125, 0.163549]",117985
3933,01:05:33,Frazier,1,0.885305,"[0.59289, 0.569264, 0.055072, 0.172389]",118013
3934,01:05:34,Frazier,1,0.883088,"[0.592361, 0.570331, 0.0558132, 0.169719]",118040
3935,01:05:35,Frazier,1,0.867814,"[0.592347, 0.57139, 0.0555606, 0.168169]",118079
3936,01:05:36,Frazier,1,0.913945,"[0.593648, 0.571528, 0.0525154, 0.167977]",118101
3937,01:05:37,Frazier,1,0.899878,"[0.592315, 0.572307, 0.0559677, 0.162803]",118136
3938,01:05:38,Frazier,1,0.896104,"[0.591954, 0.571934, 0.0565832, 0.165341]",118142
3939,01:05:39,Frazier,1,0.868487,"[0.591983, 0.570904, 0.0566071, 0.168851]",118174
3940,01:05:40,Frazier,1,0.863128,"[0.591797, 0.567815, 0.0565617, 0.17471]",118229
3941,01:05:41,Frazier,1,0.896965,"[0.5945, 0.56504, 0.0505669, 0.178756]",118249
3942,01:05:42,Frazier,1,0.90352,"[0.594858, 0.568346, 0.0500561, 0.173422]",118287
3943,01:05:43,Frazier,1,0.920968,"[0.595835, 0.567109, 0.0480815, 0.180285]",118318
3944,01:05:44,Frazier,1,0.909976,"[0.59683, 0.566424, 0.0463291, 0.181055]",118320
3945,01:05:45,Frazier,1,0.902503,"[0.596187, 0.570253, 0.0477451, 0.172087]",118378
3946,01:05:46,Frazier,1,0.91429,"[0.596338, 0.569139, 0.0479879, 0.173246]",118407
3947,01:05:47,Frazier,1,0.910525,"[0.596826, 0.569667, 0.0470429, 0.172817]",118410
3948,01:05:48,Frazier,1,0.910309,"[0.597073, 0.567495, 0.0458253, 0.1794]",118464
3949,01:05:49,Frazier,1,0.909267,"[0.598219, 0.56882, 0.0452002, 0.174517]",118490
3950,01:05:50,Frazier,1,0.904746,"[0.597968, 0.568401, 0.0461439, 0.173623]",118500
3951,01:05:51,Frazier,1,0.900092,"[0.596429, 0.568757, 0.0479079, 0.172475]",118533
3952,01:05:52,Frazier,1,0.887213,"[0.595594, 0.568133, 0.0482379, 0.171299]",118563
3953,01:05:53,Frazier,1,0.885605,"[0.595285, 0.567403, 0.0476435, 0.173558]",118614
3954,01:05:54,Frazier,1,0.878103,"[0.596126, 0.567584, 0.0475864, 0.172559]",118646
3955,01:05:55,Frazier,1,0.884826,"[0.595653, 0.567108, 0.0491699, 0.174283]",118668
3956,01:05:56,Frazier,1,0.872324,"[0.59606, 0.567282, 0.0488407, 0.174633]",118680
3957,01:05:57,Frazier,1,0.874196,"[0.594859, 0.566705, 0.0504693, 0.173544]",118713
3958,01:05:58,Frazier,1,0.901331,"[0.595207, 0.566881, 0.0500003, 0.175127]",118766
3959,01:05:59,Frazier,1,0.903279,"[0.595501, 0.568433, 0.050898, 0.174998]",118785
3960,01:06:00,Frazier,1,0.90012,"[0.596239, 0.569255, 0.0486478, 0.171996]",118827
3961,01:06:01,Frazier,1,0.901666,"[0.594874, 0.569345, 0.0522782, 0.172054]",118858
3962,01:06:02,Frazier,1,0.915852,"[0.595461, 0.568366, 0.0505528, 0.174743]",118889
3963,01:06:03,Frazier,1,0.917146,"[0.595558, 0.568188, 0.0502728, 0.175005]",118891
3964,01:06:04,Frazier,1,0.927341,"[0.596242, 0.564032, 0.0493973, 0.185643]",118948
3965,01:06:05,Frazier,1,0.926459,"[0.596365, 0.563844, 0.0485094, 0.184938]",118958
3966,01:06:06,Frazier,1,0.915933,"[0.595386, 0.564201, 0.0493664, 0.183819]",118995
3967,01:06:07,Frazier,1,0.91689,"[0.594858, 0.564685, 0.0498846, 0.18469]",119019
3968,01:06:08,Frazier,1,0.916575,"[0.594797, 0.564708, 0.0496922, 0.183718]",119061
3969,01:06:09,Frazier,1,0.920977,"[0.595756, 0.564664, 0.0482605, 0.18408]",119081
3970,01:06:10,Frazier,1,0.92479,"[0.595114, 0.565985, 0.0502284, 0.1838]",119108
3971,01:06:11,Frazier,1,0.912443,"[0.595236, 0.564589, 0.0492062, 0.184407]",119131
3972,01:06:12,Frazier,1,0.905253,"[0.594584, 0.564225, 0.0503446, 0.182812]",119181
3973,01:06:13,Frazier,1,0.859243,"[0.602324, 0.550376, 0.0442086, 0.214354]",119191
3979,01:06:19,Frazier,1,0.846352,"[0.588586, 0.521037, 0.054422, 0.249123]",119389
3980,01:06:20,Frazier,1,0.819069,"[0.629272, 0.545141, 0.0373808, 0.228331]",119413
3981,01:06:21,Frazier,1,0.861727,"[0.6049, 0.562984, 0.0358172, 0.191455]",119456
3982,01:06:22,Frazier,1,0.857637,"[0.607264, 0.565496, 0.0365321, 0.18538]",119481
3983,01:06:23,Frazier,1,0.825125,"[0.607681, 0.565254, 0.0331029, 0.187151]",119492
3995,01:06:35,Frazier,1,0.867529,"[0.59102, 0.552151, 0.0678343, 0.206722]",119879
3996,01:06:36,Frazier,1,0.916653,"[0.597519, 0.556265, 0.0509594, 0.202311]",119901
3997,01:06:37,Frazier,1,0.893858,"[0.599947, 0.563541, 0.0493547, 0.181756]",119935
3998,01:06:38,Frazier,1,0.896749,"[0.596684, 0.576911, 0.0505553, 0.153542]",119968
3999,01:06:39,Frazier,1,0.904894,"[0.59703, 0.573906, 0.0500168, 0.158416]",119994
4000,01:06:40,Frazier,1,0.846392,"[0.586709, 0.593134, 0.074033, 0.124344]",120022
4001,01:06:41,Frazier,1,0.881457,"[0.587393, 0.596256, 0.074519, 0.121563]",120051
4002,01:06:42,Frazier,1,0.876182,"[0.593697, 0.584638, 0.0606834, 0.136968]",120080
4003,01:06:43,Frazier,1,0.869446,"[0.587039, 0.585619, 0.0722471, 0.135688]",120091
4004,01:06:44,Frazier,1,0.887919,"[0.593987, 0.590801, 0.0609144, 0.135346]",120131
4005,01:06:45,Frazier,1,0.741409,"[0.530146, 0.475386, 0.0851444, 0.107889]",120174
4006,01:06:46,Frazier,1,0.726383,"[0.52714, 0.493969, 0.0934336, 0.21043]",120206
4007,01:06:47,Frazier,1,0.834176,"[0.561604, 0.525775, 0.0936115, 0.24045]",120226
4011,01:06:51,Frazier,1,0.831643,"[0.577222, 0.552064, 0.0521585, 0.199153]",120349
4012,01:06:52,Frazier,1,0.788183,"[0.615693, 0.555586, 0.0348475, 0.204291]",120371
4013,01:06:53,Frazier,1,0.817069,"[0.606312, 0.563617, 0.0415491, 0.179361]",120413
4014,01:06:54,Frazier,1,0.885657,"[0.600444, 0.572465, 0.0465546, 0.165124]",120428
4015,01:06:55,Frazier,1,0.916322,"[0.587843, 0.585792, 0.0680277, 0.136731]",120468
4016,01:06:56,Frazier,1,0.896753,"[0.582055, 0.59255, 0.0709782, 0.1322]",120486
4017,01:06:57,Frazier,1,0.911644,"[0.583376, 0.59474, 0.073855, 0.119675]",120536
4018,01:06:58,Frazier,1,0.821667,"[0.578795, 0.600079, 0.0825934, 0.111138]",120541
4019,01:06:59,Frazier,1,0.819778,"[0.580064, 0.59332, 0.0756334, 0.12527]",120588
4020,01:07:00,Frazier,1,0.846852,"[0.588493, 0.584903, 0.0630354, 0.143622]",120604
4021,01:07:01,Frazier,1,0.841348,"[0.596303, 0.584156, 0.0537141, 0.141704]",120643
4022,01:07:02,Frazier,1,0.918096,"[0.592622, 0.587592, 0.0566231, 0.137987]",120683
4023,01:07:03,Frazier,1,0.912325,"[0.593219, 0.587683, 0.0568159, 0.135163]",120701
4024,01:07:04,Frazier,1,0.885749,"[0.599157, 0.588995, 0.0492578, 0.13416]",120734
4025,01:07:05,Frazier,1,0.837868,"[0.582144, 0.585834, 0.0776101, 0.134085]",120779
4026,01:07:06,Frazier,1,0.857583,"[0.585903, 0.578824, 0.0717786, 0.144416]",120795
4027,01:07:07,Frazier,1,0.872935,"[0.581048, 0.583481, 0.0818948, 0.135445]",120822
4028,01:07:08,Frazier,1,0.869339,"[0.584123, 0.575323, 0.0732677, 0.153032]",120841
4029,01:07:09,Frazier,1,0.841216,"[0.582955, 0.57969, 0.075629, 0.148814]",120871
4030,01:07:10,Frazier,1,0.87273,"[0.582791, 0.581874, 0.0739947, 0.141246]",120907
4031,01:07:11,Frazier,1,0.886358,"[0.582546, 0.583439, 0.077272, 0.133436]",120957
4032,01:07:12,Frazier,1,0.885633,"[0.584691, 0.584126, 0.0713058, 0.132802]",120985
4033,01:07:13,Frazier,1,0.891626,"[0.583058, 0.582194, 0.0756898, 0.130971]",121000
4060,01:07:40,Frazier,1,0.705293,"[0.613597, 0.525994, 0.039702, 0.261002]",121825
4061,01:07:41,Frazier,1,0.778354,"[0.618475, 0.541755, 0.0290305, 0.235839]",121852
4062,01:07:42,Frazier,1,0.809058,"[0.616257, 0.54111, 0.0345407, 0.237123]",121874
4063,01:07:43,Frazier,1,0.861327,"[0.600429, 0.55401, 0.043136, 0.200913]",121903
4064,01:07:44,Frazier,1,0.816455,"[0.593793, 0.562336, 0.0538617, 0.182375]",121941
4065,01:07:45,Frazier,1,0.821967,"[0.59108, 0.561913, 0.0571724, 0.184131]",121978
4066,01:07:46,Frazier,1,0.834644,"[0.590463, 0.561455, 0.0590302, 0.185313]",121982
4067,01:07:47,Frazier,1,0.754488,"[0.59077, 0.558079, 0.0575722, 0.191618]",122017
4068,01:07:48,Frazier,1,0.741564,"[0.589724, 0.557944, 0.0589233, 0.190035]",122049
4069,01:07:49,Frazier,1,0.811495,"[0.588089, 0.55647, 0.0625992, 0.190029]",122086
4070,01:07:50,Frazier,1,0.796671,"[0.588118, 0.556972, 0.0623028, 0.187519]",122129
4071,01:07:51,Frazier,1,0.816571,"[0.588427, 0.556296, 0.061687, 0.189162]",122141
4091,01:08:11,Forceps,2,0.912888,"[0.53409, 0.559755, 0.170442, 0.189694]",122757
4092,01:08:12,Forceps,2,0.933545,"[0.553445, 0.570652, 0.140073, 0.168997]",122782
4093,01:08:13,Forceps,2,0.923385,"[0.557602, 0.573115, 0.131787, 0.164357]",122791
4094,01:08:14,Forceps,2,0.909356,"[0.562988, 0.579835, 0.121656, 0.151843]",122840
4095,01:08:15,Forceps,2,0.922349,"[0.568467, 0.589278, 0.108113, 0.130045]",122870
4096,01:08:16,Forceps,2,0.920219,"[0.568227, 0.588416, 0.108738, 0.132076]",122890
4097,01:08:17,Forceps,2,0.905269,"[0.570347, 0.592925, 0.104564, 0.12618]",122910
4098,01:08:18,Forceps,2,0.902503,"[0.565465, 0.600609, 0.117323, 0.115877]",122969
4099,01:08:19,Forceps,2,0.920038,"[0.563627, 0.588429, 0.120737, 0.136435]",122992
4100,01:08:20,Forceps,2,0.919262,"[0.566631, 0.589475, 0.113758, 0.134011]",123002
4101,01:08:21,Forceps,2,0.908508,"[0.557398, 0.59927, 0.129141, 0.118382]",123059
4102,01:08:22,Forceps,2,0.920504,"[0.564255, 0.590628, 0.118499, 0.13196]",123080
4103,01:08:23,Forceps,2,0.916664,"[0.570481, 0.590392, 0.106574, 0.128447]",123096
4104,01:08:24,Forceps,2,0.904896,"[0.570223, 0.595162, 0.106393, 0.120271]",123149
4105,01:08:25,Forceps,2,0.911985,"[0.569833, 0.5917, 0.10612, 0.125439]",123153
4106,01:08:26,Forceps,2,0.887426,"[0.575556, 0.602328, 0.0964377, 0.110047]",123181
4107,01:08:27,Forceps,2,0.905249,"[0.56952, 0.591021, 0.107754, 0.126371]",123236
4108,01:08:28,Forceps,2,0.907615,"[0.569416, 0.592026, 0.108419, 0.125793]",123241
4109,01:08:29,Forceps,2,0.904459,"[0.568363, 0.595789, 0.11208, 0.120709]",123299
4110,01:08:30,Forceps,2,0.909603,"[0.568628, 0.593366, 0.113025, 0.12379]",123312
4111,01:08:31,Forceps,2,0.88055,"[0.569935, 0.603388, 0.10707, 0.106434]",123330
4112,01:08:32,Forceps,2,0.902464,"[0.569206, 0.591916, 0.10921, 0.125652]",123378
4113,01:08:33,Forceps,2,0.886519,"[0.569267, 0.601386, 0.105772, 0.109007]",123418
4114,01:08:34,Forceps,2,0.89535,"[0.568988, 0.596586, 0.107835, 0.117382]",123426
4115,01:08:35,Forceps,2,0.878702,"[0.567756, 0.611538, 0.109499, 0.0982402]",123471
4116,01:08:36,Forceps,2,0.89557,"[0.568611, 0.593453, 0.11114, 0.124533]",123490
4117,01:08:37,Forceps,2,0.894885,"[0.570074, 0.592864, 0.106321, 0.125814]",123512
4118,01:08:38,Forceps,2,0.889665,"[0.568788, 0.583441, 0.109574, 0.141337]",123550
4149,01:09:09,Frazier,1,0.824843,"[0.596044, 0.539033, 0.0537836, 0.231371]",124499
4150,01:09:10,Frazier,1,0.902933,"[0.600585, 0.562268, 0.0471743, 0.190636]",124527
4151,01:09:11,Frazier,1,0.870068,"[0.606605, 0.572723, 0.0358725, 0.166038]",124555
4152,01:09:12,Frazier,1,0.914479,"[0.600656, 0.57861, 0.0475431, 0.158742]",124570
4153,01:09:13,Frazier,1,0.89788,"[0.588798, 0.589413, 0.0663141, 0.138324]",124590
4154,01:09:14,Frazier,1,0.904271,"[0.587406, 0.591152, 0.0700839, 0.134046]",124647
4155,01:09:15,Frazier,1,0.90018,"[0.588628, 0.591994, 0.0680035, 0.133754]",124650
4156,01:09:16,Frazier,1,0.907409,"[0.58668, 0.590787, 0.0708107, 0.132303]",124693
4157,01:09:17,Frazier,1,0.819921,"[0.583241, 0.580725, 0.0789402, 0.144776]",124715
4243,01:10:43,Frazier,1,0.814105,"[0.562481, 0.569984, 0.123675, 0.145669]",127305
4244,01:10:44,Frazier,1,0.83409,"[0.574681, 0.575897, 0.096315, 0.145364]",127346
4245,01:10:45,Frazier,1,0.802597,"[0.564454, 0.584184, 0.118037, 0.12793]",127376
4246,01:10:46,Frazier,1,0.803851,"[0.564438, 0.584661, 0.120109, 0.126052]",127381
4247,01:10:47,Frazier,1,0.837717,"[0.563479, 0.589835, 0.115611, 0.116052]",127435
4248,01:10:48,Frazier,1,0.804964,"[0.560133, 0.588681, 0.121884, 0.119179]",127440
4268,01:11:08,Forceps,2,0.879968,"[0.565965, 0.546087, 0.0706602, 0.180692]",128069
4269,01:11:09,Forceps,2,0.953073,"[0.58777, 0.573984, 0.0671024, 0.155338]",128089
4270,01:11:10,Forceps,2,0.951233,"[0.592171, 0.573535, 0.0573725, 0.15822]",128116
4271,01:11:11,Forceps,2,0.962833,"[0.592637, 0.567278, 0.0568289, 0.172394]",128153
4272,01:11:12,Forceps,2,0.950874,"[0.592806, 0.565105, 0.0569265, 0.175381]",128167
4273,01:11:13,Forceps,2,0.963036,"[0.591319, 0.564871, 0.059921, 0.175108]",128212
4274,01:11:14,Forceps,2,0.961765,"[0.591876, 0.566248, 0.0575195, 0.17345]",128236
4275,01:11:15,Forceps,2,0.95354,"[0.591861, 0.565775, 0.0564845, 0.175777]",128250
4276,01:11:16,Forceps,2,0.953377,"[0.5918, 0.566253, 0.056413, 0.174719]",128284
4277,01:11:17,Forceps,2,0.953018,"[0.593638, 0.563499, 0.0541834, 0.17912]",128334
4278,01:11:18,Forceps,2,0.941371,"[0.596346, 0.565086, 0.0504409, 0.176046]",128341
4279,01:11:19,Forceps,2,0.953825,"[0.593127, 0.566116, 0.0560188, 0.173047]",128387
4280,01:11:20,Forceps,2,0.952622,"[0.593193, 0.570257, 0.0553746, 0.163481]",128413
4281,01:11:21,Forceps,2,0.950662,"[0.59223, 0.566161, 0.0564514, 0.173255]",128438
4282,01:11:22,Forceps,2,0.948874,"[0.597652, 0.565723, 0.0462741, 0.173739]",128463
4283,01:11:23,Forceps,2,0.939336,"[0.592515, 0.570804, 0.0566224, 0.16178]",128511
4284,01:11:24,Forceps,2,0.953387,"[0.591068, 0.57345, 0.0579367, 0.157144]",128545
4285,01:11:25,Forceps,2,0.942517,"[0.590704, 0.573962, 0.0585913, 0.15577]",128553
4286,01:11:26,Forceps,2,0.937549,"[0.590557, 0.568504, 0.0598722, 0.166771]",128583
4287,01:11:27,Forceps,2,0.937673,"[0.593269, 0.571911, 0.0536639, 0.160504]",128611
4288,01:11:28,Forceps,2,0.95868,"[0.593029, 0.573405, 0.0569366, 0.155993]",128653
4289,01:11:29,Forceps,2,0.93988,"[0.586807, 0.565916, 0.0672936, 0.171661]",128690
4290,01:11:30,Forceps,2,0.951231,"[0.585196, 0.552857, 0.0684981, 0.195931]",128721
4291,01:11:31,Forceps,2,0.874982,"[0.57722, 0.535024, 0.0600029, 0.166596]",128730
4312,01:11:52,Microdebrider,3,0.925907,"[0.555453, 0.52518, 0.133707, 0.246263]",129384
4313,01:11:53,Microdebrider,3,0.920631,"[0.565725, 0.53354, 0.102707, 0.239014]",129398
4314,01:11:54,Microdebrider,3,0.92737,"[0.574133, 0.537584, 0.0861118, 0.230992]",129449
4315,01:11:55,Microdebrider,3,0.936286,"[0.572569, 0.535594, 0.0888874, 0.236394]",129457
4316,01:11:56,Microdebrider,3,0.925877,"[0.569031, 0.53254, 0.0940971, 0.238128]",129480
4335,01:12:15,Frazier,1,0.828988,"[0.565304, 0.563568, 0.116884, 0.152311]",130076
4336,01:12:16,Frazier,1,0.805348,"[0.56294, 0.577006, 0.117713, 0.138553]",130081
4337,01:12:17,Frazier,1,0.90936,"[0.589191, 0.582013, 0.0734249, 0.136738]",130136
4338,01:12:18,Frazier,1,0.924308,"[0.591208, 0.569605, 0.0715521, 0.164906]",130149
4339,01:12:19,Frazier,1,0.909315,"[0.583571, 0.579554, 0.0811015, 0.146453]",130170
4340,01:12:20,Frazier,1,0.851775,"[0.577878, 0.596639, 0.0812701, 0.10293]",130203
4341,01:12:21,Frazier,1,0.843007,"[0.573753, 0.603005, 0.0866158, 0.0994914]",130243
4342,01:12:22,Frazier,1,0.883989,"[0.576102, 0.613947, 0.0823638, 0.0819226]",130268
4343,01:12:23,Frazier,1,0.834297,"[0.567836, 0.606192, 0.0962627, 0.0960968]",130290
4349,01:12:29,Forceps,2,0.885026,"[0.577155, 0.571002, 0.0863457, 0.157946]",130499
4350,01:12:30,Forceps,2,0.925462,"[0.58432, 0.581136, 0.0724043, 0.141551]",130514
4351,01:12:31,Forceps,2,0.881892,"[0.574398, 0.580071, 0.082745, 0.144713]",130535
4352,01:12:32,Forceps,2,0.891258,"[0.579086, 0.580485, 0.0797362, 0.14345]",130588
4353,01:12:33,Forceps,2,0.947383,"[0.584434, 0.587335, 0.0712778, 0.134771]",130609
4354,01:12:34,Forceps,2,0.942263,"[0.580264, 0.584248, 0.0757618, 0.13885]",130634
4355,01:12:35,Forceps,2,0.942583,"[0.579634, 0.583482, 0.075605, 0.139251]",130657
4356,01:12:36,Forceps,2,0.92197,"[0.572378, 0.588447, 0.0839788, 0.135391]",130691
4357,01:12:37,Forceps,2,0.933879,"[0.578166, 0.588292, 0.0776931, 0.134243]",130731
4358,01:12:38,Forceps,2,0.911992,"[0.57322, 0.593061, 0.0845178, 0.125886]",130749
4359,01:12:39,Forceps,2,0.921995,"[0.578511, 0.592697, 0.0807089, 0.122126]",130784
4360,01:12:40,Forceps,2,0.913221,"[0.579701, 0.589967, 0.0829595, 0.12619]",130800
4361,01:12:41,Forceps,2,0.922249,"[0.578694, 0.591442, 0.0812425, 0.12588]",130849
4362,01:12:42,Forceps,2,0.944577,"[0.578685, 0.583398, 0.0830971, 0.140025]",130881
4363,01:12:43,Forceps,2,0.938916,"[0.583467, 0.578557, 0.0772087, 0.143027]",130893
4364,01:12:44,Forceps,2,0.896173,"[0.570401, 0.587931, 0.10205, 0.128484]",130946
4365,01:12:45,Forceps,2,0.897788,"[0.563623, 0.581285, 0.113022, 0.135337]",130973
4366,01:12:46,Forceps,2,0.854081,"[0.54115, 0.473303, 0.111836, 0.146435]",130982
4396,01:13:16,Frazier,1,0.812672,"[0.555826, 0.570563, 0.106283, 0.147161]",131891
4397,01:13:17,Frazier,1,0.839144,"[0.573204, 0.57036, 0.105727, 0.141081]",131921
4398,01:13:18,Frazier,1,0.905223,"[0.585979, 0.572893, 0.0775206, 0.159428]",131965
4399,01:13:19,Frazier,1,0.895449,"[0.583443, 0.585011, 0.0820787, 0.134365]",131977
4400,01:13:20,Frazier,1,0.866964,"[0.571171, 0.597074, 0.102126, 0.105417]",132027
4401,01:13:21,Frazier,1,0.860095,"[0.570107, 0.599709, 0.100059, 0.102831]",132033
4402,01:13:22,Frazier,1,0.8257,"[0.575855, 0.603435, 0.0868515, 0.0940704]",132075
4403,01:13:23,Frazier,1,0.860082,"[0.57074, 0.601079, 0.0963029, 0.103092]",132119
4404,01:13:24,Frazier,1,0.870375,"[0.569421, 0.596232, 0.101165, 0.109504]",132138
4405,01:13:25,Frazier,1,0.851285,"[0.577359, 0.586276, 0.087031, 0.129192]",132169
4406,01:13:26,Frazier,1,0.804858,"[0.57098, 0.587285, 0.101283, 0.12262]",132194
4407,01:13:27,Frazier,1,0.789734,"[0.574701, 0.591034, 0.0946114, 0.116334]",132226
4408,01:13:28,Frazier,1,0.851499,"[0.575115, 0.602182, 0.0904739, 0.0951691]",132258
4409,01:13:29,Frazier,1,0.841134,"[0.573178, 0.598633, 0.0938078, 0.102005]",132274
4410,01:13:30,Frazier,1,0.830024,"[0.572669, 0.594319, 0.0954093, 0.108243]",132323
4411,01:13:31,Frazier,1,0.816633,"[0.572819, 0.593684, 0.0937, 0.1111]",132332
4412,01:13:32,Frazier,1,0.844051,"[0.569835, 0.592808, 0.103884, 0.11273]",132380
4413,01:13:33,Frazier,1,0.832425,"[0.570641, 0.595554, 0.101905, 0.105215]",132390
4425,01:13:45,Frazier,1,0.848852,"[0.545068, 0.522654, 0.102331, 0.0883484]",132774
4426,01:13:46,Frazier,1,0.789864,"[0.571397, 0.581842, 0.0961263, 0.135913]",132796
4427,01:13:47,Frazier,1,0.911532,"[0.588421, 0.591426, 0.0705982, 0.124828]",132835
4428,01:13:48,Frazier,1,0.855424,"[0.585066, 0.586942, 0.0779359, 0.134826]",132842
4429,01:13:49,Frazier,1,0.861084,"[0.582902, 0.595271, 0.0766617, 0.113228]",132899
4430,01:13:50,Frazier,1,0.889973,"[0.57583, 0.613296, 0.0814598, 0.0840789]",132911
4431,01:13:51,Frazier,1,0.898884,"[0.57635, 0.616267, 0.0804574, 0.078999]",132958
4432,01:13:52,Frazier,1,0.887469,"[0.578811, 0.614199, 0.0789074, 0.0829272]",132960
4433,01:13:53,Frazier,1,0.853376,"[0.57486, 0.614591, 0.0876898, 0.0807343]",133018
4434,01:13:54,Frazier,1,0.855074,"[0.557143, 0.593884, 0.0998714, 0.119861]",133033
4449,01:14:09,Microdebrider,3,0.844592,"[0.557889, 0.474193, 0.15572, 0.228823]",133499
4450,01:14:10,Microdebrider,3,0.932605,"[0.564147, 0.515582, 0.119584, 0.26963]",133526
4451,01:14:11,Microdebrider,3,0.923064,"[0.572176, 0.52366, 0.0880711, 0.258972]",133552
4452,01:14:12,Microdebrider,3,0.923839,"[0.570435, 0.529542, 0.0890909, 0.250225]",133587
4453,01:14:13,Microdebrider,3,0.927913,"[0.565168, 0.53332, 0.101625, 0.244649]",133597
4454,01:14:14,Microdebrider,3,0.932136,"[0.563277, 0.531283, 0.108161, 0.243618]",133648
4455,01:14:15,Microdebrider,3,0.934558,"[0.558028, 0.532223, 0.11574, 0.242146]",133679
4456,01:14:16,Microdebrider,3,0.939623,"[0.559715, 0.528203, 0.12004, 0.251336]",133700
4481,01:14:41,Microdebrider,3,0.905187,"[0.541033, 0.514733, 0.134898, 0.257905]",134450
4482,01:14:42,Microdebrider,3,0.931569,"[0.562487, 0.5271, 0.104888, 0.254609]",134488
4483,01:14:43,Microdebrider,3,0.929841,"[0.557493, 0.532747, 0.112133, 0.2441]",134501
4484,01:14:44,Microdebrider,3,0.936845,"[0.558839, 0.537574, 0.112776, 0.239845]",134535
4485,01:14:45,Microdebrider,3,0.919657,"[0.54494, 0.552133, 0.132544, 0.213877]",134560
4486,01:14:46,Microdebrider,3,0.943523,"[0.555013, 0.53807, 0.118727, 0.24188]",134606
4487,01:14:47,Microdebrider,3,0.946842,"[0.570651, 0.516922, 0.0881172, 0.279515]",134631
4488,01:14:48,Microdebrider,3,0.931896,"[0.579385, 0.51564, 0.0755854, 0.280872]",134651
4489,01:14:49,Microdebrider,3,0.937723,"[0.572116, 0.520029, 0.0886473, 0.273295]",134684
4490,01:14:50,Microdebrider,3,0.943568,"[0.556144, 0.540423, 0.115216, 0.23588]",134718
4491,01:14:51,Microdebrider,3,0.940153,"[0.557666, 0.539984, 0.11297, 0.240271]",134754
4492,01:14:52,Microdebrider,3,0.940523,"[0.572059, 0.516371, 0.0870905, 0.279911]",134771
4493,01:14:53,Microdebrider,3,0.939541,"[0.569318, 0.515314, 0.0927805, 0.281044]",134790
4494,01:14:54,Microdebrider,3,0.941204,"[0.571126, 0.517327, 0.0875055, 0.27746]",134829
4495,01:14:55,Microdebrider,3,0.929125,"[0.579711, 0.514434, 0.0764263, 0.282739]",134863
4496,01:14:56,Microdebrider,3,0.939791,"[0.571989, 0.516347, 0.0874456, 0.278387]",134905
4497,01:14:57,Microdebrider,3,0.941798,"[0.572263, 0.51698, 0.0874983, 0.276335]",134922
4498,01:14:58,Microdebrider,3,0.944559,"[0.56308, 0.516066, 0.105466, 0.278308]",134969
4499,01:14:59,Microdebrider,3,0.949539,"[0.562553, 0.514373, 0.110644, 0.283325]",134971
4500,01:15:00,Microdebrider,3,0.945621,"[0.563148, 0.515852, 0.100747, 0.277436]",135028
4501,01:15:01,Microdebrider,3,0.94326,"[0.562933, 0.516478, 0.100839, 0.274944]",135030
4502,01:15:02,Microdebrider,3,0.944193,"[0.55355, 0.53704, 0.120193, 0.243931]",135080
4503,01:15:03,Microdebrider,3,0.942853,"[0.566909, 0.518518, 0.092603, 0.27472]",135109
4504,01:15:04,Microdebrider,3,0.932478,"[0.574253, 0.515634, 0.0816216, 0.280352]",135129
4505,01:15:05,Microdebrider,3,0.932934,"[0.57267, 0.516208, 0.0850384, 0.278158]",135175
4506,01:15:06,Microdebrider,3,0.939952,"[0.566924, 0.512351, 0.0957705, 0.281447]",135209
4507,01:15:07,Microdebrider,3,0.944728,"[0.563752, 0.514533, 0.104177, 0.276439]",135226
4508,01:15:08,Microdebrider,3,0.943372,"[0.553831, 0.536152, 0.122589, 0.242005]",135241
4509,01:15:09,Microdebrider,3,0.91987,"[0.552864, 0.562566, 0.118016, 0.193587]",135293
4510,01:15:10,Microdebrider,3,0.927312,"[0.557084, 0.566322, 0.110141, 0.186561]",135324
4511,01:15:11,Microdebrider,3,0.927785,"[0.555397, 0.55863, 0.115231, 0.199817]",135334
4512,01:15:12,Microdebrider,3,0.923793,"[0.552442, 0.55688, 0.118936, 0.202626]",135386
4513,01:15:13,Microdebrider,3,0.933903,"[0.553494, 0.543189, 0.122423, 0.228042]",135398
4514,01:15:14,Microdebrider,3,0.922038,"[0.550915, 0.548747, 0.132895, 0.217513]",135449
4515,01:15:15,Microdebrider,3,0.934107,"[0.550299, 0.541854, 0.129052, 0.231709]",135464
4516,01:15:16,Microdebrider,3,0.93748,"[0.556773, 0.536596, 0.114637, 0.243781]",135498
4517,01:15:17,Microdebrider,3,0.942677,"[0.557207, 0.535447, 0.116025, 0.244958]",135534
4518,01:15:18,Microdebrider,3,0.943036,"[0.55761, 0.535947, 0.115314, 0.24313]",135543
4519,01:15:19,Microdebrider,3,0.938122,"[0.55428, 0.537768, 0.121085, 0.24163]",135571
4520,01:15:20,Microdebrider,3,0.941782,"[0.553937, 0.53774, 0.122845, 0.242626]",135612
4563,01:16:03,Frazier,1,0.722197,"[0.564321, 0.586858, 0.109783, 0.129572]",136911
4564,01:16:04,Frazier,1,0.908752,"[0.591525, 0.569474, 0.0697418, 0.164359]",136934
4565,01:16:05,Frazier,1,0.886775,"[0.588457, 0.578705, 0.0678286, 0.152133]",136966
4566,01:16:06,Frazier,1,0.867089,"[0.586309, 0.584556, 0.0745761, 0.1344]",136990
4567,01:16:07,Frazier,1,0.812254,"[0.564579, 0.595321, 0.112171, 0.113096]",137018
4569,01:16:09,Frazier,1,0.715826,"[0.565743, 0.580039, 0.123482, 0.116928]",137091
4570,01:16:10,Frazier,1,0.875767,"[0.579033, 0.601924, 0.0848586, 0.101227]",137116
4571,01:16:11,Frazier,1,0.896877,"[0.573073, 0.619057, 0.0829737, 0.0760269]",137153
4572,01:16:12,Frazier,1,0.876315,"[0.571866, 0.617279, 0.0805643, 0.0776926]",137179
4573,01:16:13,Frazier,1,0.844281,"[0.567803, 0.602707, 0.101278, 0.102661]",137215
4574,01:16:14,Frazier,1,0.822783,"[0.57322, 0.603079, 0.0927648, 0.099963]",137229
4575,01:16:15,Frazier,1,0.878927,"[0.586233, 0.58784, 0.07411, 0.131125]",137261
4576,01:16:16,Frazier,1,0.80738,"[0.5764, 0.593367, 0.0870695, 0.116497]",137292
4597,01:16:37,Microdebrider,3,0.938621,"[0.551073, 0.51743, 0.148608, 0.270398]",137935
4598,01:16:38,Microdebrider,3,0.941947,"[0.566936, 0.517178, 0.10077, 0.274641]",137962
4599,01:16:39,Microdebrider,3,0.943961,"[0.560036, 0.526197, 0.105828, 0.2618]",137999
4600,01:16:40,Microdebrider,3,0.94527,"[0.560672, 0.525739, 0.104889, 0.263987]",138000
4601,01:16:41,Microdebrider,3,0.948529,"[0.562976, 0.516516, 0.100747, 0.278055]",138030
4602,01:16:42,Microdebrider,3,0.945399,"[0.563057, 0.516186, 0.105135, 0.278035]",138065
4603,01:16:43,Microdebrider,3,0.939842,"[0.551542, 0.538718, 0.124342, 0.241016]",138118
4604,01:16:44,Microdebrider,3,0.940741,"[0.551832, 0.538304, 0.125056, 0.240733]",138123
4605,01:16:45,Microdebrider,3,0.939294,"[0.550943, 0.538755, 0.126237, 0.242316]",138157
4606,01:16:46,Microdebrider,3,0.935228,"[0.552572, 0.538957, 0.125761, 0.241606]",138181
4607,01:16:47,Microdebrider,3,0.932573,"[0.554502, 0.537486, 0.120686, 0.241271]",138235
4608,01:16:48,Microdebrider,3,0.936153,"[0.555849, 0.533511, 0.117289, 0.249089]",138268
4609,01:16:49,Microdebrider,3,0.940928,"[0.558649, 0.524544, 0.107869, 0.264635]",138298
4610,01:16:50,Microdebrider,3,0.94624,"[0.564464, 0.516894, 0.0972001, 0.277646]",138307
4611,01:16:51,Microdebrider,3,0.929003,"[0.562631, 0.529166, 0.100675, 0.256011]",138349
4612,01:16:52,Microdebrider,3,0.935148,"[0.558728, 0.534471, 0.109861, 0.247418]",138370
4613,01:16:53,Microdebrider,3,0.931822,"[0.557582, 0.539766, 0.112469, 0.237979]",138395
4614,01:16:54,Microdebrider,3,0.938805,"[0.552708, 0.537424, 0.121706, 0.242283]",138439
4615,01:16:55,Microdebrider,3,0.938709,"[0.55831, 0.543763, 0.110014, 0.232257]",138476
4616,01:16:56,Microdebrider,3,0.944298,"[0.558952, 0.524773, 0.107717, 0.264567]",138486
4617,01:16:57,Microdebrider,3,0.941553,"[0.55923, 0.52434, 0.109267, 0.264186]",138512
4618,01:16:58,Microdebrider,3,0.938148,"[0.554799, 0.538049, 0.12097, 0.242429]",138557
4619,01:16:59,Microdebrider,3,0.931956,"[0.54797, 0.54884, 0.13173, 0.217646]",138573
4620,01:17:00,Microdebrider,3,0.928132,"[0.550431, 0.557727, 0.125129, 0.20274]",138602
4621,01:17:01,Microdebrider,3,0.91443,"[0.533791, 0.576959, 0.161352, 0.159356]",138659
4622,01:17:02,Microdebrider,3,0.932,"[0.549171, 0.545399, 0.127823, 0.229807]",138679
4623,01:17:03,Microdebrider,3,0.930564,"[0.547557, 0.553738, 0.132566, 0.20802]",138695
4624,01:17:04,Microdebrider,3,0.926692,"[0.549204, 0.550807, 0.130278, 0.214632]",138723
4625,01:17:05,Microdebrider,3,0.928853,"[0.552389, 0.543954, 0.124369, 0.229503]",138778
4626,01:17:06,Microdebrider,3,0.935442,"[0.556312, 0.539812, 0.115796, 0.237004]",138808
4627,01:17:07,Microdebrider,3,0.935208,"[0.559092, 0.532663, 0.110231, 0.249867]",138818
4628,01:17:08,Microdebrider,3,0.932848,"[0.559242, 0.532064, 0.112292, 0.248456]",138843
4629,01:17:09,Microdebrider,3,0.929345,"[0.556225, 0.557938, 0.114054, 0.199958]",138879
4630,01:17:10,Microdebrider,3,0.928166,"[0.554432, 0.558189, 0.11682, 0.200135]",138903
4631,01:17:11,Microdebrider,3,0.926375,"[0.554887, 0.557054, 0.118159, 0.202809]",138933
4632,01:17:12,Microdebrider,3,0.922424,"[0.5451, 0.563355, 0.135136, 0.191207]",138968
4633,01:17:13,Microdebrider,3,0.916052,"[0.540466, 0.573691, 0.145272, 0.173122]",138990
4634,01:17:14,Microdebrider,3,0.932203,"[0.557184, 0.540174, 0.114, 0.238467]",139045
4635,01:17:15,Microdebrider,3,0.928697,"[0.560989, 0.537935, 0.104111, 0.240281]",139060
4636,01:17:16,Microdebrider,3,0.927302,"[0.563446, 0.537759, 0.0995929, 0.239523]",139090
4637,01:17:17,Microdebrider,3,0.930607,"[0.556854, 0.547008, 0.112123, 0.226211]",139139
4638,01:17:18,Microdebrider,3,0.930653,"[0.556827, 0.547742, 0.112137, 0.225121]",139142
4639,01:17:19,Microdebrider,3,0.92558,"[0.544496, 0.565188, 0.138378, 0.18491]",139181
4640,01:17:20,Microdebrider,3,0.923717,"[0.546806, 0.562421, 0.134262, 0.191135]",139217
4641,01:17:21,Microdebrider,3,0.929218,"[0.546585, 0.565157, 0.134887, 0.187037]",139241
4642,01:17:22,Microdebrider,3,0.930203,"[0.545621, 0.564341, 0.13469, 0.185711]",139284
4643,01:17:23,Microdebrider,3,0.924028,"[0.553592, 0.547497, 0.119961, 0.221082]",139297
4644,01:17:24,Microdebrider,3,0.931766,"[0.547211, 0.550034, 0.132697, 0.213457]",139326
4645,01:17:25,Microdebrider,3,0.939074,"[0.556407, 0.533511, 0.114503, 0.251682]",139362
4646,01:17:26,Microdebrider,3,0.940395,"[0.558468, 0.522999, 0.115414, 0.261536]",139402
4647,01:17:27,Microdebrider,3,0.91335,"[0.541209, 0.499092, 0.12899, 0.272885]",139410
4663,01:17:43,Frazier,1,0.777616,"[0.567245, 0.589137, 0.103443, 0.130038]",139912
4664,01:17:44,Frazier,1,0.896464,"[0.586564, 0.577941, 0.0737715, 0.150968]",139939
4665,01:17:45,Frazier,1,0.904987,"[0.588369, 0.581294, 0.0707403, 0.142061]",139964
4666,01:17:46,Frazier,1,0.894074,"[0.586355, 0.585703, 0.0752769, 0.133907]",139986
4667,01:17:47,Frazier,1,0.873936,"[0.598922, 0.589371, 0.0436178, 0.124717]",140036
4668,01:17:48,Frazier,1,0.91486,"[0.584964, 0.583733, 0.077043, 0.138958]",140047
4669,01:17:49,Frazier,1,0.903013,"[0.586875, 0.588055, 0.0735102, 0.133363]",140084
4670,01:17:50,Frazier,1,0.841514,"[0.577171, 0.61791, 0.075008, 0.0772912]",140129
4671,01:17:51,Frazier,1,0.876782,"[0.577397, 0.621082, 0.0734847, 0.0708004]",140137
4672,01:17:52,Frazier,1,0.863729,"[0.577785, 0.618085, 0.0712875, 0.0771245]",140187
4673,01:17:53,Frazier,1,0.837866,"[0.589647, 0.593705, 0.0601357, 0.116838]",140217
4674,01:17:54,Frazier,1,0.775079,"[0.586042, 0.597469, 0.0663537, 0.10853]",140249
4675,01:17:55,Frazier,1,0.813116,"[0.585478, 0.600055, 0.0675728, 0.104085]",140254
4676,01:17:56,Frazier,1,0.819927,"[0.58456, 0.58149, 0.0668566, 0.140198]",140288
4684,01:18:04,Freer,4,0.850985,"[0.593941, 0.579582, 0.0524551, 0.159514]",140526
4685,01:18:05,Freer,4,0.834217,"[0.591317, 0.587629, 0.0597808, 0.136969]",140579
4686,01:18:06,Freer,4,0.81197,"[0.591448, 0.588511, 0.0590405, 0.135754]",140586
4687,01:18:07,Freer,4,0.872254,"[0.592941, 0.57588, 0.0547323, 0.159372]",140630
4688,01:18:08,Freer,4,0.912543,"[0.592956, 0.574646, 0.0575988, 0.161558]",140665
4689,01:18:09,Freer,4,0.92359,"[0.593117, 0.575027, 0.0562679, 0.161787]",140674
4690,01:18:10,Freer,4,0.904221,"[0.595454, 0.575436, 0.0550584, 0.158524]",140702
4691,01:18:11,Freer,4,0.872591,"[0.58954, 0.583435, 0.0593033, 0.14269]",140759
4692,01:18:12,Freer,4,0.873671,"[0.59185, 0.577017, 0.0543413, 0.158348]",140776
4693,01:18:13,Freer,4,0.871776,"[0.587817, 0.593503, 0.0645358, 0.127411]",140804
4694,01:18:14,Freer,4,0.834251,"[0.584943, 0.594438, 0.0686466, 0.125934]",140823
4695,01:18:15,Freer,4,0.859891,"[0.589354, 0.582846, 0.0610608, 0.143525]",140869
4696,01:18:16,Freer,4,0.875448,"[0.591935, 0.577842, 0.059174, 0.152709]",140900
4697,01:18:17,Freer,4,0.870115,"[0.59026, 0.579656, 0.0607952, 0.150088]",140921
4698,01:18:18,Freer,4,0.846496,"[0.583328, 0.595411, 0.0637713, 0.127046]",140967
4699,01:18:19,Freer,4,0.883823,"[0.58189, 0.597011, 0.0662932, 0.124677]",140995
4700,01:18:20,Freer,4,0.888629,"[0.581373, 0.598305, 0.0675121, 0.122053]",141024
4701,01:18:21,Freer,4,0.89925,"[0.579893, 0.596549, 0.0695505, 0.126955]",141041
4702,01:18:22,Freer,4,0.856682,"[0.579796, 0.598335, 0.0675924, 0.123946]",141066
4703,01:18:23,Freer,4,0.789124,"[0.572704, 0.594257, 0.0811819, 0.131843]",141093
4704,01:18:24,Freer,4,0.867034,"[0.582615, 0.593736, 0.0668308, 0.12866]",141124
4705,01:18:25,Freer,4,0.863254,"[0.584184, 0.57794, 0.0762795, 0.155796]",141174
4706,01:18:26,Freer,4,0.883819,"[0.585739, 0.581663, 0.0729137, 0.148841]",141202
4707,01:18:27,Freer,4,0.897086,"[0.586308, 0.580416, 0.0725845, 0.151341]",141214
4708,01:18:28,Freer,4,0.8823,"[0.590441, 0.579726, 0.0638405, 0.149538]",141253
4709,01:18:29,Freer,4,0.922435,"[0.592106, 0.573472, 0.0610739, 0.159081]",141286
4710,01:18:30,Freer,4,0.845768,"[0.596281, 0.582045, 0.0573004, 0.143089]",141327
4711,01:18:31,Freer,4,0.823588,"[0.597239, 0.579018, 0.052334, 0.148012]",141344
4712,01:18:32,Freer,4,0.864557,"[0.597919, 0.569802, 0.0515133, 0.16979]",141389
4713,01:18:33,Freer,4,0.919788,"[0.596402, 0.573289, 0.0502757, 0.162327]",141394
4714,01:18:34,Freer,4,0.872884,"[0.589434, 0.577749, 0.0629613, 0.15213]",141421
4715,01:18:35,Freer,4,0.86103,"[0.59106, 0.573185, 0.0592648, 0.15939]",141457
4716,01:18:36,Freer,4,0.897368,"[0.594893, 0.570684, 0.0566868, 0.16739]",141487
4717,01:18:37,Freer,4,0.930564,"[0.59029, 0.572059, 0.0603781, 0.16379]",141520
4718,01:18:38,Freer,4,0.911569,"[0.591056, 0.575257, 0.0587723, 0.159715]",141561
4719,01:18:39,Freer,4,0.927213,"[0.590339, 0.572418, 0.059697, 0.160747]",141591
4720,01:18:40,Freer,4,0.911654,"[0.591232, 0.571519, 0.0573481, 0.162574]",141603
4728,01:18:48,Forceps,2,0.925581,"[0.542759, 0.472675, 0.118218, 0.144101]",141861
4729,01:18:49,Forceps,2,0.948358,"[0.576924, 0.564584, 0.0909301, 0.175405]",141892
4730,01:18:50,Forceps,2,0.961289,"[0.583295, 0.568267, 0.073852, 0.169524]",141922
4731,01:18:51,Forceps,2,0.951372,"[0.577496, 0.571213, 0.0851833, 0.166161]",141937
4732,01:18:52,Forceps,2,0.94582,"[0.582918, 0.566892, 0.0764383, 0.17356]",141966
4733,01:18:53,Forceps,2,0.932464,"[0.576621, 0.569137, 0.0868839, 0.164545]",142019
4734,01:18:54,Forceps,2,0.949562,"[0.578395, 0.570987, 0.0833669, 0.163719]",142044
4735,01:18:55,Forceps,2,0.942579,"[0.579612, 0.57006, 0.0820799, 0.166102]",142054
4736,01:18:56,Forceps,2,0.945721,"[0.577118, 0.571768, 0.0841858, 0.16153]",142095
4737,01:18:57,Forceps,2,0.963587,"[0.577933, 0.572664, 0.0805204, 0.16066]",142135
4738,01:18:58,Forceps,2,0.948564,"[0.574585, 0.572703, 0.084647, 0.158182]",142169
4739,01:18:59,Forceps,2,0.953965,"[0.574733, 0.571773, 0.0853663, 0.160794]",142174
4740,01:19:00,Forceps,2,0.957143,"[0.575747, 0.573236, 0.0838936, 0.158033]",142206
4741,01:19:01,Forceps,2,0.953645,"[0.574099, 0.572637, 0.085468, 0.160503]",142237
4773,01:19:33,Forceps,2,0.866819,"[0.514401, 0.425384, 0.0914515, 0.127668]",143193
4774,01:19:34,Forceps,2,0.905819,"[0.571745, 0.54735, 0.0947428, 0.200361]",143243
4775,01:19:35,Forceps,2,0.896502,"[0.57717, 0.551872, 0.0898845, 0.197266]",143279
4776,01:19:36,Forceps,2,0.889862,"[0.577498, 0.552608, 0.0888641, 0.195186]",143280
4777,01:19:37,Forceps,2,0.840276,"[0.598305, 0.552764, 0.0525984, 0.202557]",143327
4778,01:19:38,Forceps,2,0.909952,"[0.573255, 0.546432, 0.0934452, 0.206377]",143358
4779,01:19:39,Forceps,2,0.904586,"[0.575508, 0.544824, 0.0894024, 0.208268]",143383
4780,01:19:40,Forceps,2,0.904957,"[0.566722, 0.550673, 0.10675, 0.197709]",143420
4781,01:19:41,Forceps,2,0.903475,"[0.575837, 0.544033, 0.0881866, 0.207497]",143455
4782,01:19:42,Forceps,2,0.917671,"[0.562256, 0.55924, 0.115406, 0.179336]",143479
4783,01:19:43,Forceps,2,0.907835,"[0.572683, 0.548311, 0.0964878, 0.200884]",143508
4784,01:19:44,Forceps,2,0.902003,"[0.579296, 0.543937, 0.0840807, 0.210977]",143532
4785,01:19:45,Forceps,2,0.779994,"[0.598395, 0.537042, 0.0540699, 0.226824]",143576
4786,01:19:46,Forceps,2,0.875912,"[0.586107, 0.537163, 0.0755705, 0.222983]",143600
4787,01:19:47,Forceps,2,0.916609,"[0.576221, 0.541887, 0.0868369, 0.208594]",143629
4788,01:19:48,Forceps,2,0.912381,"[0.583261, 0.533265, 0.0797735, 0.2348]",143649
4790,01:19:50,Forceps,2,0.792778,"[0.590833, 0.541566, 0.0678397, 0.213655]",143729
4791,01:19:51,Forceps,2,0.808638,"[0.593294, 0.537415, 0.0632879, 0.224699]",143737
4792,01:19:52,Forceps,2,0.815347,"[0.585393, 0.548389, 0.0761578, 0.197652]",143789
4793,01:19:53,Forceps,2,0.828387,"[0.594328, 0.549559, 0.0580545, 0.201211]",143794
4794,01:19:54,Forceps,2,0.776272,"[0.583367, 0.54782, 0.0804251, 0.20051]",143827
4802,01:20:02,Frazier,1,0.898875,"[0.585534, 0.576695, 0.0766017, 0.152898]",144085
4803,01:20:03,Frazier,1,0.892478,"[0.584278, 0.583017, 0.079093, 0.138689]",144090
4804,01:20:04,Frazier,1,0.879749,"[0.576208, 0.616382, 0.079492, 0.081917]",144149
4805,01:20:05,Frazier,1,0.890528,"[0.574054, 0.617387, 0.0820997, 0.0800127]",144152
4806,01:20:06,Frazier,1,0.874371,"[0.573221, 0.623805, 0.0807257, 0.0680657]",144187
4807,01:20:07,Frazier,1,0.865477,"[0.574742, 0.616845, 0.0806028, 0.07995]",144230
4808,01:20:08,Frazier,1,0.879998,"[0.574294, 0.6186, 0.080684, 0.0781067]",144249
4809,01:20:09,Frazier,1,0.894222,"[0.574277, 0.621212, 0.0773841, 0.0727849]",144282
4810,01:20:10,Frazier,1,0.799869,"[0.567494, 0.598948, 0.103152, 0.108779]",144323
4811,01:20:11,Frazier,1,0.850864,"[0.579051, 0.599281, 0.0801085, 0.109089]",144359
4812,01:20:12,Frazier,1,0.881657,"[0.577693, 0.611075, 0.0765797, 0.0907068]",144381
4813,01:20:13,Frazier,1,0.842526,"[0.575209, 0.624052, 0.0827878, 0.0673088]",144391
4814,01:20:14,Frazier,1,0.854748,"[0.577348, 0.624248, 0.07854, 0.0657323]",144446
4815,01:20:15,Frazier,1,0.854306,"[0.575548, 0.624158, 0.0814123, 0.068127]",144470
4816,01:20:16,Frazier,1,0.868736,"[0.583427, 0.579122, 0.0826197, 0.144659]",144501
4817,01:20:17,Frazier,1,0.913377,"[0.588365, 0.585074, 0.072466, 0.13298]",144531
4818,01:20:18,Frazier,1,0.93078,"[0.586953, 0.588644, 0.0732286, 0.126471]",144557
4819,01:20:19,Frazier,1,0.856712,"[0.568027, 0.58756, 0.108284, 0.126624]",144579
4820,01:20:20,Frazier,1,0.826347,"[0.579594, 0.610602, 0.0766171, 0.0897944]",144602
4821,01:20:21,Frazier,1,0.842402,"[0.573264, 0.58605, 0.0981236, 0.135218]",144638
4822,01:20:22,Frazier,1,0.791669,"[0.567624, 0.594808, 0.102782, 0.117246]",144686
4823,01:20:23,Frazier,1,0.805588,"[0.577505, 0.592284, 0.0866464, 0.121256]",144704
4824,01:20:24,Frazier,1,0.804445,"[0.573984, 0.586277, 0.0965982, 0.130092]",144736
4825,01:20:25,Frazier,1,0.820723,"[0.580791, 0.58701, 0.0864183, 0.134054]",144778
4826,01:20:26,Frazier,1,0.802149,"[0.562379, 0.595126, 0.114057, 0.118535]",144803
4827,01:20:27,Frazier,1,0.785055,"[0.56892, 0.578998, 0.105685, 0.146673]",144829
4828,01:20:28,Frazier,1,0.858887,"[0.56894, 0.589954, 0.105613, 0.124128]",144861
4829,01:20:29,Frazier,1,0.825788,"[0.563595, 0.592074, 0.113509, 0.122311]",144874
4830,01:20:30,Frazier,1,0.832621,"[0.569026, 0.591326, 0.106575, 0.120723]",144901
4831,01:20:31,Frazier,1,0.818096,"[0.58386, 0.582555, 0.0762959, 0.140586]",144958
4849,01:20:49,Microdebrider,3,0.704826,"[0.535134, 0.44598, 0.153083, 0.234357]",145498
4850,01:20:50,Microdebrider,3,0.939079,"[0.562925, 0.513967, 0.119922, 0.281943]",145521
4851,01:20:51,Microdebrider,3,0.927605,"[0.573937, 0.503454, 0.0911953, 0.301981]",145542
4852,01:20:52,Microdebrider,3,0.901805,"[0.576025, 0.504319, 0.0880739, 0.297563]",145560
4853,01:20:53,Microdebrider,3,0.894111,"[0.571395, 0.504748, 0.0924074, 0.297505]",145619
4854,01:20:54,Microdebrider,3,0.900433,"[0.571149, 0.505519, 0.093767, 0.296062]",145621
4856,01:20:56,Microdebrider,3,0.856416,"[0.573417, 0.49032, 0.0906022, 0.325802]",145706
4857,01:20:57,Microdebrider,3,0.892341,"[0.564135, 0.506978, 0.112533, 0.290205]",145718
4858,01:20:58,Microdebrider,3,0.930084,"[0.580158, 0.501699, 0.0792243, 0.305498]",145763
4859,01:20:59,Microdebrider,3,0.949471,"[0.563667, 0.514972, 0.106998, 0.281201]",145784
4860,01:21:00,Microdebrider,3,0.918329,"[0.567571, 0.50964, 0.10206, 0.286194]",145800
4861,01:21:01,Microdebrider,3,0.890183,"[0.567013, 0.514667, 0.104587, 0.274374]",145831
4862,01:21:02,Microdebrider,3,0.859067,"[0.572955, 0.500021, 0.0925087, 0.30481]",145864
4863,01:21:03,Microdebrider,3,0.883038,"[0.571108, 0.499071, 0.0972003, 0.305589]",145893
4865,01:21:05,Microdebrider,3,0.751513,"[0.59678, 0.530591, 0.0532492, 0.246897]",145978
4866,01:21:06,Microdebrider,3,0.862852,"[0.577389, 0.499465, 0.0874724, 0.307055]",146004
4867,01:21:07,Microdebrider,3,0.926137,"[0.580623, 0.490887, 0.0820398, 0.328579]",146035
4868,01:21:08,Microdebrider,3,0.944912,"[0.564819, 0.505351, 0.107842, 0.29591]",146066
4869,01:21:09,Microdebrider,3,0.939088,"[0.559708, 0.508685, 0.119284, 0.288529]",146070
4876,01:21:16,Frazier,1,0.821609,"[0.56432, 0.587139, 0.113682, 0.13017]",146305
4877,01:21:17,Frazier,1,0.888711,"[0.579095, 0.608871, 0.0756458, 0.0938003]",146324
4878,01:21:18,Frazier,1,0.881668,"[0.576015, 0.617908, 0.0788824, 0.0771973]",146340
4879,01:21:19,Frazier,1,0.817938,"[0.577109, 0.594986, 0.0771667, 0.120162]",146397
4880,01:21:20,Frazier,1,0.876132,"[0.573586, 0.625125, 0.0839606, 0.0636467]",146418
4881,01:21:21,Frazier,1,0.837023,"[0.57522, 0.627802, 0.0770672, 0.0579504]",146430
4883,01:21:23,Frazier,1,0.87729,"[0.574753, 0.623873, 0.0833194, 0.0652625]",146514
4884,01:21:24,Frazier,1,0.869222,"[0.574964, 0.621629, 0.0818117, 0.0699406]",146523
4885,01:21:25,Frazier,1,0.866603,"[0.573727, 0.623464, 0.0833289, 0.0665695]",146558
4886,01:21:26,Frazier,1,0.881491,"[0.574713, 0.619183, 0.0786305, 0.0758516]",146597
4887,01:21:27,Frazier,1,0.872343,"[0.573946, 0.619934, 0.0849126, 0.0709526]",146613
4890,01:21:30,Forceps,2,0.842093,"[0.514075, 0.509023, 0.133574, 0.163918]",146724
4891,01:21:31,Forceps,2,0.909002,"[0.566778, 0.566329, 0.108087, 0.167819]",146759
4892,01:21:32,Forceps,2,0.916236,"[0.566786, 0.566722, 0.10808, 0.167379]",146760
4893,01:21:33,Forceps,2,0.867685,"[0.565777, 0.581616, 0.103012, 0.140118]",146797
4894,01:21:34,Forceps,2,0.852114,"[0.56751, 0.594966, 0.0966606, 0.121096]",146847
4895,01:21:35,Forceps,2,0.866691,"[0.565434, 0.593464, 0.102299, 0.122859]",146858
4896,01:21:36,Forceps,2,0.864222,"[0.568272, 0.593107, 0.0992025, 0.122619]",146890
4897,01:21:37,Forceps,2,0.79723,"[0.569031, 0.596534, 0.0930241, 0.119547]",146934
4898,01:21:38,Forceps,2,0.847591,"[0.571956, 0.597358, 0.0895992, 0.116839]",146950
4899,01:21:39,Forceps,2,0.842761,"[0.569807, 0.594286, 0.0954762, 0.123278]",146979
4900,01:21:40,Forceps,2,0.822774,"[0.567746, 0.588093, 0.0964336, 0.13601]",147019
4901,01:21:41,Forceps,2,0.847464,"[0.571208, 0.593624, 0.0868469, 0.126123]",147055
4902,01:21:42,Forceps,2,0.815144,"[0.575719, 0.594513, 0.0792334, 0.12461]",147080
4903,01:21:43,Forceps,2,0.784751,"[0.564976, 0.597657, 0.0990926, 0.12157]",147098
4904,01:21:44,Forceps,2,0.887582,"[0.564233, 0.58297, 0.105278, 0.145856]",147130
4905,01:21:45,Forceps,2,0.8809,"[0.568226, 0.583977, 0.0934443, 0.144715]",147160
4906,01:21:46,Forceps,2,0.86671,"[0.573457, 0.579534, 0.0891591, 0.151684]",147208
4907,01:21:47,Forceps,2,0.858569,"[0.572704, 0.582471, 0.088368, 0.146435]",147217
4909,01:21:49,Forceps,2,0.912744,"[0.571496, 0.555598, 0.097888, 0.189467]",147299
4910,01:21:50,Forceps,2,0.92007,"[0.572663, 0.557355, 0.0950213, 0.187827]",147302
4911,01:21:51,Forceps,2,0.915546,"[0.577718, 0.572177, 0.0752024, 0.167001]",147358
4912,01:21:52,Forceps,2,0.924289,"[0.574862, 0.569881, 0.0806187, 0.173322]",147366
4913,01:21:53,Forceps,2,0.872545,"[0.569097, 0.562522, 0.0911017, 0.185343]",147390
4915,01:21:55,Forceps,2,0.914021,"[0.575657, 0.546044, 0.0865555, 0.210391]",147476
4916,01:21:56,Forceps,2,0.929919,"[0.584432, 0.551039, 0.0708297, 0.2042]",147498
4917,01:21:57,Forceps,2,0.921619,"[0.574291, 0.549633, 0.0849446, 0.203364]",147512
4918,01:21:58,Forceps,2,0.915515,"[0.574825, 0.545893, 0.085133, 0.211027]",147565
4919,01:21:59,Forceps,2,0.913616,"[0.587219, 0.549837, 0.0663591, 0.206853]",147574
4920,01:22:00,Forceps,2,0.911643,"[0.590601, 0.537676, 0.0660173, 0.224268]",147627
4921,01:22:01,Forceps,2,0.926437,"[0.588276, 0.549828, 0.0685646, 0.206262]",147633
4922,01:22:02,Forceps,2,0.928319,"[0.588289, 0.552707, 0.0676006, 0.201013]",147681
4923,01:22:03,Forceps,2,0.910203,"[0.584207, 0.544726, 0.0772049, 0.212479]",147691
4924,01:22:04,Forceps,2,0.919319,"[0.591036, 0.554666, 0.063736, 0.200768]",147748
4925,01:22:05,Forceps,2,0.941029,"[0.588099, 0.557135, 0.0689803, 0.191195]",147764
4926,01:22:06,Forceps,2,0.922077,"[0.596375, 0.552553, 0.0543603, 0.202307]",147799
4927,01:22:07,Forceps,2,0.94076,"[0.586127, 0.554181, 0.0699542, 0.196341]",147833
4928,01:22:08,Forceps,2,0.885782,"[0.587905, 0.535882, 0.0720728, 0.227484]",147847
4929,01:22:09,Forceps,2,0.833733,"[0.605106, 0.54936, 0.0587335, 0.208824]",147886
4930,01:22:10,Forceps,2,0.892989,"[0.593442, 0.556617, 0.0623151, 0.194858]",147929
4931,01:22:11,Forceps,2,0.908846,"[0.593483, 0.555884, 0.0622391, 0.197289]",147938
4932,01:22:12,Forceps,2,0.905479,"[0.589448, 0.539846, 0.0683106, 0.222172]",147973
4933,01:22:13,Forceps,2,0.914422,"[0.59576, 0.551965, 0.0610774, 0.204645]",148019
4934,01:22:14,Forceps,2,0.923285,"[0.594708, 0.554332, 0.0622082, 0.199562]",148024
4935,01:22:15,Forceps,2,0.945496,"[0.590779, 0.559118, 0.0656063, 0.187099]",148067
4936,01:22:16,Forceps,2,0.915753,"[0.583847, 0.545928, 0.0796311, 0.209288]",148086
4937,01:22:17,Forceps,2,0.895639,"[0.571638, 0.54009, 0.0957859, 0.215946]",148112
4948,01:22:28,Frazier,1,0.801776,"[0.546187, 0.581696, 0.118003, 0.122827]",148467
4949,01:22:29,Frazier,1,0.912505,"[0.587294, 0.577938, 0.0747412, 0.145649]",148496
4950,01:22:30,Frazier,1,0.890106,"[0.58418, 0.588411, 0.0803276, 0.126477]",148501
4951,01:22:31,Frazier,1,0.83338,"[0.569609, 0.594203, 0.104094, 0.117894]",148530
4952,01:22:32,Frazier,1,0.825459,"[0.576771, 0.608176, 0.0827775, 0.0913296]",148571
4953,01:22:33,Frazier,1,0.8696,"[0.581683, 0.573304, 0.0861712, 0.160175]",148597
4954,01:22:34,Frazier,1,0.834314,"[0.598796, 0.588379, 0.0452578, 0.126758]",148621
4959,01:22:39,Microdebrider,3,0.900672,"[0.544075, 0.490945, 0.0948855, 0.292595]",148782
4960,01:22:40,Microdebrider,3,0.936125,"[0.555804, 0.522647, 0.128456, 0.257672]",148821
4961,01:22:41,Microdebrider,3,0.924692,"[0.572102, 0.527942, 0.0907747, 0.254622]",148830
4962,01:22:42,Microdebrider,3,0.922873,"[0.587256, 0.515831, 0.0690364, 0.280665]",148888
4963,01:22:43,Microdebrider,3,0.925309,"[0.586908, 0.517036, 0.0715828, 0.275899]",148919
4964,01:22:44,Microdebrider,3,0.935241,"[0.574644, 0.503467, 0.0893545, 0.303035]",148929
4977,01:22:57,Microdebrider,3,0.939128,"[0.548163, 0.522987, 0.137806, 0.262332]",149334
4978,01:22:58,Microdebrider,3,0.930974,"[0.567849, 0.519735, 0.0933176, 0.266158]",149348
4979,01:22:59,Microdebrider,3,0.916425,"[0.578223, 0.518245, 0.0792526, 0.27199]",149371
4980,01:23:00,Microdebrider,3,0.927173,"[0.576594, 0.527092, 0.0835074, 0.259939]",149404
4981,01:23:01,Microdebrider,3,0.918282,"[0.578684, 0.522044, 0.0798652, 0.269438]",149458
4982,01:23:02,Microdebrider,3,0.921421,"[0.57831, 0.514086, 0.079722, 0.281199]",149465
4983,01:23:03,Microdebrider,3,0.925621,"[0.57966, 0.513367, 0.0789891, 0.282073]",149493
4984,01:23:04,Microdebrider,3,0.926203,"[0.57903, 0.511091, 0.0791641, 0.28612]",149528
4985,01:23:05,Microdebrider,3,0.916083,"[0.588304, 0.504594, 0.06847, 0.296926]",149578
4986,01:23:06,Microdebrider,3,0.924605,"[0.57936, 0.511367, 0.0790311, 0.282167]",149602
4987,01:23:07,Microdebrider,3,0.937352,"[0.552959, 0.541319, 0.12404, 0.236226]",149633
4988,01:23:08,Microdebrider,3,0.930822,"[0.55832, 0.549397, 0.112801, 0.217204]",149643
4989,01:23:09,Microdebrider,3,0.928997,"[0.546229, 0.552758, 0.134008, 0.208441]",149676
4990,01:23:10,Microdebrider,3,0.930869,"[0.546653, 0.573524, 0.134122, 0.171332]",149723
4991,01:23:11,Microdebrider,3,0.928167,"[0.548096, 0.571277, 0.130958, 0.174481]",149737
4992,01:23:12,Microdebrider,3,0.939881,"[0.553362, 0.53769, 0.122739, 0.239756]",149782
4993,01:23:13,Microdebrider,3,0.950096,"[0.563944, 0.51345, 0.108744, 0.282459]",149808
4994,01:23:14,Microdebrider,3,0.939572,"[0.570505, 0.498775, 0.0970428, 0.308534]",149838
5047,01:24:07,Forceps,2,0.847329,"[0.537865, 0.511662, 0.100457, 0.218936]",151439
5048,01:24:08,Forceps,2,0.917155,"[0.567242, 0.549131, 0.111406, 0.200836]",151459
5049,01:24:09,Forceps,2,0.949619,"[0.58484, 0.567652, 0.0728291, 0.172185]",151497
5050,01:24:10,Forceps,2,0.944097,"[0.584599, 0.56889, 0.0736064, 0.170336]",151503
5051,01:24:11,Forceps,2,0.913902,"[0.587926, 0.56258, 0.0726393, 0.181133]",151557
5052,01:24:12,Forceps,2,0.906398,"[0.584103, 0.545996, 0.0836024, 0.207239]",151588
5053,01:24:13,Forceps,2,0.911291,"[0.584678, 0.553144, 0.0790844, 0.192885]",151599
5054,01:24:14,Forceps,2,0.909221,"[0.586345, 0.552973, 0.078434, 0.192244]",151637
5055,01:24:15,Forceps,2,0.910368,"[0.582861, 0.552479, 0.0797428, 0.193851]",151655
5056,01:24:16,Forceps,2,0.90998,"[0.584151, 0.553257, 0.0824265, 0.192237]",151693
5057,01:24:17,Forceps,2,0.914268,"[0.58132, 0.552839, 0.0824214, 0.1949]",151720
5058,01:24:18,Forceps,2,0.914419,"[0.582083, 0.551866, 0.0812589, 0.196954]",151744
5059,01:24:19,Forceps,2,0.913831,"[0.580788, 0.551139, 0.082305, 0.194955]",151790
5060,01:24:20,Forceps,2,0.9129,"[0.579838, 0.551028, 0.0841334, 0.194367]",151818
5061,01:24:21,Forceps,2,0.91055,"[0.579312, 0.550058, 0.0851328, 0.198217]",151849
5062,01:24:22,Forceps,2,0.91552,"[0.580253, 0.550718, 0.08445, 0.197518]",151885
5063,01:24:23,Forceps,2,0.915017,"[0.582106, 0.553336, 0.0799272, 0.191332]",151903
5064,01:24:24,Forceps,2,0.918071,"[0.579779, 0.553056, 0.0855736, 0.194909]",151922
5065,01:24:25,Forceps,2,0.916271,"[0.578246, 0.550306, 0.0871115, 0.196536]",151959
5066,01:24:26,Forceps,2,0.922329,"[0.582199, 0.556584, 0.0779375, 0.19069]",152009
5067,01:24:27,Forceps,2,0.93152,"[0.575539, 0.559609, 0.090216, 0.185914]",152018
5073,01:24:33,Frazier,1,0.857898,"[0.612916, 0.561677, 0.0458376, 0.182279]",152219
5074,01:24:34,Frazier,1,0.894135,"[0.609204, 0.562558, 0.049836, 0.183293]",152226
5075,01:24:35,Frazier,1,0.809165,"[0.615453, 0.563812, 0.0398294, 0.18375]",152251
5076,01:24:36,Frazier,1,0.820482,"[0.625943, 0.558312, 0.0422129, 0.182979]",152280
5077,01:24:37,Frazier,1,0.715418,"[0.62082, 0.538365, 0.0316521, 0.237653]",152316
5081,01:24:41,Microdebrider,3,0.928385,"[0.544757, 0.516192, 0.135526, 0.271606]",152458
5082,01:24:42,Microdebrider,3,0.940301,"[0.566822, 0.513529, 0.108673, 0.272071]",152480
5083,01:24:43,Microdebrider,3,0.936234,"[0.573884, 0.516382, 0.0881998, 0.274195]",152517
5084,01:24:44,Microdebrider,3,0.937813,"[0.571551, 0.517364, 0.0931224, 0.272323]",152539
5085,01:24:45,Microdebrider,3,0.941624,"[0.570883, 0.517124, 0.0931976, 0.275123]",152579
5086,01:24:46,Microdebrider,3,0.94508,"[0.564663, 0.512447, 0.104206, 0.283645]",152604
5087,01:24:47,Microdebrider,3,0.943242,"[0.566279, 0.513053, 0.102155, 0.281973]",152615
5088,01:24:48,Microdebrider,3,0.904818,"[0.572576, 0.510094, 0.0908655, 0.2905]",152640
5089,01:24:49,Microdebrider,3,0.843636,"[0.572305, 0.502767, 0.0953555, 0.297567]",152681
5090,01:24:50,Microdebrider,3,0.905485,"[0.56908, 0.51044, 0.101545, 0.283164]",152721
5091,01:24:51,Microdebrider,3,0.711507,"[0.575633, 0.509853, 0.0901904, 0.284857]",152744
5092,01:24:52,Microdebrider,3,0.769333,"[0.576606, 0.509023, 0.0972805, 0.286764]",152786
5093,01:24:53,Microdebrider,3,0.711525,"[0.578948, 0.514856, 0.0968033, 0.274842]",152795
5094,01:24:54,Microdebrider,3,0.782466,"[0.595187, 0.523724, 0.0636215, 0.259347]",152836
5095,01:24:55,Microdebrider,3,0.744753,"[0.586869, 0.518407, 0.0779953, 0.270583]",152854
5096,01:24:56,Microdebrider,3,0.732087,"[0.585565, 0.500758, 0.0841331, 0.304967]",152894
5097,01:24:57,Microdebrider,3,0.824888,"[0.593297, 0.512898, 0.0688911, 0.283641]",152927
5098,01:24:58,Microdebrider,3,0.896159,"[0.574477, 0.498036, 0.0942784, 0.310069]",152953
5100,01:25:00,Microdebrider,3,0.915623,"[0.574301, 0.506042, 0.0920403, 0.292848]",153007
5101,01:25:01,Microdebrider,3,0.886853,"[0.570852, 0.510546, 0.0979455, 0.282753]",153059
5102,01:25:02,Microdebrider,3,0.920903,"[0.563266, 0.513837, 0.112588, 0.273794]",153079
5103,01:25:03,Microdebrider,3,0.914765,"[0.563469, 0.515363, 0.110165, 0.271361]",153111
5104,01:25:04,Microdebrider,3,0.917154,"[0.556797, 0.525637, 0.125293, 0.250093]",153138
5105,01:25:05,Microdebrider,3,0.910478,"[0.563719, 0.521704, 0.110052, 0.259727]",153157
5106,01:25:06,Microdebrider,3,0.939144,"[0.564115, 0.509369, 0.107107, 0.287015]",153200
5107,01:25:07,Microdebrider,3,0.918937,"[0.567551, 0.519129, 0.104156, 0.264347]",153236
5108,01:25:08,Microdebrider,3,0.921698,"[0.571374, 0.501861, 0.0952133, 0.302447]",153265
5109,01:25:09,Microdebrider,3,0.907629,"[0.577788, 0.499187, 0.0837481, 0.309706]",153276
5110,01:25:10,Microdebrider,3,0.920584,"[0.573368, 0.511671, 0.0952082, 0.284726]",153320
5111,01:25:11,Microdebrider,3,0.923041,"[0.580583, 0.503794, 0.0789974, 0.298657]",153352
5112,01:25:12,Microdebrider,3,0.92705,"[0.587849, 0.487765, 0.0742668, 0.330749]",153385
5113,01:25:13,Microdebrider,3,0.938976,"[0.573975, 0.494482, 0.0929935, 0.312344]",153396
5114,01:25:14,Microdebrider,3,0.942303,"[0.573733, 0.493744, 0.0903231, 0.318492]",153433
5115,01:25:15,Microdebrider,3,0.887795,"[0.575319, 0.504543, 0.0926147, 0.299418]",153455
5116,01:25:16,Microdebrider,3,0.833453,"[0.57531, 0.510405, 0.0999833, 0.284883]",153509
5117,01:25:17,Microdebrider,3,0.878008,"[0.570853, 0.510235, 0.102204, 0.284497]",153512
5118,01:25:18,Microdebrider,3,0.875217,"[0.587976, 0.531805, 0.0743728, 0.243599]",153568
5119,01:25:19,Microdebrider,3,0.919384,"[0.591401, 0.490653, 0.070319, 0.321168]",153595
5120,01:25:20,Microdebrider,3,0.920371,"[0.58552, 0.496252, 0.0780623, 0.312068]",153600
5121,01:25:21,Microdebrider,3,0.911996,"[0.582281, 0.497518, 0.0768831, 0.313551]",153631
5122,01:25:22,Microdebrider,3,0.944255,"[0.564562, 0.515786, 0.105454, 0.276513]",153676
5123,01:25:23,Microdebrider,3,0.93782,"[0.554193, 0.532829, 0.121494, 0.246276]",153698
5124,01:25:24,Microdebrider,3,0.937114,"[0.570906, 0.516952, 0.091446, 0.27623]",153726
5125,01:25:25,Microdebrider,3,0.93287,"[0.558624, 0.537568, 0.109154, 0.24049]",153779
5126,01:25:26,Microdebrider,3,0.935276,"[0.557046, 0.548994, 0.113053, 0.219579]",153787
5127,01:25:27,Microdebrider,3,0.929368,"[0.559557, 0.554224, 0.110221, 0.212199]",153825
5128,01:25:28,Microdebrider,3,0.927518,"[0.554629, 0.556358, 0.117335, 0.207212]",153848
5129,01:25:29,Microdebrider,3,0.929142,"[0.5507, 0.541093, 0.124668, 0.239484]",153879
5130,01:25:30,Microdebrider,3,0.930563,"[0.559543, 0.5491, 0.109492, 0.221176]",153911
5131,01:25:31,Microdebrider,3,0.91372,"[0.539639, 0.568823, 0.14365, 0.184978]",153941
5132,01:25:32,Microdebrider,3,0.923854,"[0.545722, 0.547443, 0.135402, 0.224875]",153975
5133,01:25:33,Microdebrider,3,0.921348,"[0.542338, 0.548904, 0.141279, 0.221464]",154014
5134,01:25:34,Microdebrider,3,0.928856,"[0.559606, 0.548637, 0.107655, 0.220813]",154045
5135,01:25:35,Microdebrider,3,0.931728,"[0.560075, 0.549117, 0.108264, 0.219624]",154050
5136,01:25:36,Microdebrider,3,0.926209,"[0.556818, 0.543237, 0.112714, 0.233211]",154105
5137,01:25:37,Microdebrider,3,0.926656,"[0.562737, 0.536204, 0.100284, 0.244273]",154116
5138,01:25:38,Microdebrider,3,0.934768,"[0.562945, 0.524132, 0.099232, 0.262756]",154163
5139,01:25:39,Microdebrider,3,0.932908,"[0.560182, 0.533648, 0.106815, 0.245996]",154186
5140,01:25:40,Microdebrider,3,0.935948,"[0.553493, 0.532716, 0.120552, 0.251202]",154204
5141,01:25:41,Microdebrider,3,0.935836,"[0.553434, 0.536737, 0.120556, 0.242826]",154232
5147,01:25:47,Freer,4,0.879879,"[0.588689, 0.57513, 0.0636543, 0.161568]",154434
5148,01:25:48,Freer,4,0.877886,"[0.587273, 0.586526, 0.0634859, 0.150025]",154445
5149,01:25:49,Freer,4,0.87621,"[0.575868, 0.591525, 0.0832378, 0.139459]",154495
5150,01:25:50,Freer,4,0.888375,"[0.566414, 0.596252, 0.0970178, 0.131501]",154526
5151,01:25:51,Freer,4,0.901407,"[0.579649, 0.592576, 0.0735504, 0.136886]",154536
5152,01:25:52,Freer,4,0.901882,"[0.571987, 0.595834, 0.0844675, 0.12843]",154562
5153,01:25:53,Freer,4,0.884285,"[0.569114, 0.584199, 0.0911326, 0.148912]",154598
5154,01:25:54,Freer,4,0.878832,"[0.572593, 0.590648, 0.0936542, 0.136827]",154623
5155,01:25:55,Freer,4,0.877352,"[0.58166, 0.584514, 0.077375, 0.146026]",154675
5156,01:25:56,Freer,4,0.916839,"[0.56761, 0.590031, 0.0928232, 0.143163]",154690
5157,01:25:57,Freer,4,0.907531,"[0.584874, 0.592245, 0.0710278, 0.129639]",154739
5158,01:25:58,Freer,4,0.907473,"[0.583495, 0.592339, 0.0741528, 0.129377]",154740
5159,01:25:59,Freer,4,0.857944,"[0.580888, 0.596676, 0.071199, 0.127513]",154781
5160,01:26:00,Freer,4,0.836184,"[0.570773, 0.600793, 0.0892113, 0.124772]",154806
5161,01:26:01,Freer,4,0.813913,"[0.567894, 0.598798, 0.0918723, 0.126718]",154832
5162,01:26:02,Freer,4,0.922649,"[0.582406, 0.592516, 0.0721263, 0.132747]",154883
5163,01:26:03,Freer,4,0.887797,"[0.580737, 0.594009, 0.0703291, 0.134399]",154902
5173,01:26:13,Forceps,2,0.858078,"[0.563498, 0.52757, 0.11148, 0.24139]",155211
5174,01:26:14,Forceps,2,0.910666,"[0.573055, 0.552601, 0.0886719, 0.204935]",155244
5175,01:26:15,Forceps,2,0.934334,"[0.565167, 0.56968, 0.100782, 0.171257]",155276
5176,01:26:16,Forceps,2,0.916741,"[0.560367, 0.57025, 0.108688, 0.165398]",155296
5177,01:26:17,Forceps,2,0.924988,"[0.560675, 0.573534, 0.109804, 0.166711]",155339
5178,01:26:18,Forceps,2,0.928785,"[0.558499, 0.568812, 0.11438, 0.17248]",155340
5179,01:26:19,Forceps,2,0.930127,"[0.559964, 0.570152, 0.107429, 0.177656]",155398
5180,01:26:20,Forceps,2,0.924108,"[0.5591, 0.569046, 0.110269, 0.176494]",155406
5181,01:26:21,Forceps,2,0.928828,"[0.560385, 0.576027, 0.109334, 0.163049]",155444
5182,01:26:22,Forceps,2,0.924979,"[0.557999, 0.572987, 0.112395, 0.171136]",155489
5183,01:26:23,Forceps,2,0.930563,"[0.559789, 0.569717, 0.108677, 0.176749]",155493
5184,01:26:24,Forceps,2,0.898909,"[0.526564, 0.433856, 0.116292, 0.173693]",155526
5186,01:26:26,Forceps,2,0.911056,"[0.567849, 0.530823, 0.0980408, 0.247357]",155597
5187,01:26:27,Forceps,2,0.923449,"[0.567885, 0.561517, 0.0983631, 0.185901]",155638
5188,01:26:28,Forceps,2,0.937932,"[0.56554, 0.57542, 0.102507, 0.158329]",155666
5189,01:26:29,Forceps,2,0.922951,"[0.565699, 0.57464, 0.102147, 0.159173]",155670
5190,01:26:30,Forceps,2,0.918226,"[0.571301, 0.564311, 0.0923439, 0.181201]",155706
5191,01:26:31,Forceps,2,0.916899,"[0.566051, 0.561714, 0.104413, 0.177332]",155738
5192,01:26:32,Forceps,2,0.925343,"[0.564171, 0.547983, 0.105784, 0.21455]",155770
5229,01:27:09,Frazier,1,0.824959,"[0.626149, 0.541456, 0.10202, 0.207447]",156894
5230,01:27:10,Frazier,1,0.870647,"[0.631411, 0.583868, 0.108544, 0.147626]",156916
5231,01:27:11,Frazier,1,0.821946,"[0.650798, 0.575029, 0.0567341, 0.154269]",156934
5232,01:27:12,Frazier,1,0.788186,"[0.629143, 0.589134, 0.11317, 0.128298]",156985
5233,01:27:13,Frazier,1,0.764878,"[0.614245, 0.599091, 0.134521, 0.11163]",157012
5234,01:27:14,Frazier,1,0.704949,"[0.611693, 0.600087, 0.137555, 0.109722]",157021
5236,01:27:16,Frazier,1,0.859753,"[0.557542, 0.559966, 0.115041, 0.139335]",157108
5237,01:27:17,Frazier,1,0.87295,"[0.55296, 0.582033, 0.120727, 0.139958]",157116
5238,01:27:18,Frazier,1,0.923617,"[0.577261, 0.575727, 0.0901131, 0.154403]",157158
5239,01:27:19,Frazier,1,0.91918,"[0.582171, 0.58102, 0.0834972, 0.142099]",157193
5240,01:27:20,Frazier,1,0.878368,"[0.595802, 0.590973, 0.0494774, 0.122288]",157217
5241,01:27:21,Frazier,1,0.860274,"[0.592653, 0.593765, 0.0548813, 0.119989]",157232
5242,01:27:22,Frazier,1,0.839266,"[0.577292, 0.587986, 0.0959686, 0.131478]",157263
5243,01:27:23,Frazier,1,0.880138,"[0.576637, 0.600169, 0.085439, 0.109764]",157311
5247,01:27:27,Frazier,1,0.831068,"[0.571506, 0.592671, 0.0942913, 0.124441]",157435
5248,01:27:28,Frazier,1,0.861678,"[0.566812, 0.600781, 0.108377, 0.106893]",157446
5249,01:27:29,Frazier,1,0.87288,"[0.577413, 0.61107, 0.0820118, 0.0894938]",157485
5250,01:27:30,Frazier,1,0.883215,"[0.575681, 0.619404, 0.0738859, 0.0781916]",157523
5251,01:27:31,Frazier,1,0.850033,"[0.576451, 0.61821, 0.0794683, 0.0791523]",157534
5252,01:27:32,Frazier,1,0.854104,"[0.575343, 0.623422, 0.0777989, 0.0695926]",157584
5253,01:27:33,Frazier,1,0.841844,"[0.580178, 0.618492, 0.0740973, 0.0774632]",157594
5254,01:27:34,Frazier,1,0.857225,"[0.580881, 0.626879, 0.0695608, 0.0635713]",157623
5255,01:27:35,Frazier,1,0.808694,"[0.582298, 0.613046, 0.0695326, 0.0865631]",157679
5256,01:27:36,Frazier,1,0.825674,"[0.582331, 0.59466, 0.0701522, 0.12304]",157686
5257,01:27:37,Frazier,1,0.858709,"[0.596116, 0.59281, 0.0494647, 0.123509]",157733
5258,01:27:38,Frazier,1,0.836356,"[0.580152, 0.576438, 0.087474, 0.1542]",157768
5259,01:27:39,Frazier,1,0.85912,"[0.597536, 0.588197, 0.0481443, 0.13031]",157786
5260,01:27:40,Frazier,1,0.883702,"[0.577224, 0.616163, 0.0775581, 0.0840079]",157829
5261,01:27:41,Frazier,1,0.763672,"[0.576061, 0.611647, 0.0793864, 0.0931918]",157830
5267,01:27:47,Freer,4,0.904759,"[0.577796, 0.593436, 0.0783676, 0.137123]",158039
5268,01:27:48,Freer,4,0.914762,"[0.57742, 0.594902, 0.077009, 0.137345]",158042
5269,01:27:49,Freer,4,0.923988,"[0.580198, 0.590252, 0.0701122, 0.141691]",158077
5270,01:27:50,Freer,4,0.920448,"[0.577906, 0.595386, 0.0771757, 0.131531]",158129
5271,01:27:51,Freer,4,0.925456,"[0.577308, 0.589937, 0.077269, 0.13977]",158153
5272,01:27:52,Freer,4,0.911784,"[0.577156, 0.577267, 0.0780713, 0.161982]",158176
5273,01:27:53,Freer,4,0.898291,"[0.590488, 0.572282, 0.0598157, 0.172299]",158191
5274,01:27:54,Freer,4,0.901192,"[0.590441, 0.576225, 0.0607094, 0.162625]",158247
5275,01:27:55,Freer,4,0.905746,"[0.587298, 0.590797, 0.0659416, 0.137379]",158260
5276,01:27:56,Freer,4,0.886271,"[0.586808, 0.58975, 0.0675331, 0.139107]",158281
5277,01:27:57,Freer,4,0.905861,"[0.585211, 0.584326, 0.0670312, 0.143887]",158328
5278,01:27:58,Freer,4,0.900355,"[0.584113, 0.595119, 0.0723364, 0.127177]",158344
5279,01:27:59,Freer,4,0.884954,"[0.588248, 0.585799, 0.0681611, 0.141672]",158399
5280,01:28:00,Freer,4,0.903297,"[0.582328, 0.583804, 0.0751013, 0.142122]",158407
5284,01:28:04,Forceps,2,0.90917,"[0.572273, 0.556121, 0.0928408, 0.193094]",158546
5285,01:28:05,Forceps,2,0.919418,"[0.57074, 0.574307, 0.0949182, 0.157406]",158579
5286,01:28:06,Forceps,2,0.919362,"[0.569994, 0.573637, 0.0964495, 0.157945]",158580
5287,01:28:07,Forceps,2,0.923004,"[0.568655, 0.578219, 0.0985316, 0.15283]",158628
5288,01:28:08,Forceps,2,0.919938,"[0.566862, 0.589589, 0.0980654, 0.13383]",158640
5289,01:28:09,Forceps,2,0.91818,"[0.569805, 0.570982, 0.0954723, 0.162335]",158694
5290,01:28:10,Forceps,2,0.920636,"[0.569761, 0.575193, 0.0974304, 0.153397]",158708
5291,01:28:11,Forceps,2,0.908498,"[0.55657, 0.594936, 0.12084, 0.12365]",158731
5292,01:28:12,Forceps,2,0.91661,"[0.572027, 0.573738, 0.0944246, 0.1583]",158764
5293,01:28:13,Forceps,2,0.916842,"[0.558846, 0.56289, 0.120677, 0.173768]",158791
5297,01:28:17,Forceps,2,0.909468,"[0.563895, 0.527605, 0.100048, 0.249319]",158935
5298,01:28:18,Forceps,2,0.908737,"[0.567162, 0.536347, 0.0977497, 0.231181]",158942
5299,01:28:19,Forceps,2,0.919353,"[0.568728, 0.575851, 0.0963945, 0.161073]",158991
5300,01:28:20,Forceps,2,0.923968,"[0.569043, 0.573883, 0.0944346, 0.164801]",159002
5301,01:28:21,Forceps,2,0.927659,"[0.567438, 0.585859, 0.0959362, 0.14308]",159048
5302,01:28:22,Forceps,2,0.922278,"[0.563999, 0.588447, 0.102042, 0.136902]",159077
5303,01:28:23,Forceps,2,0.913128,"[0.565637, 0.588144, 0.0971586, 0.137401]",159116
5304,01:28:24,Forceps,2,0.916748,"[0.565658, 0.582873, 0.0971571, 0.147345]",159133
5305,01:28:25,Forceps,2,0.903161,"[0.566317, 0.585675, 0.0948917, 0.141745]",159161
5306,01:28:26,Forceps,2,0.899334,"[0.559701, 0.538163, 0.12162, 0.213588]",159187
5313,01:28:33,Frazier,1,0.820649,"[0.561075, 0.532209, 0.123043, 0.111456]",159419
5314,01:28:34,Frazier,1,0.876614,"[0.577067, 0.570795, 0.0932392, 0.163657]",159448
5315,01:28:35,Frazier,1,0.879904,"[0.577849, 0.571931, 0.0924563, 0.160262]",159451
5316,01:28:36,Frazier,1,0.871141,"[0.575012, 0.620909, 0.08089, 0.0702737]",159507
5317,01:28:37,Frazier,1,0.870066,"[0.573507, 0.618395, 0.083729, 0.075515]",159523
5318,01:28:38,Frazier,1,0.869238,"[0.575008, 0.624764, 0.0802302, 0.0653469]",159569
5319,01:28:39,Frazier,1,0.869369,"[0.573092, 0.624009, 0.0850803, 0.0662211]",159582
5320,01:28:40,Frazier,1,0.834948,"[0.579893, 0.629618, 0.0628208, 0.0557227]",159606
5321,01:28:41,Frazier,1,0.869943,"[0.575259, 0.623817, 0.0797087, 0.0663845]",159657
5322,01:28:42,Frazier,1,0.88671,"[0.575471, 0.620972, 0.0782291, 0.0716522]",159664
5323,01:28:43,Frazier,1,0.848242,"[0.5759, 0.625799, 0.07871, 0.0641727]",159719
5324,01:28:44,Frazier,1,0.857697,"[0.578465, 0.627014, 0.0707331, 0.0619227]",159721
5325,01:28:45,Frazier,1,0.875377,"[0.571504, 0.621323, 0.0839733, 0.0693848]",159766
5326,01:28:46,Frazier,1,0.866715,"[0.571834, 0.620511, 0.085009, 0.0702833]",159805
5327,01:28:47,Frazier,1,0.837373,"[0.574158, 0.6248, 0.0830404, 0.0632447]",159810
5328,01:28:48,Frazier,1,0.81622,"[0.577945, 0.609595, 0.0790985, 0.0887943]",159861
5329,01:28:49,Frazier,1,0.856778,"[0.574423, 0.585534, 0.0982252, 0.133704]",159877
5330,01:28:50,Frazier,1,0.861788,"[0.570343, 0.588099, 0.101159, 0.131866]",159901
5331,01:28:51,Frazier,1,0.868481,"[0.579557, 0.625593, 0.06968, 0.0641954]",159944
5332,01:28:52,Frazier,1,0.862785,"[0.581038, 0.626212, 0.0675526, 0.0626676]",159989
5333,01:28:53,Frazier,1,0.868749,"[0.581299, 0.626287, 0.0664595, 0.0627635]",159991
5334,01:28:54,Frazier,1,0.736557,"[0.57807, 0.620904, 0.077132, 0.0698437]",160020
5335,01:28:55,Frazier,1,0.86134,"[0.576451, 0.624183, 0.0782534, 0.0647563]",160079
5336,01:28:56,Frazier,1,0.856867,"[0.577183, 0.625056, 0.076883, 0.063829]",160092
5337,01:28:57,Frazier,1,0.821133,"[0.575389, 0.625296, 0.0823656, 0.0628881]",160125
5338,01:28:58,Frazier,1,0.791075,"[0.578792, 0.625635, 0.0786329, 0.0623322]",160160
5339,01:28:59,Frazier,1,0.792805,"[0.586754, 0.63011, 0.0564231, 0.0530038]",160199
5340,01:29:00,Frazier,1,0.860345,"[0.583256, 0.62882, 0.0587355, 0.0582617]",160217
5341,01:29:01,Frazier,1,0.857678,"[0.583383, 0.625316, 0.0598942, 0.0648024]",160230
5342,01:29:02,Frazier,1,0.85826,"[0.569849, 0.607746, 0.0955875, 0.0887349]",160263
5343,01:29:03,Frazier,1,0.882915,"[0.570222, 0.595225, 0.0946054, 0.117326]",160293
5350,01:29:10,Microdebrider,3,0.908985,"[0.55008, 0.508109, 0.147035, 0.275262]",160529
5351,01:29:11,Microdebrider,3,0.942245,"[0.553457, 0.515, 0.141662, 0.267502]",160534
5352,01:29:12,Microdebrider,3,0.93006,"[0.572833, 0.532479, 0.0875734, 0.248499]",160585
5353,01:29:13,Microdebrider,3,0.928934,"[0.572648, 0.535707, 0.0873945, 0.243342]",160611
5354,01:29:14,Microdebrider,3,0.928084,"[0.572909, 0.536673, 0.0871103, 0.241567]",160625
5355,01:29:15,Microdebrider,3,0.923426,"[0.564021, 0.538439, 0.101176, 0.23894]",160656
5356,01:29:16,Microdebrider,3,0.920117,"[0.566262, 0.54059, 0.0956094, 0.235977]",160704
5357,01:29:17,Microdebrider,3,0.919984,"[0.569262, 0.538144, 0.0894551, 0.2378]",160730
5358,01:29:18,Microdebrider,3,0.928707,"[0.562536, 0.53183, 0.10151, 0.249984]",160751
5359,01:29:19,Microdebrider,3,0.925322,"[0.56398, 0.536709, 0.0979641, 0.241481]",160799
5360,01:29:20,Microdebrider,3,0.922738,"[0.564381, 0.53649, 0.0977419, 0.241425]",160800
5361,01:29:21,Microdebrider,3,0.927415,"[0.564101, 0.536051, 0.0983446, 0.241999]",160845
5362,01:29:22,Microdebrider,3,0.925961,"[0.563802, 0.53848, 0.0981488, 0.238025]",160870
5363,01:29:23,Microdebrider,3,0.925628,"[0.561087, 0.534326, 0.103924, 0.245583]",160919
5364,01:29:24,Microdebrider,3,0.932364,"[0.562283, 0.537968, 0.100577, 0.239282]",160934
5365,01:29:25,Microdebrider,3,0.933684,"[0.5562, 0.532808, 0.110716, 0.254528]",160966
5366,01:29:26,Microdebrider,3,0.928512,"[0.552881, 0.542962, 0.122111, 0.23494]",160980
5367,01:29:27,Microdebrider,3,0.924023,"[0.551538, 0.557878, 0.122537, 0.205174]",161021
5368,01:29:28,Microdebrider,3,0.924993,"[0.55254, 0.55804, 0.120874, 0.202954]",161049
5369,01:29:29,Microdebrider,3,0.931759,"[0.552124, 0.544881, 0.124964, 0.229705]",161086
5370,01:29:30,Microdebrider,3,0.942333,"[0.552432, 0.535374, 0.123268, 0.245644]",161105
5371,01:29:31,Microdebrider,3,0.928521,"[0.547662, 0.547856, 0.134631, 0.225404]",161130
5372,01:29:32,Microdebrider,3,0.936926,"[0.550685, 0.542473, 0.127426, 0.2354]",161176
5373,01:29:33,Microdebrider,3,0.935833,"[0.551287, 0.54181, 0.128219, 0.232378]",161194
5374,01:29:34,Microdebrider,3,0.938738,"[0.551769, 0.542977, 0.124658, 0.23367]",161248
5375,01:29:35,Microdebrider,3,0.943577,"[0.552412, 0.531596, 0.123071, 0.24968]",161279
5376,01:29:36,Microdebrider,3,0.944228,"[0.552722, 0.53318, 0.120523, 0.245986]",161280
5377,01:29:37,Microdebrider,3,0.930137,"[0.555844, 0.554076, 0.117077, 0.213322]",161316
5378,01:29:38,Microdebrider,3,0.934071,"[0.551737, 0.543959, 0.125691, 0.231545]",161343
5379,01:29:39,Microdebrider,3,0.935096,"[0.557341, 0.541019, 0.115847, 0.235756]",161399
5380,01:29:40,Microdebrider,3,0.938905,"[0.556827, 0.539757, 0.116754, 0.237883]",161401
5381,01:29:41,Microdebrider,3,0.943384,"[0.554672, 0.538245, 0.119483, 0.243145]",161455
5382,01:29:42,Microdebrider,3,0.9438,"[0.557844, 0.535089, 0.112067, 0.24453]",161460
5383,01:29:43,Microdebrider,3,0.940913,"[0.552419, 0.517902, 0.130472, 0.269047]",161513
5387,01:29:47,Forceps,2,0.900456,"[0.563106, 0.55302, 0.118277, 0.191686]",161639
5388,01:29:48,Forceps,2,0.922239,"[0.564851, 0.56392, 0.112584, 0.175557]",161646
5389,01:29:49,Forceps,2,0.912513,"[0.564099, 0.585705, 0.113317, 0.134418]",161683
5390,01:29:50,Forceps,2,0.915546,"[0.556469, 0.592495, 0.129484, 0.129989]",161701
5391,01:29:51,Forceps,2,0.887225,"[0.562185, 0.549443, 0.109825, 0.207196]",161757
5392,01:29:52,Forceps,2,0.924295,"[0.563908, 0.552753, 0.108138, 0.206704]",161783
5393,01:29:53,Forceps,2,0.909314,"[0.562186, 0.554414, 0.109151, 0.202769]",161794
5394,01:29:54,Forceps,2,0.92063,"[0.562908, 0.546004, 0.105168, 0.216546]",161834
5395,01:29:55,Forceps,2,0.900123,"[0.564842, 0.561374, 0.11011, 0.181]",161856
5396,01:29:56,Forceps,2,0.919988,"[0.552466, 0.594854, 0.133933, 0.12511]",161904
5397,01:29:57,Forceps,2,0.919589,"[0.549183, 0.596619, 0.140432, 0.120985]",161914
5398,01:29:58,Forceps,2,0.913151,"[0.540151, 0.567825, 0.153443, 0.177304]",161941
5402,01:30:02,Forceps,2,0.926493,"[0.553214, 0.576384, 0.135537, 0.157047]",162077
5403,01:30:03,Forceps,2,0.915497,"[0.549213, 0.580208, 0.138064, 0.152275]",162090
5404,01:30:04,Forceps,2,0.907809,"[0.563533, 0.560548, 0.105895, 0.192601]",162138
5405,01:30:05,Forceps,2,0.914291,"[0.563284, 0.555315, 0.106363, 0.200496]",162153
5406,01:30:06,Forceps,2,0.91494,"[0.557837, 0.567656, 0.118713, 0.177492]",162196
5407,01:30:07,Forceps,2,0.916973,"[0.557855, 0.554968, 0.117323, 0.200979]",162220
5408,01:30:08,Forceps,2,0.906824,"[0.559404, 0.567952, 0.112889, 0.170426]",162240
5409,01:30:09,Forceps,2,0.914083,"[0.552106, 0.591841, 0.136772, 0.129524]",162289
5410,01:30:10,Forceps,2,0.884945,"[0.557902, 0.592578, 0.123951, 0.125745]",162318
5411,01:30:11,Forceps,2,0.919561,"[0.551581, 0.593061, 0.133146, 0.128443]",162344
5412,01:30:12,Forceps,2,0.907042,"[0.546782, 0.590571, 0.145085, 0.130614]",162385
5413,01:30:13,Forceps,2,0.899355,"[0.550685, 0.591436, 0.137197, 0.128257]",162390
5414,01:30:14,Forceps,2,0.907812,"[0.546431, 0.592652, 0.142527, 0.129005]",162429
5426,01:30:26,Microdebrider,3,0.908586,"[0.541303, 0.495162, 0.135143, 0.275063]",162808
5427,01:30:27,Microdebrider,3,0.938533,"[0.551832, 0.516231, 0.133625, 0.266952]",162827
5428,01:30:28,Microdebrider,3,0.940389,"[0.56724, 0.517677, 0.0989752, 0.275381]",162856
5429,01:30:29,Microdebrider,3,0.932665,"[0.564542, 0.535748, 0.101216, 0.241498]",162871
5430,01:30:30,Microdebrider,3,0.934218,"[0.557544, 0.549042, 0.112144, 0.218592]",162924
5431,01:30:31,Microdebrider,3,0.932379,"[0.558778, 0.548399, 0.111124, 0.225454]",162930
5432,01:30:32,Microdebrider,3,0.930842,"[0.557351, 0.540639, 0.112815, 0.238648]",162964
5433,01:30:33,Microdebrider,3,0.927935,"[0.562871, 0.541388, 0.10234, 0.237476]",163011
5434,01:30:34,Microdebrider,3,0.927036,"[0.556588, 0.541942, 0.116434, 0.232876]",163024
5435,01:30:35,Microdebrider,3,0.92566,"[0.557591, 0.529547, 0.114799, 0.252528]",163069
5436,01:30:36,Microdebrider,3,0.928876,"[0.555682, 0.537762, 0.120224, 0.240794]",163103
5437,01:30:37,Microdebrider,3,0.932574,"[0.551148, 0.537491, 0.131108, 0.239828]",163117
5438,01:30:38,Microdebrider,3,0.930016,"[0.549443, 0.552106, 0.130778, 0.21095]",163169
5439,01:30:39,Microdebrider,3,0.930268,"[0.548591, 0.551687, 0.131501, 0.21187]",163171
5440,01:30:40,Microdebrider,3,0.933351,"[0.559482, 0.548604, 0.109424, 0.220911]",163216
5441,01:30:41,Microdebrider,3,0.932664,"[0.560771, 0.5486, 0.108141, 0.223173]",163238
5442,01:30:42,Microdebrider,3,0.933805,"[0.559584, 0.548651, 0.109807, 0.22081]",163264
5443,01:30:43,Microdebrider,3,0.933397,"[0.559606, 0.551018, 0.109227, 0.219306]",163309
5444,01:30:44,Microdebrider,3,0.932731,"[0.559387, 0.552715, 0.110997, 0.217268]",163320
5445,01:30:45,Microdebrider,3,0.920666,"[0.561872, 0.544275, 0.103644, 0.232444]",163352
5446,01:30:46,Microdebrider,3,0.924237,"[0.564613, 0.543372, 0.0978274, 0.232622]",163407
5447,01:30:47,Microdebrider,3,0.921778,"[0.564864, 0.544581, 0.0974152, 0.230556]",163411
5448,01:30:48,Microdebrider,3,0.898615,"[0.563935, 0.541105, 0.0998924, 0.24043]",163444
5449,01:30:49,Microdebrider,3,0.925013,"[0.564084, 0.542057, 0.099475, 0.237467]",163496
5450,01:30:50,Microdebrider,3,0.926154,"[0.564426, 0.545083, 0.097901, 0.232577]",163507
5451,01:30:51,Microdebrider,3,0.925465,"[0.562809, 0.54645, 0.100842, 0.230173]",163552
5452,01:30:52,Microdebrider,3,0.924914,"[0.562798, 0.545616, 0.101867, 0.231458]",163569
5453,01:30:53,Microdebrider,3,0.912585,"[0.561915, 0.537973, 0.10407, 0.24269]",163607
5454,01:30:54,Microdebrider,3,0.863572,"[0.576714, 0.545064, 0.0795937, 0.221771]",163626
5455,01:30:55,Microdebrider,3,0.883086,"[0.576114, 0.542835, 0.0808613, 0.225952]",163668
5456,01:30:56,Microdebrider,3,0.921895,"[0.561134, 0.528876, 0.106997, 0.25401]",163709
5457,01:30:57,Microdebrider,3,0.933542,"[0.557452, 0.54878, 0.112238, 0.221242]",163724
5458,01:30:58,Microdebrider,3,0.931718,"[0.555608, 0.547727, 0.118091, 0.224518]",163742
5459,01:30:59,Microdebrider,3,0.931353,"[0.556505, 0.550529, 0.117021, 0.218302]",163771
5460,01:31:00,Microdebrider,3,0.900479,"[0.548446, 0.560158, 0.132713, 0.196761]",163806
5461,01:31:01,Microdebrider,3,0.901821,"[0.539758, 0.566595, 0.152131, 0.179558]",163841
5462,01:31:02,Microdebrider,3,0.89909,"[0.531763, 0.574635, 0.171625, 0.162187]",163883
5463,01:31:03,Microdebrider,3,0.880347,"[0.531104, 0.572803, 0.173059, 0.16446]",163897
5464,01:31:04,Microdebrider,3,0.931276,"[0.54763, 0.548288, 0.138186, 0.220044]",163949
5465,01:31:05,Microdebrider,3,0.928092,"[0.546625, 0.551318, 0.140745, 0.21417]",163950
5466,01:31:06,Microdebrider,3,0.927577,"[0.543679, 0.546049, 0.144016, 0.226955]",164009
5467,01:31:07,Microdebrider,3,0.931806,"[0.550926, 0.541086, 0.13133, 0.237415]",164015
5468,01:31:08,Microdebrider,3,0.933011,"[0.551063, 0.542994, 0.126966, 0.231987]",164069
5469,01:31:09,Microdebrider,3,0.939267,"[0.550987, 0.539589, 0.128604, 0.240408]",164071
5470,01:31:10,Microdebrider,3,0.934168,"[0.568447, 0.523081, 0.095042, 0.264763]",164124
5471,01:31:11,Microdebrider,3,0.931825,"[0.576469, 0.5186, 0.081426, 0.273469]",164132
5472,01:31:12,Microdebrider,3,0.925132,"[0.570321, 0.526172, 0.0902765, 0.259762]",164160
5473,01:31:13,Microdebrider,3,0.929923,"[0.572214, 0.52339, 0.0861004, 0.265658]",164216
5474,01:31:14,Microdebrider,3,0.918615,"[0.569804, 0.526295, 0.0922597, 0.259619]",164241
5475,01:31:15,Microdebrider,3,0.900379,"[0.578951, 0.520031, 0.0770112, 0.271459]",164251
5476,01:31:16,Microdebrider,3,0.913123,"[0.587308, 0.502165, 0.0718746, 0.301535]",164284
5478,01:31:18,Microdebrider,3,0.81365,"[0.583832, 0.507471, 0.0727205, 0.294386]",164366
5479,01:31:19,Microdebrider,3,0.911883,"[0.573993, 0.523817, 0.085326, 0.2609]",164396
5480,01:31:20,Microdebrider,3,0.914231,"[0.57035, 0.52453, 0.0916304, 0.258926]",164403
5481,01:31:21,Microdebrider,3,0.878275,"[0.577384, 0.552647, 0.0779399, 0.205591]",164449
5482,01:31:22,Microdebrider,3,0.943751,"[0.552221, 0.514197, 0.125391, 0.27783]",164473
5487,01:31:27,Forceps,2,0.908657,"[0.551969, 0.560972, 0.140825, 0.168432]",164632
5488,01:31:28,Forceps,2,0.924615,"[0.549973, 0.568009, 0.143253, 0.174517]",164644
5489,01:31:29,Forceps,2,0.917669,"[0.564104, 0.547052, 0.10962, 0.213846]",164689
5490,01:31:30,Forceps,2,0.839581,"[0.583335, 0.529069, 0.077393, 0.248772]",164710
5491,01:31:31,Forceps,2,0.888201,"[0.574732, 0.54701, 0.0945192, 0.214385]",164732
5492,01:31:32,Forceps,2,0.901115,"[0.552966, 0.589068, 0.134223, 0.131028]",164787
5493,01:31:33,Forceps,2,0.911805,"[0.544411, 0.565619, 0.144768, 0.176083]",164818
5494,01:31:34,Forceps,2,0.912884,"[0.539729, 0.555833, 0.155516, 0.193472]",164821
5496,01:31:36,Forceps,2,0.923146,"[0.552682, 0.579383, 0.136409, 0.153181]",164909
5497,01:31:37,Forceps,2,0.921786,"[0.55161, 0.579181, 0.137141, 0.154255]",164910
5498,01:31:38,Forceps,2,0.90036,"[0.564496, 0.555246, 0.108713, 0.198504]",164940
5499,01:31:39,Forceps,2,0.891265,"[0.550428, 0.574845, 0.13617, 0.153443]",164977
5500,01:31:40,Forceps,2,0.900128,"[0.555123, 0.599782, 0.125244, 0.11982]",165009
5501,01:31:41,Forceps,2,0.912176,"[0.546816, 0.594273, 0.141173, 0.126438]",165048
5502,01:31:42,Forceps,2,0.883521,"[0.543947, 0.555574, 0.146751, 0.194794]",165060
5504,01:31:44,Forceps,2,0.919726,"[0.548168, 0.570078, 0.142383, 0.162007]",165147
5505,01:31:45,Forceps,2,0.91808,"[0.55288, 0.589312, 0.131512, 0.134974]",165174
5506,01:31:46,Forceps,2,0.922718,"[0.570943, 0.564613, 0.0947207, 0.183652]",165202
5507,01:31:47,Forceps,2,0.916952,"[0.57274, 0.550387, 0.093194, 0.209471]",165239
5508,01:31:48,Forceps,2,0.924138,"[0.564425, 0.548429, 0.104882, 0.211545]",165254
5509,01:31:49,Forceps,2,0.926413,"[0.563266, 0.57141, 0.108211, 0.168809]",165293
5510,01:31:50,Forceps,2,0.924826,"[0.563055, 0.552643, 0.106836, 0.2046]",165302
5511,01:31:51,Forceps,2,0.916925,"[0.565982, 0.544469, 0.101825, 0.218536]",165347
5512,01:31:52,Forceps,2,0.903131,"[0.571299, 0.550352, 0.0916152, 0.20976]",165360
5513,01:31:53,Forceps,2,0.916835,"[0.573153, 0.550476, 0.0921167, 0.209008]",165396
5514,01:31:54,Forceps,2,0.897469,"[0.569567, 0.548686, 0.0943195, 0.211973]",165420
5515,01:31:55,Forceps,2,0.868177,"[0.56439, 0.541702, 0.108608, 0.221258]",165462
5516,01:31:56,Forceps,2,0.883025,"[0.551864, 0.586595, 0.134906, 0.138264]",165509
5517,01:31:57,Forceps,2,0.879063,"[0.553802, 0.583195, 0.1307, 0.143304]",165511
5518,01:31:58,Forceps,2,0.870188,"[0.560552, 0.584877, 0.115345, 0.137375]",165561
5526,01:32:06,Microdebrider,3,0.896269,"[0.526839, 0.492671, 0.188984, 0.28783]",165797
5527,01:32:07,Microdebrider,3,0.94228,"[0.569398, 0.521466, 0.0922851, 0.268391]",165837
5528,01:32:08,Microdebrider,3,0.925327,"[0.570624, 0.531688, 0.0899839, 0.248634]",165861
5529,01:32:09,Microdebrider,3,0.933198,"[0.562398, 0.53863, 0.104359, 0.236617]",165877
5530,01:32:10,Microdebrider,3,0.933297,"[0.559531, 0.529571, 0.110551, 0.24923]",165911
5531,01:32:11,Microdebrider,3,0.941742,"[0.562505, 0.521506, 0.108095, 0.266553]",165951
5532,01:32:12,Microdebrider,3,0.918447,"[0.565556, 0.538611, 0.099129, 0.239725]",165978
5533,01:32:13,Microdebrider,3,0.91344,"[0.56692, 0.532922, 0.0996305, 0.247977]",165992
5534,01:32:14,Microdebrider,3,0.919845,"[0.562122, 0.530818, 0.104062, 0.251031]",166033
5535,01:32:15,Microdebrider,3,0.928182,"[0.554052, 0.539717, 0.122461, 0.24262]",166070
5536,01:32:16,Microdebrider,3,0.927623,"[0.558602, 0.54501, 0.114056, 0.225577]",166094
5537,01:32:17,Microdebrider,3,0.927565,"[0.554916, 0.540769, 0.123026, 0.23289]",166112
5538,01:32:18,Microdebrider,3,0.931617,"[0.548332, 0.53658, 0.135069, 0.242053]",166155
5549,01:32:29,Frazier,1,0.825561,"[0.552448, 0.54124, 0.112352, 0.0811004]",166492
5550,01:32:30,Frazier,1,0.898203,"[0.587379, 0.568736, 0.0737582, 0.172296]",166518
5551,01:32:31,Frazier,1,0.888731,"[0.580726, 0.591768, 0.0838818, 0.124571]",166530
5552,01:32:32,Frazier,1,0.84963,"[0.573358, 0.587985, 0.0933473, 0.132848]",166565
5553,01:32:33,Frazier,1,0.859475,"[0.599195, 0.588935, 0.0449828, 0.124134]",166591
5554,01:32:34,Frazier,1,0.909588,"[0.584235, 0.58814, 0.0794523, 0.128895]",166646
5555,01:32:35,Frazier,1,0.906774,"[0.58168, 0.588789, 0.0838255, 0.126995]",166654
5556,01:32:36,Frazier,1,0.895327,"[0.585809, 0.586907, 0.0757448, 0.134587]",166680
5557,01:32:37,Frazier,1,0.711018,"[0.589194, 0.61739, 0.0588139, 0.0737905]",166726
5558,01:32:38,Frazier,1,0.860175,"[0.580784, 0.626597, 0.0689536, 0.0618501]",166769
5559,01:32:39,Frazier,1,0.864756,"[0.580519, 0.626586, 0.0687931, 0.0618247]",166770
5560,01:32:40,Frazier,1,0.846762,"[0.562868, 0.595648, 0.105765, 0.119315]",166810
5561,01:32:41,Frazier,1,0.838264,"[0.563932, 0.597671, 0.108056, 0.111681]",166849
5562,01:32:42,Frazier,1,0.842536,"[0.568184, 0.603101, 0.102122, 0.102044]",166860
5564,01:32:44,Forceps,2,0.906092,"[0.563547, 0.563642, 0.116759, 0.154501]",166940
5565,01:32:45,Forceps,2,0.922671,"[0.554066, 0.578508, 0.132048, 0.156048]",166959
5566,01:32:46,Forceps,2,0.914279,"[0.565659, 0.55815, 0.104151, 0.196548]",166982
5567,01:32:47,Forceps,2,0.878804,"[0.588824, 0.542244, 0.0580883, 0.227569]",167015
5568,01:32:48,Forceps,2,0.913371,"[0.571533, 0.54268, 0.0902585, 0.225466]",167057
5569,01:32:49,Forceps,2,0.907775,"[0.570724, 0.545858, 0.0938181, 0.216337]",167099
5570,01:32:50,Forceps,2,0.917271,"[0.568852, 0.546282, 0.0959065, 0.215833]",167104
5571,01:32:51,Forceps,2,0.887479,"[0.568663, 0.570161, 0.0978397, 0.165065]",167159
5572,01:32:52,Forceps,2,0.893055,"[0.564945, 0.576908, 0.103348, 0.15474]",167189
5573,01:32:53,Forceps,2,0.905013,"[0.561367, 0.57419, 0.11156, 0.15926]",167198
5574,01:32:54,Forceps,2,0.900353,"[0.553842, 0.601332, 0.127007, 0.115791]",167247
5575,01:32:55,Forceps,2,0.90756,"[0.553282, 0.593408, 0.127617, 0.128634]",167262
5576,01:32:56,Forceps,2,0.902883,"[0.550081, 0.599986, 0.132438, 0.120999]",167309
5577,01:32:57,Forceps,2,0.906683,"[0.550597, 0.591515, 0.130679, 0.137606]",167313
5578,01:32:58,Forceps,2,0.903578,"[0.552024, 0.590105, 0.13142, 0.136444]",167365
5579,01:32:59,Forceps,2,0.904714,"[0.556725, 0.590502, 0.123029, 0.133632]",167371
5580,01:33:00,Forceps,2,0.913269,"[0.551614, 0.593104, 0.132137, 0.131125]",167411
5581,01:33:01,Forceps,2,0.908727,"[0.554634, 0.59351, 0.125876, 0.129997]",167459
5582,01:33:02,Forceps,2,0.906743,"[0.554629, 0.595165, 0.125392, 0.128386]",167460
5583,01:33:03,Forceps,2,0.896848,"[0.555748, 0.600773, 0.120958, 0.118023]",167500
5584,01:33:04,Forceps,2,0.91093,"[0.551447, 0.596791, 0.130529, 0.124846]",167548
5585,01:33:05,Forceps,2,0.902736,"[0.554454, 0.597785, 0.125036, 0.123246]",167550
5586,01:33:06,Forceps,2,0.909557,"[0.551417, 0.590152, 0.131001, 0.136376]",167609
5587,01:33:07,Forceps,2,0.901201,"[0.551727, 0.584546, 0.131977, 0.145258]",167612
5591,01:33:11,Frazier,1,0.849367,"[0.587759, 0.595636, 0.0617879, 0.118471]",167755
5592,01:33:12,Frazier,1,0.853587,"[0.592738, 0.596387, 0.0528188, 0.11426]",167760
5593,01:33:13,Frazier,1,0.796606,"[0.593433, 0.600793, 0.0480846, 0.10693]",167819
5594,01:33:14,Frazier,1,0.889628,"[0.584119, 0.627256, 0.0626834, 0.0592344]",167840
5595,01:33:15,Frazier,1,0.872879,"[0.579132, 0.626022, 0.0686485, 0.0637444]",167875
5596,01:33:16,Frazier,1,0.871389,"[0.576489, 0.623504, 0.0765502, 0.0689523]",167880
5597,01:33:17,Frazier,1,0.856334,"[0.575502, 0.623195, 0.0770664, 0.0686274]",167931
5598,01:33:18,Frazier,1,0.78242,"[0.541965, 0.618126, 0.0880559, 0.0779736]",167945
5600,01:33:20,Microdebrider,3,0.913829,"[0.544308, 0.523176, 0.149606, 0.25686]",168029
5601,01:33:21,Microdebrider,3,0.944748,"[0.553816, 0.540237, 0.123045, 0.233696]",168041
5602,01:33:22,Microdebrider,3,0.928519,"[0.558727, 0.54391, 0.110911, 0.229094]",168062
5603,01:33:23,Microdebrider,3,0.930016,"[0.559002, 0.545892, 0.112608, 0.227628]",168117
5604,01:33:24,Microdebrider,3,0.929202,"[0.556376, 0.543648, 0.115952, 0.233775]",168124
5605,01:33:25,Microdebrider,3,0.923032,"[0.549695, 0.546865, 0.130562, 0.224865]",168154
5606,01:33:26,Microdebrider,3,0.925606,"[0.552773, 0.541529, 0.12332, 0.235445]",168209
5607,01:33:27,Microdebrider,3,0.931319,"[0.552891, 0.539649, 0.123617, 0.239452]",168234
5608,01:33:28,Microdebrider,3,0.937621,"[0.551821, 0.538842, 0.126773, 0.241223]",168264
5609,01:33:29,Microdebrider,3,0.932417,"[0.553396, 0.540805, 0.121881, 0.237687]",168270
5610,01:33:30,Microdebrider,3,0.929032,"[0.554491, 0.54003, 0.119653, 0.23907]",168300
5611,01:33:31,Microdebrider,3,0.924371,"[0.557148, 0.554933, 0.113717, 0.209333]",168335
5612,01:33:32,Microdebrider,3,0.925222,"[0.557786, 0.55542, 0.112716, 0.208922]",168360
5613,01:33:33,Microdebrider,3,0.925106,"[0.558034, 0.554626, 0.111384, 0.207513]",168402
5614,01:33:34,Microdebrider,3,0.937031,"[0.553103, 0.536153, 0.123471, 0.24475]",168426
5615,01:33:35,Microdebrider,3,0.925055,"[0.56397, 0.544368, 0.0999203, 0.230875]",168460
5616,01:33:36,Microdebrider,3,0.920812,"[0.565777, 0.547912, 0.0960223, 0.223455]",168480
5617,01:33:37,Microdebrider,3,0.924168,"[0.565271, 0.543589, 0.0971287, 0.230886]",168524
5618,01:33:38,Microdebrider,3,0.938668,"[0.562501, 0.525071, 0.104547, 0.262043]",168569
5619,01:33:39,Microdebrider,3,0.94038,"[0.562447, 0.525724, 0.104222, 0.26105]",168570
5620,01:33:40,Microdebrider,3,0.916836,"[0.563085, 0.530836, 0.102681, 0.25041]",168606
5621,01:33:41,Microdebrider,3,0.885625,"[0.575564, 0.552435, 0.0812138, 0.204906]",168647
5622,01:33:42,Microdebrider,3,0.92079,"[0.555421, 0.531057, 0.120783, 0.250876]",168672
5623,01:33:43,Microdebrider,3,0.916316,"[0.553441, 0.527906, 0.12536, 0.256717]",168704
5624,01:33:44,Microdebrider,3,0.929417,"[0.561362, 0.518421, 0.10673, 0.27299]",168748
5625,01:33:45,Microdebrider,3,0.926751,"[0.563547, 0.520059, 0.103453, 0.269831]",168750
5626,01:33:46,Microdebrider,3,0.922703,"[0.573513, 0.50773, 0.0867852, 0.292243]",168799
5627,01:33:47,Microdebrider,3,0.887929,"[0.57825, 0.52767, 0.0777305, 0.249521]",168831
5628,01:33:48,Microdebrider,3,0.890735,"[0.579946, 0.544215, 0.074556, 0.220187]",168863
5629,01:33:49,Microdebrider,3,0.880292,"[0.581563, 0.538296, 0.0702162, 0.23138]",168889
5630,01:33:50,Microdebrider,3,0.876858,"[0.579927, 0.543158, 0.0719076, 0.223124]",168901
5631,01:33:51,Microdebrider,3,0.938052,"[0.55414, 0.539545, 0.121575, 0.239678]",168950
5632,01:33:52,Microdebrider,3,0.948573,"[0.568845, 0.516509, 0.0921839, 0.278723]",168988
5633,01:33:53,Microdebrider,3,0.944885,"[0.571565, 0.5167, 0.0888816, 0.277627]",168990
5657,01:34:17,Bovie,0,0.938431,"[0.558238, 0.511244, 0.132875, 0.277477]",169736
5658,01:34:18,Bovie,0,0.951075,"[0.55969, 0.514989, 0.12413, 0.2691]",169765
5659,01:34:19,Bovie,0,0.956983,"[0.559287, 0.519628, 0.122986, 0.263079]",169795
5660,01:34:20,Bovie,0,0.957321,"[0.558821, 0.517662, 0.124085, 0.267318]",169800
5661,01:34:21,Bovie,0,0.952844,"[0.56604, 0.512643, 0.110487, 0.278811]",169856
5662,01:34:22,Bovie,0,0.959934,"[0.562527, 0.515918, 0.117374, 0.269441]",169877
5663,01:34:23,Bovie,0,0.953851,"[0.557755, 0.521202, 0.125787, 0.261386]",169895
5664,01:34:24,Bovie,0,0.946863,"[0.555223, 0.530972, 0.126655, 0.241348]",169943
5665,01:34:25,Bovie,0,0.948432,"[0.554705, 0.531562, 0.128387, 0.240016]",169962
5666,01:34:26,Bovie,0,0.950128,"[0.558183, 0.518862, 0.126049, 0.264738]",169988
5667,01:34:27,Bovie,0,0.933286,"[0.567503, 0.511168, 0.110127, 0.278861]",170012
5668,01:34:28,Bovie,0,0.95221,"[0.566952, 0.513208, 0.110118, 0.275427]",170065
5669,01:34:29,Bovie,0,0.962931,"[0.56415, 0.513715, 0.116098, 0.270677]",170079
5670,01:34:30,Bovie,0,0.952895,"[0.560775, 0.529278, 0.119103, 0.244191]",170106
5671,01:34:31,Bovie,0,0.945217,"[0.55451, 0.533491, 0.129063, 0.239047]",170143
5672,01:34:32,Bovie,0,0.945143,"[0.55769, 0.531243, 0.124156, 0.240068]",170185
5673,01:34:33,Bovie,0,0.959816,"[0.564131, 0.515196, 0.115402, 0.269507]",170200
5674,01:34:34,Bovie,0,0.946491,"[0.567873, 0.512123, 0.107976, 0.275608]",170220
5675,01:34:35,Bovie,0,0.950385,"[0.574983, 0.516429, 0.0980145, 0.271423]",170258
5676,01:34:36,Bovie,0,0.940104,"[0.572924, 0.51164, 0.0999205, 0.277122]",170297
5677,01:34:37,Bovie,0,0.932261,"[0.570774, 0.512473, 0.105303, 0.275459]",170310
5678,01:34:38,Bovie,0,0.931733,"[0.572078, 0.512617, 0.0999421, 0.2768]",170367
5679,01:34:39,Bovie,0,0.933421,"[0.572305, 0.51297, 0.0993468, 0.27917]",170370
5680,01:34:40,Bovie,0,0.933206,"[0.572898, 0.507001, 0.0975126, 0.287488]",170425
5681,01:34:41,Bovie,0,0.957966,"[0.561932, 0.520371, 0.117991, 0.262718]",170448
5682,01:34:42,Bovie,0,0.957983,"[0.562185, 0.521586, 0.11799, 0.260831]",170467
5683,01:34:43,Bovie,0,0.952256,"[0.556481, 0.523055, 0.128336, 0.257927]",170492
5684,01:34:44,Bovie,0,0.939158,"[0.555202, 0.534763, 0.127126, 0.234596]",170547
5685,01:34:45,Bovie,0,0.948633,"[0.551273, 0.531904, 0.13447, 0.240602]",170577
5686,01:34:46,Bovie,0,0.944799,"[0.551964, 0.532654, 0.132339, 0.237741]",170600
5687,01:34:47,Bovie,0,0.943387,"[0.558626, 0.520427, 0.119144, 0.258518]",170639
5688,01:34:48,Bovie,0,0.957024,"[0.562935, 0.514224, 0.11632, 0.268194]",170660
5689,01:34:49,Bovie,0,0.956737,"[0.562123, 0.51978, 0.117306, 0.259912]",170695
5690,01:34:50,Bovie,0,0.951824,"[0.558957, 0.529205, 0.116844, 0.244436]",170726
5691,01:34:51,Bovie,0,0.949036,"[0.557458, 0.526667, 0.11937, 0.249662]",170750
5692,01:34:52,Bovie,0,0.945385,"[0.554646, 0.532359, 0.127066, 0.237417]",170767
5693,01:34:53,Bovie,0,0.949062,"[0.553569, 0.532539, 0.128138, 0.237661]",170791
5694,01:34:54,Bovie,0,0.946283,"[0.55752, 0.531088, 0.118165, 0.241821]",170834
5695,01:34:55,Bovie,0,0.946082,"[0.555164, 0.532279, 0.125334, 0.238321]",170869
5696,01:34:56,Bovie,0,0.954544,"[0.562688, 0.515784, 0.113884, 0.268415]",170896
5697,01:34:57,Bovie,0,0.957772,"[0.562877, 0.518398, 0.116672, 0.265141]",170914
5698,01:34:58,Bovie,0,0.959739,"[0.56282, 0.517655, 0.116534, 0.267138]",170952
5699,01:34:59,Bovie,0,0.950733,"[0.559456, 0.530871, 0.116987, 0.242827]",170970
5700,01:35:00,Bovie,0,0.942988,"[0.557087, 0.530973, 0.122068, 0.240759]",171002
5701,01:35:01,Bovie,0,0.940986,"[0.555468, 0.533905, 0.123987, 0.238162]",171058
5702,01:35:02,Bovie,0,0.950027,"[0.55486, 0.520275, 0.123682, 0.263962]",171065
5703,01:35:03,Bovie,0,0.951402,"[0.559602, 0.521587, 0.116369, 0.258382]",171109
5704,01:35:04,Bovie,0,0.95249,"[0.55906, 0.521702, 0.118268, 0.258348]",171140
5705,01:35:05,Bovie,0,0.954506,"[0.562995, 0.516033, 0.110469, 0.267064]",171158
5706,01:35:06,Bovie,0,0.954255,"[0.562558, 0.519618, 0.115808, 0.263304]",171182
5707,01:35:07,Bovie,0,0.946938,"[0.558188, 0.529213, 0.119211, 0.244468]",171213
5708,01:35:08,Bovie,0,0.943456,"[0.557556, 0.531969, 0.121255, 0.23902]",171245
5709,01:35:09,Bovie,0,0.949115,"[0.55444, 0.530879, 0.12719, 0.240007]",171276
5710,01:35:10,Bovie,0,0.94716,"[0.553348, 0.532263, 0.127806, 0.238462]",171327
5711,01:35:11,Bovie,0,0.949009,"[0.557473, 0.518353, 0.127831, 0.2626]",171354
5712,01:35:12,Bovie,0,0.948273,"[0.55609, 0.517466, 0.128644, 0.263822]",171368
5713,01:35:13,Bovie,0,0.908088,"[0.547932, 0.552541, 0.138687, 0.199514]",171390
5714,01:35:14,Bovie,0,0.924485,"[0.554703, 0.552957, 0.128392, 0.197226]",171422
5715,01:35:15,Bovie,0,0.884145,"[0.547578, 0.554873, 0.13833, 0.191409]",171464
5716,01:35:16,Bovie,0,0.730914,"[0.540544, 0.557802, 0.143424, 0.175847]",171483
5717,01:35:17,Bovie,0,0.952505,"[0.561081, 0.52048, 0.118389, 0.260873]",171534
5718,01:35:18,Bovie,0,0.945685,"[0.580802, 0.51868, 0.086026, 0.266933]",171561
5719,01:35:19,Bovie,0,0.93464,"[0.574537, 0.512176, 0.0951743, 0.276474]",171570
5720,01:35:20,Bovie,0,0.941295,"[0.590245, 0.512766, 0.0703625, 0.275202]",171609
5721,01:35:21,Bovie,0,0.95999,"[0.563634, 0.51773, 0.11485, 0.263583]",171645
5722,01:35:22,Bovie,0,0.94828,"[0.560694, 0.527518, 0.113274, 0.2487]",171676
5723,01:35:23,Bovie,0,0.948983,"[0.560184, 0.526269, 0.115854, 0.251309]",171699
5724,01:35:24,Bovie,0,0.948151,"[0.560643, 0.523993, 0.111607, 0.256322]",171743
5725,01:35:25,Bovie,0,0.948674,"[0.561456, 0.525426, 0.111727, 0.254643]",171761
5726,01:35:26,Bovie,0,0.942953,"[0.557877, 0.524882, 0.12151, 0.250261]",171782
5727,01:35:27,Bovie,0,0.946836,"[0.566424, 0.516777, 0.10361, 0.266275]",171819
5728,01:35:28,Bovie,0,0.951242,"[0.563893, 0.517736, 0.110008, 0.267092]",171861
5729,01:35:29,Bovie,0,0.949101,"[0.564077, 0.516751, 0.111139, 0.266746]",171871
5730,01:35:30,Bovie,0,0.949251,"[0.564726, 0.514305, 0.10875, 0.267219]",171912
5731,01:35:31,Bovie,0,0.936012,"[0.55791, 0.529595, 0.120067, 0.245473]",171956
5732,01:35:32,Bovie,0,0.938652,"[0.557858, 0.531697, 0.120392, 0.239911]",171985
5733,01:35:33,Bovie,0,0.932525,"[0.553231, 0.535176, 0.127904, 0.235048]",172003
5734,01:35:34,Bovie,0,0.937106,"[0.55619, 0.533031, 0.123777, 0.240384]",172049
5735,01:35:35,Bovie,0,0.946293,"[0.557622, 0.529766, 0.121152, 0.244287]",172051
5736,01:35:36,Bovie,0,0.944275,"[0.563385, 0.514415, 0.111077, 0.266527]",172087
5754,01:35:54,Forceps,2,0.880713,"[0.556988, 0.48437, 0.087347, 0.18428]",172648
5755,01:35:55,Forceps,2,0.921729,"[0.566147, 0.536455, 0.0913627, 0.223622]",172659
5756,01:35:56,Forceps,2,0.959952,"[0.590942, 0.570535, 0.0628689, 0.17167]",172708
5757,01:35:57,Forceps,2,0.966684,"[0.585152, 0.584174, 0.0684676, 0.144075]",172717
5758,01:35:58,Forceps,2,0.92198,"[0.589145, 0.592772, 0.0584934, 0.126491]",172741
5759,01:35:59,Forceps,2,0.848535,"[0.597981, 0.579875, 0.0449181, 0.146109]",172785
5760,01:36:00,Forceps,2,0.89635,"[0.596036, 0.57615, 0.0472925, 0.156691]",172809
5761,01:36:01,Forceps,2,0.88592,"[0.599169, 0.579607, 0.0416611, 0.147802]",172853
5762,01:36:02,Forceps,2,0.892309,"[0.595812, 0.573382, 0.048682, 0.15947]",172886
5763,01:36:03,Forceps,2,0.906999,"[0.594842, 0.573217, 0.0510012, 0.163112]",172913
5764,01:36:04,Forceps,2,0.922963,"[0.593215, 0.575909, 0.0524223, 0.157351]",172931
5765,01:36:05,Forceps,2,0.923446,"[0.594445, 0.573663, 0.0499699, 0.161565]",172975
5766,01:36:06,Forceps,2,0.925238,"[0.59161, 0.573261, 0.0546024, 0.165392]",173005
5767,01:36:07,Forceps,2,0.934067,"[0.592452, 0.573604, 0.0530289, 0.163318]",173011
5768,01:36:08,Forceps,2,0.93084,"[0.593045, 0.573148, 0.0530701, 0.162663]",173053
5769,01:36:09,Forceps,2,0.934796,"[0.586765, 0.574604, 0.0665956, 0.1574]",173096
5770,01:36:10,Forceps,2,0.924424,"[0.589035, 0.577418, 0.0601423, 0.152283]",173106
5771,01:36:11,Forceps,2,0.936965,"[0.592149, 0.573114, 0.0542789, 0.163599]",173131
5772,01:36:12,Forceps,2,0.937507,"[0.59182, 0.568921, 0.0566429, 0.170205]",173175
5773,01:36:13,Forceps,2,0.932823,"[0.593789, 0.567598, 0.0534888, 0.170687]",173199
5774,01:36:14,Forceps,2,0.919766,"[0.589033, 0.577338, 0.059578, 0.151378]",173239
5775,01:36:15,Forceps,2,0.946365,"[0.590288, 0.577745, 0.0590356, 0.149578]",173275
5776,01:36:16,Forceps,2,0.957206,"[0.582905, 0.580055, 0.0747206, 0.142007]",173283
5777,01:36:17,Forceps,2,0.953575,"[0.583233, 0.580694, 0.0771352, 0.142731]",173317
5778,01:36:18,Forceps,2,0.951138,"[0.583548, 0.579084, 0.0762664, 0.143441]",173364
5779,01:36:19,Forceps,2,0.964759,"[0.582543, 0.577132, 0.0745161, 0.147158]",173399
5780,01:36:20,Forceps,2,0.96132,"[0.582749, 0.576558, 0.074437, 0.14729]",173400
5781,01:36:21,Forceps,2,0.962802,"[0.58396, 0.577552, 0.0735595, 0.143533]",173442
5782,01:36:22,Forceps,2,0.955299,"[0.581824, 0.578915, 0.0754707, 0.141597]",173486
5783,01:36:23,Forceps,2,0.963724,"[0.583703, 0.57429, 0.0710644, 0.158137]",173495
5787,01:36:27,Frazier,1,0.839037,"[0.570212, 0.591328, 0.101826, 0.119277]",173638
5788,01:36:28,Frazier,1,0.878017,"[0.582213, 0.578825, 0.0848005, 0.149028]",173666
5789,01:36:29,Frazier,1,0.930107,"[0.585808, 0.583204, 0.0759793, 0.135958]",173694
5790,01:36:30,Frazier,1,0.913124,"[0.585607, 0.590831, 0.0747236, 0.122848]",173702
5791,01:36:31,Frazier,1,0.8801,"[0.576005, 0.624036, 0.0784635, 0.0666232]",173757
5792,01:36:32,Frazier,1,0.860529,"[0.575291, 0.621342, 0.0796446, 0.0707062]",173768
5807,01:36:47,Frazier,1,0.85236,"[0.589457, 0.583931, 0.0633925, 0.137963]",174239
5808,01:36:48,Frazier,1,0.917967,"[0.590786, 0.564927, 0.0695066, 0.176976]",174252
5809,01:36:49,Frazier,1,0.928753,"[0.586176, 0.588739, 0.0739828, 0.125998]",174278
5810,01:36:50,Frazier,1,0.898744,"[0.586221, 0.590974, 0.0743281, 0.123526]",174306
5811,01:36:51,Frazier,1,0.848802,"[0.570636, 0.595946, 0.0969698, 0.113826]",174340
5812,01:36:52,Frazier,1,0.800177,"[0.571645, 0.590768, 0.0957697, 0.118845]",174389
5813,01:36:53,Frazier,1,0.843967,"[0.578889, 0.610054, 0.0790986, 0.0871542]",174417
5814,01:36:54,Frazier,1,0.844159,"[0.578383, 0.614059, 0.0789023, 0.0811727]",174439
5815,01:36:55,Frazier,1,0.833773,"[0.580603, 0.616103, 0.0759009, 0.0787165]",174451
5816,01:36:56,Frazier,1,0.830825,"[0.58251, 0.62319, 0.0727228, 0.0663202]",174506
5817,01:36:57,Frazier,1,0.832729,"[0.58358, 0.62383, 0.0703884, 0.0640394]",174512
5818,01:36:58,Frazier,1,0.874483,"[0.580726, 0.625847, 0.0706612, 0.0621418]",174562
5819,01:36:59,Frazier,1,0.894332,"[0.581453, 0.625461, 0.0694004, 0.0627626]",174597
5820,01:37:00,Frazier,1,0.883066,"[0.581215, 0.626334, 0.0682373, 0.0600294]",174600
5821,01:37:01,Frazier,1,0.869173,"[0.577003, 0.621505, 0.072143, 0.0688508]",174633
5822,01:37:02,Frazier,1,0.867842,"[0.582677, 0.580786, 0.085545, 0.143576]",174677
5823,01:37:03,Frazier,1,0.877592,"[0.583538, 0.580618, 0.0844587, 0.136169]",174709
5824,01:37:04,Frazier,1,0.889841,"[0.582272, 0.57718, 0.0859119, 0.138346]",174741
5825,01:37:05,Frazier,1,0.873923,"[0.58194, 0.577927, 0.0840177, 0.14849]",174755
5826,01:37:06,Frazier,1,0.835153,"[0.576212, 0.590444, 0.0928935, 0.120744]",174800
5827,01:37:07,Frazier,1,0.73704,"[0.575249, 0.583882, 0.0902927, 0.133755]",174822
5829,01:37:09,Forceps,2,0.929016,"[0.562808, 0.54685, 0.112857, 0.20354]",174889
5830,01:37:10,Forceps,2,0.95404,"[0.577079, 0.561744, 0.0887318, 0.177748]",174902
5831,01:37:11,Forceps,2,0.90472,"[0.578164, 0.550547, 0.0892194, 0.199444]",174958
5832,01:37:12,Forceps,2,0.928528,"[0.578079, 0.557189, 0.0901734, 0.192174]",174975
5833,01:37:13,Forceps,2,0.911633,"[0.575937, 0.551115, 0.0945543, 0.200341]",175008
5834,01:37:14,Forceps,2,0.910218,"[0.574715, 0.55099, 0.0930775, 0.195887]",175045
5835,01:37:15,Forceps,2,0.899419,"[0.574022, 0.549305, 0.0944902, 0.199054]",175079
5836,01:37:16,Forceps,2,0.921564,"[0.583838, 0.555449, 0.0779884, 0.19544]",175104
5837,01:37:17,Forceps,2,0.92487,"[0.579474, 0.556459, 0.0840536, 0.195317]",175119
5838,01:37:18,Forceps,2,0.905859,"[0.57641, 0.550076, 0.0931647, 0.20001]",175146
5839,01:37:19,Forceps,2,0.901713,"[0.583232, 0.543374, 0.0814308, 0.218238]",175190
5840,01:37:20,Forceps,2,0.90198,"[0.583509, 0.550897, 0.0809231, 0.202585]",175209
5847,01:37:27,Frazier,1,0.786186,"[0.56114, 0.564379, 0.124769, 0.145201]",175439
5848,01:37:28,Frazier,1,0.866955,"[0.564092, 0.588033, 0.112184, 0.128758]",175449
5849,01:37:29,Frazier,1,0.85423,"[0.579769, 0.569627, 0.0939973, 0.163533]",175492
5850,01:37:30,Frazier,1,0.86939,"[0.574314, 0.588093, 0.0950495, 0.12785]",175516
5851,01:37:31,Frazier,1,0.885583,"[0.576719, 0.585764, 0.0934948, 0.132976]",175549
5852,01:37:32,Frazier,1,0.855165,"[0.571022, 0.587138, 0.103729, 0.12804]",175577
5853,01:37:33,Frazier,1,0.847241,"[0.566743, 0.590004, 0.111104, 0.1222]",175595
5854,01:37:34,Frazier,1,0.830188,"[0.564073, 0.599843, 0.11492, 0.106608]",175622
5864,01:37:44,Bovie,0,0.902587,"[0.553788, 0.531135, 0.131394, 0.242554]",175949
5865,01:37:45,Bovie,0,0.92582,"[0.553844, 0.532532, 0.131856, 0.242306]",175973
5866,01:37:46,Bovie,0,0.948523,"[0.556861, 0.537767, 0.128741, 0.232409]",175988
5867,01:37:47,Bovie,0,0.931459,"[0.553426, 0.537373, 0.133132, 0.234835]",176030
5868,01:37:48,Bovie,0,0.922394,"[0.553306, 0.538521, 0.132173, 0.231442]",176041
5869,01:37:49,Bovie,0,0.941941,"[0.555136, 0.539546, 0.128316, 0.230271]",176099
5870,01:37:50,Bovie,0,0.94708,"[0.555969, 0.540312, 0.126644, 0.228038]",176104
5871,01:37:51,Bovie,0,0.888484,"[0.55261, 0.543737, 0.13271, 0.219559]",176151
5872,01:37:52,Bovie,0,0.88209,"[0.547167, 0.532719, 0.142418, 0.241279]",176185
5873,01:37:53,Bovie,0,0.925604,"[0.551418, 0.540028, 0.135016, 0.225054]",176203
5874,01:37:54,Bovie,0,0.922349,"[0.561611, 0.52852, 0.117913, 0.250885]",176242
5875,01:37:55,Bovie,0,0.917181,"[0.557233, 0.534774, 0.120545, 0.238012]",176270
5876,01:37:56,Bovie,0,0.916796,"[0.556346, 0.539978, 0.12397, 0.226602]",176298
5877,01:37:57,Bovie,0,0.841637,"[0.543924, 0.536229, 0.147141, 0.233916]",176318
5885,01:38:05,Frazier,1,0.81637,"[0.567257, 0.57696, 0.0993937, 0.148399]",176574
5886,01:38:06,Frazier,1,0.870535,"[0.575951, 0.580403, 0.0922392, 0.139351]",176598
5887,01:38:07,Frazier,1,0.879492,"[0.574826, 0.590576, 0.0927417, 0.124318]",176637
5888,01:38:08,Frazier,1,0.870888,"[0.574226, 0.591299, 0.0945086, 0.123018]",176640
5889,01:38:09,Frazier,1,0.866139,"[0.582807, 0.586708, 0.0847736, 0.141725]",176681
5890,01:38:10,Frazier,1,0.838374,"[0.571234, 0.589538, 0.103737, 0.130232]",176700
5891,01:38:11,Frazier,1,0.824856,"[0.579305, 0.623061, 0.0743663, 0.0680072]",176753
5892,01:38:12,Frazier,1,0.862869,"[0.576135, 0.622144, 0.0742531, 0.0699834]",176770
5971,01:39:31,Frazier,1,0.781472,"[0.568198, 0.456332, 0.0618875, 0.295848]",179158
5972,01:39:32,Frazier,1,0.815443,"[0.595425, 0.510538, 0.0462575, 0.303762]",179171
5973,01:39:33,Frazier,1,0.868532,"[0.646327, 0.540855, 0.0482489, 0.23211]",179210
5974,01:39:34,Frazier,1,0.845127,"[0.644262, 0.545928, 0.0461093, 0.222008]",179220
5975,01:39:35,Frazier,1,0.856022,"[0.600591, 0.551703, 0.0402913, 0.218014]",179273
5976,01:39:36,Frazier,1,0.875448,"[0.600026, 0.55092, 0.040678, 0.221247]",179301
5977,01:39:37,Frazier,1,0.863002,"[0.599528, 0.551071, 0.0408122, 0.2223]",179310
5978,01:39:38,Frazier,1,0.856647,"[0.599871, 0.548399, 0.0398567, 0.22361]",179351
5979,01:39:39,Frazier,1,0.816398,"[0.602044, 0.544608, 0.0382685, 0.230243]",179392
5980,01:39:40,Frazier,1,0.845624,"[0.600204, 0.551263, 0.0384872, 0.219297]",179415
5981,01:39:41,Frazier,1,0.801454,"[0.600851, 0.549033, 0.0370811, 0.223617]",179444
5982,01:39:42,Frazier,1,0.840943,"[0.602774, 0.542877, 0.036702, 0.23073]",179465
5983,01:39:43,Frazier,1,0.775777,"[0.614545, 0.540203, 0.034304, 0.241092]",179502
5984,01:39:44,Frazier,1,0.775856,"[0.621227, 0.541929, 0.0324315, 0.235587]",179538
5995,01:39:55,Frazier,1,0.826903,"[0.567136, 0.491707, 0.0774488, 0.305868]",179852
5996,01:39:56,Frazier,1,0.764521,"[0.643916, 0.544089, 0.0366455, 0.235154]",179888
5997,01:39:57,Frazier,1,0.805673,"[0.630005, 0.550283, 0.0350615, 0.212739]",179918
5998,01:39:58,Frazier,1,0.793453,"[0.605591, 0.553123, 0.0337906, 0.207424]",179964
5999,01:39:59,Frazier,1,0.85695,"[0.599142, 0.552776, 0.0403268, 0.213731]",179997
6000,01:40:00,Frazier,1,0.865466,"[0.598272, 0.555906, 0.0424793, 0.206972]",180007
6001,01:40:01,Frazier,1,0.871402,"[0.593805, 0.567641, 0.0479438, 0.180331]",180037
6002,01:40:02,Frazier,1,0.861614,"[0.59442, 0.569134, 0.0462479, 0.176174]",180063
6003,01:40:03,Frazier,1,0.864983,"[0.591603, 0.569988, 0.0506285, 0.174493]",180107
6004,01:40:04,Frazier,1,0.887507,"[0.586094, 0.578361, 0.0595013, 0.161945]",180136
6005,01:40:05,Frazier,1,0.915198,"[0.592512, 0.568701, 0.0507369, 0.183368]",180174
6006,01:40:06,Frazier,1,0.919844,"[0.591798, 0.566391, 0.0499775, 0.188556]",180199
6007,01:40:07,Frazier,1,0.904341,"[0.583106, 0.566335, 0.065159, 0.170379]",180219
6008,01:40:08,Frazier,1,0.892279,"[0.591476, 0.566343, 0.053355, 0.182381]",180265
6009,01:40:09,Frazier,1,0.912552,"[0.594623, 0.567026, 0.047415, 0.182946]",180276
6010,01:40:10,Frazier,1,0.898862,"[0.596263, 0.567739, 0.0441503, 0.188734]",180325
6011,01:40:11,Frazier,1,0.885838,"[0.595293, 0.568149, 0.0460812, 0.186004]",180331
6012,01:40:12,Frazier,1,0.787346,"[0.604042, 0.559362, 0.0356302, 0.180391]",180389
6013,01:40:13,Frazier,1,0.84131,"[0.604476, 0.566368, 0.0375944, 0.188695]",180419
6014,01:40:14,Frazier,1,0.882626,"[0.598978, 0.568263, 0.0442752, 0.183938]",180449
6015,01:40:15,Frazier,1,0.915026,"[0.594096, 0.574885, 0.0536474, 0.165696]",180455
6016,01:40:16,Frazier,1,0.865857,"[0.590002, 0.584772, 0.0593637, 0.146268]",180509
6017,01:40:17,Frazier,1,0.879457,"[0.590786, 0.587457, 0.0573475, 0.142594]",180521
6018,01:40:18,Frazier,1,0.876116,"[0.590452, 0.589953, 0.0589546, 0.134071]",180540
6019,01:40:19,Frazier,1,0.866138,"[0.588391, 0.585988, 0.0618102, 0.144703]",180597
6020,01:40:20,Frazier,1,0.868027,"[0.588162, 0.586558, 0.0619257, 0.144993]",180618
6021,01:40:21,Frazier,1,0.862794,"[0.5889, 0.585439, 0.0628569, 0.143765]",180650
6022,01:40:22,Frazier,1,0.871071,"[0.589494, 0.58527, 0.0615866, 0.144145]",180665
6023,01:40:23,Frazier,1,0.886009,"[0.585013, 0.591056, 0.0659, 0.136689]",180693
6024,01:40:24,Frazier,1,0.864975,"[0.587522, 0.591583, 0.0637934, 0.134641]",180731
6025,01:40:25,Frazier,1,0.893296,"[0.585861, 0.587985, 0.0668716, 0.144685]",180769
6026,01:40:26,Frazier,1,0.906722,"[0.579327, 0.593069, 0.0758364, 0.135367]",180808
6027,01:40:27,Frazier,1,0.911342,"[0.578985, 0.593713, 0.0752912, 0.135008]",180814
6028,01:40:28,Frazier,1,0.90162,"[0.57946, 0.596759, 0.0764416, 0.125926]",180849
6029,01:40:29,Frazier,1,0.909518,"[0.576449, 0.610872, 0.0789482, 0.105193]",180889
6030,01:40:30,Frazier,1,0.905349,"[0.575377, 0.609876, 0.0801203, 0.104798]",180901
6031,01:40:31,Frazier,1,0.89729,"[0.57955, 0.604199, 0.0724141, 0.114809]",180949
6032,01:40:32,Frazier,1,0.888893,"[0.581338, 0.600096, 0.0691351, 0.120934]",180962
6033,01:40:33,Frazier,1,0.875683,"[0.580157, 0.60146, 0.070077, 0.120928]",181012
6034,01:40:34,Frazier,1,0.935605,"[0.578701, 0.606101, 0.0757845, 0.108767]",181032
6035,01:40:35,Frazier,1,0.867171,"[0.577123, 0.607578, 0.0756339, 0.109565]",181071
6036,01:40:36,Frazier,1,0.89793,"[0.57814, 0.607494, 0.0728359, 0.111588]",181091
6037,01:40:37,Frazier,1,0.863425,"[0.583104, 0.600597, 0.0651569, 0.123435]",181112
6038,01:40:38,Frazier,1,0.852812,"[0.580098, 0.607095, 0.0756673, 0.119342]",181141
6039,01:40:39,Frazier,1,0.876876,"[0.581567, 0.600482, 0.070254, 0.126538]",181199
6040,01:40:40,Frazier,1,0.880928,"[0.581874, 0.602128, 0.0723173, 0.123132]",181206
6041,01:40:41,Frazier,1,0.874306,"[0.580407, 0.603936, 0.0719669, 0.119347]",181239
6042,01:40:42,Frazier,1,0.876221,"[0.59191, 0.564973, 0.0534863, 0.193813]",181264
6055,01:40:55,Frazier,1,0.820479,"[0.576443, 0.497208, 0.0860363, 0.282378]",181661
6056,01:40:56,Frazier,1,0.869254,"[0.651046, 0.546834, 0.0462171, 0.218163]",181708
6057,01:40:57,Frazier,1,0.88232,"[0.653197, 0.553864, 0.0486788, 0.200593]",181736
6058,01:40:58,Frazier,1,0.867803,"[0.603904, 0.561672, 0.0441615, 0.195515]",181764
6059,01:40:59,Frazier,1,0.888053,"[0.601704, 0.566852, 0.0455378, 0.18874]",181778
6060,01:41:00,Frazier,1,0.888358,"[0.592932, 0.574593, 0.0506921, 0.17041]",181827
6061,01:41:01,Frazier,1,0.884864,"[0.590405, 0.572714, 0.0566205, 0.174062]",181842
6062,01:41:02,Frazier,1,0.90342,"[0.591171, 0.575162, 0.0551834, 0.166718]",181866
6063,01:41:03,Frazier,1,0.88303,"[0.586156, 0.581101, 0.0672953, 0.15418]",181919
6064,01:41:04,Frazier,1,0.884617,"[0.586389, 0.581552, 0.0665825, 0.153748]",181921
6065,01:41:05,Frazier,1,0.893269,"[0.586252, 0.582262, 0.0670696, 0.149549]",181977
6066,01:41:06,Frazier,1,0.9095,"[0.591509, 0.579129, 0.0537364, 0.158112]",181982
6067,01:41:07,Frazier,1,0.908126,"[0.588688, 0.571979, 0.0597586, 0.174997]",182035
6068,01:41:08,Frazier,1,0.908793,"[0.589729, 0.572805, 0.0572172, 0.173134]",182040
6069,01:41:09,Frazier,1,0.915292,"[0.590028, 0.574741, 0.0587364, 0.166499]",182074
6070,01:41:10,Frazier,1,0.909101,"[0.59017, 0.57418, 0.0575768, 0.168336]",182127
6071,01:41:11,Frazier,1,0.895587,"[0.585326, 0.581669, 0.0687092, 0.153577]",182155
6072,01:41:12,Frazier,1,0.902212,"[0.585386, 0.583103, 0.0685204, 0.151145]",182179
6073,01:41:13,Frazier,1,0.896662,"[0.58424, 0.58321, 0.0705681, 0.151282]",182195
6074,01:41:14,Frazier,1,0.901053,"[0.585058, 0.58627, 0.069941, 0.144375]",182224
6075,01:41:15,Frazier,1,0.899091,"[0.584056, 0.59184, 0.0702381, 0.133869]",182266
6076,01:41:16,Frazier,1,0.909787,"[0.593858, 0.585634, 0.0487814, 0.147744]",182287
6077,01:41:17,Frazier,1,0.804217,"[0.607444, 0.5697, 0.0350061, 0.187919]",182314
6078,01:41:18,Frazier,1,0.920385,"[0.5895, 0.573783, 0.057868, 0.172195]",182363
6079,01:41:19,Frazier,1,0.918646,"[0.589942, 0.574643, 0.0574284, 0.16883]",182370
6080,01:41:20,Frazier,1,0.889925,"[0.582788, 0.583687, 0.0716177, 0.151276]",182405
6081,01:41:21,Frazier,1,0.913321,"[0.590221, 0.572782, 0.0583136, 0.17212]",182434
6082,01:41:22,Frazier,1,0.832188,"[0.609612, 0.569728, 0.0338827, 0.177828]",182463
6083,01:41:23,Frazier,1,0.913122,"[0.588646, 0.57264, 0.0587825, 0.171804]",182498
6084,01:41:24,Frazier,1,0.895167,"[0.58278, 0.575855, 0.0724812, 0.16533]",182545
6085,01:41:25,Frazier,1,0.911184,"[0.591013, 0.573748, 0.0566576, 0.168794]",182552
6086,01:41:26,Frazier,1,0.923549,"[0.589116, 0.574616, 0.0576836, 0.168765]",182608
6087,01:41:27,Frazier,1,0.912505,"[0.588655, 0.573974, 0.0585648, 0.169191]",182610
6088,01:41:28,Frazier,1,0.891348,"[0.585063, 0.588523, 0.0672607, 0.141266]",182640
6089,01:41:29,Frazier,1,0.883325,"[0.583389, 0.589047, 0.0703148, 0.138718]",182695
6090,01:41:30,Frazier,1,0.894105,"[0.584675, 0.58694, 0.0672027, 0.143208]",182703
6091,01:41:31,Frazier,1,0.9025,"[0.589408, 0.574656, 0.0596876, 0.16868]",182737
6092,01:41:32,Frazier,1,0.90314,"[0.58952, 0.577275, 0.0591923, 0.161797]",182783
6093,01:41:33,Frazier,1,0.897219,"[0.5913, 0.569782, 0.0558075, 0.185779]",182791
6094,01:41:34,Frazier,1,0.865827,"[0.596438, 0.568739, 0.0413338, 0.192232]",182835
6095,01:41:35,Frazier,1,0.903561,"[0.591015, 0.567276, 0.0505184, 0.185224]",182871
6096,01:41:36,Frazier,1,0.905586,"[0.591952, 0.571808, 0.0450935, 0.179335]",182886
6097,01:41:37,Frazier,1,0.831912,"[0.599856, 0.565068, 0.0381375, 0.187253]",182910
6098,01:41:38,Frazier,1,0.876829,"[0.595367, 0.569539, 0.0452374, 0.183822]",182965
6099,01:41:39,Frazier,1,0.888689,"[0.582613, 0.568061, 0.0692593, 0.182222]",182984
6100,01:41:40,Frazier,1,0.901021,"[0.592452, 0.56999, 0.0526488, 0.178872]",183014
6101,01:41:41,Frazier,1,0.899703,"[0.58356, 0.579933, 0.0704674, 0.153509]",183036
6102,01:41:42,Frazier,1,0.902898,"[0.584865, 0.589639, 0.0681438, 0.135134]",183089
6103,01:41:43,Frazier,1,0.905954,"[0.58658, 0.592081, 0.0633284, 0.13585]",183095
6104,01:41:44,Frazier,1,0.897888,"[0.585969, 0.591801, 0.0663563, 0.134971]",183132
6105,01:41:45,Frazier,1,0.916576,"[0.591808, 0.577421, 0.0524574, 0.164295]",183167
6106,01:41:46,Frazier,1,0.895221,"[0.592188, 0.581278, 0.0547265, 0.15344]",183208
6107,01:41:47,Frazier,1,0.890585,"[0.592339, 0.582718, 0.0548134, 0.152082]",183210
6108,01:41:48,Frazier,1,0.89597,"[0.586995, 0.587892, 0.0671333, 0.140266]",183266
6109,01:41:49,Frazier,1,0.892196,"[0.58676, 0.584587, 0.06481, 0.146559]",183299
6110,01:41:50,Frazier,1,0.914392,"[0.591383, 0.579589, 0.053985, 0.159543]",183317
6111,01:41:51,Frazier,1,0.895618,"[0.587476, 0.591253, 0.0665291, 0.133521]",183339
6112,01:41:52,Frazier,1,0.894623,"[0.587488, 0.59152, 0.0657932, 0.13482]",183387
6113,01:41:53,Frazier,1,0.892203,"[0.583093, 0.594527, 0.0720404, 0.127319]",183418
6114,01:41:54,Frazier,1,0.893279,"[0.582303, 0.593213, 0.0735242, 0.129851]",183437
6115,01:41:55,Frazier,1,0.90736,"[0.594244, 0.578574, 0.0492635, 0.162231]",183463
6116,01:41:56,Frazier,1,0.853245,"[0.598619, 0.567744, 0.0410613, 0.181293]",183480
6136,01:42:16,Microdebrider,3,0.853109,"[0.598847, 0.506111, 0.048159, 0.297891]",184096
6137,01:42:17,Microdebrider,3,0.911665,"[0.585896, 0.527167, 0.0630913, 0.255792]",184139
6138,01:42:18,Microdebrider,3,0.926441,"[0.583224, 0.526365, 0.0685154, 0.256996]",184146
6139,01:42:19,Microdebrider,3,0.929624,"[0.576307, 0.515135, 0.0747804, 0.280246]",184178
6140,01:42:20,Microdebrider,3,0.928412,"[0.57618, 0.526277, 0.0755778, 0.261185]",184224
6141,01:42:21,Microdebrider,3,0.93118,"[0.575927, 0.52359, 0.0767216, 0.264217]",184259
6142,01:42:22,Microdebrider,3,0.93013,"[0.575742, 0.523834, 0.0769747, 0.26386]",184260
6143,01:42:23,Microdebrider,3,0.922528,"[0.574619, 0.53369, 0.0769778, 0.248696]",184308
6144,01:42:24,Microdebrider,3,0.921028,"[0.574695, 0.536974, 0.0775936, 0.240328]",184321
6145,01:42:25,Microdebrider,3,0.91623,"[0.575771, 0.541419, 0.0768363, 0.230956]",184371
6146,01:42:26,Microdebrider,3,0.92382,"[0.569673, 0.545717, 0.0895266, 0.224344]",184400
6147,01:42:27,Microdebrider,3,0.926378,"[0.567475, 0.549557, 0.0934706, 0.216618]",184423
6148,01:42:28,Microdebrider,3,0.920022,"[0.571452, 0.539737, 0.0838113, 0.234636]",184443
6149,01:42:29,Microdebrider,3,0.925134,"[0.571795, 0.538904, 0.0884493, 0.236257]",184485
6150,01:42:30,Microdebrider,3,0.923125,"[0.567934, 0.542388, 0.0932756, 0.229082]",184513
6151,01:42:31,Microdebrider,3,0.92363,"[0.569883, 0.540068, 0.0901575, 0.233324]",184530
6152,01:42:32,Microdebrider,3,0.922156,"[0.571211, 0.541453, 0.0903863, 0.23055]",184563
6153,01:42:33,Microdebrider,3,0.914326,"[0.576931, 0.546826, 0.0751413, 0.220971]",184605
6154,01:42:34,Microdebrider,3,0.912538,"[0.574674, 0.542097, 0.0775736, 0.230221]",184645
6155,01:42:35,Microdebrider,3,0.914552,"[0.575284, 0.543015, 0.079044, 0.227181]",184658
6156,01:42:36,Microdebrider,3,0.919656,"[0.57199, 0.541665, 0.0873551, 0.231661]",184709
6157,01:42:37,Microdebrider,3,0.922041,"[0.571599, 0.540863, 0.0899956, 0.231734]",184734
6158,01:42:38,Microdebrider,3,0.924123,"[0.569093, 0.541346, 0.0954838, 0.231619]",184746
6159,01:42:39,Microdebrider,3,0.925185,"[0.565013, 0.548413, 0.0978632, 0.221242]",184784
6160,01:42:40,Microdebrider,3,0.925623,"[0.565716, 0.549348, 0.0977947, 0.21656]",184812
6161,01:42:41,Microdebrider,3,0.923565,"[0.565931, 0.549599, 0.0969785, 0.217678]",184855
6162,01:42:42,Microdebrider,3,0.926607,"[0.565754, 0.546825, 0.0972103, 0.221857]",184878
6163,01:42:43,Microdebrider,3,0.925817,"[0.567391, 0.543259, 0.0953875, 0.228903]",184901
6164,01:42:44,Microdebrider,3,0.926482,"[0.571458, 0.536732, 0.0882965, 0.238264]",184946
6165,01:42:45,Microdebrider,3,0.928173,"[0.573283, 0.533123, 0.0856337, 0.246641]",184971
6166,01:42:46,Microdebrider,3,0.924696,"[0.562415, 0.546487, 0.100865, 0.223348]",185009
6167,01:42:47,Microdebrider,3,0.92786,"[0.562681, 0.54787, 0.0998116, 0.224163]",185019
6168,01:42:48,Microdebrider,3,0.926431,"[0.56676, 0.540187, 0.0938828, 0.23458]",185040
6169,01:42:49,Microdebrider,3,0.925187,"[0.566461, 0.545316, 0.0940161, 0.225768]",185089
6170,01:42:50,Microdebrider,3,0.927585,"[0.573718, 0.532219, 0.0836747, 0.248367]",185114
6171,01:42:51,Microdebrider,3,0.922831,"[0.565196, 0.541197, 0.0994562, 0.228497]",185154
6172,01:42:52,Microdebrider,3,0.927976,"[0.573832, 0.533849, 0.0847359, 0.243935]",185174
6173,01:42:53,Microdebrider,3,0.913888,"[0.581606, 0.522708, 0.0700585, 0.264726]",185206
6174,01:42:54,Microdebrider,3,0.920407,"[0.573663, 0.531881, 0.0809359, 0.248459]",185249
6175,01:42:55,Microdebrider,3,0.919263,"[0.573878, 0.530151, 0.080053, 0.251982]",185250
6176,01:42:56,Microdebrider,3,0.922013,"[0.574862, 0.518624, 0.0805544, 0.272725]",185281
6181,01:43:01,Frazier,1,0.809047,"[0.57786, 0.488333, 0.0564434, 0.29496]",185434
6182,01:43:02,Frazier,1,0.838291,"[0.650621, 0.525314, 0.043946, 0.253025]",185464
6183,01:43:03,Frazier,1,0.7892,"[0.606324, 0.546597, 0.0351223, 0.235768]",185518
6184,01:43:04,Frazier,1,0.836107,"[0.602163, 0.546167, 0.0428382, 0.230284]",185549
6185,01:43:05,Frazier,1,0.883292,"[0.596976, 0.542073, 0.0480382, 0.222571]",185576
6186,01:43:06,Frazier,1,0.886712,"[0.595175, 0.543041, 0.0505661, 0.222624]",185597
6187,01:43:07,Frazier,1,0.87362,"[0.592109, 0.556754, 0.0549393, 0.194256]",185638
6188,01:43:08,Frazier,1,0.871799,"[0.59376, 0.559352, 0.0517412, 0.188728]",185641
6189,01:43:09,Frazier,1,0.882314,"[0.584448, 0.565509, 0.0651986, 0.174684]",185694
6190,01:43:10,Frazier,1,0.872963,"[0.583308, 0.56581, 0.0693848, 0.175965]",185703
6191,01:43:11,Frazier,1,0.86467,"[0.578253, 0.576522, 0.0778751, 0.160397]",185735
6192,01:43:12,Frazier,1,0.785324,"[0.579342, 0.577155, 0.0763344, 0.159277]",185761
6193,01:43:13,Frazier,1,0.917201,"[0.584172, 0.562862, 0.0659187, 0.182866]",185814
6194,01:43:14,Frazier,1,0.909098,"[0.581258, 0.576784, 0.0743406, 0.159979]",185824
6195,01:43:15,Frazier,1,0.926305,"[0.577882, 0.590163, 0.0781939, 0.137265]",185861
6196,01:43:16,Frazier,1,0.912213,"[0.57621, 0.593229, 0.0796051, 0.131621]",185880
6197,01:43:17,Frazier,1,0.893328,"[0.579091, 0.592129, 0.0795254, 0.13296]",185922
6198,01:43:18,Frazier,1,0.896307,"[0.577485, 0.594638, 0.077535, 0.128807]",185959
6199,01:43:19,Frazier,1,0.905366,"[0.580359, 0.591482, 0.0762337, 0.134147]",185976
6200,01:43:20,Frazier,1,0.891476,"[0.579009, 0.586385, 0.0731415, 0.143925]",186015
6201,01:43:21,Frazier,1,0.898382,"[0.584184, 0.532897, 0.0724711, 0.227602]",186055
6213,01:43:33,Microdebrider,3,0.924773,"[0.571246, 0.530664, 0.0865294, 0.248991]",186414
6214,01:43:34,Microdebrider,3,0.923201,"[0.569945, 0.533489, 0.0861911, 0.244704]",186423
6215,01:43:35,Microdebrider,3,0.921611,"[0.566793, 0.535531, 0.0938491, 0.241352]",186453
6216,01:43:36,Microdebrider,3,0.915829,"[0.560268, 0.553999, 0.10649, 0.208421]",186508
6217,01:43:37,Microdebrider,3,0.922669,"[0.560755, 0.554358, 0.106909, 0.20642]",186533
6218,01:43:38,Microdebrider,3,0.920047,"[0.563479, 0.559058, 0.099387, 0.19827]",186569
6219,01:43:39,Microdebrider,3,0.926132,"[0.563913, 0.554684, 0.0975644, 0.206093]",186578
6220,01:43:40,Microdebrider,3,0.917554,"[0.561348, 0.549325, 0.103732, 0.217265]",186604
6221,01:43:41,Microdebrider,3,0.918282,"[0.565344, 0.550653, 0.0944608, 0.213257]",186634
6222,01:43:42,Microdebrider,3,0.923548,"[0.57356, 0.529361, 0.0822462, 0.254406]",186683
6223,01:43:43,Microdebrider,3,0.911213,"[0.578521, 0.532954, 0.0698673, 0.248827]",186700
6224,01:43:44,Microdebrider,3,0.913065,"[0.575912, 0.525019, 0.0757111, 0.262128]",186731
6225,01:43:45,Microdebrider,3,0.915931,"[0.573351, 0.536725, 0.0816195, 0.240708]",186775
6226,01:43:46,Microdebrider,3,0.903812,"[0.578784, 0.537408, 0.0715202, 0.238882]",186786
6227,01:43:47,Microdebrider,3,0.916857,"[0.571994, 0.538332, 0.0844795, 0.23782]",186838
6228,01:43:48,Microdebrider,3,0.924307,"[0.571296, 0.5381, 0.0873385, 0.237651]",186858
6229,01:43:49,Microdebrider,3,0.898802,"[0.577158, 0.536949, 0.0738986, 0.239041]",186886
6230,01:43:50,Microdebrider,3,0.921957,"[0.572733, 0.53656, 0.083013, 0.239482]",186908
6231,01:43:51,Microdebrider,3,0.924581,"[0.572465, 0.537868, 0.0860363, 0.238101]",186948
6232,01:43:52,Microdebrider,3,0.902204,"[0.577677, 0.531503, 0.0721884, 0.250135]",186978
6233,01:43:53,Microdebrider,3,0.90481,"[0.562647, 0.544073, 0.101791, 0.227911]",187019
6234,01:43:54,Microdebrider,3,0.918579,"[0.559635, 0.55787, 0.111235, 0.200379]",187033
6235,01:43:55,Microdebrider,3,0.914775,"[0.557045, 0.562822, 0.113379, 0.192067]",187055
6236,01:43:56,Microdebrider,3,0.907396,"[0.559322, 0.559354, 0.110464, 0.199898]",187097
6237,01:43:57,Microdebrider,3,0.908898,"[0.554258, 0.567352, 0.122007, 0.188159]",187115
6238,01:43:58,Microdebrider,3,0.921169,"[0.567277, 0.555186, 0.0924684, 0.206965]",187169
6239,01:43:59,Microdebrider,3,0.920602,"[0.567213, 0.553847, 0.092848, 0.209871]",187170
6240,01:44:00,Microdebrider,3,0.902919,"[0.572276, 0.547356, 0.0840656, 0.219014]",187208
6241,01:44:01,Microdebrider,3,0.900149,"[0.573292, 0.540096, 0.0835902, 0.231773]",187230
6242,01:44:02,Microdebrider,3,0.928767,"[0.571698, 0.536674, 0.0900769, 0.236717]",187284
6243,01:44:03,Microdebrider,3,0.915098,"[0.568091, 0.539233, 0.0977501, 0.231879]",187291
6244,01:44:04,Microdebrider,3,0.911522,"[0.570795, 0.531267, 0.0887411, 0.245959]",187335
6245,01:44:05,Microdebrider,3,0.897181,"[0.582439, 0.504148, 0.0661308, 0.307328]",187368
6258,01:44:18,Frazier,1,0.893914,"[0.579925, 0.558715, 0.0804117, 0.186871]",187769
6259,01:44:19,Frazier,1,0.887131,"[0.580859, 0.557894, 0.0783407, 0.18936]",187770
6260,01:44:20,Frazier,1,0.774248,"[0.577189, 0.543856, 0.0905243, 0.216462]",187826
6261,01:44:21,Frazier,1,0.805785,"[0.584373, 0.542021, 0.0738218, 0.221227]",187856
6262,01:44:22,Frazier,1,0.886496,"[0.584589, 0.542488, 0.0726924, 0.220246]",187864
6269,01:44:29,Frazier,1,0.898292,"[0.577916, 0.590086, 0.076563, 0.136726]",188089
6270,01:44:30,Frazier,1,0.865698,"[0.577695, 0.578874, 0.0777472, 0.157377]",188124
6271,01:44:31,Frazier,1,0.882875,"[0.576381, 0.583298, 0.079652, 0.145443]",188141
6272,01:44:32,Frazier,1,0.89233,"[0.576472, 0.598214, 0.0808405, 0.122839]",188173
6273,01:44:33,Frazier,1,0.915538,"[0.573208, 0.608992, 0.0848738, 0.107124]",188218
6274,01:44:34,Frazier,1,0.919808,"[0.572247, 0.609854, 0.086535, 0.105375]",188222
6275,01:44:35,Frazier,1,0.896114,"[0.578221, 0.599799, 0.0766609, 0.120466]",188269
6276,01:44:36,Frazier,1,0.901937,"[0.579066, 0.596821, 0.0741425, 0.128548]",188299
6277,01:44:37,Frazier,1,0.905471,"[0.578509, 0.597753, 0.0757078, 0.125567]",188312
6278,01:44:38,Frazier,1,0.900811,"[0.578573, 0.603283, 0.0755903, 0.119224]",188340
6279,01:44:39,Frazier,1,0.893792,"[0.580421, 0.600745, 0.0730488, 0.121417]",188394
6280,01:44:40,Frazier,1,0.874887,"[0.581067, 0.599435, 0.0725594, 0.122165]",188401
6281,01:44:41,Frazier,1,0.89715,"[0.578694, 0.597679, 0.0728994, 0.129194]",188456
6282,01:44:42,Frazier,1,0.908942,"[0.577668, 0.598245, 0.0726997, 0.126682]",188475
6283,01:44:43,Frazier,1,0.889582,"[0.574562, 0.610352, 0.0799019, 0.104422]",188515
6284,01:44:44,Frazier,1,0.909077,"[0.576925, 0.598574, 0.0728592, 0.124185]",188526
6285,01:44:45,Frazier,1,0.902434,"[0.579166, 0.586756, 0.0693731, 0.148518]",188555
6286,01:44:46,Frazier,1,0.897706,"[0.579381, 0.58766, 0.070061, 0.145313]",188580
6287,01:44:47,Frazier,1,0.891002,"[0.579881, 0.586976, 0.0699549, 0.146767]",188615
6288,01:44:48,Frazier,1,0.87849,"[0.58079, 0.585576, 0.068288, 0.148046]",188652
6289,01:44:49,Frazier,1,0.894604,"[0.578935, 0.582996, 0.071518, 0.153381]",188699
6290,01:44:50,Frazier,1,0.908042,"[0.578382, 0.585706, 0.0720379, 0.148495]",188708
6298,01:44:58,Microdebrider,3,0.898614,"[0.581724, 0.516162, 0.0704647, 0.280651]",188969
6299,01:44:59,Microdebrider,3,0.916529,"[0.571535, 0.533669, 0.0816601, 0.244639]",188997
6300,01:45:00,Microdebrider,3,0.921511,"[0.565683, 0.548333, 0.092647, 0.220238]",189028
6301,01:45:01,Microdebrider,3,0.922015,"[0.568495, 0.537046, 0.0879644, 0.239086]",189051
6302,01:45:02,Microdebrider,3,0.92289,"[0.570074, 0.535888, 0.0845247, 0.2407]",189076
6303,01:45:03,Microdebrider,3,0.916155,"[0.569684, 0.537876, 0.0858827, 0.236667]",189105
6304,01:45:04,Microdebrider,3,0.923175,"[0.569329, 0.538235, 0.085625, 0.236554]",189141
6305,01:45:05,Microdebrider,3,0.88421,"[0.577583, 0.516571, 0.0725516, 0.281551]",189156
6313,01:45:13,Forceps,2,0.867762,"[0.542443, 0.440882, 0.111705, 0.149884]",189418
6314,01:45:14,Forceps,2,0.75356,"[0.525433, 0.459311, 0.0622076, 0.309899]",189428
6315,01:45:15,Forceps,2,0.755392,"[0.588864, 0.501853, 0.07206, 0.310541]",189478
6316,01:45:16,Forceps,2,0.909561,"[0.552522, 0.547213, 0.124015, 0.214112]",189509
6317,01:45:17,Forceps,2,0.934042,"[0.545904, 0.569706, 0.135023, 0.172729]",189535
6318,01:45:18,Forceps,2,0.931647,"[0.547695, 0.573189, 0.131211, 0.166999]",189553
6319,01:45:19,Forceps,2,0.911847,"[0.54651, 0.576444, 0.133751, 0.155989]",189585
6320,01:45:20,Forceps,2,0.936137,"[0.552747, 0.578345, 0.122489, 0.160523]",189620
6321,01:45:21,Forceps,2,0.909414,"[0.550881, 0.579326, 0.125925, 0.156862]",189638
6322,01:45:22,Forceps,2,0.907531,"[0.547828, 0.57707, 0.131701, 0.158733]",189689
6323,01:45:23,Forceps,2,0.936862,"[0.552071, 0.577189, 0.124319, 0.159297]",189700
6324,01:45:24,Forceps,2,0.905449,"[0.550408, 0.591573, 0.126254, 0.132034]",189720
6325,01:45:25,Forceps,2,0.931856,"[0.549331, 0.572595, 0.128799, 0.165985]",189761
6326,01:45:26,Forceps,2,0.933471,"[0.550752, 0.5719, 0.127903, 0.162912]",189793
6327,01:45:27,Forceps,2,0.813271,"[0.560619, 0.531352, 0.111126, 0.244407]",189810
6336,01:45:36,Frazier,1,0.8067,"[0.635213, 0.535645, 0.0413619, 0.238708]",190108
6337,01:45:37,Frazier,1,0.807431,"[0.635048, 0.541291, 0.039699, 0.231431]",190110
6338,01:45:38,Frazier,1,0.834505,"[0.603493, 0.543512, 0.0460281, 0.229425]",190161
6339,01:45:39,Frazier,1,0.866571,"[0.598641, 0.544727, 0.0493125, 0.228343]",190189
6340,01:45:40,Frazier,1,0.895518,"[0.589639, 0.558624, 0.0554947, 0.198996]",190208
6341,01:45:41,Frazier,1,0.869523,"[0.599647, 0.545215, 0.0490744, 0.226243]",190238
6342,01:45:42,Frazier,1,0.832858,"[0.606717, 0.548378, 0.0400026, 0.218322]",190289
6343,01:45:43,Frazier,1,0.899438,"[0.592427, 0.5634, 0.0561026, 0.180042]",190305
6344,01:45:44,Frazier,1,0.892217,"[0.586479, 0.58709, 0.0670115, 0.139662]",190338
6345,01:45:45,Frazier,1,0.895031,"[0.583852, 0.587674, 0.0728676, 0.139398]",190350
6346,01:45:46,Frazier,1,0.892443,"[0.588209, 0.58915, 0.0643884, 0.136174]",190398
6347,01:45:47,Frazier,1,0.896337,"[0.586386, 0.591348, 0.0658028, 0.131247]",190415
6348,01:45:48,Frazier,1,0.901343,"[0.586816, 0.591984, 0.0646473, 0.130082]",190445
6349,01:45:49,Frazier,1,0.927404,"[0.591233, 0.578503, 0.0532473, 0.156458]",190481
6350,01:45:50,Frazier,1,0.905097,"[0.584497, 0.594335, 0.0659189, 0.129695]",190526
6351,01:45:51,Frazier,1,0.899556,"[0.584261, 0.594427, 0.0654391, 0.129554]",190553
6352,01:45:52,Frazier,1,0.914648,"[0.585831, 0.594607, 0.0633994, 0.133162]",190572
6353,01:45:53,Frazier,1,0.892973,"[0.581725, 0.594767, 0.0704726, 0.130149]",190590
6354,01:45:54,Frazier,1,0.917354,"[0.592068, 0.581262, 0.0502732, 0.152143]",190632
6355,01:45:55,Frazier,1,0.921372,"[0.591178, 0.578689, 0.0569394, 0.159759]",190670
6356,01:45:56,Frazier,1,0.881223,"[0.583067, 0.594397, 0.0669842, 0.127731]",190708
6357,01:45:57,Frazier,1,0.925115,"[0.592612, 0.578597, 0.0509253, 0.156439]",190727
6358,01:45:58,Frazier,1,0.899355,"[0.592365, 0.576135, 0.0554399, 0.163054]",190769
6359,01:45:59,Frazier,1,0.914393,"[0.590491, 0.577689, 0.058527, 0.158782]",190791
6360,01:46:00,Frazier,1,0.88421,"[0.586704, 0.591258, 0.0647656, 0.13108]",190801
6361,01:46:01,Frazier,1,0.890088,"[0.586156, 0.590886, 0.0650602, 0.13372]",190842
6362,01:46:02,Frazier,1,0.905466,"[0.590016, 0.577725, 0.0572024, 0.1606]",190875
6363,01:46:03,Frazier,1,0.900134,"[0.585822, 0.586254, 0.065353, 0.141872]",190892
6364,01:46:04,Frazier,1,0.932528,"[0.593785, 0.566056, 0.0509279, 0.178471]",190934
6365,01:46:05,Frazier,1,0.904328,"[0.595782, 0.566046, 0.0472525, 0.180823]",190951
6366,01:46:06,Frazier,1,0.922818,"[0.594399, 0.565646, 0.0513292, 0.179423]",190981
6367,01:46:07,Frazier,1,0.924094,"[0.592478, 0.566162, 0.0503555, 0.180903]",191024
6368,01:46:08,Frazier,1,0.871636,"[0.598618, 0.582155, 0.0474429, 0.146475]",191040
6373,01:46:13,Forceps,2,0.812346,"[0.56713, 0.447459, 0.071941, 0.319879]",191218
6374,01:46:14,Forceps,2,0.839418,"[0.595774, 0.483109, 0.0661291, 0.348112]",191234
6375,01:46:15,Forceps,2,0.75235,"[0.62487, 0.489091, 0.0454716, 0.335711]",191276
6376,01:46:16,Forceps,2,0.874056,"[0.599916, 0.508158, 0.0584457, 0.301892]",191297
6377,01:46:17,Forceps,2,0.775613,"[0.604663, 0.489224, 0.056318, 0.336608]",191310
6378,01:46:18,Forceps,2,0.905198,"[0.591003, 0.523334, 0.0672054, 0.265363]",191361
6379,01:46:19,Forceps,2,0.920559,"[0.562678, 0.547321, 0.100616, 0.216889]",191399
6380,01:46:20,Forceps,2,0.920128,"[0.562081, 0.555642, 0.103962, 0.205183]",191405
6381,01:46:21,Forceps,2,0.922018,"[0.558675, 0.540274, 0.107194, 0.229237]",191437
6382,01:46:22,Forceps,2,0.887004,"[0.580018, 0.514169, 0.0799994, 0.286102]",191463
6383,01:46:23,Forceps,2,0.907649,"[0.582509, 0.514287, 0.0823204, 0.281735]",191514
6384,01:46:24,Forceps,2,0.922589,"[0.564144, 0.54862, 0.106943, 0.213015]",191527
6385,01:46:25,Forceps,2,0.924843,"[0.54611, 0.561923, 0.133157, 0.189052]",191554
6386,01:46:26,Forceps,2,0.925239,"[0.546213, 0.568802, 0.135315, 0.171266]",191580
6387,01:46:27,Forceps,2,0.701789,"[0.6227, 0.496856, 0.0426111, 0.304499]",191637
6388,01:46:28,Forceps,2,0.894728,"[0.593271, 0.511267, 0.0677086, 0.284398]",191661
6389,01:46:29,Forceps,2,0.919482,"[0.583134, 0.535365, 0.0817204, 0.233903]",191680
6390,01:46:30,Forceps,2,0.9194,"[0.566475, 0.562569, 0.10221, 0.179225]",191707
6391,01:46:31,Forceps,2,0.923364,"[0.563657, 0.574167, 0.108732, 0.158443]",191730
6392,01:46:32,Forceps,2,0.919703,"[0.558865, 0.584238, 0.114402, 0.14411]",191769
6393,01:46:33,Forceps,2,0.873978,"[0.559673, 0.605992, 0.108176, 0.101552]",191790
6394,01:46:34,Forceps,2,0.886886,"[0.562665, 0.608409, 0.104564, 0.0993148]",191825
6395,01:46:35,Forceps,2,0.925749,"[0.561818, 0.599328, 0.104539, 0.114046]",191867
6396,01:46:36,Forceps,2,0.937043,"[0.562224, 0.595894, 0.102962, 0.124396]",191901
6397,01:46:37,Forceps,2,0.906717,"[0.561136, 0.605963, 0.105231, 0.101988]",191911
6398,01:46:38,Forceps,2,0.938082,"[0.56808, 0.598233, 0.0971255, 0.113609]",191958
6399,01:46:39,Forceps,2,0.925667,"[0.558874, 0.594777, 0.117009, 0.118617]",191989
6400,01:46:40,Forceps,2,0.926655,"[0.564539, 0.599875, 0.104812, 0.11328]",192015
6401,01:46:41,Forceps,2,0.854401,"[0.574769, 0.610951, 0.0840111, 0.0928939]",192059
6402,01:46:42,Forceps,2,0.884242,"[0.573815, 0.610509, 0.085092, 0.0927891]",192073
6403,01:46:43,Forceps,2,0.89846,"[0.569955, 0.605369, 0.0941441, 0.102507]",192112
6404,01:46:44,Forceps,2,0.921638,"[0.563078, 0.593138, 0.108919, 0.119409]",192136
6405,01:46:45,Forceps,2,0.914341,"[0.570419, 0.603027, 0.0912276, 0.10709]",192162
6406,01:46:46,Forceps,2,0.951598,"[0.573246, 0.582654, 0.0974517, 0.139963]",192205
6407,01:46:47,Forceps,2,0.959267,"[0.568608, 0.593859, 0.099424, 0.121885]",192219
6408,01:46:48,Forceps,2,0.922711,"[0.56804, 0.561861, 0.0970395, 0.182833]",192267
6409,01:46:49,Forceps,2,0.936481,"[0.564905, 0.580887, 0.0993704, 0.147251]",192294
6410,01:46:50,Forceps,2,0.916686,"[0.567634, 0.560334, 0.0974098, 0.187565]",192301
6411,01:46:51,Forceps,2,0.959208,"[0.572633, 0.583759, 0.0886652, 0.141929]",192356
6412,01:46:52,Forceps,2,0.952912,"[0.572374, 0.586599, 0.0883806, 0.137093]",192361
6413,01:46:53,Forceps,2,0.906163,"[0.581194, 0.547176, 0.0787071, 0.216133]",192415
6414,01:46:54,Forceps,2,0.910767,"[0.581579, 0.531388, 0.0784858, 0.243701]",192428
6421,01:47:01,Frazier,1,0.788678,"[0.602992, 0.512677, 0.0426993, 0.259949]",192638
6422,01:47:02,Frazier,1,0.778328,"[0.632493, 0.54891, 0.0400058, 0.222241]",192680
6423,01:47:03,Frazier,1,0.869698,"[0.589207, 0.562959, 0.0581617, 0.189653]",192718
6424,01:47:04,Frazier,1,0.876322,"[0.589057, 0.567581, 0.0554108, 0.181796]",192722
6425,01:47:05,Frazier,1,0.848298,"[0.581589, 0.577131, 0.0731378, 0.160153]",192760
6426,01:47:06,Frazier,1,0.846669,"[0.583584, 0.576056, 0.0641855, 0.165278]",192795
6427,01:47:07,Frazier,1,0.892618,"[0.576539, 0.591761, 0.0786455, 0.135208]",192823
6428,01:47:08,Frazier,1,0.862028,"[0.58321, 0.597908, 0.0651447, 0.123809]",192841
6429,01:47:09,Frazier,1,0.872299,"[0.581377, 0.606856, 0.0679585, 0.115806]",192895
6430,01:47:10,Frazier,1,0.845539,"[0.578985, 0.606662, 0.0710327, 0.113295]",192908
6431,01:47:11,Frazier,1,0.862262,"[0.576816, 0.599777, 0.0724196, 0.122144]",192940
6432,01:47:12,Frazier,1,0.883895,"[0.584915, 0.592603, 0.0589942, 0.136615]",192989
6433,01:47:13,Frazier,1,0.889178,"[0.584539, 0.592745, 0.0583195, 0.136369]",192991
6434,01:47:14,Frazier,1,0.835961,"[0.597877, 0.575061, 0.0414347, 0.168196]",193020
6435,01:47:15,Frazier,1,0.847484,"[0.607403, 0.557623, 0.0361973, 0.207813]",193066
6436,01:47:16,Frazier,1,0.883042,"[0.596722, 0.568323, 0.0432193, 0.183244]",193106
6437,01:47:17,Frazier,1,0.902,"[0.59562, 0.562473, 0.0435811, 0.192313]",193136
6438,01:47:18,Frazier,1,0.848187,"[0.598552, 0.545069, 0.0474333, 0.223925]",193165
6439,01:47:19,Frazier,1,0.838952,"[0.583098, 0.520953, 0.0687978, 0.265661]",193181
6440,01:47:20,Frazier,1,0.869295,"[0.650173, 0.54737, 0.05089, 0.214574]",193219
6441,01:47:21,Frazier,1,0.871838,"[0.600731, 0.565165, 0.040663, 0.185929]",193257
6442,01:47:22,Frazier,1,0.8788,"[0.593018, 0.576663, 0.0550751, 0.159763]",193275
6443,01:47:23,Frazier,1,0.879824,"[0.587539, 0.580149, 0.0630766, 0.1541]",193290
6444,01:47:24,Frazier,1,0.880912,"[0.584242, 0.587003, 0.069064, 0.142446]",193328
6445,01:47:25,Frazier,1,0.860038,"[0.582012, 0.579126, 0.071515, 0.157732]",193350
6446,01:47:26,Frazier,1,0.8548,"[0.582367, 0.571019, 0.0696476, 0.173817]",193381
6447,01:47:27,Frazier,1,0.871027,"[0.582288, 0.578393, 0.0718535, 0.158295]",193423
6448,01:47:28,Frazier,1,0.884927,"[0.593522, 0.568062, 0.0485117, 0.181693]",193445
6456,01:47:36,Frazier,1,0.895889,"[0.592743, 0.540491, 0.0616287, 0.238849]",193688
6457,01:47:37,Frazier,1,0.857466,"[0.606885, 0.553217, 0.0419414, 0.208595]",193736
6458,01:47:38,Frazier,1,0.840115,"[0.634403, 0.551248, 0.0406584, 0.214301]",193768
6459,01:47:39,Frazier,1,0.897772,"[0.596147, 0.556131, 0.0512236, 0.205903]",193795
6460,01:47:40,Frazier,1,0.893647,"[0.594294, 0.573064, 0.0511918, 0.169522]",193812
6461,01:47:41,Frazier,1,0.868308,"[0.586248, 0.587394, 0.0614175, 0.146682]",193852
6462,01:47:42,Frazier,1,0.883341,"[0.577354, 0.595696, 0.0729044, 0.129181]",193888
6463,01:47:43,Frazier,1,0.88832,"[0.576901, 0.59537, 0.0734942, 0.130008]",193893
6464,01:47:44,Frazier,1,0.867405,"[0.574628, 0.596224, 0.0777302, 0.130034]",193932
6465,01:47:45,Frazier,1,0.825809,"[0.570832, 0.61453, 0.076698, 0.10207]",193952
6466,01:47:46,Frazier,1,0.790557,"[0.572972, 0.617299, 0.0747936, 0.0994566]",193980
6467,01:47:47,Frazier,1,0.846774,"[0.572982, 0.614484, 0.072993, 0.0982162]",194036
6468,01:47:48,Frazier,1,0.851732,"[0.57198, 0.613003, 0.0746086, 0.100198]",194041
6469,01:47:49,Frazier,1,0.868436,"[0.575698, 0.597313, 0.0731663, 0.129005]",194075
6470,01:47:50,Frazier,1,0.921929,"[0.59439, 0.574371, 0.0485915, 0.164337]",194106
6479,01:47:59,Forceps,2,0.881113,"[0.579395, 0.55355, 0.0807348, 0.210724]",194399
6480,01:48:00,Forceps,2,0.905655,"[0.565759, 0.574725, 0.0949905, 0.162681]",194417
6481,01:48:01,Forceps,2,0.931394,"[0.565099, 0.587372, 0.100992, 0.141932]",194457
6482,01:48:02,Forceps,2,0.918849,"[0.566009, 0.585838, 0.0998379, 0.142605]",194461
6483,01:48:03,Forceps,2,0.921229,"[0.56163, 0.571221, 0.108244, 0.162106]",194509
6484,01:48:04,Forceps,2,0.913409,"[0.563867, 0.582683, 0.102089, 0.146649]",194549
6485,01:48:05,Forceps,2,0.935536,"[0.564437, 0.592451, 0.100773, 0.131838]",194576
6486,01:48:06,Forceps,2,0.921199,"[0.560903, 0.589996, 0.107616, 0.134918]",194596
6487,01:48:07,Forceps,2,0.945712,"[0.566138, 0.59079, 0.0965306, 0.133651]",194624
6488,01:48:08,Forceps,2,0.930167,"[0.564413, 0.59379, 0.101545, 0.128085]",194650
6489,01:48:09,Forceps,2,0.938757,"[0.567199, 0.592987, 0.0955508, 0.129611]",194693
6490,01:48:10,Forceps,2,0.934666,"[0.565051, 0.58981, 0.102505, 0.134015]",194718
6491,01:48:11,Forceps,2,0.917591,"[0.560283, 0.592767, 0.108636, 0.128656]",194731
6492,01:48:12,Forceps,2,0.899866,"[0.564671, 0.598384, 0.097181, 0.117805]",194763
6493,01:48:13,Forceps,2,0.916368,"[0.568351, 0.5995, 0.0896492, 0.116389]",194795
6494,01:48:14,Forceps,2,0.886376,"[0.562993, 0.597974, 0.101781, 0.118829]",194847
6495,01:48:15,Forceps,2,0.912795,"[0.559421, 0.593292, 0.108936, 0.128451]",194876
6496,01:48:16,Forceps,2,0.912027,"[0.559592, 0.593761, 0.108964, 0.129518]",194883
6497,01:48:17,Forceps,2,0.891269,"[0.562095, 0.597125, 0.103211, 0.12139]",194938
6498,01:48:18,Forceps,2,0.901065,"[0.56596, 0.594705, 0.0972172, 0.125111]",194961
6499,01:48:19,Forceps,2,0.89264,"[0.562097, 0.596497, 0.102902, 0.121102]",194999
6500,01:48:20,Forceps,2,0.899549,"[0.563139, 0.592698, 0.101532, 0.127256]",195029
6501,01:48:21,Forceps,2,0.908202,"[0.562971, 0.58983, 0.099527, 0.13366]",195047
6502,01:48:22,Forceps,2,0.91088,"[0.567161, 0.597281, 0.0944487, 0.120043]",195067
6503,01:48:23,Forceps,2,0.912332,"[0.561277, 0.592625, 0.108061, 0.129384]",195100
6504,01:48:24,Forceps,2,0.916194,"[0.567575, 0.593911, 0.0935181, 0.126296]",195122
6505,01:48:25,Forceps,2,0.908841,"[0.561437, 0.59269, 0.108381, 0.1266]",195155
6506,01:48:26,Forceps,2,0.841164,"[0.567423, 0.517231, 0.082131, 0.278064]",195189
6509,01:48:29,Frazier,1,0.764348,"[0.606521, 0.475403, 0.0360302, 0.293224]",195298
6510,01:48:30,Frazier,1,0.828493,"[0.600897, 0.504163, 0.0437538, 0.286815]",195302
6511,01:48:31,Frazier,1,0.853319,"[0.646523, 0.562234, 0.0388308, 0.192026]",195336
6512,01:48:32,Frazier,1,0.81219,"[0.614815, 0.543737, 0.0428124, 0.227989]",195368
6513,01:48:33,Frazier,1,0.876863,"[0.595912, 0.517087, 0.0839344, 0.236265]",195390
6514,01:48:34,Frazier,1,0.811847,"[0.602375, 0.519712, 0.0459534, 0.274197]",195439
6515,01:48:35,Frazier,1,0.804934,"[0.635534, 0.56055, 0.038306, 0.194058]",195478
6516,01:48:36,Frazier,1,0.899963,"[0.593378, 0.566509, 0.0549234, 0.178973]",195495
6517,01:48:37,Frazier,1,0.910238,"[0.579225, 0.589174, 0.0775513, 0.138983]",195519
6518,01:48:38,Frazier,1,0.885742,"[0.573859, 0.596884, 0.0842288, 0.125693]",195540
6519,01:48:39,Frazier,1,0.889368,"[0.576026, 0.600267, 0.080155, 0.120721]",195591
6520,01:48:40,Frazier,1,0.886789,"[0.57496, 0.594509, 0.079673, 0.130918]",195625
6521,01:48:41,Frazier,1,0.880102,"[0.576983, 0.601781, 0.0763488, 0.118227]",195636
6522,01:48:42,Frazier,1,0.900812,"[0.583373, 0.59246, 0.0636148, 0.133347]",195681
6523,01:48:43,Frazier,1,0.880392,"[0.594089, 0.571014, 0.0460297, 0.17548]",195694
6531,01:48:51,Microdebrider,3,0.803847,"[0.593097, 0.512051, 0.0527916, 0.298726]",195959
6532,01:48:52,Microdebrider,3,0.80679,"[0.596183, 0.488732, 0.0630398, 0.344884]",195986
6533,01:48:53,Microdebrider,3,0.906577,"[0.582038, 0.509644, 0.0726395, 0.300748]",196007
6534,01:48:54,Microdebrider,3,0.909791,"[0.555144, 0.536442, 0.117067, 0.252297]",196048
6535,01:48:55,Microdebrider,3,0.920271,"[0.554377, 0.538385, 0.118434, 0.248569]",196052
6536,01:48:56,Microdebrider,3,0.906513,"[0.557486, 0.562696, 0.112792, 0.197495]",196085
6537,01:48:57,Microdebrider,3,0.904413,"[0.554575, 0.571816, 0.116933, 0.180667]",196135
6538,01:48:58,Microdebrider,3,0.89467,"[0.559282, 0.548865, 0.106182, 0.228034]",196158
6539,01:48:59,Microdebrider,3,0.918831,"[0.558752, 0.557884, 0.107107, 0.212875]",196177
6540,01:49:00,Microdebrider,3,0.917518,"[0.557105, 0.562776, 0.111555, 0.201174]",196202
6541,01:49:01,Microdebrider,3,0.918586,"[0.559995, 0.5541, 0.10642, 0.218429]",196252
6542,01:49:02,Microdebrider,3,0.909126,"[0.55327, 0.560753, 0.125013, 0.204553]",196265
6543,01:49:03,Microdebrider,3,0.902688,"[0.547268, 0.567149, 0.133288, 0.192259]",196301
6544,01:49:04,Microdebrider,3,0.897752,"[0.557256, 0.560776, 0.111639, 0.204367]",196343
6545,01:49:05,Microdebrider,3,0.906866,"[0.55906, 0.552806, 0.105868, 0.221085]",196363
6546,01:49:06,Microdebrider,3,0.857134,"[0.570155, 0.545816, 0.087884, 0.219738]",196380
6550,01:49:10,Microdebrider,3,0.875241,"[0.597139, 0.513447, 0.0592896, 0.28809]",196529
6551,01:49:11,Microdebrider,3,0.935252,"[0.571869, 0.523309, 0.084301, 0.273452]",196559
6552,01:49:12,Microdebrider,3,0.937079,"[0.56891, 0.52456, 0.0903923, 0.269519]",196561
6553,01:49:13,Microdebrider,3,0.918194,"[0.564152, 0.528903, 0.0973396, 0.265218]",196594
6554,01:49:14,Microdebrider,3,0.918068,"[0.570724, 0.530922, 0.084133, 0.26359]",196636
6555,01:49:15,Microdebrider,3,0.932885,"[0.575441, 0.505607, 0.0751041, 0.312629]",196677
6556,01:49:16,Microdebrider,3,0.92177,"[0.572856, 0.507218, 0.0841768, 0.300687]",196684
6561,01:49:21,Frazier,1,0.809954,"[0.511453, 0.384832, 0.0889879, 0.15183]",196844
6562,01:49:22,Frazier,1,0.831994,"[0.649112, 0.543416, 0.0563828, 0.219644]",196887
6563,01:49:23,Frazier,1,0.849661,"[0.643328, 0.545488, 0.0520569, 0.232563]",196900
6564,01:49:24,Frazier,1,0.873247,"[0.636974, 0.551642, 0.0497473, 0.209636]",196933
6565,01:49:25,Frazier,1,0.84069,"[0.598971, 0.561405, 0.0419935, 0.188607]",196976
6566,01:49:26,Frazier,1,0.887801,"[0.593393, 0.566918, 0.051372, 0.1807]",196996
6567,01:49:27,Frazier,1,0.86197,"[0.591483, 0.575374, 0.0491188, 0.166456]",197035
6568,01:49:28,Frazier,1,0.909938,"[0.578232, 0.591553, 0.0734518, 0.139781]",197054
6569,01:49:29,Frazier,1,0.848527,"[0.572647, 0.59352, 0.0788754, 0.135528]",197074
6570,01:49:30,Frazier,1,0.860076,"[0.568676, 0.612547, 0.0821268, 0.104994]",197128
6571,01:49:31,Frazier,1,0.89447,"[0.574312, 0.610437, 0.078789, 0.107933]",197147
6572,01:49:32,Frazier,1,0.891363,"[0.593284, 0.579104, 0.0491949, 0.161677]",197185
6573,01:49:33,Frazier,1,0.886573,"[0.600195, 0.573333, 0.043256, 0.172346]",197193
6584,01:49:44,Forceps,2,0.816484,"[0.589813, 0.515001, 0.0740162, 0.279211]",197549
6585,01:49:45,Forceps,2,0.905882,"[0.588528, 0.521144, 0.0691619, 0.274258]",197565
6586,01:49:46,Forceps,2,0.903213,"[0.590285, 0.539706, 0.0645733, 0.234894]",197581
6587,01:49:47,Forceps,2,0.909698,"[0.593187, 0.539733, 0.0630229, 0.234698]",197625
6588,01:49:48,Forceps,2,0.926427,"[0.563042, 0.589812, 0.10532, 0.141641]",197669
6589,01:49:49,Forceps,2,0.941341,"[0.56494, 0.590293, 0.102626, 0.141604]",197675
6590,01:49:50,Forceps,2,0.901107,"[0.56347, 0.599268, 0.10469, 0.121461]",197700
6591,01:49:51,Forceps,2,0.900866,"[0.565853, 0.599348, 0.101619, 0.122186]",197759
6592,01:49:52,Forceps,2,0.916416,"[0.562165, 0.598283, 0.113752, 0.12228]",197789
6593,01:49:53,Forceps,2,0.91761,"[0.56121, 0.599231, 0.116337, 0.120614]",197791
6594,01:49:54,Forceps,2,0.895158,"[0.559557, 0.601897, 0.113543, 0.117911]",197829
6595,01:49:55,Forceps,2,0.884908,"[0.557335, 0.602664, 0.11734, 0.113038]",197877
6596,01:49:56,Forceps,2,0.910981,"[0.561145, 0.599666, 0.107493, 0.125621]",197906
6597,01:49:57,Forceps,2,0.909706,"[0.559621, 0.60171, 0.111607, 0.124324]",197913
6598,01:49:58,Forceps,2,0.919897,"[0.587237, 0.523216, 0.0707031, 0.265227]",197969
6599,01:49:59,Forceps,2,0.921091,"[0.587975, 0.521038, 0.0696518, 0.269333]",197970
6603,01:50:03,Frazier,1,0.775844,"[0.61595, 0.531057, 0.0348112, 0.260354]",198104
6604,01:50:04,Frazier,1,0.840218,"[0.604728, 0.561779, 0.0394057, 0.189815]",198145
6605,01:50:05,Frazier,1,0.899839,"[0.597298, 0.567374, 0.044717, 0.180592]",198153
6606,01:50:06,Frazier,1,0.911848,"[0.578671, 0.599163, 0.0773474, 0.121097]",198191
6607,01:50:07,Frazier,1,0.899374,"[0.586713, 0.58871, 0.0668861, 0.143693]",198227
6608,01:50:08,Frazier,1,0.866962,"[0.607479, 0.563495, 0.0393483, 0.182096]",198247
6623,01:50:23,Forceps,2,0.886554,"[0.573374, 0.567922, 0.0852175, 0.178564]",198713
6624,01:50:24,Forceps,2,0.916653,"[0.566647, 0.589259, 0.0927578, 0.140205]",198738
6625,01:50:25,Forceps,2,0.875782,"[0.566331, 0.601949, 0.0864737, 0.112368]",198750
6626,01:50:26,Forceps,2,0.874668,"[0.559756, 0.606754, 0.101068, 0.104345]",198794
6627,01:50:27,Forceps,2,0.873848,"[0.564506, 0.603308, 0.0927403, 0.113439]",198828
6628,01:50:28,Forceps,2,0.885694,"[0.56082, 0.604184, 0.104194, 0.108007]",198854
6629,01:50:29,Forceps,2,0.90483,"[0.564993, 0.5982, 0.0892806, 0.121763]",198881
6630,01:50:30,Forceps,2,0.894105,"[0.560795, 0.596335, 0.108136, 0.121283]",198912
6631,01:50:31,Forceps,2,0.914833,"[0.56587, 0.592965, 0.0913341, 0.128806]",198935
6632,01:50:32,Forceps,2,0.910833,"[0.560945, 0.590706, 0.107496, 0.128877]",198972
6633,01:50:33,Forceps,2,0.929018,"[0.566147, 0.594594, 0.091197, 0.128809]",198998
6634,01:50:34,Forceps,2,0.907245,"[0.56674, 0.594235, 0.0978081, 0.12639]",199028
6635,01:50:35,Forceps,2,0.893965,"[0.564567, 0.586392, 0.0951442, 0.140659]",199053
6636,01:50:36,Forceps,2,0.869491,"[0.562064, 0.598494, 0.104554, 0.116708]",199099
6637,01:50:37,Forceps,2,0.912883,"[0.56694, 0.589092, 0.0952793, 0.135909]",199136
6638,01:50:38,Forceps,2,0.904888,"[0.570036, 0.595292, 0.0887261, 0.127131]",199150
6639,01:50:39,Forceps,2,0.852593,"[0.564425, 0.608606, 0.0939871, 0.105485]",199171
6640,01:50:40,Forceps,2,0.90772,"[0.565738, 0.586395, 0.0960045, 0.14037]",199227
6641,01:50:41,Forceps,2,0.905288,"[0.568735, 0.577387, 0.0883552, 0.160814]",199235
6647,01:50:47,Frazier,1,0.754306,"[0.541104, 0.431642, 0.0770355, 0.206196]",199436
6648,01:50:48,Frazier,1,0.886315,"[0.557441, 0.435734, 0.0917104, 0.200425]",199462
6649,01:50:49,Frazier,1,0.870264,"[0.550871, 0.44022, 0.0869533, 0.207337]",199471
6650,01:50:50,Frazier,1,0.880192,"[0.649131, 0.549748, 0.0432391, 0.215678]",199519
6651,01:50:51,Frazier,1,0.919281,"[0.592712, 0.56529, 0.0537707, 0.182785]",199550
6652,01:50:52,Frazier,1,0.906215,"[0.580171, 0.591423, 0.0763483, 0.138333]",199578
6653,01:50:53,Frazier,1,0.883067,"[0.575467, 0.605025, 0.0774373, 0.11458]",199603
6654,01:50:54,Frazier,1,0.858213,"[0.59222, 0.5764, 0.049064, 0.167068]",199621
6655,01:50:55,Frazier,1,0.904234,"[0.59477, 0.578049, 0.0489201, 0.165252]",199656
6656,01:50:56,Frazier,1,0.898171,"[0.595633, 0.579341, 0.0475505, 0.162978]",199689
6657,01:50:57,Frazier,1,0.915908,"[0.593479, 0.578928, 0.0485762, 0.162839]",199730
6658,01:50:58,Frazier,1,0.890209,"[0.59375, 0.579146, 0.0502689, 0.161278]",199754
6659,01:50:59,Frazier,1,0.900086,"[0.585078, 0.592527, 0.0627679, 0.135419]",199776
6660,01:51:00,Frazier,1,0.891401,"[0.573572, 0.611804, 0.0793465, 0.105585]",199801
6661,01:51:01,Frazier,1,0.886099,"[0.578653, 0.602059, 0.0755963, 0.116222]",199854
6662,01:51:02,Frazier,1,0.907681,"[0.592436, 0.567385, 0.0505506, 0.184824]",199874
6665,01:51:05,Frazier,1,0.8515,"[0.553815, 0.508236, 0.0932702, 0.255682]",199960
6666,01:51:06,Frazier,1,0.895469,"[0.600321, 0.565183, 0.0463825, 0.179002]",200006
6667,01:51:07,Frazier,1,0.921279,"[0.591297, 0.576194, 0.0566649, 0.161841]",200015
6668,01:51:08,Frazier,1,0.893175,"[0.582837, 0.588635, 0.0701955, 0.142917]",200069
6669,01:51:09,Frazier,1,0.898553,"[0.57929, 0.589628, 0.0766495, 0.140836]",200075
6670,01:51:10,Frazier,1,0.866997,"[0.583682, 0.57353, 0.0658754, 0.168634]",200116
6671,01:51:11,Frazier,1,0.913489,"[0.590269, 0.568073, 0.0526291, 0.181786]",200148
6704,01:51:44,Frazier,1,0.768391,"[0.537536, 0.472496, 0.127819, 0.167726]",201137
6705,01:51:45,Frazier,1,0.752579,"[0.633083, 0.538358, 0.0364076, 0.242766]",201179
6706,01:51:46,Frazier,1,0.862532,"[0.647967, 0.54283, 0.0396276, 0.236274]",201189
6707,01:51:47,Frazier,1,0.807894,"[0.657779, 0.541391, 0.049213, 0.235166]",201233
6708,01:51:48,Frazier,1,0.854477,"[0.645859, 0.561732, 0.0405537, 0.195083]",201266
6709,01:51:49,Frazier,1,0.850552,"[0.646644, 0.565096, 0.0395311, 0.187868]",201273
6710,01:51:50,Frazier,1,0.802142,"[0.611219, 0.571576, 0.0387372, 0.17451]",201316
6711,01:51:51,Frazier,1,0.880235,"[0.60152, 0.574532, 0.0489315, 0.163635]",201352
6712,01:51:52,Frazier,1,0.898309,"[0.595852, 0.574313, 0.0550175, 0.166348]",201389
6713,01:51:53,Frazier,1,0.913022,"[0.59369, 0.578834, 0.0581873, 0.156583]",201392
6714,01:51:54,Frazier,1,0.891665,"[0.590421, 0.581487, 0.0648884, 0.148602]",201446
6715,01:51:55,Frazier,1,0.891036,"[0.588007, 0.5782, 0.0683096, 0.154919]",201455
6716,01:51:56,Frazier,1,0.867972,"[0.58764, 0.572898, 0.0683112, 0.166167]",201509
6717,01:51:57,Frazier,1,0.9003,"[0.586993, 0.58311, 0.0679117, 0.147935]",201527
6718,01:51:58,Frazier,1,0.892907,"[0.594235, 0.567, 0.0576112, 0.178012]",201543
6719,01:51:59,Frazier,1,0.883204,"[0.592371, 0.566734, 0.0565479, 0.175487]",201589
6720,01:52:00,Frazier,1,0.853954,"[0.589649, 0.573093, 0.0612263, 0.169842]",201600
6721,01:52:01,Frazier,1,0.847533,"[0.60117, 0.572738, 0.0472813, 0.169616]",201636
6722,01:52:02,Frazier,1,0.858412,"[0.595808, 0.577839, 0.0507298, 0.163291]",201681
6723,01:52:03,Frazier,1,0.85242,"[0.596031, 0.575703, 0.0512274, 0.167255]",201695
6724,01:52:04,Frazier,1,0.862862,"[0.596145, 0.56886, 0.0479881, 0.180067]",201742
6725,01:52:05,Frazier,1,0.868852,"[0.592236, 0.573853, 0.0588642, 0.165254]",201752
6726,01:52:06,Frazier,1,0.865513,"[0.597991, 0.567513, 0.0472361, 0.180047]",201796
6727,01:52:07,Frazier,1,0.86843,"[0.596099, 0.566066, 0.048451, 0.18471]",201821
6728,01:52:08,Frazier,1,0.877007,"[0.609005, 0.560751, 0.0418369, 0.186308]",201845
6752,01:52:32,Forceps,2,0.821863,"[0.614267, 0.525065, 0.0398776, 0.258395]",202589
6753,01:52:33,Forceps,2,0.908453,"[0.586252, 0.530131, 0.0728324, 0.251868]",202610
6754,01:52:34,Forceps,2,0.913458,"[0.586532, 0.525608, 0.0736708, 0.256107]",202647
6755,01:52:35,Forceps,2,0.901793,"[0.590944, 0.525169, 0.0666599, 0.25706]",202650
6756,01:52:36,Forceps,2,0.907086,"[0.591136, 0.521633, 0.0662981, 0.264587]",202706
6757,01:52:37,Forceps,2,0.910558,"[0.590452, 0.524294, 0.0676813, 0.258508]",202714
6758,01:52:38,Forceps,2,0.872098,"[0.593662, 0.517537, 0.0621283, 0.275503]",202769
6759,01:52:39,Forceps,2,0.905527,"[0.589499, 0.515958, 0.0688173, 0.279847]",202778
6761,01:52:41,Forceps,2,0.706701,"[0.587521, 0.408879, 0.0770142, 0.411916]",202845
6762,01:52:42,Forceps,2,0.86765,"[0.561182, 0.468702, 0.116935, 0.35689]",202884
6763,01:52:43,Forceps,2,0.792222,"[0.585245, 0.48774, 0.0786699, 0.330208]",202907
6764,01:52:44,Forceps,2,0.815643,"[0.626527, 0.511331, 0.0408476, 0.28018]",202948
6765,01:52:45,Forceps,2,0.914593,"[0.588071, 0.529622, 0.0699692, 0.253183]",202977
6766,01:52:46,Forceps,2,0.911184,"[0.586727, 0.527979, 0.0711643, 0.256337]",202987
6767,01:52:47,Forceps,2,0.914773,"[0.587048, 0.533167, 0.070369, 0.24532]",203039
6768,01:52:48,Forceps,2,0.914513,"[0.587514, 0.532956, 0.0698949, 0.244165]",203043
6769,01:52:49,Forceps,2,0.891756,"[0.594601, 0.533464, 0.0588134, 0.240623]",203098
6770,01:52:50,Forceps,2,0.890906,"[0.596376, 0.536112, 0.0550523, 0.236081]",203119
6771,01:52:51,Forceps,2,0.890854,"[0.59142, 0.534479, 0.0635862, 0.238135]",203142
6772,01:52:52,Forceps,2,0.876023,"[0.599559, 0.534199, 0.054185, 0.241074]",203189
6773,01:52:53,Forceps,2,0.904665,"[0.592888, 0.538052, 0.063243, 0.235496]",203212
6774,01:52:54,Forceps,2,0.890235,"[0.59075, 0.541467, 0.0653723, 0.228952]",203221
6777,01:52:57,Forceps,2,0.875219,"[0.582446, 0.487603, 0.0760475, 0.328305]",203318
6778,01:52:58,Forceps,2,0.841741,"[0.596129, 0.519503, 0.0575052, 0.276519]",203369
6779,01:52:59,Forceps,2,0.922071,"[0.58892, 0.526726, 0.068041, 0.256261]",203395
6780,01:53:00,Forceps,2,0.915775,"[0.583075, 0.530477, 0.0776806, 0.246861]",203400
6781,01:53:01,Forceps,2,0.919401,"[0.565514, 0.558782, 0.103821, 0.196335]",203456
6782,01:53:02,Forceps,2,0.944341,"[0.56507, 0.589253, 0.0997675, 0.139815]",203482
6783,01:53:03,Forceps,2,0.907525,"[0.565482, 0.586408, 0.0971252, 0.143123]",203505
6784,01:53:04,Forceps,2,0.899012,"[0.563888, 0.574191, 0.105683, 0.168087]",203520
6785,01:53:05,Forceps,2,0.835378,"[0.570937, 0.564441, 0.0912909, 0.186364]",203579
6786,01:53:06,Forceps,2,0.861287,"[0.575299, 0.567445, 0.084078, 0.177649]",203596
6787,01:53:07,Forceps,2,0.846401,"[0.566759, 0.606657, 0.0908423, 0.105308]",203620
6788,01:53:08,Forceps,2,0.849839,"[0.552361, 0.588271, 0.121001, 0.139884]",203669
6789,01:53:09,Forceps,2,0.894993,"[0.557399, 0.576251, 0.114645, 0.163398]",203683
6790,01:53:10,Forceps,2,0.827809,"[0.596768, 0.542097, 0.0558952, 0.221951]",203718
6791,01:53:11,Forceps,2,0.803223,"[0.601504, 0.507836, 0.0557461, 0.290673]",203740
6792,01:53:12,Forceps,2,0.820609,"[0.609675, 0.518599, 0.0438282, 0.256377]",203775
6793,01:53:13,Forceps,2,0.83626,"[0.614232, 0.512515, 0.043073, 0.282803]",203797
6794,01:53:14,Forceps,2,0.844059,"[0.595251, 0.528271, 0.0598198, 0.257037]",203849
6795,01:53:15,Forceps,2,0.914897,"[0.588672, 0.53444, 0.0694607, 0.240732]",203867
6796,01:53:16,Forceps,2,0.913651,"[0.588756, 0.533716, 0.0693232, 0.242001]",203884
6797,01:53:17,Forceps,2,0.909597,"[0.581563, 0.539171, 0.0798766, 0.231375]",203915
6798,01:53:18,Forceps,2,0.902214,"[0.573056, 0.547044, 0.0877465, 0.21477]",203948
6799,01:53:19,Forceps,2,0.909274,"[0.566322, 0.539512, 0.0978475, 0.229671]",203970
6800,01:53:20,Forceps,2,0.778598,"[0.614555, 0.523447, 0.0397266, 0.254936]",204023
6801,01:53:21,Forceps,2,0.859942,"[0.598196, 0.512114, 0.0573506, 0.295259]",204033
6802,01:53:22,Forceps,2,0.737024,"[0.604252, 0.528108, 0.0489712, 0.258568]",204062
6803,01:53:23,Forceps,2,0.817339,"[0.578337, 0.441253, 0.0846361, 0.399689]",204102
6806,01:53:26,Frazier,1,0.802319,"[0.534463, 0.449602, 0.088822, 0.20202]",204190
6807,01:53:27,Frazier,1,0.816521,"[0.656432, 0.5563, 0.0563021, 0.198845]",204229
6808,01:53:28,Frazier,1,0.856397,"[0.602619, 0.567568, 0.0452787, 0.182115]",204269
6809,01:53:29,Frazier,1,0.874923,"[0.601866, 0.563978, 0.0495735, 0.190908]",204297
6810,01:53:30,Frazier,1,0.894095,"[0.600952, 0.564798, 0.0488213, 0.182557]",204307
6811,01:53:31,Frazier,1,0.9252,"[0.589654, 0.565083, 0.0593383, 0.178321]",204337
6812,01:53:32,Frazier,1,0.90729,"[0.577295, 0.591839, 0.0778896, 0.133156]",204364
6813,01:53:33,Frazier,1,0.923565,"[0.594029, 0.566644, 0.0522779, 0.174432]",204419
6814,01:53:34,Frazier,1,0.931869,"[0.592674, 0.562264, 0.0546306, 0.180946]",204430
6815,01:53:35,Frazier,1,0.803925,"[0.591169, 0.595266, 0.0602885, 0.122152]",204451
6824,01:53:44,Microdebrider,3,0.808914,"[0.587175, 0.51273, 0.0658586, 0.290742]",204749
6825,01:53:45,Microdebrider,3,0.923983,"[0.571788, 0.519769, 0.0846457, 0.273074]",204756
6826,01:53:46,Microdebrider,3,0.916133,"[0.564382, 0.550674, 0.0975167, 0.222476]",204781
6827,01:53:47,Microdebrider,3,0.92452,"[0.560357, 0.560021, 0.106197, 0.205418]",204836
6828,01:53:48,Microdebrider,3,0.919901,"[0.563565, 0.553732, 0.0990631, 0.215071]",204865
6829,01:53:49,Microdebrider,3,0.918306,"[0.56597, 0.548911, 0.0929783, 0.223414]",204879
6830,01:53:50,Microdebrider,3,0.915511,"[0.561763, 0.559835, 0.103069, 0.206416]",204909
6831,01:53:51,Microdebrider,3,0.918845,"[0.562104, 0.557798, 0.101745, 0.209251]",204939
6832,01:53:52,Microdebrider,3,0.920113,"[0.565674, 0.53246, 0.0927984, 0.251213]",204984
6833,01:53:53,Microdebrider,3,0.79791,"[0.564065, 0.49238, 0.0903222, 0.341415]",204990
6837,01:53:57,Microdebrider,3,0.926197,"[0.575932, 0.5256, 0.075349, 0.264793]",205125
6838,01:53:58,Microdebrider,3,0.927307,"[0.561574, 0.557555, 0.104485, 0.20536]",205164
6839,01:53:59,Microdebrider,3,0.929256,"[0.557197, 0.57453, 0.111396, 0.180454]",205197
6840,01:54:00,Microdebrider,3,0.922648,"[0.559554, 0.568765, 0.10835, 0.187806]",205221
6841,01:54:01,Microdebrider,3,0.922365,"[0.559362, 0.575532, 0.110075, 0.176829]",205258
6842,01:54:02,Microdebrider,3,0.925172,"[0.557875, 0.574395, 0.112029, 0.17804]",205262
6843,01:54:03,Microdebrider,3,0.924004,"[0.566398, 0.557619, 0.091312, 0.20944]",205296
6844,01:54:04,Microdebrider,3,0.923098,"[0.556198, 0.578108, 0.115128, 0.173536]",205330
6845,01:54:05,Microdebrider,3,0.923305,"[0.557453, 0.576831, 0.11134, 0.176985]",205377
6846,01:54:06,Microdebrider,3,0.927297,"[0.55736, 0.567719, 0.110298, 0.192584]",205403
6847,01:54:07,Microdebrider,3,0.923794,"[0.557545, 0.576977, 0.11159, 0.176148]",205419
6848,01:54:08,Microdebrider,3,0.918155,"[0.55477, 0.577359, 0.118481, 0.17239]",205461
6849,01:54:09,Microdebrider,3,0.891285,"[0.556333, 0.597675, 0.115141, 0.134318]",205498
6850,01:54:10,Microdebrider,3,0.915562,"[0.56265, 0.557337, 0.100941, 0.205858]",205526
6851,01:54:11,Microdebrider,3,0.913867,"[0.563007, 0.557818, 0.100556, 0.206653]",205530
6852,01:54:12,Microdebrider,3,0.923961,"[0.560794, 0.558432, 0.105947, 0.207906]",205582
6853,01:54:13,Microdebrider,3,0.925134,"[0.571391, 0.528911, 0.0849027, 0.259388]",205608
6854,01:54:14,Microdebrider,3,0.85058,"[0.577512, 0.536243, 0.0724318, 0.241319]",205620
6859,01:54:19,Frazier,1,0.802771,"[0.636325, 0.539413, 0.0407738, 0.237611]",205795
6860,01:54:20,Frazier,1,0.862823,"[0.634587, 0.552818, 0.0413517, 0.210362]",205818
6861,01:54:21,Frazier,1,0.869195,"[0.64056, 0.545385, 0.0535231, 0.232061]",205852
6862,01:54:22,Frazier,1,0.835675,"[0.6347, 0.549318, 0.0407099, 0.217284]",205870
6863,01:54:23,Frazier,1,0.853307,"[0.639928, 0.551214, 0.0557648, 0.217286]",205916
6864,01:54:24,Frazier,1,0.855874,"[0.599558, 0.567763, 0.0440541, 0.180788]",205945
6865,01:54:25,Frazier,1,0.88673,"[0.591749, 0.579033, 0.0533527, 0.15956]",205960
6866,01:54:26,Frazier,1,0.890652,"[0.576113, 0.596377, 0.0810977, 0.126098]",206000
6867,01:54:27,Frazier,1,0.894596,"[0.577026, 0.605401, 0.0818636, 0.113502]",206018
6868,01:54:28,Frazier,1,0.868758,"[0.582656, 0.605168, 0.0648146, 0.112984]",206043
6869,01:54:29,Frazier,1,0.894683,"[0.582898, 0.602221, 0.0617117, 0.12091]",206078
6870,01:54:30,Frazier,1,0.893472,"[0.592497, 0.578325, 0.0540471, 0.15174]",206119
6871,01:54:31,Frazier,1,0.9156,"[0.591796, 0.587156, 0.0549714, 0.144055]",206159
6872,01:54:32,Frazier,1,0.923031,"[0.592286, 0.58673, 0.0533016, 0.14562]",206162
6873,01:54:33,Frazier,1,0.844216,"[0.602599, 0.581857, 0.0400457, 0.158179]",206195
6880,01:54:40,Microdebrider,3,0.919343,"[0.571238, 0.534233, 0.0841232, 0.248575]",206425
6881,01:54:41,Microdebrider,3,0.923523,"[0.56263, 0.550027, 0.101967, 0.224912]",206439
6882,01:54:42,Microdebrider,3,0.917987,"[0.561723, 0.559925, 0.104659, 0.208202]",206471
6883,01:54:43,Microdebrider,3,0.917699,"[0.561911, 0.560274, 0.103989, 0.207414]",206514
6884,01:54:44,Microdebrider,3,0.918641,"[0.558128, 0.561426, 0.111467, 0.201862]",206546
6885,01:54:45,Microdebrider,3,0.93129,"[0.55641, 0.578855, 0.109921, 0.17164]",206579
6886,01:54:46,Microdebrider,3,0.933037,"[0.556742, 0.575032, 0.111389, 0.178113]",206580
6887,01:54:47,Microdebrider,3,0.916371,"[0.55893, 0.575253, 0.109783, 0.180665]",206627
6888,01:54:48,Microdebrider,3,0.924465,"[0.564038, 0.550499, 0.0967814, 0.22523]",206646
6894,01:54:54,Frazier,1,0.851695,"[0.634517, 0.565885, 0.0418907, 0.18086]",206848
6895,01:54:55,Frazier,1,0.874495,"[0.599268, 0.567047, 0.0482519, 0.18158]",206862
6896,01:54:56,Frazier,1,0.897078,"[0.578397, 0.59813, 0.0833996, 0.120557]",206903
6897,01:54:57,Frazier,1,0.886523,"[0.576582, 0.591629, 0.076679, 0.137142]",206934
6898,01:54:58,Frazier,1,0.931108,"[0.59509, 0.564251, 0.0505829, 0.176762]",206957
6905,01:55:05,Microdebrider,3,0.847904,"[0.584422, 0.480452, 0.0731384, 0.353561]",207154
6906,01:55:06,Microdebrider,3,0.929257,"[0.571164, 0.516625, 0.0845544, 0.287301]",207202
6907,01:55:07,Microdebrider,3,0.933772,"[0.569881, 0.51116, 0.0849781, 0.303178]",207214
6908,01:55:08,Microdebrider,3,0.897934,"[0.581678, 0.525665, 0.0737736, 0.263854]",207269
6909,01:55:09,Microdebrider,3,0.927394,"[0.574225, 0.534219, 0.0838257, 0.25188]",207282
6910,01:55:10,Microdebrider,3,0.927805,"[0.556872, 0.557345, 0.116404, 0.209114]",207309
6911,01:55:11,Microdebrider,3,0.922579,"[0.555386, 0.5692, 0.118574, 0.185926]",207344
6912,01:55:12,Microdebrider,3,0.919385,"[0.554734, 0.566867, 0.120207, 0.190295]",207363
6913,01:55:13,Microdebrider,3,0.918665,"[0.557462, 0.564917, 0.112535, 0.194351]",207419
6914,01:55:14,Microdebrider,3,0.938274,"[0.555845, 0.531514, 0.116202, 0.252463]",207440
6926,01:55:26,Forceps,2,0.910291,"[0.571704, 0.563887, 0.0898895, 0.185027]",207806
6927,01:55:27,Forceps,2,0.912095,"[0.563898, 0.588906, 0.0981895, 0.138411]",207825
6928,01:55:28,Forceps,2,0.863412,"[0.560278, 0.606559, 0.104654, 0.11203]",207844
6929,01:55:29,Forceps,2,0.870635,"[0.564099, 0.607895, 0.0977203, 0.106364]",207898
6930,01:55:30,Forceps,2,0.912557,"[0.55971, 0.593212, 0.110852, 0.131742]",207929
6931,01:55:31,Forceps,2,0.905166,"[0.561665, 0.594762, 0.106933, 0.128189]",207930
6932,01:55:32,Forceps,2,0.88021,"[0.561623, 0.616399, 0.100283, 0.0920464]",207969
6933,01:55:33,Forceps,2,0.888383,"[0.563124, 0.611069, 0.102786, 0.100799]",208006
6934,01:55:34,Forceps,2,0.890232,"[0.558866, 0.59558, 0.109907, 0.129988]",208041
6935,01:55:35,Forceps,2,0.922788,"[0.561057, 0.594107, 0.109719, 0.132245]",208074
6936,01:55:36,Forceps,2,0.899987,"[0.559419, 0.597831, 0.111291, 0.123887]",208081
6937,01:55:37,Forceps,2,0.885527,"[0.56037, 0.601424, 0.105359, 0.118427]",208111
6938,01:55:38,Forceps,2,0.90157,"[0.560383, 0.609071, 0.111171, 0.101541]",208150
6939,01:55:39,Forceps,2,0.908576,"[0.561659, 0.612519, 0.110948, 0.0980821]",208191
6940,01:55:40,Forceps,2,0.922326,"[0.561728, 0.61137, 0.110599, 0.0973614]",208205
6941,01:55:41,Forceps,2,0.92276,"[0.561808, 0.612449, 0.109239, 0.0956882]",208256
6942,01:55:42,Forceps,2,0.908733,"[0.561038, 0.608781, 0.110037, 0.100426]",208262
6943,01:55:43,Forceps,2,0.9142,"[0.562037, 0.611087, 0.107673, 0.0979942]",208311
6944,01:55:44,Forceps,2,0.886651,"[0.55761, 0.601913, 0.111118, 0.10931]",208326
6945,01:55:45,Forceps,2,0.924625,"[0.562467, 0.612422, 0.109397, 0.0957321]",208372
6946,01:55:46,Forceps,2,0.906279,"[0.561602, 0.612666, 0.11134, 0.0974086]",208392
6947,01:55:47,Forceps,2,0.927324,"[0.56408, 0.613035, 0.107262, 0.0961977]",208439
6948,01:55:48,Forceps,2,0.934221,"[0.56157, 0.611614, 0.111366, 0.0980566]",208466
6949,01:55:49,Forceps,2,0.936658,"[0.563472, 0.612746, 0.108087, 0.0966445]",208472
6950,01:55:50,Forceps,2,0.913494,"[0.561598, 0.610905, 0.108484, 0.0999014]",208518
6951,01:55:51,Forceps,2,0.916838,"[0.568282, 0.587152, 0.0931305, 0.141634]",208543
6952,01:55:52,Forceps,2,0.875506,"[0.550535, 0.563679, 0.125994, 0.185985]",208562
6956,01:55:56,Frazier,1,0.805839,"[0.558382, 0.448202, 0.0842118, 0.196384]",208696
6957,01:55:57,Frazier,1,0.815866,"[0.649922, 0.54215, 0.0423372, 0.234375]",208738
6958,01:55:58,Frazier,1,0.852223,"[0.649309, 0.549499, 0.0444855, 0.210178]",208741
6959,01:55:59,Frazier,1,0.892313,"[0.594344, 0.565826, 0.0502973, 0.175075]",208798
6960,01:56:00,Frazier,1,0.908881,"[0.593327, 0.565309, 0.0491517, 0.177158]",208801
6961,01:56:01,Frazier,1,0.798047,"[0.611084, 0.530948, 0.0389585, 0.257298]",208835
6962,01:56:02,Frazier,1,0.841268,"[0.645736, 0.557884, 0.05084, 0.199503]",208885
6963,01:56:03,Frazier,1,0.885619,"[0.590172, 0.566071, 0.0587115, 0.183185]",208899
6964,01:56:04,Frazier,1,0.897292,"[0.578692, 0.589434, 0.0766809, 0.139615]",208920
6965,01:56:05,Frazier,1,0.893143,"[0.577492, 0.597312, 0.080064, 0.1231]",208953
6966,01:56:06,Frazier,1,0.888051,"[0.580103, 0.598747, 0.0791708, 0.121203]",208980
6967,01:56:07,Frazier,1,0.888998,"[0.577024, 0.590504, 0.0751963, 0.141678]",209029
6968,01:56:08,Frazier,1,0.896738,"[0.591609, 0.58854, 0.0559045, 0.139886]",209066
6969,01:56:09,Frazier,1,0.903987,"[0.594141, 0.577346, 0.0543104, 0.153418]",209077
6970,01:56:10,Frazier,1,0.77525,"[0.586867, 0.628068, 0.0663508, 0.0705496]",209105
6971,01:56:11,Frazier,1,0.735943,"[0.579779, 0.608987, 0.0827337, 0.0965091]",209130
6972,01:56:12,Frazier,1,0.71953,"[0.578788, 0.612214, 0.0825771, 0.0944806]",209167
6984,01:56:24,Forceps,2,0.923915,"[0.566975, 0.566406, 0.0953495, 0.182928]",209542
6985,01:56:25,Forceps,2,0.915867,"[0.565013, 0.587754, 0.0970657, 0.145878]",209551
6986,01:56:26,Forceps,2,0.881625,"[0.560397, 0.599228, 0.108908, 0.127474]",209599
6987,01:56:27,Forceps,2,0.893363,"[0.560758, 0.606287, 0.106228, 0.116281]",209639
6988,01:56:28,Forceps,2,0.903921,"[0.560591, 0.605797, 0.104669, 0.115392]",209642
6989,01:56:29,Forceps,2,0.907083,"[0.558116, 0.614602, 0.105116, 0.101961]",209680
6990,01:56:30,Forceps,2,0.920888,"[0.557607, 0.613634, 0.10159, 0.102075]",209726
6991,01:56:31,Forceps,2,0.908598,"[0.558525, 0.613116, 0.103685, 0.102799]",209732
6992,01:56:32,Forceps,2,0.899038,"[0.55825, 0.602315, 0.102865, 0.122309]",209760
6993,01:56:33,Forceps,2,0.910693,"[0.561453, 0.602004, 0.103433, 0.118849]",209794
6994,01:56:34,Forceps,2,0.897211,"[0.560191, 0.60633, 0.104221, 0.110863]",209844
6995,01:56:35,Forceps,2,0.919124,"[0.558661, 0.609972, 0.10175, 0.109727]",209879
6996,01:56:36,Forceps,2,0.920718,"[0.558571, 0.610113, 0.103023, 0.109628]",209884
6997,01:56:37,Forceps,2,0.900581,"[0.556819, 0.600756, 0.10525, 0.121819]",209912
6998,01:56:38,Forceps,2,0.910105,"[0.566565, 0.607346, 0.0958248, 0.10992]",209948
6999,01:56:39,Forceps,2,0.911808,"[0.560169, 0.597672, 0.107186, 0.12804]",209983
7000,01:56:40,Forceps,2,0.905179,"[0.560604, 0.609367, 0.0962652, 0.111045]",210005
7001,01:56:41,Forceps,2,0.900777,"[0.561374, 0.602615, 0.0989877, 0.119794]",210051
7002,01:56:42,Forceps,2,0.897054,"[0.55971, 0.615513, 0.0995561, 0.100667]",210089
7003,01:56:43,Forceps,2,0.922847,"[0.560243, 0.609477, 0.102789, 0.107852]",210097
7004,01:56:44,Forceps,2,0.927983,"[0.568078, 0.587405, 0.0922291, 0.14428]",210137
7005,01:56:45,Forceps,2,0.922909,"[0.568238, 0.583628, 0.0908922, 0.152002]",210153
7006,01:56:46,Forceps,2,0.907338,"[0.568694, 0.57631, 0.0905816, 0.167105]",210200
7007,01:56:47,Forceps,2,0.907928,"[0.566402, 0.574153, 0.0947613, 0.169013]",210210
7008,01:56:48,Forceps,2,0.887893,"[0.556927, 0.494873, 0.116483, 0.283712]",210244
7013,01:56:53,Frazier,1,0.812619,"[0.602307, 0.51877, 0.0429335, 0.272865]",210411
7014,01:56:54,Frazier,1,0.896333,"[0.655397, 0.55195, 0.0546789, 0.202687]",210432
7015,01:56:55,Frazier,1,0.88441,"[0.596593, 0.559998, 0.0488213, 0.188799]",210463
7016,01:56:56,Frazier,1,0.904292,"[0.575446, 0.596628, 0.0774436, 0.127115]",210487
7017,01:56:57,Frazier,1,0.890503,"[0.572673, 0.613127, 0.0807731, 0.100539]",210520
7018,01:56:58,Frazier,1,0.884774,"[0.600351, 0.569172, 0.046393, 0.175393]",210543
7028,01:57:08,Frazier,1,0.841943,"[0.609391, 0.554474, 0.0420208, 0.197515]",210868
7029,01:57:09,Frazier,1,0.92249,"[0.59402, 0.564919, 0.0580284, 0.180158]",210880
7030,01:57:10,Frazier,1,0.893906,"[0.580614, 0.594922, 0.0737993, 0.129367]",210921
7031,01:57:11,Frazier,1,0.897699,"[0.578698, 0.595034, 0.0794085, 0.127678]",210949
7032,01:57:12,Frazier,1,0.920999,"[0.592841, 0.566661, 0.0553637, 0.175894]",210983
7033,01:57:13,Frazier,1,0.917121,"[0.598978, 0.583914, 0.0463467, 0.141595]",210992
7065,01:57:45,Frazier,1,0.783364,"[0.613161, 0.51741, 0.0375918, 0.276031]",211973
7066,01:57:46,Frazier,1,0.884811,"[0.656869, 0.550496, 0.0483971, 0.207694]",212008
7067,01:57:47,Frazier,1,0.89317,"[0.6641, 0.568698, 0.0520475, 0.174778]",212023
7068,01:57:48,Frazier,1,0.85009,"[0.650743, 0.58573, 0.0383894, 0.151213]",212051
7069,01:57:49,Frazier,1,0.787158,"[0.624075, 0.577892, 0.0371262, 0.158915]",212096
7070,01:57:50,Frazier,1,0.829729,"[0.608269, 0.579104, 0.0437231, 0.155291]",212129
7071,01:57:51,Frazier,1,0.886505,"[0.603071, 0.577332, 0.0454735, 0.159447]",212158
7072,01:57:52,Frazier,1,0.87123,"[0.602923, 0.569216, 0.047186, 0.179316]",212160
7073,01:57:53,Frazier,1,0.771309,"[0.629256, 0.578438, 0.0387282, 0.165886]",212200
7074,01:57:54,Frazier,1,0.810078,"[0.619277, 0.576595, 0.0392429, 0.160544]",212244
7075,01:57:55,Frazier,1,0.859598,"[0.611279, 0.56933, 0.0407236, 0.178523]",212260
7076,01:57:56,Frazier,1,0.877097,"[0.601076, 0.580574, 0.0470671, 0.156426]",212286
7077,01:57:57,Frazier,1,0.843971,"[0.612438, 0.564106, 0.0379767, 0.186158]",212320
7078,01:57:58,Frazier,1,0.843806,"[0.609504, 0.569739, 0.0418144, 0.18005]",212358
7079,01:57:59,Frazier,1,0.887067,"[0.601705, 0.570358, 0.0422997, 0.181347]",212392
7080,01:58:00,Frazier,1,0.817744,"[0.611161, 0.563159, 0.0381601, 0.184887]",212402
7081,01:58:01,Frazier,1,0.856235,"[0.620785, 0.573669, 0.0436411, 0.159144]",212447
7082,01:58:02,Frazier,1,0.833374,"[0.622263, 0.567336, 0.0342776, 0.176476]",212461
7083,01:58:03,Frazier,1,0.807472,"[0.595723, 0.563043, 0.0503163, 0.193257]",212519
7084,01:58:04,Frazier,1,0.848043,"[0.595761, 0.565853, 0.0479939, 0.189638]",212529
7085,01:58:05,Frazier,1,0.80338,"[0.586609, 0.568851, 0.0577826, 0.183631]",212556
7086,01:58:06,Frazier,1,0.854384,"[0.597689, 0.564731, 0.0460709, 0.191703]",212596
7087,01:58:07,Frazier,1,0.779321,"[0.59917, 0.565848, 0.0443488, 0.183794]",212611
7088,01:58:08,Frazier,1,0.757169,"[0.637576, 0.551003, 0.0469432, 0.205235]",212657
7106,01:58:26,Frazier,1,0.913552,"[0.570311, 0.484636, 0.0734736, 0.25963]",213205
7107,01:58:27,Frazier,1,0.856469,"[0.590482, 0.516523, 0.0568762, 0.278648]",213212
7108,01:58:28,Frazier,1,0.819364,"[0.626924, 0.546585, 0.0438629, 0.233211]",213267
7109,01:58:29,Frazier,1,0.906881,"[0.599889, 0.544842, 0.0486132, 0.226633]",213296
7110,01:58:30,Frazier,1,0.913795,"[0.589154, 0.558804, 0.0632626, 0.201729]",213321
7111,01:58:31,Frazier,1,0.893327,"[0.589086, 0.558705, 0.0621429, 0.199719]",213359
7112,01:58:32,Frazier,1,0.898965,"[0.58876, 0.560802, 0.0639483, 0.19733]",213386
7113,01:58:33,Frazier,1,0.910534,"[0.586404, 0.56402, 0.0670099, 0.188609]",213417
7114,01:58:34,Frazier,1,0.914418,"[0.586733, 0.564826, 0.0664979, 0.187723]",213423
7115,01:58:35,Frazier,1,0.913954,"[0.581487, 0.578982, 0.076434, 0.166055]",213478
7116,01:58:36,Frazier,1,0.906242,"[0.584198, 0.578166, 0.0733299, 0.166593]",213496
7117,01:58:37,Frazier,1,0.923609,"[0.596414, 0.566072, 0.0518387, 0.187049]",213513
7118,01:58:38,Frazier,1,0.914241,"[0.585433, 0.577549, 0.070702, 0.168597]",213559
7119,01:58:39,Frazier,1,0.916858,"[0.581412, 0.586931, 0.0773986, 0.150321]",213575
7120,01:58:40,Frazier,1,0.930137,"[0.57838, 0.594818, 0.0785224, 0.137009]",213629
7121,01:58:41,Frazier,1,0.9292,"[0.578492, 0.594503, 0.079269, 0.136919]",213631
7122,01:58:42,Frazier,1,0.926814,"[0.578417, 0.594871, 0.0787141, 0.136756]",213672
7123,01:58:43,Frazier,1,0.911292,"[0.581435, 0.586865, 0.0765763, 0.151499]",213711
7124,01:58:44,Frazier,1,0.926257,"[0.577639, 0.596121, 0.0801408, 0.134841]",213736
7125,01:58:45,Frazier,1,0.916388,"[0.577005, 0.599625, 0.0812353, 0.129432]",213754
7126,01:58:46,Frazier,1,0.912998,"[0.576943, 0.595478, 0.0783567, 0.137536]",213804
7127,01:58:47,Frazier,1,0.912765,"[0.577605, 0.596727, 0.0785992, 0.136202]",213836
7128,01:58:48,Frazier,1,0.917927,"[0.580984, 0.593531, 0.0752385, 0.143823]",213857
7129,01:58:49,Frazier,1,0.926372,"[0.578316, 0.600596, 0.0805651, 0.124322]",213893
7130,01:58:50,Frazier,1,0.925612,"[0.577743, 0.600644, 0.0809546, 0.123305]",213907
7131,01:58:51,Frazier,1,0.925654,"[0.584501, 0.582299, 0.0738178, 0.158795]",213959
7132,01:58:52,Frazier,1,0.934752,"[0.583488, 0.587405, 0.0757473, 0.150557]",213976
7133,01:58:53,Frazier,1,0.913382,"[0.576383, 0.59943, 0.0843245, 0.126226]",214013
7134,01:58:54,Frazier,1,0.918011,"[0.58603, 0.580418, 0.0687771, 0.160655]",214049
7135,01:58:55,Frazier,1,0.920983,"[0.593293, 0.566375, 0.0557194, 0.186634]",214076
7136,01:58:56,Frazier,1,0.92178,"[0.600735, 0.577294, 0.0487541, 0.157602]",214105
7142,01:59:02,Microdebrider,3,0.894039,"[0.592099, 0.495451, 0.066197, 0.32561]",214289
7143,01:59:03,Microdebrider,3,0.937632,"[0.579683, 0.502418, 0.0796098, 0.313241]",214296
7144,01:59:04,Microdebrider,3,0.92047,"[0.574429, 0.535129, 0.0876518, 0.248839]",214342
7145,01:59:05,Microdebrider,3,0.923411,"[0.57233, 0.533185, 0.0917283, 0.254532]",214376
7146,01:59:06,Microdebrider,3,0.924443,"[0.573632, 0.530999, 0.0917934, 0.258111]",214407
7147,01:59:07,Microdebrider,3,0.926662,"[0.573445, 0.532168, 0.0919163, 0.253696]",214434
7148,01:59:08,Microdebrider,3,0.921078,"[0.571973, 0.539457, 0.0936853, 0.24152]",214452
7149,01:59:09,Microdebrider,3,0.918392,"[0.570422, 0.533624, 0.0945181, 0.252984]",214470
7150,01:59:10,Microdebrider,3,0.867938,"[0.573908, 0.510541, 0.0922657, 0.288916]",214500
7153,01:59:13,Frazier,1,0.824161,"[0.63049, 0.540974, 0.0374532, 0.246183]",214616
7154,01:59:14,Frazier,1,0.861701,"[0.610986, 0.552448, 0.0397953, 0.215752]",214648
7155,01:59:15,Frazier,1,0.862033,"[0.609621, 0.553595, 0.0399636, 0.215034]",214650
7156,01:59:16,Frazier,1,0.901005,"[0.596959, 0.567613, 0.0545013, 0.183786]",214709
7157,01:59:17,Frazier,1,0.939585,"[0.594621, 0.569412, 0.0585546, 0.17663]",214727
7158,01:59:18,Frazier,1,0.904455,"[0.591169, 0.571643, 0.0625877, 0.17223]",214768
7159,01:59:19,Frazier,1,0.918182,"[0.591391, 0.575304, 0.0614193, 0.16333]",214786
7160,01:59:20,Frazier,1,0.924083,"[0.592401, 0.577521, 0.0597762, 0.159014]",214811
7161,01:59:21,Frazier,1,0.92551,"[0.593655, 0.584445, 0.0612326, 0.151135]",214839
7162,01:59:22,Frazier,1,0.927067,"[0.59305, 0.587416, 0.0619385, 0.144617]",214888
7163,01:59:23,Frazier,1,0.914896,"[0.592065, 0.590027, 0.0635426, 0.141341]",214890
7164,01:59:24,Frazier,1,0.916139,"[0.592469, 0.589882, 0.0623922, 0.140309]",214935
7165,01:59:25,Frazier,1,0.898503,"[0.597657, 0.57781, 0.0522549, 0.158848]",214950
7166,01:59:26,Frazier,1,0.858079,"[0.607391, 0.569232, 0.0410393, 0.170341]",214990
7172,01:59:32,Forceps,2,0.853702,"[0.586636, 0.493312, 0.0814846, 0.318982]",215168
7173,01:59:33,Forceps,2,0.912712,"[0.570054, 0.54585, 0.10437, 0.216721]",215219
7174,01:59:34,Forceps,2,0.932584,"[0.563198, 0.551725, 0.118934, 0.208597]",215230
7175,01:59:35,Forceps,2,0.91744,"[0.556819, 0.570174, 0.127341, 0.172675]",215250
7176,01:59:36,Forceps,2,0.915569,"[0.556219, 0.574757, 0.121869, 0.166959]",215300
7177,01:59:37,Forceps,2,0.909837,"[0.552209, 0.596321, 0.129927, 0.122204]",215326
7178,01:59:38,Forceps,2,0.921585,"[0.556162, 0.572714, 0.126713, 0.170825]",215365
7179,01:59:39,Forceps,2,0.909521,"[0.554198, 0.590853, 0.12702, 0.136813]",215378
7180,01:59:40,Forceps,2,0.923121,"[0.560352, 0.575269, 0.115567, 0.175024]",215425
7181,01:59:41,Forceps,2,0.920708,"[0.555647, 0.574465, 0.125133, 0.172464]",215436
7182,01:59:42,Forceps,2,0.913481,"[0.561966, 0.585602, 0.118109, 0.145615]",215461
7183,01:59:43,Forceps,2,0.907393,"[0.567813, 0.568587, 0.104202, 0.163562]",215512
7184,01:59:44,Forceps,2,0.930925,"[0.569013, 0.571919, 0.104122, 0.165199]",215540
7185,01:59:45,Forceps,2,0.929944,"[0.562876, 0.572151, 0.114891, 0.168754]",215578
7186,01:59:46,Forceps,2,0.912633,"[0.566055, 0.564805, 0.10676, 0.176775]",215605
7187,01:59:47,Forceps,2,0.900319,"[0.565838, 0.554477, 0.106484, 0.19779]",215610
