second,timestamp_hhmmss,label,class,confidence,bbox,frame
1,00:00:01,Freer,4,0.89882,"[0.590764, 0.458378, 0.140308, 0.178769]",58
2,00:00:02,Freer,4,0.975249,"[0.605922, 0.447808, 0.0931114, 0.218095]",69
3,00:00:03,Freer,4,0.97851,"[0.59532, 0.456171, 0.111308, 0.207844]",116
4,00:00:04,Freer,4,0.93053,"[0.62221, 0.459274, 0.0553548, 0.183823]",141
5,00:00:05,Freer,4,0.939191,"[0.600132, 0.439159, 0.096113, 0.214876]",167
6,00:00:06,Freer,4,0.948847,"[0.61403, 0.425124, 0.0730246, 0.234311]",189
7,00:00:07,Freer,4,0.95918,"[0.599984, 0.422352, 0.105368, 0.241932]",233
8,00:00:08,Freer,4,0.965089,"[0.592368, 0.452917, 0.111199, 0.193287]",261
10,00:00:10,Freer,4,0.949514,"[0.582178, 0.450153, 0.122547, 0.215192]",303
11,00:00:11,Freer,4,0.959313,"[0.591296, 0.455476, 0.125005, 0.18759]",359
12,00:00:12,Freer,4,0.963053,"[0.591045, 0.455637, 0.124542, 0.187324]",360
13,00:00:13,Freer,4,0.933548,"[0.627246, 0.455681, 0.0487606, 0.170848]",417
14,00:00:14,Freer,4,0.900782,"[0.629046, 0.454073, 0.0481255, 0.172405]",420
15,00:00:15,Freer,4,0.931852,"[0.628757, 0.453154, 0.048893, 0.170445]",465
16,00:00:16,Freer,4,0.946942,"[0.598858, 0.441324, 0.0967164, 0.214752]",505
17,00:00:17,Freer,4,0.95025,"[0.592158, 0.446853, 0.106164, 0.192904]",513
18,00:00:18,Freer,4,0.929661,"[0.616678, 0.441082, 0.0647827, 0.207217]",545
19,00:00:19,Freer,4,0.929094,"[0.619269, 0.43878, 0.0618065, 0.219293]",584
20,00:00:20,Freer,4,0.906712,"[0.618205, 0.452819, 0.0645379, 0.205375]",600
21,00:00:21,Freer,4,0.947535,"[0.601632, 0.46684, 0.104107, 0.193815]",641
22,00:00:22,Freer,4,0.913898,"[0.597316, 0.473357, 0.108742, 0.190216]",685
23,00:00:23,Freer,4,0.947256,"[0.605849, 0.467296, 0.0972826, 0.205046]",712
24,00:00:24,Freer,4,0.947048,"[0.602446, 0.468019, 0.102501, 0.204337]",720
25,00:00:25,Freer,4,0.917114,"[0.632709, 0.482809, 0.0492781, 0.174068]",765
26,00:00:26,Freer,4,0.828697,"[0.615444, 0.443559, 0.0732465, 0.252358]",792
27,00:00:27,Freer,4,0.831523,"[0.615134, 0.448938, 0.0753569, 0.254371]",832
28,00:00:28,Freer,4,0.808977,"[0.630824, 0.489249, 0.0513517, 0.179171]",852
29,00:00:29,Freer,4,0.953739,"[0.612451, 0.461045, 0.0870977, 0.223323]",887
32,00:00:32,Frazier,1,0.873118,"[0.584053, 0.487112, 0.114541, 0.152697]",987
33,00:00:33,Frazier,1,0.864732,"[0.590664, 0.468636, 0.108038, 0.184522]",1012
34,00:00:34,Frazier,1,0.86912,"[0.586644, 0.472156, 0.117783, 0.184737]",1022
35,00:00:35,Frazier,1,0.897928,"[0.601187, 0.489181, 0.088221, 0.192181]",1076
36,00:00:36,Frazier,1,0.880103,"[0.609689, 0.46246, 0.0685349, 0.250374]",1084
37,00:00:37,Frazier,1,0.882152,"[0.605899, 0.495926, 0.0892927, 0.18295]",1124
38,00:00:38,Frazier,1,0.932148,"[0.603033, 0.472111, 0.0822887, 0.224027]",1158
39,00:00:39,Frazier,1,0.916624,"[0.618407, 0.48966, 0.0689454, 0.181589]",1199
40,00:00:40,Frazier,1,0.917868,"[0.619469, 0.492038, 0.0666262, 0.17685]",1204
41,00:00:41,Frazier,1,0.927597,"[0.616473, 0.502078, 0.0808458, 0.158435]",1258
42,00:00:42,Frazier,1,0.93026,"[0.622194, 0.493279, 0.0680681, 0.173285]",1267
43,00:00:43,Frazier,1,0.929973,"[0.620631, 0.485463, 0.0710084, 0.190408]",1308
44,00:00:44,Frazier,1,0.891418,"[0.621767, 0.473699, 0.0675082, 0.213088]",1347
45,00:00:45,Frazier,1,0.860046,"[0.627807, 0.477875, 0.0505739, 0.20553]",1351
48,00:00:48,Freer,4,0.978745,"[0.617875, 0.502357, 0.0728531, 0.154848]",1457
49,00:00:49,Freer,4,0.964571,"[0.622801, 0.488434, 0.0649398, 0.17724]",1470
50,00:00:50,Freer,4,0.93078,"[0.647344, 0.488047, 0.032331, 0.182893]",1511
51,00:00:51,Freer,4,0.941855,"[0.648759, 0.488187, 0.0337957, 0.183475]",1557
52,00:00:52,Freer,4,0.961941,"[0.647219, 0.489071, 0.0312313, 0.186237]",1578
53,00:00:53,Freer,4,0.949066,"[0.630536, 0.492136, 0.0465022, 0.176405]",1613
54,00:00:54,Freer,4,0.971772,"[0.628853, 0.492571, 0.046151, 0.178753]",1627
55,00:00:55,Freer,4,0.973143,"[0.628566, 0.493149, 0.0453543, 0.177527]",1656
56,00:00:56,Freer,4,0.961223,"[0.632186, 0.494894, 0.0412348, 0.175797]",1709
57,00:00:57,Freer,4,0.972115,"[0.630422, 0.49364, 0.0446579, 0.17827]",1712
58,00:00:58,Freer,4,0.96583,"[0.628755, 0.492797, 0.0456224, 0.176072]",1748
59,00:00:59,Freer,4,0.779238,"[0.639646, 0.494827, 0.0438217, 0.173093]",1799
60,00:01:00,Freer,4,0.931515,"[0.629537, 0.491722, 0.0460707, 0.179127]",1826
61,00:01:01,Freer,4,0.958898,"[0.629779, 0.493577, 0.0449659, 0.178212]",1854
62,00:01:02,Freer,4,0.964465,"[0.632203, 0.498605, 0.0482316, 0.160943]",1883
63,00:01:03,Freer,4,0.954655,"[0.637024, 0.501068, 0.0344897, 0.173825]",1917
64,00:01:04,Freer,4,0.952272,"[0.630673, 0.487753, 0.0440027, 0.174814]",1929
67,00:01:07,Frazier,1,0.820345,"[0.571929, 0.485555, 0.121739, 0.169725]",2037
68,00:01:08,Frazier,1,0.883791,"[0.599318, 0.482021, 0.088744, 0.201869]",2067
69,00:01:09,Frazier,1,0.890512,"[0.61021, 0.464542, 0.0748832, 0.242425]",2075
70,00:01:10,Frazier,1,0.904663,"[0.598757, 0.489387, 0.0927575, 0.194179]",2126
71,00:01:11,Frazier,1,0.895284,"[0.596368, 0.504655, 0.0830253, 0.163074]",2142
72,00:01:12,Frazier,1,0.911302,"[0.602585, 0.503254, 0.0911888, 0.164799]",2188
73,00:01:13,Frazier,1,0.913818,"[0.602297, 0.503472, 0.0915658, 0.166205]",2191
74,00:01:14,Frazier,1,0.882145,"[0.60274, 0.503708, 0.0909206, 0.167402]",2233
75,00:01:15,Frazier,1,0.928964,"[0.60159, 0.500504, 0.090102, 0.171884]",2267
76,00:01:16,Frazier,1,0.920919,"[0.602097, 0.500976, 0.0928196, 0.172034]",2280
77,00:01:17,Frazier,1,0.885999,"[0.604416, 0.495877, 0.0939079, 0.181467]",2335
78,00:01:18,Frazier,1,0.907584,"[0.600473, 0.503435, 0.0961268, 0.166664]",2345
79,00:01:19,Frazier,1,0.91103,"[0.600415, 0.501454, 0.0951923, 0.172068]",2374
80,00:01:20,Frazier,1,0.930455,"[0.614427, 0.500265, 0.0802147, 0.17338]",2426
81,00:01:21,Frazier,1,0.939948,"[0.613338, 0.496859, 0.0817459, 0.180282]",2453
82,00:01:22,Frazier,1,0.935511,"[0.602254, 0.507765, 0.0959592, 0.157959]",2468
83,00:01:23,Frazier,1,0.863913,"[0.58815, 0.527178, 0.108202, 0.117956]",2517
84,00:01:24,Frazier,1,0.867499,"[0.58896, 0.532003, 0.106494, 0.112821]",2524
85,00:01:25,Frazier,1,0.908796,"[0.591148, 0.523458, 0.107999, 0.126733]",2574
86,00:01:26,Frazier,1,0.930022,"[0.600099, 0.513631, 0.099917, 0.142235]",2599
87,00:01:27,Frazier,1,0.950964,"[0.603215, 0.505382, 0.0983156, 0.162702]",2623
88,00:01:28,Frazier,1,0.92744,"[0.610742, 0.500758, 0.084651, 0.172901]",2667
89,00:01:29,Frazier,1,0.936452,"[0.612779, 0.505874, 0.0770371, 0.160536]",2690
90,00:01:30,Frazier,1,0.946183,"[0.611986, 0.504595, 0.083046, 0.161547]",2715
91,00:01:31,Frazier,1,0.943108,"[0.618947, 0.501153, 0.0720514, 0.161529]",2758
92,00:01:32,Frazier,1,0.946884,"[0.621056, 0.501712, 0.0663666, 0.157193]",2789
93,00:01:33,Frazier,1,0.949975,"[0.619177, 0.501646, 0.0692261, 0.158413]",2790
94,00:01:34,Frazier,1,0.944609,"[0.622039, 0.51226, 0.0692261, 0.136623]",2833
95,00:01:35,Frazier,1,0.937054,"[0.616681, 0.502611, 0.0756395, 0.154222]",2852
96,00:01:36,Frazier,1,0.913782,"[0.609648, 0.505296, 0.0891544, 0.152036]",2895
97,00:01:37,Frazier,1,0.922583,"[0.603135, 0.514673, 0.0986321, 0.140687]",2919
98,00:01:38,Frazier,1,0.900777,"[0.599054, 0.509604, 0.102741, 0.153696]",2941
99,00:01:39,Frazier,1,0.900145,"[0.597709, 0.512053, 0.102615, 0.151108]",2999
100,00:01:40,Frazier,1,0.900321,"[0.597708, 0.512069, 0.102201, 0.152349]",3002
101,00:01:41,Frazier,1,0.904295,"[0.599102, 0.513069, 0.100656, 0.146164]",3048
102,00:01:42,Frazier,1,0.892997,"[0.58603, 0.505607, 0.106898, 0.154289]",3061
105,00:01:45,Forceps,2,0.929821,"[0.618101, 0.506993, 0.0763682, 0.144756]",3179
106,00:01:46,Forceps,2,0.941409,"[0.618949, 0.504775, 0.077437, 0.143215]",3181
107,00:01:47,Forceps,2,0.869689,"[0.611439, 0.521089, 0.0969477, 0.108976]",3233
108,00:01:48,Forceps,2,0.88093,"[0.611823, 0.528761, 0.0933449, 0.0973824]",3248
109,00:01:49,Forceps,2,0.882866,"[0.606302, 0.508065, 0.101215, 0.128664]",3293
110,00:01:50,Forceps,2,0.863934,"[0.610194, 0.518984, 0.0952063, 0.112094]",3321
111,00:01:51,Forceps,2,0.918167,"[0.617821, 0.526893, 0.0833298, 0.0938319]",3348
112,00:01:52,Forceps,2,0.906562,"[0.609999, 0.506973, 0.0909057, 0.141901]",3361
114,00:01:54,Frazier,1,0.86978,"[0.590803, 0.491075, 0.0922825, 0.131021]",3447
115,00:01:55,Frazier,1,0.921997,"[0.604807, 0.503187, 0.0868492, 0.150235]",3465
116,00:01:56,Frazier,1,0.870921,"[0.614557, 0.472369, 0.0828991, 0.207987]",3509
117,00:01:57,Frazier,1,0.891799,"[0.607843, 0.501695, 0.0939764, 0.150228]",3537
118,00:01:58,Frazier,1,0.887463,"[0.609578, 0.500503, 0.091658, 0.153151]",3542
119,00:01:59,Frazier,1,0.888699,"[0.605872, 0.508749, 0.088976, 0.144684]",3594
120,00:02:00,Frazier,1,0.903781,"[0.609798, 0.510664, 0.0841924, 0.142701]",3626
121,00:02:01,Frazier,1,0.908108,"[0.605248, 0.530512, 0.0906306, 0.108594]",3636
122,00:02:02,Frazier,1,0.934316,"[0.61187, 0.480614, 0.0857063, 0.19927]",3671
123,00:02:03,Frazier,1,0.899647,"[0.61154, 0.484552, 0.0918226, 0.193468]",3690
124,00:02:04,Frazier,1,0.94352,"[0.618991, 0.483476, 0.0754381, 0.194262]",3743
125,00:02:05,Frazier,1,0.923919,"[0.612739, 0.481941, 0.0857056, 0.202154]",3778
128,00:02:08,Frazier,1,0.941484,"[0.610039, 0.496951, 0.0905872, 0.174648]",3859
129,00:02:09,Frazier,1,0.94058,"[0.61998, 0.494189, 0.0759012, 0.17621]",3892
130,00:02:10,Frazier,1,0.941437,"[0.610745, 0.491336, 0.0936807, 0.179848]",3929
131,00:02:11,Frazier,1,0.941398,"[0.621967, 0.491038, 0.0705254, 0.181639]",3944
132,00:02:12,Frazier,1,0.927008,"[0.615321, 0.49872, 0.0863846, 0.161974]",3961
133,00:02:13,Frazier,1,0.907743,"[0.601712, 0.512426, 0.104936, 0.136255]",3990
134,00:02:14,Frazier,1,0.893626,"[0.600246, 0.519656, 0.110421, 0.123062]",4036
135,00:02:15,Frazier,1,0.887769,"[0.597435, 0.503479, 0.116042, 0.148297]",4066
136,00:02:16,Frazier,1,0.90351,"[0.593015, 0.50067, 0.117433, 0.16657]",4103
137,00:02:17,Frazier,1,0.91556,"[0.605009, 0.480496, 0.100154, 0.195336]",4116
138,00:02:18,Frazier,1,0.918377,"[0.609181, 0.456639, 0.0853103, 0.249575]",4156
139,00:02:19,Frazier,1,0.929418,"[0.611346, 0.458585, 0.0806037, 0.24632]",4184
140,00:02:20,Frazier,1,0.938635,"[0.622487, 0.472884, 0.0529011, 0.213793]",4222
141,00:02:21,Frazier,1,0.92711,"[0.619344, 0.465145, 0.0685309, 0.226933]",4236
142,00:02:22,Frazier,1,0.929493,"[0.631086, 0.464232, 0.051535, 0.225327]",4289
143,00:02:23,Frazier,1,0.952759,"[0.632079, 0.467701, 0.0498814, 0.218757]",4307
144,00:02:24,Frazier,1,0.940203,"[0.618202, 0.455884, 0.080048, 0.246445]",4340
145,00:02:25,Frazier,1,0.937133,"[0.62913, 0.459147, 0.0623395, 0.236624]",4353
146,00:02:26,Frazier,1,0.920693,"[0.628173, 0.45604, 0.0571246, 0.24619]",4407
147,00:02:27,Frazier,1,0.952515,"[0.620023, 0.453919, 0.0682155, 0.244387]",4429
148,00:02:28,Frazier,1,0.934192,"[0.620858, 0.457343, 0.0656003, 0.241877]",4469
149,00:02:29,Frazier,1,0.960227,"[0.618965, 0.465223, 0.0706509, 0.225986]",4498
150,00:02:30,Frazier,1,0.944432,"[0.616896, 0.469904, 0.07684, 0.220444]",4500
151,00:02:31,Frazier,1,0.946817,"[0.618936, 0.470053, 0.0738075, 0.213854]",4559
152,00:02:32,Frazier,1,0.950127,"[0.619327, 0.470028, 0.0719252, 0.216293]",4562
153,00:02:33,Frazier,1,0.948573,"[0.619741, 0.466273, 0.0745146, 0.225492]",4603
154,00:02:34,Frazier,1,0.954928,"[0.618986, 0.477843, 0.0750252, 0.202728]",4640
155,00:02:35,Frazier,1,0.94031,"[0.613602, 0.488748, 0.086356, 0.175545]",4664
156,00:02:36,Frazier,1,0.932836,"[0.60845, 0.472127, 0.0920862, 0.211991]",4702
157,00:02:37,Frazier,1,0.947758,"[0.618924, 0.465145, 0.0759521, 0.226925]",4722
158,00:02:38,Frazier,1,0.93813,"[0.617323, 0.482441, 0.0779261, 0.191254]",4769
159,00:02:39,Frazier,1,0.957316,"[0.621968, 0.479593, 0.0689232, 0.195473]",4798
160,00:02:40,Frazier,1,0.945415,"[0.620454, 0.461485, 0.0732931, 0.233712]",4808
161,00:02:41,Frazier,1,0.948215,"[0.628006, 0.479635, 0.0549152, 0.199297]",4846
162,00:02:42,Frazier,1,0.941989,"[0.629384, 0.471517, 0.0521642, 0.216128]",4864
163,00:02:43,Frazier,1,0.906902,"[0.625981, 0.45527, 0.0633934, 0.244606]",4896
164,00:02:44,Frazier,1,0.933765,"[0.619306, 0.4578, 0.0790817, 0.237865]",4936
165,00:02:45,Frazier,1,0.938987,"[0.621486, 0.471116, 0.0675217, 0.213008]",4971
166,00:02:46,Frazier,1,0.952911,"[0.618279, 0.478057, 0.0728508, 0.197894]",5004
167,00:02:47,Frazier,1,0.948921,"[0.619361, 0.468688, 0.0788123, 0.219614]",5033
168,00:02:48,Frazier,1,0.955153,"[0.613393, 0.50373, 0.0834304, 0.157203]",5066
169,00:02:49,Frazier,1,0.95218,"[0.61381, 0.492084, 0.0828397, 0.175017]",5073
170,00:02:50,Frazier,1,0.937799,"[0.628084, 0.470585, 0.054398, 0.209331]",5120
171,00:02:51,Frazier,1,0.951576,"[0.625221, 0.47209, 0.0592714, 0.204616]",5142
172,00:02:52,Frazier,1,0.943192,"[0.618873, 0.457921, 0.0724598, 0.237069]",5161
173,00:02:53,Frazier,1,0.95737,"[0.616309, 0.467028, 0.0688419, 0.222827]",5211
174,00:02:54,Frazier,1,0.932589,"[0.611636, 0.482865, 0.0780869, 0.199969]",5225
175,00:02:55,Frazier,1,0.952006,"[0.602982, 0.50476, 0.0912351, 0.163898]",5266
176,00:02:56,Frazier,1,0.951232,"[0.603505, 0.504505, 0.0921804, 0.158247]",5280
177,00:02:57,Frazier,1,0.947827,"[0.603567, 0.502081, 0.0932848, 0.162441]",5314
178,00:02:58,Frazier,1,0.929959,"[0.61032, 0.489888, 0.0818314, 0.183009]",5340
181,00:03:01,Forceps,2,0.955308,"[0.622051, 0.506601, 0.0710901, 0.14111]",5445
182,00:03:02,Forceps,2,0.92517,"[0.626241, 0.510614, 0.0632183, 0.132209]",5478
183,00:03:03,Forceps,2,0.951482,"[0.625402, 0.49925, 0.0653405, 0.144364]",5511
184,00:03:04,Forceps,2,0.947722,"[0.635454, 0.489874, 0.0475903, 0.169234]",5536
185,00:03:05,Forceps,2,0.929666,"[0.635603, 0.48541, 0.0473347, 0.181276]",5554
188,00:03:08,Frazier,1,0.871888,"[0.578563, 0.500272, 0.130423, 0.146338]",5661
189,00:03:09,Frazier,1,0.919033,"[0.600617, 0.481253, 0.10496, 0.195637]",5693
190,00:03:10,Frazier,1,0.941112,"[0.609216, 0.466471, 0.0912643, 0.221806]",5719
191,00:03:11,Frazier,1,0.912277,"[0.607027, 0.457586, 0.0992821, 0.234886]",5739
192,00:03:12,Frazier,1,0.857987,"[0.598004, 0.500716, 0.105362, 0.138186]",5783
194,00:03:14,Frazier,1,0.94214,"[0.608987, 0.472118, 0.0899536, 0.209952]",5847
195,00:03:15,Frazier,1,0.935613,"[0.608177, 0.475362, 0.0884819, 0.206046]",5851
196,00:03:16,Frazier,1,0.943905,"[0.605065, 0.501858, 0.0977387, 0.156776]",5886
197,00:03:17,Frazier,1,0.94229,"[0.601386, 0.503312, 0.103293, 0.153922]",5916
198,00:03:18,Frazier,1,0.944055,"[0.602332, 0.507077, 0.0967853, 0.154752]",5962
199,00:03:19,Frazier,1,0.947249,"[0.614197, 0.495439, 0.079771, 0.169432]",5971
200,00:03:20,Frazier,1,0.927277,"[0.608149, 0.478749, 0.0903418, 0.195324]",6012
201,00:03:21,Frazier,1,0.930056,"[0.609794, 0.484665, 0.0871904, 0.184892]",6037
202,00:03:22,Frazier,1,0.937389,"[0.601912, 0.497378, 0.100449, 0.168055]",6088
203,00:03:23,Frazier,1,0.946875,"[0.611186, 0.49463, 0.0876247, 0.163543]",6112
204,00:03:24,Frazier,1,0.948827,"[0.609543, 0.492845, 0.0894854, 0.164184]",6142
205,00:03:25,Frazier,1,0.946721,"[0.608742, 0.495301, 0.0893765, 0.163552]",6155
206,00:03:26,Frazier,1,0.953388,"[0.604941, 0.499121, 0.0932474, 0.161126]",6193
207,00:03:27,Frazier,1,0.945126,"[0.607336, 0.499228, 0.0939369, 0.160297]",6210
208,00:03:28,Frazier,1,0.954705,"[0.602263, 0.498918, 0.097369, 0.162019]",6241
209,00:03:29,Frazier,1,0.935765,"[0.620255, 0.47031, 0.0737977, 0.205966]",6293
210,00:03:30,Frazier,1,0.939142,"[0.634669, 0.466953, 0.0521907, 0.21062]",6315
211,00:03:31,Frazier,1,0.951348,"[0.621864, 0.487528, 0.0786485, 0.172479]",6342
212,00:03:32,Frazier,1,0.935512,"[0.630541, 0.487977, 0.0621689, 0.174445]",6360
213,00:03:33,Frazier,1,0.940446,"[0.621703, 0.492156, 0.0745285, 0.164933]",6415
214,00:03:34,Frazier,1,0.961621,"[0.623627, 0.495572, 0.0731763, 0.156764]",6426
215,00:03:35,Frazier,1,0.950928,"[0.615449, 0.500481, 0.0863856, 0.150996]",6468
216,00:03:36,Frazier,1,0.930247,"[0.608967, 0.501885, 0.0946783, 0.147641]",6487
217,00:03:37,Frazier,1,0.93497,"[0.608619, 0.498657, 0.0961422, 0.154453]",6513
218,00:03:38,Frazier,1,0.93165,"[0.619884, 0.462445, 0.079483, 0.216818]",6544
219,00:03:39,Frazier,1,0.93163,"[0.632675, 0.45617, 0.056129, 0.228227]",6599
220,00:03:40,Frazier,1,0.938494,"[0.631522, 0.456119, 0.0581735, 0.226804]",6601
223,00:03:43,Frazier,1,0.740365,"[0.588285, 0.493492, 0.138259, 0.118162]",6711
224,00:03:44,Frazier,1,0.959737,"[0.615111, 0.500385, 0.0851203, 0.157715]",6742
225,00:03:45,Frazier,1,0.948542,"[0.613718, 0.510009, 0.0885676, 0.136674]",6751
226,00:03:46,Frazier,1,0.946859,"[0.613068, 0.502822, 0.0860968, 0.1513]",6806
227,00:03:47,Frazier,1,0.949076,"[0.605591, 0.499528, 0.0964657, 0.160484]",6833
228,00:03:48,Frazier,1,0.937649,"[0.610154, 0.498352, 0.0906957, 0.15772]",6842
229,00:03:49,Frazier,1,0.935692,"[0.623421, 0.488988, 0.0685022, 0.171118]",6883
230,00:03:50,Frazier,1,0.938938,"[0.61147, 0.536609, 0.0785986, 0.0978841]",6927
231,00:03:51,Frazier,1,0.959542,"[0.614719, 0.501341, 0.0836634, 0.152529]",6946
232,00:03:52,Frazier,1,0.939521,"[0.612345, 0.52497, 0.0784569, 0.118262]",6984
233,00:03:53,Frazier,1,0.953904,"[0.613834, 0.501974, 0.0868439, 0.151375]",6995
234,00:03:54,Frazier,1,0.958991,"[0.613915, 0.498854, 0.0889626, 0.153013]",7035
235,00:03:55,Frazier,1,0.955649,"[0.615887, 0.499431, 0.0841812, 0.156716]",7050
236,00:03:56,Frazier,1,0.938289,"[0.616325, 0.513769, 0.0869476, 0.127829]",7101
237,00:03:57,Frazier,1,0.953898,"[0.615488, 0.499751, 0.0845818, 0.155964]",7131
238,00:03:58,Frazier,1,0.954202,"[0.622669, 0.480051, 0.0753227, 0.189719]",7148
239,00:03:59,Frazier,1,0.917898,"[0.630213, 0.481593, 0.0552702, 0.1931]",7179
242,00:04:02,Freer,4,0.916903,"[0.59468, 0.452031, 0.105447, 0.162813]",7286
243,00:04:03,Freer,4,0.906876,"[0.621591, 0.477988, 0.0740425, 0.203566]",7300
244,00:04:04,Freer,4,0.825434,"[0.639918, 0.483406, 0.0343914, 0.195047]",7349
245,00:04:05,Freer,4,0.956619,"[0.631926, 0.477748, 0.0532265, 0.210722]",7369
246,00:04:06,Freer,4,0.958214,"[0.631867, 0.47209, 0.0591342, 0.213367]",7397
247,00:04:07,Freer,4,0.962642,"[0.635159, 0.482173, 0.0487006, 0.190057]",7414
248,00:04:08,Freer,4,0.957907,"[0.636277, 0.484366, 0.0563617, 0.184227]",7452
249,00:04:09,Freer,4,0.972316,"[0.623355, 0.466573, 0.0726307, 0.216919]",7474
250,00:04:10,Freer,4,0.95171,"[0.647349, 0.483029, 0.0337372, 0.184392]",7502
251,00:04:11,Freer,4,0.78143,"[0.646847, 0.45046, 0.033912, 0.232809]",7557
252,00:04:12,Freer,4,0.774901,"[0.648949, 0.468743, 0.0299201, 0.195772]",7571
253,00:04:13,Freer,4,0.795341,"[0.646433, 0.468529, 0.0326529, 0.212805]",7617
254,00:04:14,Freer,4,0.924912,"[0.628103, 0.481922, 0.0536391, 0.190548]",7648
255,00:04:15,Freer,4,0.88874,"[0.646482, 0.475182, 0.0331902, 0.206117]",7664
256,00:04:16,Freer,4,0.870074,"[0.646474, 0.49423, 0.0277493, 0.165909]",7680
257,00:04:17,Freer,4,0.894302,"[0.638723, 0.473627, 0.0428674, 0.201664]",7726
258,00:04:18,Freer,4,0.942364,"[0.630626, 0.464072, 0.0643873, 0.213036]",7744
259,00:04:19,Freer,4,0.945141,"[0.636959, 0.480159, 0.0513227, 0.191545]",7796
260,00:04:20,Freer,4,0.970703,"[0.636258, 0.479235, 0.0516468, 0.186621]",7816
261,00:04:21,Freer,4,0.965173,"[0.633529, 0.481492, 0.0566255, 0.183935]",7858
262,00:04:22,Freer,4,0.961258,"[0.634154, 0.479191, 0.0586315, 0.1831]",7887
263,00:04:23,Freer,4,0.973849,"[0.624489, 0.487895, 0.0750662, 0.180241]",7910
267,00:04:27,Frazier,1,0.837884,"[0.579627, 0.424108, 0.096211, 0.146803]",8039
268,00:04:28,Frazier,1,0.929336,"[0.609498, 0.467788, 0.0717074, 0.224899]",8068
269,00:04:29,Frazier,1,0.91508,"[0.618774, 0.455236, 0.0627337, 0.249011]",8075
270,00:04:30,Frazier,1,0.880501,"[0.632037, 0.454287, 0.0467079, 0.242303]",8107
271,00:04:31,Frazier,1,0.925839,"[0.637371, 0.473452, 0.050252, 0.192287]",8155
272,00:04:32,Frazier,1,0.896753,"[0.642451, 0.473013, 0.0440941, 0.18997]",8181
273,00:04:33,Frazier,1,0.937492,"[0.634842, 0.479511, 0.0594482, 0.183348]",8204
274,00:04:34,Frazier,1,0.946332,"[0.621927, 0.488718, 0.076383, 0.176944]",8238
275,00:04:35,Frazier,1,0.94001,"[0.623815, 0.486503, 0.0753796, 0.174379]",8267
276,00:04:36,Frazier,1,0.956531,"[0.623683, 0.501046, 0.0760136, 0.153876]",8282
277,00:04:37,Frazier,1,0.95048,"[0.633716, 0.475906, 0.056734, 0.186138]",8330
278,00:04:38,Frazier,1,0.920622,"[0.63687, 0.46763, 0.0522553, 0.208424]",8359
279,00:04:39,Frazier,1,0.906616,"[0.645863, 0.470104, 0.0411896, 0.192393]",8370
280,00:04:40,Frazier,1,0.91036,"[0.644063, 0.472625, 0.0428576, 0.19656]",8427
281,00:04:41,Frazier,1,0.913737,"[0.644336, 0.474805, 0.0392737, 0.194612]",8455
282,00:04:42,Frazier,1,0.946516,"[0.634254, 0.493928, 0.0528194, 0.169809]",8465
283,00:04:43,Frazier,1,0.94216,"[0.632936, 0.473884, 0.053153, 0.196955]",8519
284,00:04:44,Frazier,1,0.954964,"[0.6296, 0.476533, 0.0571025, 0.1941]",8525
285,00:04:45,Frazier,1,0.944092,"[0.631732, 0.47835, 0.0571555, 0.186711]",8569
286,00:04:46,Frazier,1,0.924334,"[0.631154, 0.473697, 0.0530846, 0.204881]",8599
287,00:04:47,Frazier,1,0.929059,"[0.624655, 0.476417, 0.0617853, 0.200379]",8638
288,00:04:48,Frazier,1,0.939872,"[0.615496, 0.497841, 0.0750353, 0.171914]",8652
289,00:04:49,Frazier,1,0.936092,"[0.619119, 0.493199, 0.0700726, 0.175093]",8672
290,00:04:50,Frazier,1,0.934669,"[0.632273, 0.493616, 0.0508193, 0.173157]",8727
291,00:04:51,Frazier,1,0.944165,"[0.630257, 0.501439, 0.0576553, 0.155861]",8732
292,00:04:52,Frazier,1,0.940475,"[0.629384, 0.481362, 0.0585293, 0.186776]",8772
293,00:04:53,Frazier,1,0.939463,"[0.628884, 0.480219, 0.0593561, 0.1944]",8795
294,00:04:54,Frazier,1,0.928203,"[0.632221, 0.48011, 0.0498414, 0.191009]",8836
295,00:04:55,Frazier,1,0.869723,"[0.642926, 0.466607, 0.0336535, 0.217934]",8862
296,00:04:56,Frazier,1,0.916109,"[0.628179, 0.453099, 0.0587647, 0.246907]",8903
297,00:04:57,Frazier,1,0.896473,"[0.622567, 0.454242, 0.0614192, 0.249071]",8913
298,00:04:58,Frazier,1,0.931542,"[0.6189, 0.468691, 0.0696281, 0.219715]",8949
299,00:04:59,Frazier,1,0.926911,"[0.62744, 0.465534, 0.0532446, 0.225111]",8974
304,00:05:04,Forceps,2,0.930792,"[0.619715, 0.504997, 0.0712879, 0.155221]",9143
305,00:05:05,Forceps,2,0.93736,"[0.635518, 0.490198, 0.0474409, 0.176081]",9157
306,00:05:06,Forceps,2,0.868844,"[0.648175, 0.487588, 0.0309825, 0.165255]",9187
307,00:05:07,Forceps,2,0.803727,"[0.669604, 0.503084, 0.0262054, 0.145351]",9223
308,00:05:08,Forceps,2,0.780049,"[0.66813, 0.496922, 0.0231989, 0.157408]",9246
310,00:05:10,Forceps,2,0.927558,"[0.622244, 0.503553, 0.0737124, 0.150767]",9328
311,00:05:11,Forceps,2,0.936825,"[0.62442, 0.505376, 0.0632744, 0.153694]",9330
312,00:05:12,Forceps,2,0.902875,"[0.647725, 0.501357, 0.0338829, 0.135787]",9388
313,00:05:13,Forceps,2,0.872003,"[0.648042, 0.509124, 0.032973, 0.12447]",9390
314,00:05:14,Forceps,2,0.911831,"[0.647427, 0.509091, 0.0329572, 0.127829]",9446
317,00:05:17,Forceps,2,0.752554,"[0.594413, 0.4864, 0.0813219, 0.153284]",9523
318,00:05:18,Forceps,2,0.866844,"[0.596846, 0.502533, 0.0793486, 0.0892397]",9546
319,00:05:19,Forceps,2,0.907164,"[0.614963, 0.504668, 0.0969395, 0.142851]",9586
320,00:05:20,Forceps,2,0.898275,"[0.613385, 0.500093, 0.097995, 0.148253]",9612
321,00:05:21,Forceps,2,0.872179,"[0.605329, 0.505762, 0.0669718, 0.128695]",9640
322,00:05:22,Forceps,2,0.912403,"[0.617486, 0.520633, 0.0984537, 0.109066]",9681
323,00:05:23,Forceps,2,0.87987,"[0.620173, 0.532881, 0.0884422, 0.0919145]",9694
346,00:05:46,Frazier,1,0.846124,"[0.599429, 0.503817, 0.112978, 0.135561]",10393
347,00:05:47,Frazier,1,0.887124,"[0.60194, 0.50036, 0.113174, 0.155269]",10437
348,00:05:48,Frazier,1,0.931594,"[0.633144, 0.481739, 0.0578078, 0.193352]",10469
349,00:05:49,Frazier,1,0.925871,"[0.632944, 0.473885, 0.0570188, 0.210484]",10471
350,00:05:50,Frazier,1,0.933457,"[0.629126, 0.499492, 0.0637234, 0.163033]",10521
351,00:05:51,Frazier,1,0.941119,"[0.624346, 0.507289, 0.0691032, 0.152626]",10535
352,00:05:52,Frazier,1,0.966172,"[0.62302, 0.501093, 0.0759342, 0.151671]",10569
353,00:05:53,Frazier,1,0.955454,"[0.624057, 0.498917, 0.0765876, 0.146643]",10604
354,00:05:54,Frazier,1,0.956816,"[0.626398, 0.497025, 0.0727306, 0.146621]",10631
355,00:05:55,Frazier,1,0.931484,"[0.630242, 0.4915, 0.0624193, 0.166781]",10650
357,00:05:57,Forceps,2,0.798558,"[0.615384, 0.475773, 0.040123, 0.154775]",10736
358,00:05:58,Forceps,2,0.937178,"[0.626389, 0.506502, 0.0672492, 0.143915]",10760
359,00:05:59,Forceps,2,0.92627,"[0.631634, 0.502765, 0.0617035, 0.136648]",10770
360,00:06:00,Forceps,2,0.903954,"[0.631056, 0.498376, 0.0697042, 0.132069]",10811
361,00:06:01,Forceps,2,0.909137,"[0.638456, 0.488237, 0.0577974, 0.160194]",10852
362,00:06:02,Forceps,2,0.866429,"[0.634059, 0.476396, 0.0714297, 0.168749]",10860
363,00:06:03,Forceps,2,0.854498,"[0.656215, 0.453585, 0.0592934, 0.221051]",10916
364,00:06:04,Forceps,2,0.877725,"[0.637387, 0.452922, 0.050209, 0.234683]",10921
367,00:06:07,Frazier,1,0.814889,"[0.582746, 0.516314, 0.13839, 0.111491]",11039
368,00:06:08,Frazier,1,0.942511,"[0.593969, 0.494537, 0.120226, 0.170513]",11066
369,00:06:09,Frazier,1,0.952009,"[0.616084, 0.490951, 0.0817862, 0.177164]",11083
370,00:06:10,Frazier,1,0.957224,"[0.627607, 0.502323, 0.0664686, 0.143824]",11123
371,00:06:11,Frazier,1,0.959269,"[0.623712, 0.489559, 0.0733505, 0.167835]",11152
372,00:06:12,Frazier,1,0.954603,"[0.624322, 0.497444, 0.0737309, 0.149329]",11162
373,00:06:13,Frazier,1,0.964539,"[0.618496, 0.501559, 0.0817942, 0.151783]",11200
379,00:06:19,Forceps,2,0.706578,"[0.623451, 0.478065, 0.0764825, 0.0877199]",11396
380,00:06:20,Forceps,2,0.934593,"[0.631052, 0.501106, 0.0517895, 0.15642]",11428
381,00:06:21,Forceps,2,0.955144,"[0.631584, 0.501623, 0.0555862, 0.149034]",11452
382,00:06:22,Forceps,2,0.936083,"[0.632444, 0.505351, 0.0525284, 0.142862]",11475
383,00:06:23,Forceps,2,0.958988,"[0.633146, 0.491372, 0.0590558, 0.160805]",11501
384,00:06:24,Forceps,2,0.951441,"[0.625971, 0.500386, 0.0687428, 0.13861]",11533
385,00:06:25,Forceps,2,0.95926,"[0.625806, 0.50375, 0.0665672, 0.140814]",11551
386,00:06:26,Forceps,2,0.871512,"[0.622396, 0.494702, 0.0688974, 0.163949]",11581
388,00:06:28,Frazier,1,0.924086,"[0.603012, 0.499986, 0.108199, 0.160683]",11669
389,00:06:29,Frazier,1,0.950331,"[0.623431, 0.487513, 0.0778997, 0.178159]",11674
390,00:06:30,Frazier,1,0.950341,"[0.634311, 0.49351, 0.0611479, 0.159724]",11729
391,00:06:31,Frazier,1,0.949372,"[0.631345, 0.494402, 0.0673135, 0.157536]",11740
392,00:06:32,Frazier,1,0.963474,"[0.629584, 0.495424, 0.0675355, 0.162196]",11777
393,00:06:33,Frazier,1,0.950487,"[0.624588, 0.50135, 0.0745038, 0.151185]",11798
394,00:06:34,Frazier,1,0.947167,"[0.621572, 0.513963, 0.0796661, 0.129518]",11821
395,00:06:35,Frazier,1,0.913556,"[0.613257, 0.530344, 0.090458, 0.102258]",11852
396,00:06:36,Frazier,1,0.934351,"[0.612373, 0.520579, 0.086554, 0.121544]",11901
397,00:06:37,Frazier,1,0.968083,"[0.621582, 0.50711, 0.0753585, 0.145788]",11930
398,00:06:38,Frazier,1,0.952338,"[0.625919, 0.514137, 0.0703619, 0.129035]",11961
399,00:06:39,Frazier,1,0.966341,"[0.621323, 0.509162, 0.0771786, 0.140413]",11977
400,00:06:40,Frazier,1,0.968834,"[0.617184, 0.500125, 0.0880906, 0.153536]",12004
401,00:06:41,Frazier,1,0.953813,"[0.616649, 0.498392, 0.0859695, 0.15861]",12034
402,00:06:42,Frazier,1,0.843793,"[0.582166, 0.520545, 0.128949, 0.118852]",12089
403,00:06:43,Frazier,1,0.962299,"[0.616263, 0.499275, 0.0840672, 0.159281]",12110
404,00:06:44,Frazier,1,0.930977,"[0.632565, 0.470047, 0.0566848, 0.215416]",12123
405,00:06:45,Frazier,1,0.902696,"[0.645281, 0.456967, 0.0445861, 0.23432]",12151
406,00:06:46,Frazier,1,0.909494,"[0.64248, 0.453325, 0.0553361, 0.221636]",12200
407,00:06:47,Frazier,1,0.884791,"[0.588632, 0.508741, 0.13117, 0.140329]",12226
408,00:06:48,Frazier,1,0.940455,"[0.620864, 0.488943, 0.0756154, 0.178805]",12269
409,00:06:49,Frazier,1,0.936469,"[0.622136, 0.486791, 0.0733677, 0.181665]",12270
410,00:06:50,Frazier,1,0.927247,"[0.63542, 0.469668, 0.0559402, 0.212448]",12324
411,00:06:51,Frazier,1,0.947031,"[0.630475, 0.493109, 0.0658132, 0.1621]",12350
412,00:06:52,Frazier,1,0.953826,"[0.622727, 0.512759, 0.078971, 0.127464]",12367
413,00:06:53,Frazier,1,0.967863,"[0.620026, 0.507182, 0.0765598, 0.145513]",12406
414,00:06:54,Frazier,1,0.952025,"[0.621502, 0.505575, 0.0787998, 0.144097]",12432
415,00:06:55,Frazier,1,0.951364,"[0.621993, 0.48512, 0.0766411, 0.181799]",12464
416,00:06:56,Frazier,1,0.937116,"[0.625226, 0.502664, 0.0716202, 0.151113]",12496
417,00:06:57,Frazier,1,0.95708,"[0.613084, 0.505076, 0.0887108, 0.151516]",12534
418,00:06:58,Frazier,1,0.93642,"[0.623176, 0.498729, 0.0743729, 0.160971]",12544
419,00:06:59,Frazier,1,0.925752,"[0.634379, 0.482941, 0.0542301, 0.189475]",12577
420,00:07:00,Frazier,1,0.943819,"[0.629349, 0.498494, 0.065032, 0.160885]",12618
421,00:07:01,Frazier,1,0.913566,"[0.639278, 0.490554, 0.0522483, 0.167591]",12654
422,00:07:02,Frazier,1,0.928757,"[0.641001, 0.499141, 0.050895, 0.143731]",12672
423,00:07:03,Frazier,1,0.917319,"[0.641082, 0.493887, 0.0525351, 0.16038]",12696
424,00:07:04,Frazier,1,0.934616,"[0.6306, 0.489461, 0.0578003, 0.178634]",12748
425,00:07:05,Frazier,1,0.949947,"[0.631325, 0.477955, 0.0614867, 0.197675]",12766
426,00:07:06,Frazier,1,0.934772,"[0.63284, 0.488999, 0.0596069, 0.171376]",12796
427,00:07:07,Frazier,1,0.936814,"[0.625476, 0.499951, 0.0699764, 0.153326]",12830
428,00:07:08,Frazier,1,0.922369,"[0.640029, 0.490521, 0.0524884, 0.156295]",12842
429,00:07:09,Frazier,1,0.948945,"[0.629417, 0.490104, 0.0625591, 0.17691]",12884
430,00:07:10,Frazier,1,0.961406,"[0.621959, 0.506762, 0.0762906, 0.137092]",12924
431,00:07:11,Frazier,1,0.947787,"[0.626725, 0.502252, 0.0666925, 0.149478]",12957
432,00:07:12,Frazier,1,0.948169,"[0.625345, 0.4929, 0.0686394, 0.168046]",12963
433,00:07:13,Frazier,1,0.947196,"[0.621889, 0.51057, 0.0755701, 0.139669]",13004
434,00:07:14,Frazier,1,0.952916,"[0.624407, 0.501368, 0.0688383, 0.156177]",13040
435,00:07:15,Frazier,1,0.902809,"[0.642135, 0.465776, 0.0469554, 0.221118]",13079
436,00:07:16,Frazier,1,0.948923,"[0.624077, 0.467885, 0.0719956, 0.219603]",13107
437,00:07:17,Frazier,1,0.945218,"[0.613229, 0.477363, 0.0844968, 0.197133]",13111
442,00:07:22,Frazier,1,0.90653,"[0.583254, 0.492387, 0.111738, 0.166013]",13285
443,00:07:23,Frazier,1,0.873138,"[0.599792, 0.501587, 0.101692, 0.158482]",13317
444,00:07:24,Frazier,1,0.920594,"[0.60022, 0.501077, 0.0955055, 0.166853]",13332
445,00:07:25,Frazier,1,0.945465,"[0.614873, 0.50402, 0.0771538, 0.152818]",13368
446,00:07:26,Frazier,1,0.933729,"[0.614162, 0.504487, 0.0775507, 0.157215]",13394
447,00:07:27,Frazier,1,0.953918,"[0.620995, 0.493646, 0.0667947, 0.172065]",13435
448,00:07:28,Frazier,1,0.954696,"[0.622583, 0.496045, 0.062133, 0.16827]",13442
449,00:07:29,Frazier,1,0.951514,"[0.622064, 0.494733, 0.065416, 0.166997]",13470
450,00:07:30,Frazier,1,0.839189,"[0.637266, 0.488731, 0.0359657, 0.169527]",13525
451,00:07:31,Frazier,1,0.867361,"[0.634838, 0.495033, 0.040004, 0.172232]",13556
452,00:07:32,Frazier,1,0.90876,"[0.63536, 0.489938, 0.0445697, 0.180532]",13574
453,00:07:33,Frazier,1,0.866318,"[0.634332, 0.489156, 0.0403686, 0.178976]",13590
454,00:07:34,Frazier,1,0.85243,"[0.637189, 0.491034, 0.0374069, 0.183668]",13639
455,00:07:35,Frazier,1,0.873287,"[0.637359, 0.489504, 0.0420155, 0.183212]",13665
456,00:07:36,Frazier,1,0.924468,"[0.635446, 0.490495, 0.0439762, 0.181665]",13707
457,00:07:37,Frazier,1,0.920276,"[0.63543, 0.490411, 0.0439297, 0.181321]",13710
458,00:07:38,Frazier,1,0.944697,"[0.628036, 0.479832, 0.0559284, 0.193381]",13767
459,00:07:39,Frazier,1,0.94908,"[0.601371, 0.484511, 0.101758, 0.184901]",13778
460,00:07:40,Frazier,1,0.946737,"[0.618543, 0.478373, 0.0669661, 0.199307]",13829
461,00:07:41,Frazier,1,0.947717,"[0.621476, 0.479319, 0.0619976, 0.199481]",13830
462,00:07:42,Frazier,1,0.896233,"[0.635778, 0.485634, 0.0432963, 0.179084]",13860
463,00:07:43,Frazier,1,0.887153,"[0.650036, 0.49429, 0.0222648, 0.168308]",13912
464,00:07:44,Frazier,1,0.926677,"[0.635295, 0.472041, 0.0492426, 0.205855]",13935
465,00:07:45,Frazier,1,0.813913,"[0.65134, 0.4949, 0.0227516, 0.159791]",13979
466,00:07:46,Frazier,1,0.954914,"[0.624453, 0.500252, 0.0663395, 0.157216]",14006
467,00:07:47,Frazier,1,0.934836,"[0.628238, 0.478994, 0.0586374, 0.192061]",14034
468,00:07:48,Frazier,1,0.932995,"[0.636342, 0.481392, 0.0470165, 0.189909]",14042
469,00:07:49,Frazier,1,0.752433,"[0.649027, 0.455298, 0.0281183, 0.238222]",14098
470,00:07:50,Frazier,1,0.826885,"[0.642918, 0.463412, 0.0336644, 0.218442]",14109
471,00:07:51,Frazier,1,0.902903,"[0.633666, 0.45332, 0.0483119, 0.246848]",14153
472,00:07:52,Frazier,1,0.920181,"[0.606998, 0.485323, 0.0851055, 0.186778]",14180
473,00:07:53,Frazier,1,0.937668,"[0.62039, 0.484296, 0.0670822, 0.190728]",14196
474,00:07:54,Frazier,1,0.930003,"[0.631765, 0.481781, 0.0481498, 0.194858]",14235
475,00:07:55,Frazier,1,0.905133,"[0.633489, 0.485822, 0.0460428, 0.188366]",14259
476,00:07:56,Frazier,1,0.852666,"[0.645176, 0.479655, 0.0315215, 0.190526]",14289
477,00:07:57,Frazier,1,0.810323,"[0.646028, 0.477725, 0.027496, 0.201437]",14329
478,00:07:58,Frazier,1,0.779735,"[0.645403, 0.480087, 0.0240852, 0.197265]",14340
479,00:07:59,Frazier,1,0.792776,"[0.644979, 0.471643, 0.0283781, 0.210465]",14371
480,00:08:00,Frazier,1,0.842647,"[0.64305, 0.490309, 0.0333706, 0.172302]",14420
481,00:08:01,Frazier,1,0.851344,"[0.642525, 0.49127, 0.0345461, 0.171836]",14440
482,00:08:02,Frazier,1,0.917861,"[0.632637, 0.481641, 0.0474377, 0.188702]",14487
483,00:08:03,Frazier,1,0.917335,"[0.635905, 0.502791, 0.0447656, 0.145692]",14508
484,00:08:04,Frazier,1,0.907716,"[0.636154, 0.506823, 0.045274, 0.136893]",14541
485,00:08:05,Frazier,1,0.900148,"[0.64413, 0.503519, 0.0311574, 0.144656]",14555
486,00:08:06,Frazier,1,0.90735,"[0.633392, 0.482209, 0.0476163, 0.188356]",14589
487,00:08:07,Frazier,1,0.924403,"[0.633582, 0.491778, 0.0516157, 0.16333]",14614
488,00:08:08,Frazier,1,0.943527,"[0.621168, 0.493307, 0.0676245, 0.168863]",14664
489,00:08:09,Frazier,1,0.927983,"[0.633209, 0.493512, 0.0503488, 0.162685]",14677
490,00:08:10,Frazier,1,0.956793,"[0.618985, 0.501583, 0.0705841, 0.157101]",14727
491,00:08:11,Frazier,1,0.944091,"[0.621568, 0.495306, 0.064452, 0.168094]",14730
492,00:08:12,Frazier,1,0.93972,"[0.626209, 0.489688, 0.0621796, 0.17352]",14783
493,00:08:13,Frazier,1,0.91776,"[0.631602, 0.478296, 0.0549898, 0.190991]",14806
494,00:08:14,Frazier,1,0.911108,"[0.634757, 0.481357, 0.0441402, 0.19254]",14824
495,00:08:15,Frazier,1,0.733254,"[0.655531, 0.479767, 0.0176634, 0.194661]",14856
496,00:08:16,Frazier,1,0.882147,"[0.635876, 0.467937, 0.0434432, 0.216723]",14909
497,00:08:17,Frazier,1,0.941853,"[0.61872, 0.47114, 0.0712883, 0.210859]",14920
498,00:08:18,Frazier,1,0.939186,"[0.619217, 0.472728, 0.0694901, 0.205101]",14964
499,00:08:19,Frazier,1,0.92462,"[0.604137, 0.499979, 0.10015, 0.154635]",14978
500,00:08:20,Frazier,1,0.940847,"[0.617721, 0.483297, 0.0666306, 0.191579]",15015
501,00:08:21,Frazier,1,0.91699,"[0.625403, 0.484014, 0.0534342, 0.193098]",15032
502,00:08:22,Frazier,1,0.904784,"[0.634436, 0.479132, 0.0406588, 0.198094]",15069
503,00:08:23,Frazier,1,0.846737,"[0.633566, 0.47173, 0.0379757, 0.20812]",15092
504,00:08:24,Frazier,1,0.86541,"[0.632707, 0.462086, 0.0396929, 0.23375]",15137
505,00:08:25,Frazier,1,0.788613,"[0.640827, 0.473887, 0.0179614, 0.219808]",15156
506,00:08:26,Frazier,1,0.814122,"[0.64625, 0.469551, 0.0195778, 0.222393]",15202
512,00:08:32,Frazier,1,0.766982,"[0.675776, 0.458744, 0.0265327, 0.237988]",15368
513,00:08:33,Frazier,1,0.751978,"[0.654185, 0.45046, 0.0176081, 0.2543]",15411
514,00:08:34,Frazier,1,0.765824,"[0.655964, 0.465426, 0.0179848, 0.229164]",15444
515,00:08:35,Frazier,1,0.820157,"[0.651685, 0.468689, 0.0168451, 0.220754]",15456
516,00:08:36,Frazier,1,0.777722,"[0.635864, 0.447716, 0.0322915, 0.265629]",15501
517,00:08:37,Frazier,1,0.790353,"[0.632964, 0.438679, 0.0349133, 0.282029]",15512
518,00:08:38,Frazier,1,0.845638,"[0.635347, 0.441279, 0.0385419, 0.257301]",15566
519,00:08:39,Frazier,1,0.877822,"[0.627429, 0.437664, 0.0528595, 0.257867]",15572
525,00:08:45,Forceps,2,0.907952,"[0.623592, 0.515223, 0.0611278, 0.130111]",15778
526,00:08:46,Forceps,2,0.925065,"[0.625058, 0.506344, 0.0561796, 0.150012]",15789
527,00:08:47,Forceps,2,0.913174,"[0.631864, 0.475322, 0.0496468, 0.207916]",15812
528,00:08:48,Forceps,2,0.88507,"[0.640606, 0.469028, 0.0373691, 0.215233]",15858
529,00:08:49,Forceps,2,0.885676,"[0.63238, 0.47812, 0.0490556, 0.199404]",15896
530,00:08:50,Forceps,2,0.904748,"[0.644267, 0.487236, 0.0394945, 0.17434]",15929
531,00:08:51,Forceps,2,0.914353,"[0.644276, 0.488322, 0.0375734, 0.173375]",15940
532,00:08:52,Forceps,2,0.902656,"[0.639764, 0.481083, 0.0404432, 0.192021]",15961
537,00:08:57,Frazier,1,0.804335,"[0.577678, 0.523435, 0.131566, 0.108834]",16134
538,00:08:58,Frazier,1,0.808428,"[0.573023, 0.519102, 0.129285, 0.115691]",16145
539,00:08:59,Frazier,1,0.92429,"[0.595881, 0.498506, 0.116496, 0.153036]",16183
540,00:09:00,Frazier,1,0.919115,"[0.597733, 0.500843, 0.117715, 0.144646]",16216
541,00:09:01,Frazier,1,0.899952,"[0.601425, 0.498355, 0.111837, 0.152088]",16242
542,00:09:02,Frazier,1,0.851659,"[0.580357, 0.522324, 0.131841, 0.114172]",16277
543,00:09:03,Frazier,1,0.936874,"[0.59272, 0.509957, 0.119403, 0.134143]",16319
544,00:09:04,Frazier,1,0.939423,"[0.620832, 0.474285, 0.0723225, 0.205657]",16342
545,00:09:05,Frazier,1,0.945629,"[0.624625, 0.473709, 0.0643862, 0.208664]",16363
546,00:09:06,Frazier,1,0.898858,"[0.624912, 0.470344, 0.0694746, 0.213526]",16392
547,00:09:07,Frazier,1,0.909845,"[0.622846, 0.47713, 0.0690119, 0.1957]",16436
548,00:09:08,Frazier,1,0.89805,"[0.629617, 0.467584, 0.0595005, 0.217817]",16449
559,00:09:19,Freer,4,0.944982,"[0.606485, 0.514124, 0.103611, 0.125505]",16784
560,00:09:20,Freer,4,0.968878,"[0.626653, 0.505311, 0.0653957, 0.142211]",16812
561,00:09:21,Freer,4,0.971522,"[0.625124, 0.500034, 0.061246, 0.160567]",16855
562,00:09:22,Freer,4,0.964563,"[0.625721, 0.501593, 0.0576616, 0.154365]",16860
563,00:09:23,Freer,4,0.948761,"[0.636328, 0.491668, 0.0348852, 0.17976]",16910
564,00:09:24,Freer,4,0.959581,"[0.637729, 0.492855, 0.0338456, 0.175647]",16937
565,00:09:25,Freer,4,0.9565,"[0.634216, 0.492099, 0.0400833, 0.174551]",16960
566,00:09:26,Freer,4,0.93744,"[0.641068, 0.491824, 0.0269241, 0.179765]",17007
567,00:09:27,Freer,4,0.958308,"[0.636366, 0.483144, 0.0365245, 0.199289]",17037
568,00:09:28,Freer,4,0.962547,"[0.637091, 0.481739, 0.0338581, 0.195082]",17042
569,00:09:29,Freer,4,0.956232,"[0.637893, 0.481849, 0.0324606, 0.199365]",17092
570,00:09:30,Freer,4,0.940724,"[0.63545, 0.485257, 0.0328712, 0.191836]",17124
571,00:09:31,Freer,4,0.910825,"[0.640029, 0.492365, 0.0232976, 0.183579]",17135
572,00:09:32,Freer,4,0.943507,"[0.640087, 0.493312, 0.0300902, 0.174933]",17174
573,00:09:33,Freer,4,0.921205,"[0.636743, 0.488933, 0.0347385, 0.18518]",17198
574,00:09:34,Freer,4,0.904923,"[0.635526, 0.49276, 0.0354645, 0.18447]",17242
575,00:09:35,Freer,4,0.913492,"[0.635718, 0.492227, 0.0374453, 0.180862]",17278
576,00:09:36,Freer,4,0.924305,"[0.635976, 0.492387, 0.036343, 0.17964]",17287
577,00:09:37,Freer,4,0.85189,"[0.647912, 0.496662, 0.0126331, 0.170827]",17314
578,00:09:38,Freer,4,0.906472,"[0.645113, 0.506303, 0.0154964, 0.149215]",17353
579,00:09:39,Freer,4,0.884038,"[0.636556, 0.492636, 0.0320745, 0.185672]",17373
580,00:09:40,Freer,4,0.883098,"[0.643264, 0.505254, 0.0165133, 0.15253]",17416
581,00:09:41,Freer,4,0.90977,"[0.644043, 0.506904, 0.0145905, 0.150011]",17458
582,00:09:42,Freer,4,0.936089,"[0.644, 0.508375, 0.0150925, 0.149327]",17489
583,00:09:43,Freer,4,0.929943,"[0.645917, 0.510536, 0.0125651, 0.144141]",17495
584,00:09:44,Freer,4,0.909032,"[0.63587, 0.496444, 0.035925, 0.174707]",17549
585,00:09:45,Freer,4,0.926057,"[0.637705, 0.495135, 0.0343828, 0.179198]",17557
586,00:09:46,Freer,4,0.872273,"[0.64062, 0.508496, 0.0250423, 0.161359]",17602
587,00:09:47,Freer,4,0.870998,"[0.641163, 0.507874, 0.02372, 0.163413]",17629
588,00:09:48,Freer,4,0.923515,"[0.630243, 0.499299, 0.0403742, 0.172546]",17661
589,00:09:49,Freer,4,0.949227,"[0.632431, 0.498113, 0.0437157, 0.173542]",17695
590,00:09:50,Freer,4,0.929857,"[0.629855, 0.491552, 0.0420925, 0.185637]",17704
591,00:09:51,Freer,4,0.908086,"[0.63693, 0.499902, 0.0324427, 0.175887]",17743
592,00:09:52,Freer,4,0.925644,"[0.628779, 0.507769, 0.04014, 0.156196]",17778
593,00:09:53,Freer,4,0.919026,"[0.629897, 0.499475, 0.0411514, 0.175633]",17792
594,00:09:54,Freer,4,0.936993,"[0.629414, 0.505063, 0.0423266, 0.165646]",17842
595,00:09:55,Freer,4,0.898495,"[0.634061, 0.509291, 0.0315901, 0.15811]",17853
596,00:09:56,Freer,4,0.953194,"[0.628373, 0.507322, 0.0430637, 0.160169]",17909
597,00:09:57,Freer,4,0.948343,"[0.628575, 0.508212, 0.0424166, 0.159722]",17910
598,00:09:58,Freer,4,0.935408,"[0.62808, 0.508494, 0.0405748, 0.16626]",17964
599,00:09:59,Freer,4,0.914237,"[0.631576, 0.510707, 0.0353313, 0.151573]",17970
600,00:10:00,Freer,4,0.909283,"[0.63406, 0.507732, 0.0337179, 0.163705]",18004
601,00:10:01,Freer,4,0.911762,"[0.627268, 0.502509, 0.0444372, 0.172176]",18050
602,00:10:02,Freer,4,0.903979,"[0.62831, 0.494143, 0.0440497, 0.182242]",18073
603,00:10:03,Freer,4,0.93823,"[0.645314, 0.507533, 0.0161829, 0.162418]",18093
604,00:10:04,Freer,4,0.907559,"[0.629627, 0.492266, 0.0437782, 0.187153]",18134
605,00:10:05,Freer,4,0.919787,"[0.638345, 0.507133, 0.0310391, 0.162924]",18179
606,00:10:06,Freer,4,0.917397,"[0.638133, 0.508675, 0.0304461, 0.159511]",18181
607,00:10:07,Freer,4,0.897515,"[0.637815, 0.512936, 0.0286943, 0.150543]",18224
608,00:10:08,Freer,4,0.930704,"[0.640797, 0.519356, 0.0274518, 0.131106]",18267
609,00:10:09,Freer,4,0.929012,"[0.640665, 0.520278, 0.0263432, 0.127992]",18273
610,00:10:10,Freer,4,0.915567,"[0.634592, 0.510572, 0.0254774, 0.154224]",18326
611,00:10:11,Freer,4,0.919138,"[0.627738, 0.506869, 0.0474724, 0.155544]",18331
612,00:10:12,Freer,4,0.906131,"[0.636026, 0.509519, 0.0241253, 0.161757]",18364
613,00:10:13,Freer,4,0.937878,"[0.634892, 0.513061, 0.0386622, 0.151876]",18414
614,00:10:14,Freer,4,0.909221,"[0.632136, 0.504002, 0.0416129, 0.15021]",18431
615,00:10:15,Freer,4,0.912076,"[0.630141, 0.508964, 0.0383104, 0.147698]",18457
616,00:10:16,Freer,4,0.900317,"[0.632808, 0.505954, 0.0406009, 0.150999]",18501
617,00:10:17,Freer,4,0.92262,"[0.602367, 0.453121, 0.0679743, 0.16588]",18529
623,00:10:23,Frazier,1,0.864941,"[0.551891, 0.450232, 0.118875, 0.128289]",18719
624,00:10:24,Frazier,1,0.927662,"[0.59751, 0.484831, 0.112133, 0.179201]",18749
625,00:10:25,Frazier,1,0.936145,"[0.599355, 0.485305, 0.10952, 0.185662]",18750
626,00:10:26,Frazier,1,0.941884,"[0.619513, 0.473257, 0.0755676, 0.209618]",18784
627,00:10:27,Frazier,1,0.941866,"[0.622292, 0.475967, 0.0703892, 0.210308]",18815
628,00:10:28,Frazier,1,0.90389,"[0.602358, 0.466993, 0.091677, 0.201901]",18846
629,00:10:29,Frazier,1,0.889506,"[0.567347, 0.45386, 0.125915, 0.147296]",18870
630,00:10:30,Frazier,1,0.934461,"[0.615506, 0.481912, 0.081431, 0.193071]",18925
631,00:10:31,Frazier,1,0.934435,"[0.620705, 0.480197, 0.0706118, 0.200591]",18933
632,00:10:32,Frazier,1,0.93223,"[0.618089, 0.471713, 0.0758032, 0.218997]",18961
637,00:10:37,Frazier,1,0.865434,"[0.575213, 0.510909, 0.122922, 0.128915]",19130
638,00:10:38,Frazier,1,0.873656,"[0.586379, 0.505774, 0.122998, 0.125785]",19169
639,00:10:39,Frazier,1,0.952762,"[0.595464, 0.507577, 0.113572, 0.142227]",19181
640,00:10:40,Frazier,1,0.961476,"[0.619923, 0.479397, 0.0688919, 0.199592]",19228
641,00:10:41,Frazier,1,0.958978,"[0.619348, 0.479401, 0.0689504, 0.200725]",19230
642,00:10:42,Frazier,1,0.948863,"[0.617822, 0.476192, 0.0699266, 0.210071]",19272
643,00:10:43,Frazier,1,0.946723,"[0.618224, 0.477538, 0.0673321, 0.209668]",19302
660,00:11:00,Frazier,1,0.886144,"[0.583515, 0.482813, 0.119233, 0.171974]",19828
661,00:11:01,Frazier,1,0.917984,"[0.595853, 0.475896, 0.104257, 0.203975]",19846
662,00:11:02,Frazier,1,0.874786,"[0.618625, 0.452558, 0.0607864, 0.251444]",19887
663,00:11:03,Frazier,1,0.880988,"[0.622242, 0.454698, 0.0467253, 0.243672]",19893
664,00:11:04,Frazier,1,0.883903,"[0.624379, 0.446836, 0.0453077, 0.253165]",19945
665,00:11:05,Frazier,1,0.863367,"[0.633614, 0.4458, 0.0413448, 0.258257]",19957
666,00:11:06,Frazier,1,0.902104,"[0.622652, 0.460371, 0.0529867, 0.23592]",19990
667,00:11:07,Frazier,1,0.861663,"[0.632658, 0.448829, 0.0411425, 0.2591]",20012
668,00:11:08,Frazier,1,0.851105,"[0.617491, 0.456651, 0.0584539, 0.244663]",20058
669,00:11:09,Frazier,1,0.823437,"[0.626108, 0.47007, 0.0515898, 0.225032]",20095
670,00:11:10,Frazier,1,0.888411,"[0.611892, 0.458742, 0.064917, 0.238721]",20120
671,00:11:11,Frazier,1,0.935519,"[0.609484, 0.468746, 0.0750586, 0.223267]",20154
672,00:11:12,Frazier,1,0.910738,"[0.611012, 0.458598, 0.0683745, 0.241507]",20162
673,00:11:13,Frazier,1,0.90822,"[0.61161, 0.458657, 0.0661444, 0.243272]",20200
674,00:11:14,Frazier,1,0.843588,"[0.627242, 0.496124, 0.0369295, 0.184048]",20249
675,00:11:15,Frazier,1,0.912198,"[0.61766, 0.480569, 0.0609797, 0.197277]",20270
697,00:11:37,Freer,4,0.800378,"[0.607731, 0.503754, 0.105626, 0.142115]",20933
698,00:11:38,Freer,4,0.962428,"[0.623717, 0.499803, 0.0649818, 0.168323]",20960
699,00:11:39,Freer,4,0.925596,"[0.630258, 0.495394, 0.0471334, 0.173139]",20988
700,00:11:40,Freer,4,0.946554,"[0.626182, 0.505158, 0.062459, 0.154389]",21014
701,00:11:41,Freer,4,0.927165,"[0.625552, 0.504248, 0.066003, 0.149726]",21049
702,00:11:42,Freer,4,0.906397,"[0.623084, 0.502494, 0.0663485, 0.154579]",21067
703,00:11:43,Freer,4,0.887671,"[0.62272, 0.504179, 0.0615613, 0.153286]",21100
704,00:11:44,Freer,4,0.866284,"[0.618072, 0.502735, 0.0692211, 0.151762]",21136
705,00:11:45,Freer,4,0.907093,"[0.621768, 0.504753, 0.0701649, 0.151623]",21166
706,00:11:46,Freer,4,0.904903,"[0.619446, 0.513189, 0.0772979, 0.133704]",21199
707,00:11:47,Freer,4,0.885478,"[0.618311, 0.515165, 0.0788092, 0.133347]",21222
708,00:11:48,Freer,4,0.880387,"[0.615677, 0.518056, 0.0824219, 0.132874]",21243
709,00:11:49,Freer,4,0.924919,"[0.615586, 0.516859, 0.0778417, 0.136509]",21290
710,00:11:50,Freer,4,0.918474,"[0.619436, 0.501659, 0.068821, 0.151685]",21313
711,00:11:51,Freer,4,0.90593,"[0.620421, 0.501541, 0.0684008, 0.151649]",21337
712,00:11:52,Freer,4,0.904776,"[0.614281, 0.511368, 0.0778048, 0.142862]",21380
713,00:11:53,Freer,4,0.847078,"[0.61426, 0.519346, 0.0807241, 0.131067]",21404
714,00:11:54,Freer,4,0.894968,"[0.610128, 0.523312, 0.0960754, 0.11693]",21445
715,00:11:55,Freer,4,0.885476,"[0.609366, 0.522969, 0.0978129, 0.115872]",21451
716,00:11:56,Freer,4,0.880894,"[0.611143, 0.524244, 0.0966367, 0.113528]",21487
717,00:11:57,Freer,4,0.839463,"[0.612173, 0.530284, 0.0959405, 0.105764]",21516
719,00:11:59,Freer,4,0.930267,"[0.616277, 0.52287, 0.0858196, 0.122889]",21589
720,00:12:00,Freer,4,0.933559,"[0.616113, 0.521763, 0.0853678, 0.126612]",21603
721,00:12:01,Freer,4,0.902661,"[0.616997, 0.519229, 0.0816483, 0.128573]",21635
722,00:12:02,Freer,4,0.901431,"[0.617065, 0.512183, 0.0815414, 0.139212]",21666
723,00:12:03,Freer,4,0.875259,"[0.616608, 0.512768, 0.0803079, 0.13973]",21697
724,00:12:04,Freer,4,0.919669,"[0.614168, 0.519259, 0.0821831, 0.130403]",21737
725,00:12:05,Freer,4,0.931609,"[0.616609, 0.511124, 0.0783819, 0.139735]",21760
726,00:12:06,Freer,4,0.942447,"[0.619514, 0.502698, 0.070211, 0.151405]",21785
727,00:12:07,Freer,4,0.901357,"[0.619193, 0.511413, 0.0780436, 0.139839]",21829
728,00:12:08,Freer,4,0.895786,"[0.616569, 0.513402, 0.0806995, 0.137946]",21841
729,00:12:09,Freer,4,0.89763,"[0.621301, 0.507186, 0.0699716, 0.148624]",21880
730,00:12:10,Freer,4,0.872123,"[0.627793, 0.497346, 0.0570225, 0.158388]",21903
731,00:12:11,Freer,4,0.914675,"[0.628924, 0.496973, 0.0511368, 0.167133]",21958
732,00:12:12,Freer,4,0.923252,"[0.617287, 0.504811, 0.0697868, 0.150385]",21978
733,00:12:13,Freer,4,0.916171,"[0.617519, 0.501588, 0.0701317, 0.157911]",21994
734,00:12:14,Freer,4,0.921392,"[0.629378, 0.486029, 0.0455384, 0.179138]",22038
735,00:12:15,Freer,4,0.887168,"[0.63058, 0.487671, 0.0432484, 0.17611]",22050
736,00:12:16,Freer,4,0.85907,"[0.621389, 0.492874, 0.0642139, 0.167519]",22080
738,00:12:18,Frazier,1,0.811174,"[0.591565, 0.474998, 0.123596, 0.175866]",22169
739,00:12:19,Frazier,1,0.924926,"[0.595059, 0.498721, 0.108949, 0.172189]",22187
740,00:12:20,Frazier,1,0.949806,"[0.62053, 0.492295, 0.0585178, 0.174715]",22217
741,00:12:21,Frazier,1,0.947657,"[0.623939, 0.505653, 0.0522587, 0.155484]",22259
742,00:12:22,Frazier,1,0.949448,"[0.621465, 0.509419, 0.0564449, 0.15183]",22289
743,00:12:23,Frazier,1,0.95033,"[0.621207, 0.508762, 0.0572378, 0.153544]",22290
744,00:12:24,Frazier,1,0.909339,"[0.632323, 0.497879, 0.0394367, 0.167194]",22320
745,00:12:25,Frazier,1,0.913537,"[0.618156, 0.483689, 0.0688159, 0.192996]",22351
746,00:12:26,Frazier,1,0.917267,"[0.589968, 0.499664, 0.113119, 0.163294]",22402
747,00:12:27,Frazier,1,0.93564,"[0.612601, 0.483092, 0.0766632, 0.198538]",22439
748,00:12:28,Frazier,1,0.939862,"[0.622174, 0.465385, 0.0674994, 0.225793]",22455
749,00:12:29,Frazier,1,0.928756,"[0.62214, 0.478081, 0.0609507, 0.20239]",22487
750,00:12:30,Frazier,1,0.922209,"[0.62872, 0.48297, 0.0508123, 0.192132]",22516
751,00:12:31,Frazier,1,0.926958,"[0.629541, 0.479334, 0.0484753, 0.208696]",22539
752,00:12:32,Frazier,1,0.914588,"[0.631523, 0.467003, 0.0498948, 0.219909]",22567
753,00:12:33,Frazier,1,0.928804,"[0.620193, 0.460442, 0.066035, 0.227934]",22600
754,00:12:34,Frazier,1,0.927097,"[0.610035, 0.474983, 0.0836847, 0.209514]",22622
755,00:12:35,Frazier,1,0.933739,"[0.610862, 0.48811, 0.0848293, 0.188721]",22652
756,00:12:36,Frazier,1,0.930889,"[0.607444, 0.50085, 0.0799666, 0.173862]",22703
757,00:12:37,Frazier,1,0.941131,"[0.611011, 0.49584, 0.0800758, 0.179302]",22737
758,00:12:38,Frazier,1,0.937799,"[0.612258, 0.491386, 0.0793292, 0.185193]",22741
759,00:12:39,Frazier,1,0.933354,"[0.609658, 0.477618, 0.0675086, 0.207092]",22798
760,00:12:40,Frazier,1,0.932476,"[0.617602, 0.476342, 0.0684708, 0.210819]",22806
761,00:12:41,Frazier,1,0.93556,"[0.620396, 0.459569, 0.065912, 0.237782]",22842
762,00:12:42,Frazier,1,0.93293,"[0.622312, 0.466499, 0.0613513, 0.220684]",22864
763,00:12:43,Frazier,1,0.920384,"[0.621121, 0.459099, 0.0641016, 0.236702]",22917
764,00:12:44,Frazier,1,0.929967,"[0.623587, 0.46619, 0.064022, 0.219031]",22949
765,00:12:45,Frazier,1,0.948194,"[0.62119, 0.471525, 0.0647996, 0.2123]",22962
766,00:12:46,Frazier,1,0.940976,"[0.619714, 0.467603, 0.0676161, 0.216157]",22982
767,00:12:47,Frazier,1,0.936108,"[0.616068, 0.472832, 0.0773974, 0.204729]",23030
768,00:12:48,Frazier,1,0.942412,"[0.619958, 0.471943, 0.0805913, 0.202561]",23042
782,00:13:02,Freer,4,0.974351,"[0.596941, 0.485733, 0.112907, 0.190442]",23480
783,00:13:03,Freer,4,0.954277,"[0.60752, 0.482541, 0.101687, 0.191309]",23516
784,00:13:04,Freer,4,0.972001,"[0.594457, 0.480896, 0.117769, 0.185824]",23526
785,00:13:05,Freer,4,0.953495,"[0.601192, 0.485724, 0.105692, 0.184165]",23575
786,00:13:06,Freer,4,0.962943,"[0.61096, 0.487418, 0.0844943, 0.188996]",23581
787,00:13:07,Freer,4,0.974239,"[0.598733, 0.490614, 0.110031, 0.184496]",23634
788,00:13:08,Freer,4,0.965872,"[0.598962, 0.491321, 0.110129, 0.18205]",23640
789,00:13:09,Freer,4,0.722246,"[0.578303, 0.493674, 0.139619, 0.158153]",23673
790,00:13:10,Freer,4,0.975177,"[0.596999, 0.500944, 0.108625, 0.165931]",23720
791,00:13:11,Freer,4,0.982952,"[0.606154, 0.489511, 0.0959517, 0.185278]",23736
792,00:13:12,Freer,4,0.982534,"[0.608031, 0.485247, 0.0932245, 0.191428]",23767
793,00:13:13,Freer,4,0.960296,"[0.5989, 0.496143, 0.11708, 0.171625]",23806
794,00:13:14,Freer,4,0.893456,"[0.595549, 0.496991, 0.119784, 0.170779]",23844
795,00:13:15,Freer,4,0.8175,"[0.586545, 0.48835, 0.127702, 0.180365]",23864
796,00:13:16,Freer,4,0.919513,"[0.594399, 0.498912, 0.118129, 0.167638]",23896
797,00:13:17,Freer,4,0.867918,"[0.597528, 0.524642, 0.113119, 0.123635]",23921
798,00:13:18,Freer,4,0.8031,"[0.602386, 0.528281, 0.10192, 0.116807]",23940
799,00:13:19,Freer,4,0.896248,"[0.58868, 0.523812, 0.117736, 0.123908]",23998
800,00:13:20,Freer,4,0.90077,"[0.594869, 0.527331, 0.104418, 0.117403]",24002
801,00:13:21,Freer,4,0.958837,"[0.599075, 0.519741, 0.110082, 0.130349]",24049
802,00:13:22,Freer,4,0.961884,"[0.598016, 0.5087, 0.115252, 0.152891]",24088
803,00:13:23,Freer,4,0.96974,"[0.597281, 0.511084, 0.115693, 0.146577]",24099
804,00:13:24,Freer,4,0.963751,"[0.600154, 0.512623, 0.10939, 0.142343]",24145
805,00:13:25,Freer,4,0.963591,"[0.599284, 0.514962, 0.112197, 0.138944]",24150
806,00:13:26,Freer,4,0.951057,"[0.600579, 0.507751, 0.109183, 0.151083]",24192
807,00:13:27,Freer,4,0.925238,"[0.601216, 0.512784, 0.112748, 0.138445]",24215
808,00:13:28,Freer,4,0.954627,"[0.596087, 0.492746, 0.117388, 0.181782]",24269
809,00:13:29,Freer,4,0.977661,"[0.609188, 0.485453, 0.0915906, 0.18396]",24279
810,00:13:30,Freer,4,0.953824,"[0.609334, 0.496811, 0.0833895, 0.169695]",24317
811,00:13:31,Freer,4,0.953759,"[0.595619, 0.482147, 0.111181, 0.193748]",24338
812,00:13:32,Freer,4,0.955635,"[0.600637, 0.506561, 0.107127, 0.152489]",24367
813,00:13:33,Freer,4,0.959325,"[0.598137, 0.510194, 0.105719, 0.149814]",24418
814,00:13:34,Freer,4,0.965327,"[0.599308, 0.511237, 0.102306, 0.148717]",24421
815,00:13:35,Freer,4,0.956175,"[0.599085, 0.495801, 0.110279, 0.178336]",24458
816,00:13:36,Freer,4,0.926789,"[0.601969, 0.482339, 0.102911, 0.191667]",24492
817,00:13:37,Freer,4,0.943601,"[0.597107, 0.495598, 0.115812, 0.180195]",24527
818,00:13:38,Freer,4,0.94587,"[0.60073, 0.499765, 0.110101, 0.163895]",24550
819,00:13:39,Freer,4,0.929736,"[0.603429, 0.484753, 0.106917, 0.193457]",24590
820,00:13:40,Freer,4,0.94227,"[0.599171, 0.489298, 0.110673, 0.182849]",24624
821,00:13:41,Freer,4,0.926825,"[0.601562, 0.506848, 0.104138, 0.146154]",24636
822,00:13:42,Freer,4,0.945306,"[0.599689, 0.506839, 0.107431, 0.151529]",24684
823,00:13:43,Freer,4,0.963102,"[0.60254, 0.510149, 0.104262, 0.147813]",24700
824,00:13:44,Freer,4,0.944724,"[0.599256, 0.513557, 0.108596, 0.141899]",24721
825,00:13:45,Freer,4,0.937015,"[0.601247, 0.494033, 0.11111, 0.177432]",24769
826,00:13:46,Freer,4,0.949692,"[0.618238, 0.468551, 0.0781143, 0.213238]",24788
827,00:13:47,Freer,4,0.929519,"[0.62865, 0.452519, 0.0617477, 0.243786]",24827
828,00:13:48,Freer,4,0.874354,"[0.633783, 0.461663, 0.0468428, 0.234287]",24847
829,00:13:49,Freer,4,0.857235,"[0.634708, 0.46666, 0.0442984, 0.221484]",24873
830,00:13:50,Freer,4,0.901973,"[0.619746, 0.446647, 0.0678495, 0.249672]",24928
831,00:13:51,Freer,4,0.89002,"[0.619034, 0.453912, 0.0663506, 0.243414]",24950
832,00:13:52,Freer,4,0.952826,"[0.611941, 0.460342, 0.0829853, 0.231381]",24964
833,00:13:53,Freer,4,0.947599,"[0.609576, 0.474968, 0.0908352, 0.207187]",25017
834,00:13:54,Freer,4,0.961355,"[0.611219, 0.464715, 0.0891152, 0.222528]",25028
835,00:13:55,Freer,4,0.942304,"[0.604351, 0.486433, 0.109164, 0.186701]",25058
836,00:13:56,Freer,4,0.955512,"[0.609957, 0.483223, 0.0937828, 0.20173]",25081
837,00:13:57,Freer,4,0.926182,"[0.602989, 0.494215, 0.106219, 0.169048]",25112
838,00:13:58,Freer,4,0.948183,"[0.60634, 0.502312, 0.0995977, 0.160124]",25166
839,00:13:59,Freer,4,0.959789,"[0.626508, 0.495568, 0.0612592, 0.165976]",25199
840,00:14:00,Freer,4,0.962429,"[0.627359, 0.495463, 0.0595088, 0.165901]",25200
841,00:14:01,Freer,4,0.947445,"[0.627788, 0.499646, 0.0579085, 0.161552]",25231
842,00:14:02,Freer,4,0.926495,"[0.633969, 0.47361, 0.0483779, 0.216941]",25287
843,00:14:03,Freer,4,0.942618,"[0.630343, 0.465298, 0.0553013, 0.227775]",25290
844,00:14:04,Freer,4,0.914103,"[0.637897, 0.4617, 0.0399843, 0.235289]",25344
845,00:14:05,Freer,4,0.922146,"[0.639242, 0.463395, 0.0381529, 0.234312]",25372
846,00:14:06,Freer,4,0.903466,"[0.640302, 0.487449, 0.0421703, 0.185001]",25398
847,00:14:07,Freer,4,0.886477,"[0.63078, 0.467185, 0.0456927, 0.219841]",25420
848,00:14:08,Freer,4,0.905159,"[0.633676, 0.477062, 0.054513, 0.192689]",25460
849,00:14:09,Freer,4,0.953895,"[0.602039, 0.460663, 0.116285, 0.218132]",25497
850,00:14:10,Freer,4,0.939601,"[0.568441, 0.467683, 0.109846, 0.138985]",25504
851,00:14:11,Freer,4,0.946819,"[0.59881, 0.474816, 0.122631, 0.206525]",25538
852,00:14:12,Freer,4,0.939919,"[0.586715, 0.492123, 0.133236, 0.176606]",25576
853,00:14:13,Freer,4,0.968064,"[0.606104, 0.489384, 0.0974995, 0.196836]",25607
854,00:14:14,Freer,4,0.964746,"[0.612678, 0.4913, 0.076882, 0.184303]",25635
855,00:14:15,Freer,4,0.966801,"[0.621988, 0.483663, 0.0566326, 0.19794]",25660
856,00:14:16,Freer,4,0.921595,"[0.628874, 0.481697, 0.0419642, 0.206736]",25695
857,00:14:17,Freer,4,0.925117,"[0.614683, 0.499631, 0.0735227, 0.162778]",25723
858,00:14:18,Freer,4,0.953651,"[0.600403, 0.477268, 0.106005, 0.221351]",25743
859,00:14:19,Freer,4,0.960084,"[0.611622, 0.473375, 0.0842241, 0.223356]",25783
860,00:14:20,Freer,4,0.975699,"[0.602484, 0.484809, 0.0992148, 0.210254]",25824
861,00:14:21,Freer,4,0.949411,"[0.606546, 0.487007, 0.0968707, 0.200211]",25832
862,00:14:22,Freer,4,0.9647,"[0.610565, 0.484481, 0.0806899, 0.207501]",25888
863,00:14:23,Freer,4,0.954726,"[0.599261, 0.485703, 0.101874, 0.207316]",25900
864,00:14:24,Freer,4,0.955813,"[0.598627, 0.483573, 0.0988144, 0.208514]",25932
865,00:14:25,Freer,4,0.920982,"[0.62083, 0.498826, 0.0648696, 0.170489]",25964
866,00:14:26,Freer,4,0.931882,"[0.630065, 0.482046, 0.0433994, 0.198702]",25994
867,00:14:27,Freer,4,0.926555,"[0.624066, 0.486066, 0.0545414, 0.191474]",26018
868,00:14:28,Freer,4,0.952098,"[0.630785, 0.472888, 0.0448608, 0.221963]",26068
869,00:14:29,Freer,4,0.910094,"[0.636263, 0.467551, 0.0348775, 0.232212]",26095
870,00:14:30,Freer,4,0.949496,"[0.616443, 0.466619, 0.0776667, 0.225606]",26128
871,00:14:31,Freer,4,0.951723,"[0.617096, 0.467403, 0.0774096, 0.223805]",26132
872,00:14:32,Freer,4,0.884911,"[0.640668, 0.472959, 0.0422883, 0.221483]",26172
873,00:14:33,Freer,4,0.918157,"[0.637744, 0.474055, 0.0448704, 0.216237]",26196
875,00:14:35,Frazier,1,0.927891,"[0.606153, 0.461518, 0.0850914, 0.235761]",26274
876,00:14:36,Frazier,1,0.909781,"[0.618304, 0.445667, 0.0692575, 0.252338]",26280
877,00:14:37,Frazier,1,0.905602,"[0.579036, 0.491005, 0.132789, 0.143734]",26328
878,00:14:38,Frazier,1,0.921865,"[0.596183, 0.50467, 0.117224, 0.154404]",26350
879,00:14:39,Frazier,1,0.939757,"[0.601, 0.488048, 0.097511, 0.190557]",26376
880,00:14:40,Frazier,1,0.937872,"[0.607974, 0.502286, 0.0882081, 0.161909]",26424
881,00:14:41,Frazier,1,0.939426,"[0.60226, 0.507113, 0.0960677, 0.158453]",26435
882,00:14:42,Frazier,1,0.863362,"[0.634949, 0.462589, 0.0388184, 0.232857]",26478
883,00:14:43,Frazier,1,0.921209,"[0.625639, 0.464958, 0.0533407, 0.229326]",26496
884,00:14:44,Frazier,1,0.920013,"[0.622036, 0.460977, 0.0626059, 0.234877]",26530
885,00:14:45,Frazier,1,0.904156,"[0.630056, 0.457808, 0.0476925, 0.241515]",26564
886,00:14:46,Frazier,1,0.887709,"[0.632686, 0.459961, 0.0442015, 0.235819]",26591
887,00:14:47,Frazier,1,0.902748,"[0.629428, 0.468085, 0.0492781, 0.21922]",26633
888,00:14:48,Frazier,1,0.942937,"[0.612374, 0.489745, 0.0813816, 0.181945]",26654
889,00:14:49,Frazier,1,0.910626,"[0.620047, 0.466843, 0.0593927, 0.220396]",26690
890,00:14:50,Frazier,1,0.883528,"[0.608999, 0.467546, 0.0742399, 0.223103]",26701
891,00:14:51,Frazier,1,0.897411,"[0.618913, 0.466325, 0.0639701, 0.223898]",26732
892,00:14:52,Frazier,1,0.906285,"[0.620388, 0.480262, 0.0607601, 0.196812]",26761
893,00:14:53,Frazier,1,0.920089,"[0.606836, 0.460174, 0.0784964, 0.234415]",26816
894,00:14:54,Frazier,1,0.919508,"[0.609028, 0.457921, 0.0620752, 0.235103]",26822
895,00:14:55,Frazier,1,0.849998,"[0.626508, 0.456836, 0.035976, 0.236461]",26852
896,00:14:56,Frazier,1,0.90556,"[0.611404, 0.449025, 0.0826576, 0.251825]",26902
897,00:14:57,Frazier,1,0.882162,"[0.588223, 0.454886, 0.131705, 0.202435]",26915
898,00:14:58,Frazier,1,0.935453,"[0.60519, 0.473897, 0.0947365, 0.206369]",26969
899,00:14:59,Frazier,1,0.937962,"[0.617913, 0.466236, 0.0617659, 0.225544]",26977
900,00:15:00,Frazier,1,0.928749,"[0.619854, 0.450207, 0.0666786, 0.256039]",27015
901,00:15:01,Frazier,1,0.937818,"[0.617918, 0.454379, 0.0743481, 0.246941]",27045
902,00:15:02,Frazier,1,0.94381,"[0.616444, 0.467733, 0.0784953, 0.225956]",27061
903,00:15:03,Frazier,1,0.954271,"[0.617983, 0.468619, 0.071291, 0.222658]",27106
904,00:15:04,Frazier,1,0.946764,"[0.617157, 0.473726, 0.0722412, 0.215484]",27140
905,00:15:05,Frazier,1,0.946222,"[0.616713, 0.460101, 0.0768147, 0.237205]",27173
906,00:15:06,Frazier,1,0.928201,"[0.609211, 0.485882, 0.0907049, 0.191884]",27181
907,00:15:07,Frazier,1,0.938006,"[0.61232, 0.502739, 0.0810433, 0.16198]",27228
908,00:15:08,Frazier,1,0.929309,"[0.581585, 0.505299, 0.121352, 0.131462]",27258
909,00:15:09,Frazier,1,0.908418,"[0.607052, 0.519725, 0.0881587, 0.132224]",27295
910,00:15:10,Frazier,1,0.926701,"[0.612656, 0.511946, 0.0773869, 0.14498]",27318
911,00:15:11,Frazier,1,0.936457,"[0.612019, 0.51331, 0.0764074, 0.140991]",27336
912,00:15:12,Frazier,1,0.926924,"[0.609126, 0.522657, 0.0909569, 0.113691]",27360
913,00:15:13,Frazier,1,0.927613,"[0.604528, 0.529024, 0.0960245, 0.107602]",27398
914,00:15:14,Frazier,1,0.912492,"[0.602364, 0.526465, 0.101671, 0.114942]",27433
915,00:15:15,Frazier,1,0.917603,"[0.601611, 0.520042, 0.0995955, 0.125436]",27479
916,00:15:16,Frazier,1,0.929005,"[0.604608, 0.520557, 0.0978663, 0.121756]",27509
917,00:15:17,Frazier,1,0.942698,"[0.606797, 0.517755, 0.093803, 0.126982]",27511
918,00:15:18,Frazier,1,0.847573,"[0.578627, 0.511168, 0.116167, 0.137815]",27541
929,00:15:29,Forceps,2,0.900582,"[0.617294, 0.507228, 0.100668, 0.108847]",27899
930,00:15:30,Forceps,2,0.885696,"[0.615237, 0.507704, 0.105378, 0.106326]",27900
931,00:15:31,Forceps,2,0.900553,"[0.606295, 0.514772, 0.107616, 0.122342]",27937
932,00:15:32,Forceps,2,0.849144,"[0.623563, 0.544298, 0.0707615, 0.0704665]",27972
933,00:15:33,Forceps,2,0.881056,"[0.622592, 0.502574, 0.066655, 0.151596]",28012
934,00:15:34,Forceps,2,0.868937,"[0.619943, 0.513726, 0.0777657, 0.126204]",28024
935,00:15:35,Forceps,2,0.900905,"[0.606169, 0.533282, 0.0865898, 0.106914]",28074
936,00:15:36,Forceps,2,0.889619,"[0.606558, 0.526669, 0.0880032, 0.105473]",28098
937,00:15:37,Forceps,2,0.86401,"[0.585149, 0.523731, 0.139416, 0.10835]",28138
938,00:15:38,Forceps,2,0.892593,"[0.590099, 0.529376, 0.129794, 0.10774]",28146
939,00:15:39,Forceps,2,0.860122,"[0.619014, 0.529043, 0.0699198, 0.103159]",28174
957,00:15:57,Freer,4,0.862201,"[0.574029, 0.490135, 0.143182, 0.157525]",28733
958,00:15:58,Freer,4,0.904427,"[0.589491, 0.500517, 0.141339, 0.159608]",28754
959,00:15:59,Freer,4,0.950846,"[0.598615, 0.488908, 0.113886, 0.177803]",28799
960,00:16:00,Freer,4,0.978323,"[0.601694, 0.4887, 0.106935, 0.18047]",28806
961,00:16:01,Freer,4,0.943771,"[0.592543, 0.510392, 0.125139, 0.149495]",28852
962,00:16:02,Freer,4,0.976158,"[0.598644, 0.512239, 0.115109, 0.140223]",28879
963,00:16:03,Freer,4,0.974483,"[0.601375, 0.506132, 0.109955, 0.154603]",28918
964,00:16:04,Freer,4,0.970961,"[0.60832, 0.507126, 0.0961767, 0.147958]",28947
965,00:16:05,Freer,4,0.956861,"[0.606532, 0.50195, 0.0949721, 0.146254]",28951
966,00:16:06,Freer,4,0.957445,"[0.605055, 0.499817, 0.0979481, 0.161279]",28999
967,00:16:07,Freer,4,0.970094,"[0.605268, 0.498011, 0.0996265, 0.161981]",29036
968,00:16:08,Freer,4,0.963133,"[0.60593, 0.501743, 0.097086, 0.160704]",29040
969,00:16:09,Freer,4,0.971296,"[0.601102, 0.503509, 0.109121, 0.162755]",29081
970,00:16:10,Freer,4,0.966976,"[0.599434, 0.503469, 0.11635, 0.156588]",29113
971,00:16:11,Freer,4,0.959334,"[0.602879, 0.497375, 0.109368, 0.170264]",29133
972,00:16:12,Freer,4,0.972747,"[0.59812, 0.504299, 0.112151, 0.156181]",29163
973,00:16:13,Freer,4,0.957921,"[0.59636, 0.511185, 0.117112, 0.1485]",29201
974,00:16:14,Freer,4,0.970619,"[0.60751, 0.489484, 0.0991171, 0.1854]",29232
975,00:16:15,Freer,4,0.951175,"[0.609564, 0.492384, 0.0939161, 0.172328]",29251
976,00:16:16,Freer,4,0.958438,"[0.610027, 0.492022, 0.0913487, 0.175591]",29295
977,00:16:17,Freer,4,0.963532,"[0.602859, 0.492824, 0.113391, 0.170144]",29337
978,00:16:18,Freer,4,0.968691,"[0.598407, 0.493732, 0.115248, 0.175265]",29349
979,00:16:19,Freer,4,0.984167,"[0.606945, 0.490171, 0.0938047, 0.190803]",29390
980,00:16:20,Freer,4,0.962919,"[0.612039, 0.485391, 0.079511, 0.193089]",29401
983,00:16:23,Forceps,2,0.881698,"[0.600612, 0.506245, 0.118779, 0.106912]",29503
984,00:16:24,Forceps,2,0.891767,"[0.598092, 0.517898, 0.124629, 0.116783]",29538
985,00:16:25,Forceps,2,0.878046,"[0.59912, 0.516057, 0.122865, 0.120723]",29578
986,00:16:26,Forceps,2,0.900408,"[0.597318, 0.515965, 0.125303, 0.121375]",29605
987,00:16:27,Forceps,2,0.904216,"[0.607485, 0.515841, 0.0968069, 0.133066]",29617
994,00:16:34,Freer,4,0.965959,"[0.604146, 0.482229, 0.112017, 0.189888]",29847
995,00:16:35,Freer,4,0.98244,"[0.605355, 0.487324, 0.101449, 0.193734]",29852
996,00:16:36,Freer,4,0.982175,"[0.609908, 0.490365, 0.0939508, 0.184164]",29887
997,00:16:37,Freer,4,0.954224,"[0.613018, 0.501478, 0.0902906, 0.153376]",29919
998,00:16:38,Freer,4,0.95491,"[0.61463, 0.505248, 0.0865009, 0.150819]",29940
999,00:16:39,Freer,4,0.95924,"[0.602611, 0.512326, 0.110841, 0.142541]",29976
1000,00:16:40,Freer,4,0.95673,"[0.604465, 0.519331, 0.104149, 0.123362]",30006
1001,00:16:41,Freer,4,0.885588,"[0.604826, 0.533372, 0.102239, 0.104284]",30049
1002,00:16:42,Freer,4,0.963454,"[0.605422, 0.51063, 0.104002, 0.139329]",30085
1003,00:16:43,Freer,4,0.969781,"[0.603486, 0.510927, 0.105333, 0.141728]",30093
1004,00:16:44,Freer,4,0.970889,"[0.603246, 0.511193, 0.109004, 0.142354]",30123
1005,00:16:45,Freer,4,0.972336,"[0.601563, 0.5036, 0.113785, 0.156528]",30179
1006,00:16:46,Freer,4,0.980812,"[0.608316, 0.502247, 0.0982351, 0.162595]",30203
1007,00:16:47,Freer,4,0.974345,"[0.602016, 0.5074, 0.113024, 0.151069]",30230
1008,00:16:48,Freer,4,0.95871,"[0.600087, 0.510686, 0.116919, 0.144503]",30240
1009,00:16:49,Freer,4,0.955473,"[0.599465, 0.515329, 0.115613, 0.134741]",30273
1010,00:16:50,Freer,4,0.969756,"[0.602541, 0.514439, 0.110259, 0.137376]",30322
1011,00:16:51,Freer,4,0.963404,"[0.605991, 0.522255, 0.105949, 0.122065]",30358
1012,00:16:52,Freer,4,0.969402,"[0.602551, 0.523637, 0.10788, 0.124037]",30372
1013,00:16:53,Freer,4,0.953959,"[0.601421, 0.525648, 0.117218, 0.119008]",30402
1015,00:16:55,Freer,4,0.943079,"[0.579001, 0.482946, 0.139959, 0.166127]",30463
1016,00:16:56,Freer,4,0.980592,"[0.596021, 0.495862, 0.120969, 0.167799]",30499
1017,00:16:57,Freer,4,0.943453,"[0.590435, 0.501729, 0.128136, 0.152533]",30511
1018,00:16:58,Freer,4,0.957641,"[0.592859, 0.506801, 0.117949, 0.154051]",30569
1019,00:16:59,Freer,4,0.981306,"[0.59658, 0.505775, 0.117071, 0.154223]",30572
1020,00:17:00,Freer,4,0.984672,"[0.599524, 0.51743, 0.111129, 0.133192]",30605
1025,00:17:05,Forceps,2,0.885974,"[0.61044, 0.529487, 0.0998144, 0.100019]",30773
1026,00:17:06,Forceps,2,0.892681,"[0.592411, 0.529941, 0.130074, 0.0980031]",30794
1027,00:17:07,Forceps,2,0.899321,"[0.619136, 0.531849, 0.0808446, 0.0902863]",30833
1028,00:17:08,Forceps,2,0.889785,"[0.620754, 0.532392, 0.0790907, 0.0872282]",30857
1029,00:17:09,Forceps,2,0.875299,"[0.625191, 0.537498, 0.0691545, 0.077791]",30874
1030,00:17:10,Forceps,2,0.882241,"[0.602078, 0.527348, 0.12158, 0.0905281]",30922
1031,00:17:11,Forceps,2,0.892668,"[0.605109, 0.509246, 0.110747, 0.126777]",30958
1032,00:17:12,Forceps,2,0.88562,"[0.605894, 0.510955, 0.109128, 0.122484]",30961
1033,00:17:13,Forceps,2,0.865668,"[0.603653, 0.525286, 0.114202, 0.0974786]",30999
1034,00:17:14,Forceps,2,0.854327,"[0.604354, 0.50438, 0.108159, 0.0971831]",31026
1035,00:17:15,Forceps,2,0.870327,"[0.608052, 0.530599, 0.10324, 0.100879]",31073
1036,00:17:16,Forceps,2,0.891609,"[0.602006, 0.519011, 0.118021, 0.11665]",31093
1037,00:17:17,Forceps,2,0.884451,"[0.610202, 0.511072, 0.104129, 0.120468]",31139
1038,00:17:18,Forceps,2,0.899291,"[0.610308, 0.512577, 0.105568, 0.118384]",31141
1039,00:17:19,Forceps,2,0.871459,"[0.604572, 0.527483, 0.0927799, 0.105056]",31192
1040,00:17:20,Forceps,2,0.874838,"[0.602527, 0.519976, 0.117993, 0.113334]",31229
1041,00:17:21,Forceps,2,0.899482,"[0.594605, 0.515549, 0.131178, 0.122941]",31236
1042,00:17:22,Forceps,2,0.874645,"[0.605703, 0.51799, 0.119564, 0.108807]",31289
1043,00:17:23,Forceps,2,0.91313,"[0.603776, 0.509442, 0.121516, 0.124704]",31297
1044,00:17:24,Forceps,2,0.894138,"[0.613827, 0.514724, 0.103125, 0.10378]",31336
1045,00:17:25,Forceps,2,0.900895,"[0.609716, 0.505943, 0.11049, 0.124215]",31354
1046,00:17:26,Forceps,2,0.91056,"[0.608625, 0.507466, 0.109049, 0.120404]",31386
1047,00:17:27,Forceps,2,0.910372,"[0.597093, 0.492779, 0.119763, 0.16347]",31435
1048,00:17:28,Forceps,2,0.910865,"[0.597901, 0.515925, 0.0922829, 0.145648]",31463
1049,00:17:29,Forceps,2,0.819841,"[0.607218, 0.468488, 0.0924781, 0.08973]",31470
1050,00:17:30,Forceps,2,0.88314,"[0.594197, 0.507656, 0.11905, 0.107227]",31513
1051,00:17:31,Forceps,2,0.866327,"[0.6094, 0.518762, 0.101611, 0.116375]",31558
1052,00:17:32,Forceps,2,0.913029,"[0.605003, 0.510962, 0.110844, 0.12824]",31583
1053,00:17:33,Forceps,2,0.898624,"[0.606516, 0.513114, 0.109385, 0.125752]",31593
1054,00:17:34,Forceps,2,0.90965,"[0.609814, 0.509009, 0.10729, 0.122784]",31632
1055,00:17:35,Forceps,2,0.902572,"[0.605699, 0.511098, 0.117303, 0.122456]",31654
1056,00:17:36,Forceps,2,0.920702,"[0.614683, 0.491615, 0.0958697, 0.165491]",31692
1068,00:17:48,Forceps,2,0.827387,"[0.611803, 0.50615, 0.0844207, 0.141548]",32069
1069,00:17:49,Forceps,2,0.914751,"[0.619401, 0.508826, 0.0854096, 0.13145]",32097
1070,00:17:50,Forceps,2,0.93424,"[0.622727, 0.493027, 0.0755388, 0.158774]",32129
1071,00:17:51,Forceps,2,0.94227,"[0.626858, 0.497288, 0.0693028, 0.143546]",32138
1072,00:17:52,Forceps,2,0.899336,"[0.612415, 0.506577, 0.09408, 0.137646]",32188
1073,00:17:53,Forceps,2,0.946496,"[0.622492, 0.490714, 0.0749215, 0.164598]",32211
1074,00:17:54,Forceps,2,0.921215,"[0.640812, 0.48546, 0.0493237, 0.170131]",32227
1075,00:17:55,Forceps,2,0.940373,"[0.643524, 0.483679, 0.0458022, 0.170204]",32279
1076,00:17:56,Forceps,2,0.948796,"[0.633398, 0.487011, 0.0643885, 0.15273]",32293
1077,00:17:57,Forceps,2,0.932108,"[0.629744, 0.489644, 0.0669375, 0.155379]",32313
1078,00:17:58,Forceps,2,0.923003,"[0.621686, 0.495849, 0.0840616, 0.145149]",32346
1079,00:17:59,Forceps,2,0.935938,"[0.616344, 0.502279, 0.0880094, 0.138995]",32392
1080,00:18:00,Forceps,2,0.919305,"[0.625261, 0.504458, 0.072674, 0.125525]",32421
1081,00:18:01,Forceps,2,0.898877,"[0.61697, 0.503445, 0.0876573, 0.129859]",32445
1082,00:18:02,Forceps,2,0.872628,"[0.615656, 0.523264, 0.0894067, 0.104978]",32460
1083,00:18:03,Forceps,2,0.906501,"[0.618437, 0.509787, 0.0868148, 0.117519]",32496
1087,00:18:07,Forceps,2,0.882341,"[0.61717, 0.518792, 0.0809376, 0.120225]",32639
1088,00:18:08,Forceps,2,0.936626,"[0.626768, 0.505023, 0.0629712, 0.141964]",32669
1089,00:18:09,Forceps,2,0.951338,"[0.635481, 0.49972, 0.0507395, 0.148372]",32699
1090,00:18:10,Forceps,2,0.955495,"[0.635807, 0.499512, 0.0502642, 0.147918]",32700
1091,00:18:11,Forceps,2,0.946003,"[0.636099, 0.499891, 0.0516856, 0.144726]",32748
1092,00:18:12,Forceps,2,0.94842,"[0.645966, 0.498313, 0.0395659, 0.140077]",32772
1093,00:18:13,Forceps,2,0.958943,"[0.638131, 0.499032, 0.0528362, 0.139167]",32817
1094,00:18:14,Forceps,2,0.940549,"[0.643089, 0.509728, 0.0480705, 0.1214]",32844
1095,00:18:15,Forceps,2,0.948361,"[0.639805, 0.508609, 0.0542439, 0.120168]",32861
1102,00:18:22,Frazier,1,0.886287,"[0.615498, 0.451644, 0.0765751, 0.257696]",33088
1103,00:18:23,Frazier,1,0.909081,"[0.630572, 0.448061, 0.0513959, 0.261412]",33093
1104,00:18:24,Frazier,1,0.927227,"[0.619162, 0.462545, 0.0789944, 0.236603]",33137
1105,00:18:25,Frazier,1,0.902496,"[0.609547, 0.490014, 0.0941994, 0.182388]",33175
1106,00:18:26,Frazier,1,0.928523,"[0.610648, 0.469504, 0.0884762, 0.222069]",33199
1107,00:18:27,Frazier,1,0.919712,"[0.611029, 0.469634, 0.0918446, 0.227453]",33217
1108,00:18:28,Frazier,1,0.904725,"[0.610267, 0.485102, 0.0938564, 0.199034]",33269
1109,00:18:29,Frazier,1,0.914907,"[0.610062, 0.489927, 0.0945605, 0.180944]",33287
1110,00:18:30,Frazier,1,0.94356,"[0.621219, 0.463142, 0.0756615, 0.225807]",33328
1111,00:18:31,Frazier,1,0.940891,"[0.620548, 0.463739, 0.076581, 0.226443]",33330
1112,00:18:32,Frazier,1,0.906704,"[0.595632, 0.496745, 0.120523, 0.16398]",33373
1113,00:18:33,Frazier,1,0.910104,"[0.604337, 0.487971, 0.107944, 0.177955]",33412
1114,00:18:34,Frazier,1,0.92416,"[0.602668, 0.521955, 0.100189, 0.123468]",33443
1115,00:18:35,Frazier,1,0.903325,"[0.602017, 0.522105, 0.101792, 0.12372]",33451
1116,00:18:36,Frazier,1,0.908747,"[0.595518, 0.499877, 0.113058, 0.164507]",33496
1117,00:18:37,Frazier,1,0.932289,"[0.620188, 0.463811, 0.0734905, 0.227935]",33539
1118,00:18:38,Frazier,1,0.92173,"[0.621188, 0.460963, 0.0714123, 0.23427]",33540
1119,00:18:39,Frazier,1,0.901538,"[0.632857, 0.445437, 0.0482587, 0.247728]",33597
1120,00:18:40,Frazier,1,0.89714,"[0.633856, 0.450129, 0.0427452, 0.252678]",33617
1121,00:18:41,Frazier,1,0.923509,"[0.608064, 0.449813, 0.0779913, 0.239165]",33649
1140,00:19:00,Frazier,1,0.793627,"[0.635655, 0.448909, 0.0351119, 0.250494]",34223
1141,00:19:01,Frazier,1,0.839175,"[0.650596, 0.45637, 0.0226554, 0.24277]",34238
1142,00:19:02,Frazier,1,0.883824,"[0.632251, 0.449449, 0.0436844, 0.247231]",34286
1143,00:19:03,Frazier,1,0.912017,"[0.626485, 0.449594, 0.0586685, 0.242418]",34309
1144,00:19:04,Frazier,1,0.909507,"[0.625752, 0.447085, 0.0550554, 0.250361]",34325
1145,00:19:05,Frazier,1,0.882562,"[0.630872, 0.44902, 0.0444057, 0.249264]",34363
1146,00:19:06,Frazier,1,0.918616,"[0.622758, 0.441952, 0.0574139, 0.262649]",34392
1147,00:19:07,Frazier,1,0.871954,"[0.625041, 0.445013, 0.0512012, 0.258831]",34413
1153,00:19:13,Freer,4,0.77968,"[0.585378, 0.49281, 0.135902, 0.148486]",34618
1154,00:19:14,Freer,4,0.960816,"[0.629482, 0.493852, 0.0560524, 0.173087]",34647
1155,00:19:15,Freer,4,0.922813,"[0.636711, 0.461085, 0.0449639, 0.241814]",34673
1156,00:19:16,Freer,4,0.927334,"[0.635673, 0.48095, 0.0439755, 0.208976]",34709
1157,00:19:17,Freer,4,0.930793,"[0.634988, 0.484065, 0.0446478, 0.201441]",34713
1158,00:19:18,Freer,4,0.941419,"[0.639001, 0.464705, 0.036301, 0.238792]",34746
1159,00:19:19,Freer,4,0.931476,"[0.637458, 0.459003, 0.0369647, 0.245356]",34790
1160,00:19:20,Freer,4,0.930464,"[0.631529, 0.482307, 0.0450033, 0.20375]",34829
1161,00:19:21,Freer,4,0.945545,"[0.62719, 0.483367, 0.0546675, 0.198106]",34838
1162,00:19:22,Freer,4,0.906651,"[0.649193, 0.464889, 0.0209358, 0.253262]",34871
1163,00:19:23,Freer,4,0.928705,"[0.648019, 0.468014, 0.0215468, 0.247257]",34899
1164,00:19:24,Freer,4,0.914364,"[0.647706, 0.466713, 0.0191249, 0.246868]",34925
1165,00:19:25,Freer,4,0.861858,"[0.649468, 0.474851, 0.0154655, 0.219037]",34952
1166,00:19:26,Freer,4,0.924808,"[0.644, 0.486783, 0.0265266, 0.197387]",34994
1167,00:19:27,Freer,4,0.881289,"[0.644669, 0.484562, 0.0277496, 0.199757]",35030
1168,00:19:28,Freer,4,0.867213,"[0.646875, 0.478851, 0.0178066, 0.209122]",35040
1169,00:19:29,Freer,4,0.945205,"[0.640677, 0.475635, 0.0407284, 0.213039]",35096
1170,00:19:30,Freer,4,0.95297,"[0.630253, 0.484505, 0.0600774, 0.184941]",35122
1171,00:19:31,Freer,4,0.957888,"[0.63409, 0.484852, 0.0480603, 0.184933]",35152
1176,00:19:36,Forceps,2,0.964872,"[0.619976, 0.500199, 0.0797947, 0.153017]",35308
1177,00:19:37,Forceps,2,0.926355,"[0.631016, 0.491332, 0.0555967, 0.171149]",35321
1178,00:19:38,Forceps,2,0.936534,"[0.642966, 0.492375, 0.0406958, 0.156378]",35367
1179,00:19:39,Forceps,2,0.934429,"[0.642008, 0.489594, 0.0437298, 0.162552]",35394
1180,00:19:40,Forceps,2,0.942641,"[0.642558, 0.488017, 0.0451988, 0.163528]",35404
1181,00:19:41,Forceps,2,0.922495,"[0.616713, 0.507865, 0.0952534, 0.137343]",35456
1182,00:19:42,Forceps,2,0.964807,"[0.633677, 0.50725, 0.0580875, 0.130015]",35487
1183,00:19:43,Forceps,2,0.95674,"[0.634748, 0.507836, 0.0562717, 0.127825]",35490
1184,00:19:44,Forceps,2,0.910446,"[0.650486, 0.495616, 0.0398041, 0.149815]",35521
1185,00:19:45,Forceps,2,0.915992,"[0.645514, 0.502532, 0.0305838, 0.153989]",35564
1186,00:19:46,Forceps,2,0.926557,"[0.63283, 0.520896, 0.0456291, 0.122063]",35589
1187,00:19:47,Forceps,2,0.900649,"[0.635489, 0.506552, 0.0400178, 0.13852]",35610
1191,00:19:51,Frazier,1,0.911298,"[0.59859, 0.512776, 0.115925, 0.12735]",35754
1192,00:19:52,Frazier,1,0.950158,"[0.606687, 0.504309, 0.0957762, 0.153271]",35780
1193,00:19:53,Frazier,1,0.944898,"[0.621568, 0.477309, 0.072263, 0.200958]",35813
1194,00:19:54,Frazier,1,0.943156,"[0.621859, 0.47785, 0.0709743, 0.200952]",35825
1195,00:19:55,Frazier,1,0.936013,"[0.629677, 0.467142, 0.0640095, 0.221416]",35853
1196,00:19:56,Frazier,1,0.799295,"[0.596863, 0.424126, 0.132831, 0.092298]",35890
1197,00:19:57,Frazier,1,0.952562,"[0.615403, 0.504498, 0.0853134, 0.151421]",35939
1198,00:19:58,Frazier,1,0.950456,"[0.620612, 0.487875, 0.0745495, 0.185155]",35953
1199,00:19:59,Frazier,1,0.944838,"[0.622079, 0.49587, 0.0734633, 0.16353]",35994
1200,00:20:00,Frazier,1,0.951598,"[0.630457, 0.50372, 0.0660362, 0.147096]",36003
1201,00:20:01,Frazier,1,0.956875,"[0.620443, 0.514972, 0.0765192, 0.127863]",36053
1202,00:20:02,Frazier,1,0.955533,"[0.621635, 0.512755, 0.0748093, 0.131058]",36074
1203,00:20:03,Frazier,1,0.956837,"[0.622874, 0.510826, 0.0716696, 0.134154]",36115
1204,00:20:04,Frazier,1,0.954546,"[0.621717, 0.506194, 0.0752495, 0.137193]",36125
1205,00:20:05,Frazier,1,0.948211,"[0.612652, 0.513408, 0.0829679, 0.137345]",36179
1206,00:20:06,Frazier,1,0.946374,"[0.612869, 0.512877, 0.0823845, 0.138287]",36180
1207,00:20:07,Frazier,1,0.948941,"[0.605985, 0.503936, 0.104885, 0.147223]",36215
1208,00:20:08,Frazier,1,0.936126,"[0.614426, 0.487054, 0.0862516, 0.175985]",36268
1209,00:20:09,Frazier,1,0.943778,"[0.614341, 0.482274, 0.0787847, 0.190741]",36278
1210,00:20:10,Frazier,1,0.94462,"[0.612948, 0.481178, 0.0791908, 0.196821]",36301
1214,00:20:14,Frazier,1,0.820427,"[0.603851, 0.475929, 0.134274, 0.153469]",36449
1215,00:20:15,Frazier,1,0.924038,"[0.607559, 0.493941, 0.108896, 0.166232]",36460
1216,00:20:16,Frazier,1,0.913207,"[0.624497, 0.469563, 0.0508669, 0.223982]",36488
1217,00:20:17,Frazier,1,0.766141,"[0.645441, 0.461904, 0.0267447, 0.241742]",36521
1218,00:20:18,Frazier,1,0.759169,"[0.643095, 0.463607, 0.0223942, 0.237381]",36547
1219,00:20:19,Frazier,1,0.754578,"[0.645812, 0.453058, 0.0202145, 0.24671]",36583
1220,00:20:20,Frazier,1,0.811859,"[0.639932, 0.446748, 0.0315308, 0.255964]",36619
1221,00:20:21,Frazier,1,0.772052,"[0.635657, 0.45342, 0.028412, 0.251234]",36647
1222,00:20:22,Frazier,1,0.734544,"[0.637, 0.45081, 0.023196, 0.254957]",36660
1223,00:20:23,Frazier,1,0.86193,"[0.635271, 0.44653, 0.0417303, 0.24731]",36705
1224,00:20:24,Frazier,1,0.890463,"[0.598385, 0.457682, 0.125668, 0.160447]",36749
1225,00:20:25,Frazier,1,0.927221,"[0.628768, 0.465875, 0.0531351, 0.226696]",36776
1226,00:20:26,Frazier,1,0.871319,"[0.634974, 0.461261, 0.0397596, 0.239958]",36780
1227,00:20:27,Frazier,1,0.829662,"[0.649716, 0.448434, 0.02228, 0.260168]",36811
1228,00:20:28,Frazier,1,0.766527,"[0.662952, 0.455994, 0.0206078, 0.239854]",36851
1229,00:20:29,Frazier,1,0.784992,"[0.65259, 0.445171, 0.0222491, 0.269154]",36899
1230,00:20:30,Frazier,1,0.802065,"[0.648506, 0.447762, 0.0277425, 0.262301]",36904
1231,00:20:31,Frazier,1,0.772417,"[0.642267, 0.443863, 0.0205228, 0.253642]",36932
1232,00:20:32,Frazier,1,0.740424,"[0.649692, 0.442466, 0.0231286, 0.261121]",36963
1233,00:20:33,Frazier,1,0.815958,"[0.646284, 0.449478, 0.0304022, 0.250602]",37012
1234,00:20:34,Frazier,1,0.749992,"[0.643665, 0.457088, 0.0214315, 0.241836]",37023
1235,00:20:35,Frazier,1,0.781728,"[0.64157, 0.44406, 0.0292446, 0.254409]",37064
1236,00:20:36,Frazier,1,0.789869,"[0.642262, 0.456429, 0.0251849, 0.241668]",37102
1237,00:20:37,Frazier,1,0.793762,"[0.64186, 0.453618, 0.0285709, 0.25137]",37114
1238,00:20:38,Frazier,1,0.875142,"[0.635508, 0.448158, 0.0488194, 0.245115]",37169
1239,00:20:39,Frazier,1,0.913782,"[0.63371, 0.44901, 0.0499942, 0.246052]",37176
1240,00:20:40,Frazier,1,0.930304,"[0.618774, 0.490512, 0.0689757, 0.183022]",37214
1241,00:20:41,Frazier,1,0.893024,"[0.631383, 0.469216, 0.0418917, 0.225201]",37251
1242,00:20:42,Frazier,1,0.885895,"[0.632551, 0.461146, 0.0433151, 0.236455]",37281
1243,00:20:43,Frazier,1,0.809798,"[0.641228, 0.46189, 0.0264699, 0.234918]",37308
1244,00:20:44,Frazier,1,0.755275,"[0.642741, 0.46033, 0.0221344, 0.24382]",37344
1245,00:20:45,Frazier,1,0.779117,"[0.638936, 0.453219, 0.0244417, 0.256204]",37371
1246,00:20:46,Frazier,1,0.826506,"[0.634355, 0.45035, 0.0375774, 0.245571]",37404
1247,00:20:47,Frazier,1,0.800803,"[0.648112, 0.455863, 0.018162, 0.237533]",37439
1248,00:20:48,Frazier,1,0.805785,"[0.647469, 0.455733, 0.0197362, 0.238966]",37440
1249,00:20:49,Frazier,1,0.859998,"[0.636958, 0.437754, 0.0508404, 0.255562]",37495
1250,00:20:50,Frazier,1,0.827801,"[0.636387, 0.439163, 0.0391724, 0.254629]",37508
1251,00:20:51,Frazier,1,0.906672,"[0.61644, 0.474301, 0.0525571, 0.199768]",37559
1252,00:20:52,Frazier,1,0.886544,"[0.620972, 0.474024, 0.0467791, 0.20835]",37561
1253,00:20:53,Frazier,1,0.820172,"[0.664948, 0.470373, 0.0278224, 0.223545]",37618
1254,00:20:54,Frazier,1,0.76068,"[0.661849, 0.4632, 0.0193851, 0.235749]",37622
1255,00:20:55,Frazier,1,0.756289,"[0.647245, 0.451592, 0.0254293, 0.256023]",37665
1256,00:20:56,Frazier,1,0.900795,"[0.638303, 0.440381, 0.0509553, 0.257139]",37707
1257,00:20:57,Frazier,1,0.909437,"[0.625413, 0.451223, 0.0738922, 0.248403]",37715
1258,00:20:58,Frazier,1,0.941466,"[0.626634, 0.480262, 0.051657, 0.199323]",37764
1259,00:20:59,Frazier,1,0.813897,"[0.649381, 0.459177, 0.0190015, 0.236985]",37772
1260,00:21:00,Frazier,1,0.790108,"[0.680116, 0.444423, 0.0365288, 0.255356]",37820
1261,00:21:01,Frazier,1,0.814302,"[0.673213, 0.455326, 0.0260876, 0.240643]",37839
1262,00:21:02,Frazier,1,0.769727,"[0.667351, 0.457389, 0.0232599, 0.237444]",37883
1263,00:21:03,Frazier,1,0.78971,"[0.669791, 0.466661, 0.0285605, 0.22378]",37894
1264,00:21:04,Frazier,1,0.753406,"[0.662784, 0.461298, 0.0229664, 0.232131]",37943
1265,00:21:05,Frazier,1,0.87452,"[0.641615, 0.491142, 0.037179, 0.178539]",37978
1266,00:21:06,Frazier,1,0.950224,"[0.628539, 0.491783, 0.0561587, 0.178448]",37990
1267,00:21:07,Frazier,1,0.929254,"[0.628787, 0.469447, 0.0587608, 0.222744]",38015
1268,00:21:08,Frazier,1,0.937575,"[0.628523, 0.496519, 0.0588033, 0.167644]",38048
1269,00:21:09,Frazier,1,0.934988,"[0.624809, 0.470415, 0.0656258, 0.214611]",38082
1270,00:21:10,Frazier,1,0.930221,"[0.628237, 0.46091, 0.0604594, 0.226852]",38121
1271,00:21:11,Frazier,1,0.910548,"[0.602507, 0.514501, 0.0942008, 0.146177]",38145
1272,00:21:12,Frazier,1,0.934455,"[0.630871, 0.500442, 0.0459042, 0.155241]",38184
1273,00:21:13,Frazier,1,0.911036,"[0.634676, 0.492992, 0.0380226, 0.173918]",38206
1274,00:21:14,Frazier,1,0.9419,"[0.623232, 0.505791, 0.0602067, 0.148622]",38249
1275,00:21:15,Frazier,1,0.954717,"[0.618316, 0.49941, 0.0706531, 0.158375]",38256
1276,00:21:16,Frazier,1,0.922931,"[0.614689, 0.53424, 0.0731225, 0.0963071]",38294
1277,00:21:17,Frazier,1,0.940513,"[0.632342, 0.502501, 0.0414242, 0.154394]",38337
1278,00:21:18,Frazier,1,0.928001,"[0.633699, 0.500199, 0.0409565, 0.156732]",38340
1279,00:21:19,Frazier,1,0.823301,"[0.6436, 0.501425, 0.0228294, 0.154955]",38382
1280,00:21:20,Frazier,1,0.850984,"[0.643759, 0.500493, 0.0262339, 0.157008]",38429
1281,00:21:21,Frazier,1,0.940877,"[0.62211, 0.469248, 0.0612689, 0.222568]",38452
1284,00:21:24,Frazier,1,0.957942,"[0.622473, 0.499994, 0.0685404, 0.150734]",38549
1285,00:21:25,Frazier,1,0.930845,"[0.624662, 0.497788, 0.0647094, 0.153602]",38550
1286,00:21:26,Frazier,1,0.9222,"[0.632354, 0.50599, 0.0550671, 0.124798]",38606
1287,00:21:27,Frazier,1,0.927932,"[0.631952, 0.498897, 0.0569399, 0.138553]",38615
1288,00:21:28,Frazier,1,0.907135,"[0.641469, 0.494967, 0.0477549, 0.14235]",38667
1289,00:21:29,Frazier,1,0.914814,"[0.64454, 0.49627, 0.0457811, 0.129524]",38677
1290,00:21:30,Frazier,1,0.932936,"[0.627763, 0.51493, 0.0602343, 0.108361]",38716
1291,00:21:31,Frazier,1,0.940605,"[0.621344, 0.516431, 0.0708848, 0.111554]",38741
1292,00:21:32,Frazier,1,0.951812,"[0.610453, 0.53667, 0.0831261, 0.0861221]",38777
1293,00:21:33,Frazier,1,0.955333,"[0.610523, 0.535956, 0.08492, 0.0888375]",38798
1294,00:21:34,Frazier,1,0.855598,"[0.608342, 0.548852, 0.0855879, 0.0671041]",38820
1295,00:21:35,Frazier,1,0.905453,"[0.609203, 0.545489, 0.0869967, 0.0674189]",38871
1296,00:21:36,Frazier,1,0.91362,"[0.611165, 0.544404, 0.0841084, 0.0742291]",38909
1297,00:21:37,Frazier,1,0.955474,"[0.614123, 0.537029, 0.0804445, 0.0845129]",38923
1298,00:21:38,Frazier,1,0.953504,"[0.613772, 0.535818, 0.0805234, 0.0893831]",38948
1299,00:21:39,Frazier,1,0.937222,"[0.611816, 0.523075, 0.0849863, 0.111066]",38989
1300,00:21:40,Frazier,1,0.929959,"[0.607838, 0.523704, 0.0917959, 0.113526]",39001
1301,00:21:41,Frazier,1,0.896142,"[0.594887, 0.502895, 0.0857591, 0.109055]",39032
1302,00:21:42,Frazier,1,0.862589,"[0.583378, 0.518663, 0.125016, 0.110337]",39076
1303,00:21:43,Frazier,1,0.879627,"[0.591923, 0.519036, 0.11968, 0.119419]",39095
1304,00:21:44,Frazier,1,0.94183,"[0.608163, 0.509807, 0.0934845, 0.135183]",39145
1305,00:21:45,Frazier,1,0.93781,"[0.61241, 0.50907, 0.0919781, 0.134029]",39150
1306,00:21:46,Frazier,1,0.930254,"[0.600573, 0.525483, 0.115333, 0.105899]",39189
1307,00:21:47,Frazier,1,0.917285,"[0.609448, 0.527737, 0.0985569, 0.105435]",39214
1308,00:21:48,Frazier,1,0.910499,"[0.601973, 0.537189, 0.109785, 0.0896785]",39254
1310,00:21:50,Frazier,1,0.873958,"[0.580749, 0.500276, 0.124605, 0.100605]",39319
1311,00:21:51,Frazier,1,0.91734,"[0.606543, 0.519195, 0.103885, 0.116423]",39350
1312,00:21:52,Frazier,1,0.933676,"[0.612906, 0.51945, 0.0911785, 0.121071]",39376
1313,00:21:53,Frazier,1,0.933939,"[0.601933, 0.522135, 0.112186, 0.108385]",39400
1314,00:21:54,Frazier,1,0.909793,"[0.607669, 0.538283, 0.0989442, 0.0868175]",39431
1318,00:21:58,Frazier,1,0.939469,"[0.609702, 0.444331, 0.0961311, 0.177745]",39569
1319,00:21:59,Frazier,1,0.938729,"[0.608684, 0.444793, 0.0935598, 0.165555]",39570
1320,00:22:00,Frazier,1,0.9487,"[0.678941, 0.469645, 0.0923969, 0.172797]",39623
1321,00:22:01,Frazier,1,0.912916,"[0.680233, 0.496859, 0.0885916, 0.125876]",39630
1322,00:22:02,Frazier,1,0.910494,"[0.600597, 0.477052, 0.107734, 0.153029]",39677
1323,00:22:03,Frazier,1,0.86498,"[0.583375, 0.521872, 0.13371, 0.110176]",39704
1324,00:22:04,Frazier,1,0.929813,"[0.606674, 0.509348, 0.100908, 0.133144]",39748
1325,00:22:05,Frazier,1,0.927442,"[0.602334, 0.510589, 0.110162, 0.130072]",39758
1326,00:22:06,Frazier,1,0.902513,"[0.606121, 0.537429, 0.0979185, 0.0883323]",39800
1327,00:22:07,Frazier,1,0.943368,"[0.616827, 0.511951, 0.0890094, 0.12633]",39834
1328,00:22:08,Frazier,1,0.93622,"[0.613963, 0.53317, 0.088102, 0.0916526]",39863
1329,00:22:09,Frazier,1,0.877803,"[0.610944, 0.528432, 0.0930256, 0.101262]",39870
1330,00:22:10,Frazier,1,0.934435,"[0.622994, 0.51356, 0.0700241, 0.117982]",39928
1331,00:22:11,Frazier,1,0.916988,"[0.629229, 0.502789, 0.0575378, 0.131264]",39941
1332,00:22:12,Frazier,1,0.960742,"[0.623913, 0.488474, 0.0712086, 0.159092]",39977
1333,00:22:13,Frazier,1,0.943293,"[0.614798, 0.535806, 0.0818899, 0.0845142]",40009
1334,00:22:14,Frazier,1,0.925785,"[0.612463, 0.543933, 0.0838838, 0.0737895]",40024
1335,00:22:15,Frazier,1,0.945667,"[0.617511, 0.535216, 0.0811253, 0.0811174]",40072
1336,00:22:16,Frazier,1,0.945471,"[0.612759, 0.534666, 0.0846875, 0.0904907]",40086
1337,00:22:17,Frazier,1,0.92474,"[0.610208, 0.522343, 0.0964204, 0.1029]",40111
1338,00:22:18,Frazier,1,0.888573,"[0.580505, 0.510254, 0.130107, 0.123271]",40164
1343,00:22:23,Frazier,1,0.922388,"[0.613598, 0.494985, 0.0847065, 0.165016]",40305
1344,00:22:24,Frazier,1,0.917367,"[0.611848, 0.501968, 0.0866283, 0.150747]",40334
1345,00:22:25,Frazier,1,0.914782,"[0.60802, 0.502874, 0.0915025, 0.159372]",40361
1346,00:22:26,Frazier,1,0.900641,"[0.609507, 0.498841, 0.0884892, 0.152336]",40400
1347,00:22:27,Frazier,1,0.917423,"[0.609681, 0.503183, 0.0821323, 0.154679]",40424
1348,00:22:28,Frazier,1,0.925334,"[0.611593, 0.497141, 0.0798267, 0.16775]",40444
1349,00:22:29,Frazier,1,0.92663,"[0.612914, 0.50102, 0.0798221, 0.150458]",40475
1350,00:22:30,Frazier,1,0.932369,"[0.62156, 0.494346, 0.0620843, 0.159646]",40529
1351,00:22:31,Frazier,1,0.947037,"[0.624705, 0.49393, 0.053539, 0.168822]",40542
1352,00:22:32,Frazier,1,0.935623,"[0.624188, 0.504221, 0.0562733, 0.152481]",40567
1353,00:22:33,Frazier,1,0.914032,"[0.628763, 0.513733, 0.0547944, 0.124617]",40592
1354,00:22:34,Frazier,1,0.918401,"[0.608123, 0.525562, 0.0832175, 0.115172]",40629
1355,00:22:35,Frazier,1,0.93196,"[0.613783, 0.523578, 0.0767796, 0.114897]",40667
1356,00:22:36,Frazier,1,0.942961,"[0.62314, 0.503345, 0.0593202, 0.152819]",40708
1357,00:22:37,Frazier,1,0.949297,"[0.620353, 0.496317, 0.0628012, 0.166761]",40714
1358,00:22:38,Frazier,1,0.929701,"[0.626678, 0.502761, 0.0557768, 0.148598]",40741
1359,00:22:39,Frazier,1,0.910749,"[0.612887, 0.525228, 0.071674, 0.119934]",40790
1360,00:22:40,Frazier,1,0.921979,"[0.606264, 0.509242, 0.0873408, 0.128273]",40826
1361,00:22:41,Frazier,1,0.869786,"[0.587811, 0.51651, 0.115052, 0.124087]",40856
1362,00:22:42,Frazier,1,0.897144,"[0.606048, 0.50399, 0.0954971, 0.148]",40882
1363,00:22:43,Frazier,1,0.93157,"[0.615583, 0.494916, 0.0738295, 0.170949]",40919
1364,00:22:44,Frazier,1,0.934502,"[0.615727, 0.493472, 0.075654, 0.173352]",40922
1365,00:22:45,Frazier,1,0.925535,"[0.612933, 0.499361, 0.0833227, 0.163505]",40977
1366,00:22:46,Frazier,1,0.914915,"[0.607435, 0.520406, 0.09231, 0.12737]",40982
1367,00:22:47,Frazier,1,0.922075,"[0.617434, 0.501603, 0.0807282, 0.14528]",41038
1368,00:22:48,Frazier,1,0.933826,"[0.621126, 0.503389, 0.073066, 0.148788]",41063
1369,00:22:49,Frazier,1,0.910341,"[0.618974, 0.518856, 0.0773744, 0.120314]",41082
1370,00:22:50,Frazier,1,0.919612,"[0.615723, 0.518286, 0.0820131, 0.126774]",41125
1371,00:22:51,Frazier,1,0.911884,"[0.608368, 0.52601, 0.0853615, 0.121329]",41157
1372,00:22:52,Frazier,1,0.932673,"[0.612955, 0.498997, 0.0816141, 0.160288]",41169
1378,00:22:58,Forceps,2,0.890697,"[0.623462, 0.510276, 0.0858795, 0.108327]",41347
1379,00:22:59,Forceps,2,0.90674,"[0.600491, 0.533858, 0.120186, 0.0885535]",41398
1380,00:23:00,Forceps,2,0.915844,"[0.599706, 0.536988, 0.121062, 0.0821684]",41408
1381,00:23:01,Forceps,2,0.923645,"[0.597262, 0.535293, 0.125851, 0.091165]",41454
1382,00:23:02,Forceps,2,0.894478,"[0.598344, 0.537005, 0.124168, 0.0862639]",41460
1383,00:23:03,Forceps,2,0.906548,"[0.598001, 0.532375, 0.121186, 0.100679]",41513
1384,00:23:04,Forceps,2,0.900381,"[0.601522, 0.531529, 0.118054, 0.0971515]",41522
1385,00:23:05,Forceps,2,0.899981,"[0.620798, 0.537342, 0.0768616, 0.0820984]",41568
1386,00:23:06,Forceps,2,0.863614,"[0.62213, 0.544123, 0.0733671, 0.0730323]",41580
1387,00:23:07,Forceps,2,0.888878,"[0.615934, 0.516101, 0.0875912, 0.123787]",41626
1390,00:23:10,Forceps,2,0.918503,"[0.618478, 0.507169, 0.0856121, 0.137235]",41729
1391,00:23:11,Forceps,2,0.94679,"[0.621146, 0.50776, 0.0832722, 0.136067]",41733
1392,00:23:12,Forceps,2,0.938941,"[0.621395, 0.505951, 0.084581, 0.124314]",41776
1393,00:23:13,Forceps,2,0.902023,"[0.615446, 0.505723, 0.0914761, 0.132536]",41815
1394,00:23:14,Forceps,2,0.938759,"[0.622932, 0.504435, 0.0762461, 0.138717]",41842
1395,00:23:15,Forceps,2,0.922369,"[0.623003, 0.506295, 0.0808329, 0.123352]",41851
1396,00:23:16,Forceps,2,0.932842,"[0.623579, 0.509695, 0.0824659, 0.117648]",41902
1397,00:23:17,Forceps,2,0.941394,"[0.624704, 0.513, 0.0787771, 0.113664]",41915
1398,00:23:18,Forceps,2,0.880952,"[0.623647, 0.506032, 0.0896029, 0.126433]",41962
1399,00:23:19,Forceps,2,0.929346,"[0.627542, 0.513671, 0.0666473, 0.123011]",41997
1400,00:23:20,Forceps,2,0.936238,"[0.62331, 0.50241, 0.0741364, 0.148126]",42006
1401,00:23:21,Forceps,2,0.888961,"[0.622215, 0.525054, 0.0793491, 0.0982081]",42030
1405,00:23:25,Frazier,1,0.884177,"[0.600739, 0.509558, 0.113795, 0.135772]",42178
1406,00:23:26,Frazier,1,0.937229,"[0.62916, 0.482006, 0.0655903, 0.190119]",42185
1407,00:23:27,Frazier,1,0.957338,"[0.634163, 0.483779, 0.0617007, 0.184973]",42235
1408,00:23:28,Frazier,1,0.955187,"[0.630495, 0.487039, 0.0641288, 0.181405]",42265
1409,00:23:29,Frazier,1,0.963847,"[0.631424, 0.480415, 0.0620412, 0.194057]",42286
1410,00:23:30,Frazier,1,0.950762,"[0.628486, 0.481005, 0.0711201, 0.192052]",42328
1411,00:23:31,Frazier,1,0.95141,"[0.619872, 0.501203, 0.0855968, 0.150039]",42335
1412,00:23:32,Frazier,1,0.940695,"[0.601583, 0.508087, 0.116404, 0.132823]",42360
1413,00:23:33,Frazier,1,0.917938,"[0.593629, 0.521161, 0.125743, 0.115542]",42419
1414,00:23:34,Frazier,1,0.945932,"[0.60179, 0.507328, 0.106097, 0.139911]",42424
1415,00:23:35,Frazier,1,0.964716,"[0.622269, 0.479791, 0.0734714, 0.197863]",42468
1416,00:23:36,Frazier,1,0.945657,"[0.632153, 0.479786, 0.0615423, 0.194568]",42486
1417,00:23:37,Frazier,1,0.958079,"[0.630861, 0.482614, 0.0608391, 0.18735]",42529
1418,00:23:38,Frazier,1,0.932036,"[0.631955, 0.500076, 0.0580753, 0.143748]",42569
1419,00:23:39,Frazier,1,0.967091,"[0.615918, 0.49796, 0.0943759, 0.148201]",42598
1420,00:23:40,Frazier,1,0.966677,"[0.615083, 0.495811, 0.096076, 0.150893]",42600
1421,00:23:41,Frazier,1,0.950143,"[0.620746, 0.517088, 0.0774769, 0.124929]",42652
1422,00:23:42,Frazier,1,0.961489,"[0.613784, 0.501956, 0.0893095, 0.157213]",42664
1423,00:23:43,Frazier,1,0.935986,"[0.641759, 0.483691, 0.0500708, 0.182591]",42693
1424,00:23:44,Frazier,1,0.925676,"[0.640763, 0.478826, 0.0525696, 0.18053]",42742
1425,00:23:45,Frazier,1,0.920658,"[0.64008, 0.480053, 0.0527316, 0.181318]",42766
1426,00:23:46,Frazier,1,0.906375,"[0.636095, 0.48012, 0.0578615, 0.174833]",42804
1427,00:23:47,Frazier,1,0.902999,"[0.64017, 0.480928, 0.0512706, 0.18185]",42834
1428,00:23:48,Frazier,1,0.917194,"[0.636066, 0.4624, 0.0559641, 0.21598]",42866
1429,00:23:49,Frazier,1,0.9034,"[0.633084, 0.453749, 0.0597778, 0.226633]",42874
1430,00:23:50,Frazier,1,0.923975,"[0.631141, 0.451273, 0.0676018, 0.21584]",42926
1431,00:23:51,Frazier,1,0.939672,"[0.631215, 0.456507, 0.0713913, 0.220187]",42944
1432,00:23:52,Frazier,1,0.918931,"[0.625934, 0.455328, 0.0792244, 0.216323]",42961
1435,00:23:55,Frazier,1,0.903281,"[0.597009, 0.495116, 0.121601, 0.15924]",43076
1436,00:23:56,Frazier,1,0.927268,"[0.612411, 0.485441, 0.0941681, 0.189255]",43109
1437,00:23:57,Frazier,1,0.937239,"[0.619977, 0.486019, 0.0700859, 0.188237]",43126
1438,00:23:58,Frazier,1,0.929441,"[0.61844, 0.485586, 0.0732918, 0.186932]",43140
1439,00:23:59,Frazier,1,0.933037,"[0.61303, 0.487469, 0.0939745, 0.168206]",43194
1440,00:24:00,Frazier,1,0.930851,"[0.622922, 0.47431, 0.0619062, 0.211936]",43222
1441,00:24:01,Frazier,1,0.920666,"[0.626867, 0.468914, 0.0540502, 0.217826]",43232
1450,00:24:10,Frazier,1,0.802247,"[0.642652, 0.446783, 0.0264343, 0.262832]",43509
1451,00:24:11,Frazier,1,0.826145,"[0.64366, 0.432545, 0.0281375, 0.277531]",43540
1452,00:24:12,Frazier,1,0.78594,"[0.649306, 0.43272, 0.0251949, 0.280759]",43582
1453,00:24:13,Frazier,1,0.778158,"[0.643525, 0.43275, 0.0261622, 0.28489]",43592
1454,00:24:14,Frazier,1,0.83153,"[0.621052, 0.444416, 0.070569, 0.253879]",43639
1455,00:24:15,Frazier,1,0.854736,"[0.587698, 0.505621, 0.111751, 0.144564]",43670
1456,00:24:16,Frazier,1,0.914305,"[0.577185, 0.469352, 0.119129, 0.173003]",43699
1457,00:24:17,Frazier,1,0.901119,"[0.578978, 0.488802, 0.12647, 0.154531]",43734
1458,00:24:18,Frazier,1,0.889328,"[0.569615, 0.466532, 0.0563184, 0.219937]",43759
1459,00:24:19,Frazier,1,0.919323,"[0.614758, 0.507203, 0.0763091, 0.136373]",43799
1460,00:24:20,Frazier,1,0.940511,"[0.621157, 0.500498, 0.0638184, 0.148461]",43807
1461,00:24:21,Frazier,1,0.914725,"[0.634991, 0.486761, 0.0387337, 0.172538]",43830
1463,00:24:23,Frazier,1,0.743799,"[0.655028, 0.477484, 0.0172621, 0.192]",43915
1464,00:24:24,Frazier,1,0.770057,"[0.648357, 0.480912, 0.017527, 0.191103]",43934
1465,00:24:25,Frazier,1,0.822818,"[0.64796, 0.482215, 0.0168778, 0.192481]",43958
1466,00:24:26,Frazier,1,0.946833,"[0.619765, 0.501767, 0.0617945, 0.148023]",43999
1467,00:24:27,Frazier,1,0.939671,"[0.618263, 0.507445, 0.0668781, 0.141636]",44028
1468,00:24:28,Frazier,1,0.942233,"[0.613326, 0.524282, 0.0728883, 0.117584]",44055
1469,00:24:29,Frazier,1,0.926661,"[0.614581, 0.508375, 0.0729443, 0.148248]",44070
1470,00:24:30,Frazier,1,0.928536,"[0.605918, 0.498978, 0.0943592, 0.162348]",44124
1471,00:24:31,Frazier,1,0.933032,"[0.607837, 0.507232, 0.0874815, 0.149209]",44147
1472,00:24:32,Frazier,1,0.941778,"[0.604712, 0.508702, 0.0968243, 0.140238]",44166
1473,00:24:33,Frazier,1,0.951938,"[0.622712, 0.493516, 0.0648983, 0.171682]",44211
1474,00:24:34,Frazier,1,0.950936,"[0.621507, 0.493992, 0.0712098, 0.167452]",44228
1475,00:24:35,Frazier,1,0.9355,"[0.625584, 0.471843, 0.0627019, 0.209843]",44259
1476,00:24:36,Frazier,1,0.891572,"[0.635731, 0.449638, 0.0471297, 0.236957]",44284
1477,00:24:37,Frazier,1,0.949918,"[0.633216, 0.478763, 0.0531933, 0.18931]",44329
1478,00:24:38,Frazier,1,0.949132,"[0.630848, 0.479853, 0.055315, 0.190258]",44344
1479,00:24:39,Frazier,1,0.854232,"[0.646028, 0.491282, 0.0307929, 0.173401]",44384
1480,00:24:40,Frazier,1,0.925869,"[0.605059, 0.487627, 0.087264, 0.172388]",44424
1481,00:24:41,Frazier,1,0.906757,"[0.605189, 0.508658, 0.102554, 0.142068]",44448
1482,00:24:42,Frazier,1,0.948126,"[0.605019, 0.500802, 0.0935312, 0.167776]",44481
1483,00:24:43,Frazier,1,0.935621,"[0.614037, 0.502837, 0.0778147, 0.15961]",44490
1484,00:24:44,Frazier,1,0.936768,"[0.620653, 0.497117, 0.0683935, 0.168069]",44536
1485,00:24:45,Frazier,1,0.95216,"[0.623005, 0.503754, 0.0664988, 0.150585]",44566
1486,00:24:46,Frazier,1,0.952069,"[0.620895, 0.501242, 0.0739737, 0.159832]",44590
1487,00:24:47,Frazier,1,0.94915,"[0.623985, 0.505053, 0.0634161, 0.157672]",44630
1488,00:24:48,Frazier,1,0.928286,"[0.621289, 0.511147, 0.0671896, 0.146584]",44669
1489,00:24:49,Frazier,1,0.94597,"[0.619056, 0.509486, 0.0691801, 0.146155]",44679
1490,00:24:50,Frazier,1,0.938257,"[0.615424, 0.508501, 0.0737026, 0.151015]",44724
1491,00:24:51,Frazier,1,0.942167,"[0.613699, 0.513742, 0.0779995, 0.139922]",44737
1492,00:24:52,Frazier,1,0.930557,"[0.613739, 0.514954, 0.0795342, 0.139026]",44786
1493,00:24:53,Frazier,1,0.935663,"[0.621529, 0.512995, 0.0671411, 0.142089]",44811
1494,00:24:54,Frazier,1,0.93214,"[0.613967, 0.530141, 0.0794015, 0.110009]",44844
1495,00:24:55,Frazier,1,0.920681,"[0.614847, 0.51168, 0.0783005, 0.143045]",44879
1496,00:24:56,Frazier,1,0.953614,"[0.623087, 0.506234, 0.0639796, 0.154732]",44903
1497,00:24:57,Frazier,1,0.94861,"[0.623204, 0.50441, 0.0628847, 0.158764]",44910
1498,00:24:58,Frazier,1,0.938932,"[0.631969, 0.482107, 0.050333, 0.188776]",44968
1499,00:24:59,Frazier,1,0.942935,"[0.624618, 0.505829, 0.0668951, 0.149971]",44988
1500,00:25:00,Frazier,1,0.941671,"[0.623078, 0.509416, 0.0680963, 0.140687]",45002
1501,00:25:01,Frazier,1,0.937864,"[0.633859, 0.505452, 0.0502078, 0.149514]",45057
1502,00:25:02,Frazier,1,0.951018,"[0.623161, 0.504094, 0.0682386, 0.154234]",45064
1503,00:25:03,Frazier,1,0.928188,"[0.630558, 0.50948, 0.0548542, 0.150638]",45113
1504,00:25:04,Frazier,1,0.938731,"[0.630697, 0.509035, 0.0588993, 0.144289]",45145
1505,00:25:05,Frazier,1,0.931899,"[0.629807, 0.510567, 0.0598579, 0.142972]",45150
1506,00:25:06,Frazier,1,0.923515,"[0.62446, 0.517546, 0.0655928, 0.131865]",45186
1507,00:25:07,Frazier,1,0.934944,"[0.621394, 0.516154, 0.0668491, 0.13456]",45236
1508,00:25:08,Frazier,1,0.929273,"[0.616632, 0.518189, 0.0749945, 0.129176]",45252
1509,00:25:09,Frazier,1,0.927941,"[0.625841, 0.508701, 0.0601936, 0.145704]",45299
1510,00:25:10,Frazier,1,0.938368,"[0.62562, 0.507721, 0.0598936, 0.14756]",45301
1511,00:25:11,Frazier,1,0.931023,"[0.622542, 0.509104, 0.0637714, 0.139779]",45337
1512,00:25:12,Frazier,1,0.947046,"[0.62254, 0.503036, 0.0607243, 0.156944]",45382
1513,00:25:13,Frazier,1,0.944856,"[0.626056, 0.504535, 0.0607078, 0.152946]",45401
1514,00:25:14,Frazier,1,0.947195,"[0.622939, 0.507703, 0.0673283, 0.146831]",45435
1515,00:25:15,Frazier,1,0.935405,"[0.613755, 0.500219, 0.0822483, 0.159896]",45450
1517,00:25:17,Freer,4,0.906272,"[0.609365, 0.488953, 0.0956262, 0.155082]",45538
1518,00:25:18,Freer,4,0.958899,"[0.625107, 0.501261, 0.0670586, 0.166974]",45553
1519,00:25:19,Freer,4,0.945368,"[0.628933, 0.501401, 0.0583368, 0.158507]",45570
1520,00:25:20,Freer,4,0.952528,"[0.624144, 0.514219, 0.06929, 0.13916]",45617
1521,00:25:21,Freer,4,0.950881,"[0.629189, 0.503079, 0.0566428, 0.156011]",45653
1522,00:25:22,Freer,4,0.950524,"[0.630871, 0.50744, 0.0533894, 0.147325]",45660
1523,00:25:23,Freer,4,0.934724,"[0.629683, 0.494798, 0.0544343, 0.165214]",45708
1524,00:25:24,Freer,4,0.950654,"[0.64141, 0.495404, 0.036731, 0.159353]",45723
1528,00:25:28,Frazier,1,0.80358,"[0.60975, 0.497584, 0.111676, 0.11702]",45868
1529,00:25:29,Frazier,1,0.954722,"[0.623528, 0.497921, 0.071715, 0.160831]",45896
1530,00:25:30,Frazier,1,0.956576,"[0.630369, 0.493822, 0.0627526, 0.170174]",45900
1531,00:25:31,Frazier,1,0.955468,"[0.610329, 0.50155, 0.0935661, 0.156182]",45958
1532,00:25:32,Frazier,1,0.965655,"[0.621913, 0.500437, 0.0754963, 0.160656]",45968
1533,00:25:33,Frazier,1,0.966648,"[0.613667, 0.499982, 0.0921626, 0.157545]",46013
1534,00:25:34,Frazier,1,0.964713,"[0.613841, 0.503349, 0.0895371, 0.15211]",46021
1535,00:25:35,Frazier,1,0.966546,"[0.621153, 0.500297, 0.0790815, 0.151429]",46068
1536,00:25:36,Frazier,1,0.954796,"[0.628617, 0.505182, 0.0678223, 0.135851]",46099
1537,00:25:37,Frazier,1,0.953325,"[0.629478, 0.505944, 0.0655778, 0.135361]",46110
1538,00:25:38,Frazier,1,0.957487,"[0.629769, 0.50462, 0.0634801, 0.145019]",46161
1539,00:25:39,Frazier,1,0.957067,"[0.612925, 0.510476, 0.0981163, 0.134015]",46192
1540,00:25:40,Frazier,1,0.955623,"[0.616513, 0.513539, 0.0863146, 0.132037]",46217
1541,00:25:41,Frazier,1,0.950177,"[0.624628, 0.5151, 0.0712574, 0.124626]",46258
1542,00:25:42,Frazier,1,0.942398,"[0.625813, 0.513152, 0.0703323, 0.126791]",46270
1543,00:25:43,Frazier,1,0.944519,"[0.623549, 0.514833, 0.0723553, 0.130809]",46293
1544,00:25:44,Frazier,1,0.945964,"[0.622029, 0.508834, 0.0748587, 0.143271]",46342
1545,00:25:45,Frazier,1,0.945732,"[0.622204, 0.508131, 0.0741481, 0.144943]",46360
1546,00:25:46,Frazier,1,0.957538,"[0.629754, 0.479597, 0.0625022, 0.198054]",46397
1547,00:25:47,Frazier,1,0.911434,"[0.630624, 0.479789, 0.0610931, 0.202301]",46411
1548,00:25:48,Frazier,1,0.894096,"[0.613729, 0.461952, 0.0812665, 0.212196]",46453
1552,00:25:52,Frazier,1,0.904005,"[0.592734, 0.500615, 0.109838, 0.15983]",46587
1553,00:25:53,Frazier,1,0.938104,"[0.621067, 0.49208, 0.0668189, 0.17128]",46604
1554,00:25:54,Frazier,1,0.932437,"[0.622665, 0.455328, 0.0622322, 0.235819]",46630
1555,00:25:55,Frazier,1,0.906235,"[0.594913, 0.5049, 0.11478, 0.15017]",46658
1556,00:25:56,Frazier,1,0.934585,"[0.632239, 0.483146, 0.0475052, 0.190756]",46696
1557,00:25:57,Frazier,1,0.928723,"[0.632877, 0.478523, 0.0500076, 0.199967]",46711
1558,00:25:58,Frazier,1,0.897863,"[0.633139, 0.442883, 0.0492151, 0.251733]",46767
1559,00:25:59,Frazier,1,0.898223,"[0.63519, 0.451308, 0.0458654, 0.240831]",46793
1560,00:26:00,Frazier,1,0.91168,"[0.637119, 0.455344, 0.0502037, 0.228336]",46820
1561,00:26:01,Frazier,1,0.894832,"[0.643999, 0.467149, 0.0424019, 0.209748]",46859
1562,00:26:02,Frazier,1,0.91406,"[0.634833, 0.467753, 0.0546071, 0.210959]",46874
1563,00:26:03,Frazier,1,0.923298,"[0.601616, 0.490277, 0.10294, 0.163272]",46919
1564,00:26:04,Frazier,1,0.941129,"[0.602623, 0.493853, 0.105397, 0.167395]",46924
1565,00:26:05,Frazier,1,0.934832,"[0.622104, 0.477686, 0.0661695, 0.194636]",46968
1566,00:26:06,Frazier,1,0.928594,"[0.60089, 0.506597, 0.098679, 0.147902]",46995
1567,00:26:07,Frazier,1,0.939428,"[0.620714, 0.488811, 0.0686143, 0.184168]",47025
1568,00:26:08,Frazier,1,0.96015,"[0.618954, 0.479167, 0.0641532, 0.198732]",47052
1569,00:26:09,Frazier,1,0.947199,"[0.619546, 0.490529, 0.0692929, 0.180285]",47075
1570,00:26:10,Frazier,1,0.856339,"[0.631543, 0.47763, 0.0499399, 0.201054]",47110
1571,00:26:11,Frazier,1,0.932614,"[0.6359, 0.496309, 0.0453293, 0.167466]",47151
1572,00:26:12,Frazier,1,0.94283,"[0.621529, 0.467487, 0.0745541, 0.215418]",47164
1573,00:26:13,Frazier,1,0.908218,"[0.594928, 0.512828, 0.111597, 0.143054]",47194
1574,00:26:14,Frazier,1,0.946385,"[0.611938, 0.495099, 0.0825609, 0.17885]",47246
1575,00:26:15,Frazier,1,0.948496,"[0.620741, 0.496279, 0.0676904, 0.170195]",47251
1576,00:26:16,Frazier,1,0.924582,"[0.638129, 0.491406, 0.0455698, 0.177897]",47287
1577,00:26:17,Frazier,1,0.957356,"[0.623101, 0.49431, 0.0667057, 0.17277]",47328
1578,00:26:18,Frazier,1,0.960322,"[0.620582, 0.496864, 0.0679782, 0.164845]",47367
1579,00:26:19,Frazier,1,0.957474,"[0.620823, 0.49633, 0.068947, 0.164981]",47370
1580,00:26:20,Frazier,1,0.946246,"[0.628739, 0.503872, 0.0584651, 0.150237]",47410
1581,00:26:21,Frazier,1,0.925958,"[0.633364, 0.498799, 0.0489057, 0.162506]",47430
1582,00:26:22,Frazier,1,0.921098,"[0.633277, 0.477496, 0.0489109, 0.19684]",47463
1583,00:26:23,Frazier,1,0.878834,"[0.596534, 0.508102, 0.117281, 0.147889]",47519
1584,00:26:24,Frazier,1,0.947733,"[0.613623, 0.494447, 0.0785814, 0.18519]",47527
1585,00:26:25,Frazier,1,0.86333,"[0.643905, 0.489919, 0.0320422, 0.180924]",47572
1586,00:26:26,Frazier,1,0.861703,"[0.647064, 0.500427, 0.0263419, 0.158259]",47590
1587,00:26:27,Frazier,1,0.822013,"[0.646218, 0.479901, 0.0264854, 0.202438]",47613
1588,00:26:28,Frazier,1,0.791561,"[0.649369, 0.472741, 0.0218906, 0.217362]",47660
1589,00:26:29,Frazier,1,0.889687,"[0.611908, 0.454792, 0.0629738, 0.242183]",47688
1590,00:26:30,Frazier,1,0.905176,"[0.616728, 0.450994, 0.0749969, 0.246184]",47706
1591,00:26:31,Frazier,1,0.887339,"[0.597743, 0.476964, 0.117189, 0.197491]",47735
1592,00:26:32,Frazier,1,0.908007,"[0.600924, 0.499543, 0.110648, 0.16624]",47788
1593,00:26:33,Frazier,1,0.939366,"[0.613338, 0.496717, 0.0814606, 0.178321]",47798
1594,00:26:34,Frazier,1,0.901434,"[0.635077, 0.485931, 0.040589, 0.194057]",47820
1595,00:26:35,Frazier,1,0.813391,"[0.648855, 0.475142, 0.0218965, 0.218845]",47876
1596,00:26:36,Frazier,1,0.795144,"[0.645291, 0.489086, 0.0270395, 0.187928]",47909
1597,00:26:37,Frazier,1,0.831775,"[0.643194, 0.490855, 0.0304098, 0.185385]",47915
1598,00:26:38,Frazier,1,0.881839,"[0.644286, 0.493303, 0.030426, 0.178506]",47966
1599,00:26:39,Frazier,1,0.896801,"[0.645042, 0.502814, 0.0281357, 0.157887]",47972
1600,00:26:40,Frazier,1,0.772286,"[0.651115, 0.490695, 0.0212309, 0.181996]",48014
1601,00:26:41,Frazier,1,0.781699,"[0.650797, 0.491654, 0.0213673, 0.179619]",48059
1602,00:26:42,Frazier,1,0.820247,"[0.650077, 0.499122, 0.0235369, 0.158369]",48077
1603,00:26:43,Frazier,1,0.825051,"[0.651142, 0.501006, 0.0232996, 0.158803]",48097
1604,00:26:44,Frazier,1,0.936808,"[0.634188, 0.503424, 0.044957, 0.157238]",48148
1605,00:26:45,Frazier,1,0.947268,"[0.625342, 0.504623, 0.0585367, 0.159469]",48174
1606,00:26:46,Frazier,1,0.958333,"[0.620399, 0.502936, 0.0692146, 0.155098]",48209
1607,00:26:47,Frazier,1,0.9583,"[0.619485, 0.504142, 0.0708059, 0.15262]",48210
1608,00:26:48,Frazier,1,0.94351,"[0.630346, 0.505412, 0.0527955, 0.15213]",48252
1609,00:26:49,Frazier,1,0.880719,"[0.639467, 0.502003, 0.0378165, 0.158523]",48271
1610,00:26:50,Frazier,1,0.839981,"[0.642923, 0.490947, 0.0338846, 0.183329]",48307
1611,00:26:51,Frazier,1,0.884179,"[0.636044, 0.484164, 0.0409907, 0.195861]",48359
1612,00:26:52,Frazier,1,0.882239,"[0.635242, 0.484878, 0.0431917, 0.188079]",48384
1613,00:26:53,Frazier,1,0.934521,"[0.632012, 0.497069, 0.0526453, 0.166146]",48409
1614,00:26:54,Frazier,1,0.923946,"[0.636086, 0.483509, 0.0445417, 0.196159]",48422
1615,00:26:55,Frazier,1,0.920154,"[0.634461, 0.489423, 0.0500866, 0.180869]",48452
1616,00:26:56,Frazier,1,0.950917,"[0.621583, 0.48922, 0.0670815, 0.183107]",48495
1617,00:26:57,Frazier,1,0.928123,"[0.631858, 0.49554, 0.04806, 0.172974]",48538
1618,00:26:58,Frazier,1,0.948156,"[0.624627, 0.492859, 0.0661013, 0.182544]",48553
1619,00:26:59,Frazier,1,0.942205,"[0.628855, 0.493078, 0.0556362, 0.177033]",48576
1620,00:27:00,Frazier,1,0.939338,"[0.6314, 0.483339, 0.05005, 0.192654]",48607
1621,00:27:01,Frazier,1,0.941656,"[0.630144, 0.495888, 0.0539862, 0.172125]",48645
1622,00:27:02,Frazier,1,0.922395,"[0.63325, 0.486747, 0.0501884, 0.190483]",48679
1623,00:27:03,Frazier,1,0.931435,"[0.627904, 0.493995, 0.0542961, 0.176489]",48708
1624,00:27:04,Frazier,1,0.929951,"[0.630508, 0.482489, 0.0513346, 0.196392]",48743
1625,00:27:05,Frazier,1,0.8975,"[0.644037, 0.506678, 0.034104, 0.154355]",48764
1626,00:27:06,Frazier,1,0.947805,"[0.634787, 0.505672, 0.0473204, 0.153891]",48808
1627,00:27:07,Frazier,1,0.935102,"[0.632864, 0.493699, 0.0469311, 0.176405]",48837
1628,00:27:08,Frazier,1,0.927958,"[0.632505, 0.484949, 0.0484974, 0.192832]",48843
1629,00:27:09,Frazier,1,0.915226,"[0.636198, 0.491041, 0.0439211, 0.181704]",48872
1630,00:27:10,Frazier,1,0.894368,"[0.63653, 0.489843, 0.0421964, 0.190504]",48901
1631,00:27:11,Frazier,1,0.934767,"[0.626828, 0.502229, 0.0587608, 0.162988]",48957
1632,00:27:12,Frazier,1,0.94134,"[0.620403, 0.517968, 0.068482, 0.132696]",48974
1633,00:27:13,Frazier,1,0.941882,"[0.62288, 0.508288, 0.0651901, 0.151601]",48995
1634,00:27:14,Frazier,1,0.938411,"[0.621247, 0.522085, 0.0699053, 0.126195]",49035
1635,00:27:15,Frazier,1,0.940743,"[0.62095, 0.515173, 0.069812, 0.139034]",49051
1636,00:27:16,Frazier,1,0.903962,"[0.624103, 0.525442, 0.0644402, 0.117383]",49082
1637,00:27:17,Frazier,1,0.938083,"[0.621481, 0.501772, 0.066333, 0.166809]",49138
1638,00:27:18,Frazier,1,0.945788,"[0.620726, 0.496128, 0.0659559, 0.17382]",49146
1639,00:27:19,Frazier,1,0.944546,"[0.632205, 0.497384, 0.0506648, 0.1713]",49196
1640,00:27:20,Frazier,1,0.93366,"[0.630245, 0.494355, 0.0531464, 0.176728]",49201
1641,00:27:21,Frazier,1,0.919287,"[0.633344, 0.492216, 0.0433386, 0.18851]",49236
1642,00:27:22,Frazier,1,0.943823,"[0.628708, 0.500805, 0.0555056, 0.165721]",49283
1643,00:27:23,Frazier,1,0.943346,"[0.627636, 0.502877, 0.0566055, 0.165288]",49303
1644,00:27:24,Frazier,1,0.936668,"[0.630009, 0.496867, 0.0524029, 0.170096]",49343
1645,00:27:25,Frazier,1,0.941816,"[0.632325, 0.495793, 0.047983, 0.175292]",49378
1646,00:27:26,Frazier,1,0.942349,"[0.630588, 0.496896, 0.0500612, 0.178559]",49394
1647,00:27:27,Frazier,1,0.931117,"[0.632058, 0.493918, 0.0475176, 0.176134]",49425
1648,00:27:28,Frazier,1,0.938904,"[0.634303, 0.497152, 0.047444, 0.171546]",49446
1649,00:27:29,Frazier,1,0.946759,"[0.600811, 0.505361, 0.0950455, 0.157916]",49499
1650,00:27:30,Frazier,1,0.956271,"[0.604955, 0.504102, 0.0946901, 0.159587]",49500
1651,00:27:31,Frazier,1,0.945273,"[0.613103, 0.488934, 0.0838329, 0.180882]",49542
1653,00:27:33,Frazier,1,0.876517,"[0.591102, 0.516484, 0.111131, 0.125696]",49619
1654,00:27:34,Frazier,1,0.937627,"[0.608117, 0.50333, 0.0905147, 0.159992]",49641
1655,00:27:35,Frazier,1,0.937411,"[0.620853, 0.491316, 0.0633314, 0.180554]",49658
1656,00:27:36,Frazier,1,0.903644,"[0.63681, 0.503524, 0.0384842, 0.16178]",49704
1657,00:27:37,Frazier,1,0.957798,"[0.621651, 0.504382, 0.0680252, 0.148283]",49726
1658,00:27:38,Frazier,1,0.903424,"[0.635409, 0.485564, 0.0431432, 0.182682]",49740
1659,00:27:39,Frazier,1,0.782568,"[0.655259, 0.466371, 0.017803, 0.218743]",49792
1672,00:27:52,Frazier,1,0.908819,"[0.60442, 0.480457, 0.0959972, 0.193553]",50187
1673,00:27:53,Frazier,1,0.913061,"[0.605529, 0.48452, 0.100848, 0.184245]",50194
1674,00:27:54,Frazier,1,0.896427,"[0.626277, 0.502935, 0.0539444, 0.15806]",50224
1675,00:27:55,Frazier,1,0.886653,"[0.634229, 0.51593, 0.0472984, 0.132271]",50279
1676,00:27:56,Frazier,1,0.910337,"[0.63439, 0.515681, 0.0445332, 0.136788]",50282
1677,00:27:57,Frazier,1,0.947276,"[0.620735, 0.508702, 0.0662351, 0.151401]",50338
1678,00:27:58,Frazier,1,0.94294,"[0.615279, 0.507197, 0.0723335, 0.154718]",50355
1679,00:27:59,Frazier,1,0.940582,"[0.617086, 0.504993, 0.0776508, 0.156967]",50371
1683,00:28:03,Forceps,2,0.836671,"[0.625611, 0.486293, 0.0702941, 0.158933]",50506
1684,00:28:04,Forceps,2,0.791799,"[0.650956, 0.509123, 0.0240292, 0.141061]",50527
1685,00:28:05,Forceps,2,0.807114,"[0.648019, 0.516252, 0.0287037, 0.128016]",50578
1686,00:28:06,Forceps,2,0.812184,"[0.654381, 0.529137, 0.0190826, 0.104465]",50590
1687,00:28:07,Forceps,2,0.865031,"[0.648377, 0.513427, 0.0249113, 0.125106]",50623
1688,00:28:08,Forceps,2,0.866444,"[0.651271, 0.524126, 0.0177527, 0.109227]",50650
1689,00:28:09,Forceps,2,0.827411,"[0.651531, 0.516684, 0.0206562, 0.117658]",50680
1690,00:28:10,Forceps,2,0.834106,"[0.650565, 0.51392, 0.0254777, 0.120998]",50701
1697,00:28:17,Frazier,1,0.911021,"[0.614226, 0.49739, 0.0918624, 0.16452]",50939
1698,00:28:18,Frazier,1,0.950978,"[0.630768, 0.478177, 0.0595976, 0.202269]",50949
1699,00:28:19,Frazier,1,0.919863,"[0.633251, 0.469989, 0.0575771, 0.215009]",50983
1700,00:28:20,Frazier,1,0.908547,"[0.64048, 0.454441, 0.0506817, 0.239672]",51015
1701,00:28:21,Frazier,1,0.927469,"[0.633188, 0.466432, 0.0570984, 0.217727]",51056
1702,00:28:22,Frazier,1,0.919958,"[0.598501, 0.507646, 0.122421, 0.135277]",51089
1703,00:28:23,Frazier,1,0.971591,"[0.616836, 0.500924, 0.0863135, 0.154133]",51110
1704,00:28:24,Frazier,1,0.948555,"[0.632622, 0.48549, 0.0600929, 0.182466]",51120
1705,00:28:25,Frazier,1,0.944688,"[0.629003, 0.521096, 0.0646757, 0.114556]",51178
1706,00:28:26,Frazier,1,0.957281,"[0.623841, 0.524692, 0.072406, 0.107342]",51191
1707,00:28:27,Frazier,1,0.958517,"[0.624303, 0.505892, 0.0716012, 0.147652]",51217
1708,00:28:28,Frazier,1,0.96092,"[0.61687, 0.50192, 0.0852662, 0.154119]",51251
1709,00:28:29,Frazier,1,0.966432,"[0.631253, 0.481625, 0.0560543, 0.194741]",51274
1716,00:28:36,Freer,4,0.963642,"[0.629333, 0.495547, 0.059927, 0.171336]",51504
1717,00:28:37,Freer,4,0.93349,"[0.650308, 0.493834, 0.0227387, 0.172885]",51535
1718,00:28:38,Freer,4,0.923077,"[0.657584, 0.503416, 0.0114392, 0.159926]",51562
1719,00:28:39,Freer,4,0.913381,"[0.656147, 0.496484, 0.0128933, 0.175366]",51599
1720,00:28:40,Freer,4,0.849318,"[0.65625, 0.495513, 0.0127598, 0.175636]",51601
1721,00:28:41,Freer,4,0.818208,"[0.660669, 0.488675, 0.0123545, 0.183894]",51654
1722,00:28:42,Freer,4,0.893248,"[0.660382, 0.498868, 0.0125409, 0.172935]",51671
1723,00:28:43,Freer,4,0.864149,"[0.653092, 0.49038, 0.0144257, 0.186633]",51708
1724,00:28:44,Freer,4,0.949383,"[0.647535, 0.493549, 0.0194908, 0.176435]",51729
1725,00:28:45,Freer,4,0.949467,"[0.64461, 0.502512, 0.0250926, 0.162825]",51762
1726,00:28:46,Freer,4,0.946989,"[0.63605, 0.507456, 0.0396759, 0.152891]",51809
1727,00:28:47,Freer,4,0.963896,"[0.632836, 0.510413, 0.0440979, 0.144494]",51835
1728,00:28:48,Freer,4,0.941024,"[0.625616, 0.503818, 0.0553349, 0.15745]",51842
1729,00:28:49,Freer,4,0.94018,"[0.622706, 0.50123, 0.0595111, 0.156906]",51873
1730,00:28:50,Freer,4,0.962357,"[0.6174, 0.501538, 0.0812275, 0.161042]",51917
1731,00:28:51,Freer,4,0.959444,"[0.623218, 0.498627, 0.0695663, 0.167415]",51957
1732,00:28:52,Freer,4,0.970855,"[0.615928, 0.486979, 0.0790671, 0.189313]",51961
1733,00:28:53,Freer,4,0.933986,"[0.628196, 0.498994, 0.052605, 0.154914]",52016
1734,00:28:54,Freer,4,0.934796,"[0.630494, 0.493329, 0.0480123, 0.161497]",52021
1735,00:28:55,Freer,4,0.942051,"[0.598501, 0.489978, 0.117751, 0.148923]",52063
1736,00:28:56,Freer,4,0.962361,"[0.638184, 0.486065, 0.0396095, 0.161807]",52094
1737,00:28:57,Freer,4,0.958536,"[0.646225, 0.490233, 0.0216839, 0.169767]",52125
1738,00:28:58,Freer,4,0.940258,"[0.647423, 0.488342, 0.0230371, 0.16942]",52167
1739,00:28:59,Freer,4,0.923728,"[0.64765, 0.491297, 0.0168852, 0.171705]",52181
1740,00:29:00,Freer,4,0.92302,"[0.64889, 0.49554, 0.017708, 0.166783]",52207
1741,00:29:01,Freer,4,0.877008,"[0.648983, 0.49425, 0.0158431, 0.166969]",52254
1742,00:29:02,Freer,4,0.857237,"[0.658968, 0.493477, 0.0119303, 0.16269]",52263
1743,00:29:03,Freer,4,0.915451,"[0.647637, 0.48746, 0.0214373, 0.175459]",52313
1744,00:29:04,Freer,4,0.920265,"[0.638507, 0.485373, 0.0371487, 0.176776]",52348
1745,00:29:05,Freer,4,0.950002,"[0.635222, 0.49108, 0.0403241, 0.162445]",52362
1746,00:29:06,Freer,4,0.952239,"[0.628823, 0.489597, 0.051022, 0.16849]",52409
1747,00:29:07,Freer,4,0.944252,"[0.629046, 0.490018, 0.0497501, 0.168347]",52410
1748,00:29:08,Freer,4,0.958402,"[0.623653, 0.494351, 0.06066, 0.16423]",52469
1749,00:29:09,Freer,4,0.963848,"[0.624902, 0.492801, 0.0587471, 0.171431]",52480
1750,00:29:10,Freer,4,0.970772,"[0.624747, 0.496005, 0.0633003, 0.170119]",52513
1751,00:29:11,Freer,4,0.973184,"[0.627757, 0.499787, 0.058179, 0.166295]",52542
1752,00:29:12,Freer,4,0.972636,"[0.624353, 0.502519, 0.0626976, 0.15471]",52560
1753,00:29:13,Freer,4,0.969892,"[0.61755, 0.504739, 0.0752796, 0.155303]",52602
1754,00:29:14,Freer,4,0.946657,"[0.629405, 0.49535, 0.0533236, 0.170321]",52633
1755,00:29:15,Freer,4,0.940753,"[0.632412, 0.494361, 0.0442725, 0.17496]",52658
1756,00:29:16,Freer,4,0.936992,"[0.629681, 0.502976, 0.0480625, 0.151114]",52693
1757,00:29:17,Freer,4,0.949275,"[0.630609, 0.51063, 0.0448458, 0.133129]",52723
1758,00:29:18,Freer,4,0.899239,"[0.637262, 0.516836, 0.035752, 0.117456]",52752
1759,00:29:19,Freer,4,0.920093,"[0.644054, 0.51156, 0.0269798, 0.131165]",52799
1760,00:29:20,Freer,4,0.931404,"[0.644984, 0.516441, 0.0238892, 0.123423]",52801
1763,00:29:23,Forceps,2,0.858391,"[0.628609, 0.502876, 0.0658281, 0.146177]",52919
1764,00:29:24,Forceps,2,0.925682,"[0.633901, 0.505037, 0.0486838, 0.138099]",52928
1765,00:29:25,Forceps,2,0.895072,"[0.630102, 0.511777, 0.0518862, 0.126703]",52970
1766,00:29:26,Forceps,2,0.857363,"[0.634769, 0.511812, 0.0430625, 0.129653]",53002
1767,00:29:27,Forceps,2,0.855275,"[0.638119, 0.505393, 0.0385516, 0.132528]",53026
1768,00:29:28,Forceps,2,0.850083,"[0.638673, 0.49736, 0.0409664, 0.135214]",53044
1769,00:29:29,Forceps,2,0.857504,"[0.635584, 0.503131, 0.0440904, 0.133263]",53077
1770,00:29:30,Forceps,2,0.796271,"[0.637775, 0.498917, 0.0411964, 0.138286]",53103
1771,00:29:31,Forceps,2,0.889887,"[0.632993, 0.515856, 0.0487158, 0.114015]",53159
1772,00:29:32,Forceps,2,0.888681,"[0.631113, 0.518557, 0.0517511, 0.112401]",53160
1794,00:29:54,Forceps,2,0.891086,"[0.64157, 0.502879, 0.0427614, 0.131961]",53845
1795,00:29:55,Forceps,2,0.893852,"[0.650138, 0.479447, 0.0347757, 0.16181]",53864
1796,00:29:56,Forceps,2,0.871019,"[0.630324, 0.490125, 0.0564426, 0.154088]",53902
1797,00:29:57,Forceps,2,0.920197,"[0.633187, 0.503045, 0.0512871, 0.13128]",53922
1798,00:29:58,Forceps,2,0.853734,"[0.640157, 0.501815, 0.0451262, 0.130309]",53941
1803,00:30:03,Frazier,1,0.885907,"[0.554159, 0.46315, 0.102399, 0.146906]",54102
1804,00:30:04,Frazier,1,0.964213,"[0.621685, 0.474298, 0.0761091, 0.199796]",54134
1805,00:30:05,Frazier,1,0.960503,"[0.629795, 0.481389, 0.0587399, 0.193813]",54163
1806,00:30:06,Frazier,1,0.948511,"[0.622526, 0.479181, 0.0725658, 0.195393]",54206
1807,00:30:07,Frazier,1,0.965257,"[0.622484, 0.503985, 0.0698174, 0.150146]",54225
1808,00:30:08,Frazier,1,0.931515,"[0.604301, 0.498305, 0.100906, 0.163562]",54240
1809,00:30:09,Freer,4,0.94784,"[0.603253, 0.487238, 0.120186, 0.168825]",54298
1810,00:30:10,Freer,4,0.973584,"[0.6305, 0.490877, 0.0543098, 0.182299]",54309
1811,00:30:11,Freer,4,0.967961,"[0.629348, 0.506784, 0.0483682, 0.159697]",54357
1812,00:30:12,Freer,4,0.963249,"[0.638292, 0.506482, 0.0335309, 0.156796]",54377
1813,00:30:13,Freer,4,0.972398,"[0.646971, 0.506194, 0.0178093, 0.157222]",54419
1814,00:30:14,Freer,4,0.97909,"[0.647994, 0.507387, 0.0155293, 0.155019]",54423
1815,00:30:15,Freer,4,0.953159,"[0.628052, 0.50926, 0.0523296, 0.152314]",54472
1816,00:30:16,Freer,4,0.953406,"[0.629972, 0.516695, 0.0467647, 0.138464]",54490
1817,00:30:17,Freer,4,0.937817,"[0.639604, 0.494248, 0.0348873, 0.179323]",54539
1818,00:30:18,Freer,4,0.946401,"[0.639365, 0.494915, 0.0368094, 0.174584]",54558
1819,00:30:19,Freer,4,0.949856,"[0.628362, 0.495868, 0.0572211, 0.17711]",54584
1820,00:30:20,Freer,4,0.970476,"[0.626681, 0.501982, 0.0573223, 0.159993]",54627
1821,00:30:21,Freer,4,0.975478,"[0.625168, 0.504166, 0.0643892, 0.156741]",54658
1822,00:30:22,Freer,4,0.978233,"[0.626323, 0.502822, 0.0628252, 0.159124]",54660
1823,00:30:23,Freer,4,0.974403,"[0.631516, 0.500651, 0.0550943, 0.158183]",54718
1824,00:30:24,Freer,4,0.977359,"[0.628486, 0.503721, 0.0601669, 0.15519]",54723
1825,00:30:25,Freer,4,0.955854,"[0.611937, 0.515499, 0.0907034, 0.132674]",54751
1826,00:30:26,Frazier,1,0.876345,"[0.589393, 0.483286, 0.137922, 0.117065]",54808
1827,00:30:27,Frazier,1,0.934523,"[0.607248, 0.511519, 0.0968097, 0.137759]",54837
1828,00:30:28,Frazier,1,0.937998,"[0.612905, 0.521537, 0.0941666, 0.111669]",54849
1829,00:30:29,Frazier,1,0.919791,"[0.602479, 0.535283, 0.103714, 0.0991802]",54899
1830,00:30:30,Frazier,1,0.944266,"[0.61006, 0.50985, 0.0907346, 0.13696]",54918
1831,00:30:31,Frazier,1,0.947006,"[0.612135, 0.508334, 0.0929619, 0.135613]",54936
1832,00:30:32,Frazier,1,0.956696,"[0.615107, 0.525835, 0.0841862, 0.107241]",54984
1833,00:30:33,Frazier,1,0.951684,"[0.613966, 0.52491, 0.0851306, 0.110985]",54990
1834,00:30:34,Frazier,1,0.956019,"[0.62327, 0.525727, 0.0739407, 0.104131]",55049
1835,00:30:35,Frazier,1,0.952628,"[0.623622, 0.525248, 0.074011, 0.104595]",55050
1836,00:30:36,Frazier,1,0.95436,"[0.611858, 0.534278, 0.090342, 0.0950104]",55095
1837,00:30:37,Frazier,1,0.948695,"[0.613933, 0.524737, 0.0828417, 0.115106]",55110
1838,00:30:38,Frazier,1,0.948173,"[0.624908, 0.522547, 0.0715838, 0.106436]",55160
1839,00:30:39,Frazier,1,0.947594,"[0.624248, 0.521304, 0.0738623, 0.11096]",55173
1840,00:30:40,Frazier,1,0.949668,"[0.615191, 0.536901, 0.0830605, 0.0925262]",55201
1841,00:30:41,Frazier,1,0.938918,"[0.607451, 0.541236, 0.0931269, 0.085868]",55257
1842,00:30:42,Frazier,1,0.940919,"[0.61056, 0.536397, 0.0913289, 0.0915019]",55264
1843,00:30:43,Frazier,1,0.940808,"[0.610673, 0.535903, 0.0898275, 0.0971463]",55319
1844,00:30:44,Frazier,1,0.9411,"[0.610875, 0.535724, 0.0892092, 0.09677]",55320
1845,00:30:45,Frazier,1,0.932467,"[0.610151, 0.525087, 0.0905693, 0.109954]",55355
1846,00:30:46,Frazier,1,0.929596,"[0.608869, 0.525431, 0.0918392, 0.112737]",55407
1847,00:30:47,Frazier,1,0.950505,"[0.613187, 0.535923, 0.0879679, 0.0925893]",55436
1848,00:30:48,Frazier,1,0.948511,"[0.613253, 0.534878, 0.0872164, 0.0959705]",55452
1849,00:30:49,Frazier,1,0.934285,"[0.611387, 0.537787, 0.0900261, 0.0911699]",55470
1850,00:30:50,Frazier,1,0.937912,"[0.607272, 0.54056, 0.0925961, 0.0889665]",55518
1851,00:30:51,Frazier,1,0.953917,"[0.610494, 0.532743, 0.0890325, 0.0980233]",55559
1852,00:30:52,Frazier,1,0.956612,"[0.610909, 0.536467, 0.0871494, 0.0952558]",55586
1853,00:30:53,Frazier,1,0.94889,"[0.609764, 0.537199, 0.0887167, 0.093897]",55602
1854,00:30:54,Frazier,1,0.942076,"[0.607585, 0.53899, 0.0921155, 0.0914643]",55634
1855,00:30:55,Frazier,1,0.951925,"[0.613188, 0.52477, 0.0825907, 0.114767]",55672
1856,00:30:56,Frazier,1,0.955644,"[0.610922, 0.535812, 0.087464, 0.0967733]",55708
1857,00:30:57,Frazier,1,0.951326,"[0.611721, 0.536187, 0.0862751, 0.0960999]",55721
1858,00:30:58,Frazier,1,0.928089,"[0.603021, 0.53627, 0.1004, 0.0964801]",55758
1859,00:30:59,Frazier,1,0.920854,"[0.603916, 0.538888, 0.0989414, 0.0930871]",55798
1860,00:31:00,Frazier,1,0.933714,"[0.603546, 0.537259, 0.098307, 0.0969845]",55805
1861,00:31:01,Frazier,1,0.936549,"[0.608748, 0.525585, 0.0917072, 0.112242]",55859
1862,00:31:02,Frazier,1,0.938571,"[0.608699, 0.525568, 0.0917142, 0.112485]",55861
1863,00:31:03,Frazier,1,0.929755,"[0.610296, 0.523457, 0.090946, 0.11272]",55900
1864,00:31:04,Frazier,1,0.927378,"[0.607826, 0.536438, 0.0949082, 0.0921179]",55924
1865,00:31:05,Frazier,1,0.952789,"[0.632859, 0.497407, 0.059137, 0.157692]",55970
1866,00:31:06,Frazier,1,0.947242,"[0.641519, 0.502336, 0.0519993, 0.139309]",55984
1867,00:31:07,Frazier,1,0.948637,"[0.633439, 0.501882, 0.0600769, 0.141062]",56010
1868,00:31:08,Frazier,1,0.93831,"[0.63505, 0.506623, 0.0602118, 0.127853]",56052
1869,00:31:09,Frazier,1,0.939628,"[0.63169, 0.508968, 0.0656805, 0.125097]",56083
1870,00:31:10,Frazier,1,0.955271,"[0.624292, 0.513542, 0.0733701, 0.124398]",56104
1871,00:31:11,Frazier,1,0.946684,"[0.621821, 0.52997, 0.0778013, 0.0988425]",56131
1872,00:31:12,Frazier,1,0.833008,"[0.56536, 0.483155, 0.102439, 0.134127]",56162
1880,00:31:20,Freer,4,0.92168,"[0.626687, 0.496146, 0.0613146, 0.178703]",56429
1881,00:31:21,Freer,4,0.945944,"[0.638526, 0.506474, 0.0410179, 0.155427]",56451
1882,00:31:22,Freer,4,0.955499,"[0.641437, 0.516381, 0.0403718, 0.130313]",56463
1883,00:31:23,Freer,4,0.922169,"[0.628594, 0.52447, 0.0595946, 0.121376]",56519
1884,00:31:24,Freer,4,0.922655,"[0.628389, 0.526095, 0.0590649, 0.118369]",56522
1885,00:31:25,Freer,4,0.923833,"[0.628287, 0.527829, 0.057159, 0.117175]",56565
1886,00:31:26,Freer,4,0.940283,"[0.626386, 0.532374, 0.0620733, 0.104307]",56599
1887,00:31:27,Freer,4,0.938407,"[0.625663, 0.534896, 0.0629211, 0.0968679]",56623
1888,00:31:28,Freer,4,0.940469,"[0.627355, 0.520809, 0.0616982, 0.126044]",56652
1889,00:31:29,Freer,4,0.925563,"[0.622748, 0.526805, 0.0697798, 0.117105]",56692
1890,00:31:30,Freer,4,0.944399,"[0.627666, 0.518899, 0.0587836, 0.132725]",56726
1891,00:31:31,Freer,4,0.928116,"[0.624728, 0.524666, 0.0644436, 0.121326]",56759
1892,00:31:32,Freer,4,0.947725,"[0.627287, 0.519821, 0.0612425, 0.126918]",56777
1893,00:31:33,Freer,4,0.941271,"[0.627314, 0.520154, 0.0611572, 0.127755]",56819
1894,00:31:34,Freer,4,0.945109,"[0.62708, 0.519729, 0.0613247, 0.128176]",56821
1895,00:31:35,Freer,4,0.955732,"[0.625932, 0.515844, 0.0632387, 0.139319]",56871
1896,00:31:36,Freer,4,0.921186,"[0.628769, 0.522078, 0.056963, 0.125427]",56883
1897,00:31:37,Freer,4,0.931113,"[0.634677, 0.516033, 0.0462933, 0.134938]",56920
1898,00:31:38,Freer,4,0.957228,"[0.631366, 0.509357, 0.0538963, 0.149796]",56961
1899,00:31:39,Freer,4,0.953212,"[0.633995, 0.504438, 0.0473832, 0.156342]",56979
1900,00:31:40,Freer,4,0.958029,"[0.632287, 0.515315, 0.0503701, 0.138522]",57014
1901,00:31:41,Freer,4,0.95074,"[0.627679, 0.511591, 0.0622967, 0.142445]",57042
1902,00:31:42,Freer,4,0.945499,"[0.639943, 0.517353, 0.040131, 0.130237]",57073
1903,00:31:43,Freer,4,0.959044,"[0.635773, 0.509924, 0.0444071, 0.149957]",57100
1904,00:31:44,Freer,4,0.953844,"[0.640111, 0.518475, 0.0384237, 0.131313]",57134
1912,00:31:52,Frazier,1,0.95186,"[0.613501, 0.501691, 0.0876568, 0.164229]",57381
1913,00:31:53,Frazier,1,0.950883,"[0.631301, 0.499461, 0.062369, 0.164576]",57390
1914,00:31:54,Frazier,1,0.957231,"[0.622477, 0.510667, 0.0754447, 0.135567]",57441
1915,00:31:55,Frazier,1,0.943659,"[0.614689, 0.517375, 0.0886359, 0.124092]",57479
1916,00:31:56,Frazier,1,0.950516,"[0.622624, 0.516564, 0.0754407, 0.124256]",57487
1917,00:31:57,Frazier,1,0.930289,"[0.630992, 0.518138, 0.0647115, 0.117668]",57513
1918,00:31:58,Frazier,1,0.931112,"[0.631372, 0.514882, 0.0647236, 0.121966]",57560
1919,00:31:59,Frazier,1,0.947748,"[0.627801, 0.508596, 0.0688599, 0.137455]",57593
1920,00:32:00,Frazier,1,0.95185,"[0.621101, 0.511689, 0.0792589, 0.135502]",57604
1921,00:32:01,Frazier,1,0.944953,"[0.625867, 0.520485, 0.070929, 0.116933]",57658
1922,00:32:02,Frazier,1,0.958216,"[0.62216, 0.507091, 0.0768963, 0.146982]",57681
1923,00:32:03,Frazier,1,0.957405,"[0.634404, 0.509109, 0.0602352, 0.135536]",57700
1924,00:32:04,Frazier,1,0.957067,"[0.623579, 0.505602, 0.0740864, 0.150234]",57721
1925,00:32:05,Frazier,1,0.94027,"[0.633571, 0.49798, 0.0610971, 0.158289]",57777
1930,00:32:10,Freer,4,0.920303,"[0.637905, 0.500607, 0.0393286, 0.163034]",57929
1931,00:32:11,Freer,4,0.9418,"[0.638244, 0.503833, 0.0374011, 0.157079]",57931
1932,00:32:12,Freer,4,0.937358,"[0.63398, 0.528219, 0.0466633, 0.110557]",57961
1933,00:32:13,Freer,4,0.928348,"[0.633555, 0.527822, 0.0476666, 0.112252]",58009
1934,00:32:14,Freer,4,0.940696,"[0.641735, 0.516806, 0.0380499, 0.128732]",58036
1935,00:32:15,Freer,4,0.928914,"[0.626984, 0.517539, 0.0608739, 0.132079]",58073
1936,00:32:16,Freer,4,0.927658,"[0.621878, 0.525733, 0.0693649, 0.120929]",58088
1937,00:32:17,Freer,4,0.927106,"[0.645333, 0.51171, 0.0348282, 0.130264]",58117
1938,00:32:18,Freer,4,0.95399,"[0.633955, 0.499842, 0.0459756, 0.15574]",58166
1939,00:32:19,Freer,4,0.939081,"[0.62887, 0.501799, 0.0609377, 0.150529]",58170
1945,00:32:25,Forceps,2,0.886513,"[0.606509, 0.494768, 0.110612, 0.162849]",58379
1946,00:32:26,Forceps,2,0.883261,"[0.605253, 0.49782, 0.108304, 0.161764]",58380
1947,00:32:27,Forceps,2,0.90292,"[0.618133, 0.5149, 0.0843144, 0.129914]",58427
1948,00:32:28,Forceps,2,0.924388,"[0.622963, 0.520055, 0.0761667, 0.11641]",58460
1949,00:32:29,Forceps,2,0.911989,"[0.624528, 0.521038, 0.0746386, 0.111457]",58477
1950,00:32:30,Forceps,2,0.899847,"[0.625273, 0.521488, 0.0705031, 0.109508]",58521
1951,00:32:31,Forceps,2,0.90172,"[0.62117, 0.530054, 0.0742449, 0.0953313]",58542
1952,00:32:32,Forceps,2,0.921367,"[0.611949, 0.538464, 0.0888591, 0.0910158]",58579
1953,00:32:33,Forceps,2,0.890481,"[0.622855, 0.526054, 0.0724255, 0.103344]",58613
1954,00:32:34,Forceps,2,0.909807,"[0.615418, 0.539572, 0.0811793, 0.0863528]",58649
1955,00:32:35,Forceps,2,0.926353,"[0.613799, 0.539183, 0.0894741, 0.0849126]",58679
1956,00:32:36,Forceps,2,0.928314,"[0.61421, 0.538821, 0.0883307, 0.085595]",58681
1957,00:32:37,Forceps,2,0.922399,"[0.612423, 0.533245, 0.0881218, 0.100911]",58721
1958,00:32:38,Forceps,2,0.915585,"[0.614025, 0.531826, 0.0834299, 0.105211]",58765
1959,00:32:39,Forceps,2,0.911767,"[0.608722, 0.531383, 0.0953495, 0.102097]",58780
1960,00:32:40,Forceps,2,0.943872,"[0.615023, 0.536505, 0.0853175, 0.0910508]",58829
1961,00:32:41,Forceps,2,0.941551,"[0.615193, 0.53624, 0.0847288, 0.0913773]",58830
1962,00:32:42,Forceps,2,0.916373,"[0.61507, 0.513602, 0.0867366, 0.139175]",58868
1963,00:32:43,Forceps,2,0.901944,"[0.616055, 0.526145, 0.0800266, 0.114165]",58903
1964,00:32:44,Forceps,2,0.927958,"[0.624981, 0.516602, 0.0731082, 0.125678]",58939
1965,00:32:45,Forceps,2,0.90139,"[0.62372, 0.521625, 0.0720495, 0.112123]",58959
1966,00:32:46,Forceps,2,0.933365,"[0.613744, 0.532243, 0.082196, 0.104644]",59005
1967,00:32:47,Forceps,2,0.917642,"[0.614911, 0.524072, 0.0854824, 0.115603]",59014
1968,00:32:48,Forceps,2,0.932564,"[0.616036, 0.525555, 0.0839064, 0.115815]",59058
1969,00:32:49,Forceps,2,0.908894,"[0.62694, 0.5146, 0.0691001, 0.131898]",59072
1971,00:32:51,Frazier,1,0.819206,"[0.589089, 0.497682, 0.146401, 0.112479]",59159
1972,00:32:52,Frazier,1,0.94995,"[0.630955, 0.500169, 0.0635824, 0.156207]",59189
1973,00:32:53,Frazier,1,0.957773,"[0.6324, 0.50642, 0.0629942, 0.140142]",59194
1974,00:32:54,Frazier,1,0.842126,"[0.511726, 0.486916, 0.0913452, 0.131256]",59237
1975,00:32:55,Frazier,1,0.968086,"[0.622023, 0.501703, 0.0740843, 0.158044]",59267
1976,00:32:56,Frazier,1,0.954938,"[0.62317, 0.512582, 0.0734368, 0.134683]",59308
1977,00:32:57,Frazier,1,0.96429,"[0.624803, 0.501933, 0.07484, 0.15437]",59313
1978,00:32:58,Frazier,1,0.947573,"[0.62316, 0.520543, 0.0754608, 0.11847]",59351
1979,00:32:59,Frazier,1,0.958253,"[0.624432, 0.523625, 0.0731587, 0.10849]",59396
1980,00:33:00,Frazier,1,0.950209,"[0.6262, 0.519425, 0.0704414, 0.117209]",59419
1981,00:33:01,Frazier,1,0.951236,"[0.613859, 0.52319, 0.0872267, 0.115504]",59451
1982,00:33:02,Frazier,1,0.956386,"[0.623932, 0.523024, 0.0745855, 0.111744]",59485
1983,00:33:03,Frazier,1,0.953414,"[0.632445, 0.507163, 0.061676, 0.139609]",59513
1984,00:33:04,Frazier,1,0.906059,"[0.608315, 0.502566, 0.0981836, 0.15547]",59521
1990,00:33:10,Forceps,2,0.833094,"[0.595272, 0.476756, 0.124004, 0.136097]",59729
1991,00:33:11,Forceps,2,0.908804,"[0.599922, 0.509076, 0.119365, 0.146184]",59750
1992,00:33:12,Forceps,2,0.900582,"[0.606076, 0.511341, 0.107944, 0.144113]",59763
1993,00:33:13,Forceps,2,0.905226,"[0.603756, 0.505295, 0.113372, 0.151453]",59803
1994,00:33:14,Forceps,2,0.920868,"[0.643984, 0.513669, 0.0426366, 0.124791]",59841
1995,00:33:15,Forceps,2,0.918447,"[0.636098, 0.526771, 0.0541565, 0.107994]",59879
1996,00:33:16,Forceps,2,0.902759,"[0.635217, 0.527956, 0.0547903, 0.107767]",59880
1997,00:33:17,Forceps,2,0.866073,"[0.610806, 0.518761, 0.104541, 0.119034]",59926
1998,00:33:18,Forceps,2,0.848136,"[0.639739, 0.53372, 0.0484047, 0.0976579]",59961
1999,00:33:19,Forceps,2,0.80624,"[0.604382, 0.54935, 0.115373, 0.0763547]",59983
2000,00:33:20,Forceps,2,0.899147,"[0.603719, 0.533279, 0.11788, 0.094134]",60013
2001,00:33:21,Forceps,2,0.894363,"[0.599537, 0.539054, 0.119607, 0.0894555]",60054
2002,00:33:22,Forceps,2,0.899775,"[0.602912, 0.536137, 0.115719, 0.0942042]",60077
2003,00:33:23,Forceps,2,0.852691,"[0.614716, 0.553785, 0.079867, 0.0757097]",60117
2004,00:33:24,Forceps,2,0.916836,"[0.588603, 0.531706, 0.139403, 0.104398]",60142
2005,00:33:25,Forceps,2,0.899997,"[0.588933, 0.537626, 0.139485, 0.0945957]",60150
2006,00:33:26,Forceps,2,0.897869,"[0.587798, 0.531726, 0.138704, 0.104991]",60209
2007,00:33:27,Forceps,2,0.91036,"[0.587853, 0.534453, 0.140044, 0.099724]",60212
2008,00:33:28,Forceps,2,0.888484,"[0.622252, 0.532919, 0.0768906, 0.103658]",60269
2009,00:33:29,Forceps,2,0.92308,"[0.624014, 0.528658, 0.0718239, 0.106487]",60299
2010,00:33:30,Forceps,2,0.92237,"[0.624281, 0.529438, 0.0714722, 0.105225]",60300
2011,00:33:31,Forceps,2,0.892604,"[0.604427, 0.503659, 0.113182, 0.156935]",60335
2024,00:33:44,Microdebrider,3,0.874365,"[0.608114, 0.467004, 0.120159, 0.207902]",60745
2025,00:33:45,Microdebrider,3,0.899902,"[0.628943, 0.474729, 0.0656761, 0.218559]",60776
2026,00:33:46,Microdebrider,3,0.906338,"[0.62557, 0.468343, 0.0711756, 0.229062]",60781
2027,00:33:47,Microdebrider,3,0.94011,"[0.636957, 0.474834, 0.0546074, 0.209043]",60813
2028,00:33:48,Microdebrider,3,0.929533,"[0.639306, 0.47699, 0.0529926, 0.203091]",60844
2029,00:33:49,Microdebrider,3,0.959414,"[0.633217, 0.49008, 0.0583015, 0.1828]",60891
2030,00:33:50,Microdebrider,3,0.944679,"[0.636992, 0.489856, 0.0532923, 0.184391]",60904
2031,00:33:51,Microdebrider,3,0.941521,"[0.638267, 0.4897, 0.0524352, 0.18316]",60957
2032,00:33:52,Microdebrider,3,0.944176,"[0.633649, 0.47872, 0.0571924, 0.193997]",60960
2044,00:34:04,Microdebrider,3,0.844137,"[0.573873, 0.51429, 0.151717, 0.13445]",61349
2045,00:34:05,Microdebrider,3,0.936622,"[0.610609, 0.471047, 0.093055, 0.221298]",61376
2046,00:34:06,Microdebrider,3,0.948101,"[0.624022, 0.486864, 0.0690333, 0.187064]",61407
2047,00:34:07,Microdebrider,3,0.948496,"[0.623305, 0.485591, 0.0704183, 0.189892]",61410
2048,00:34:08,Microdebrider,3,0.947705,"[0.619068, 0.492051, 0.0802846, 0.183767]",61463
2049,00:34:09,Microdebrider,3,0.94988,"[0.619553, 0.492491, 0.0785442, 0.182799]",61481
2050,00:34:10,Microdebrider,3,0.924536,"[0.61853, 0.495623, 0.081038, 0.181043]",61508
2051,00:34:11,Microdebrider,3,0.931691,"[0.610161, 0.506709, 0.0954009, 0.163839]",61546
2052,00:34:12,Microdebrider,3,0.929321,"[0.602835, 0.512098, 0.109173, 0.157391]",61588
2053,00:34:13,Microdebrider,3,0.922622,"[0.604499, 0.513141, 0.106108, 0.154941]",61616
2054,00:34:14,Microdebrider,3,0.922999,"[0.603943, 0.520154, 0.106274, 0.143324]",61627
2055,00:34:15,Microdebrider,3,0.929741,"[0.607252, 0.506054, 0.101339, 0.167268]",61679
2056,00:34:16,Microdebrider,3,0.930123,"[0.607558, 0.505515, 0.101435, 0.167896]",61680
2057,00:34:17,Microdebrider,3,0.918281,"[0.605034, 0.514529, 0.104509, 0.152112]",61716
2058,00:34:18,Microdebrider,3,0.89415,"[0.611192, 0.502509, 0.0949638, 0.169017]",61740
2059,00:34:19,Microdebrider,3,0.910189,"[0.615226, 0.4976, 0.0880367, 0.179651]",61799
2060,00:34:20,Microdebrider,3,0.913159,"[0.612141, 0.498127, 0.0918847, 0.174729]",61826
2061,00:34:21,Microdebrider,3,0.756592,"[0.607839, 0.480452, 0.102969, 0.182051]",61830
2069,00:34:29,Microdebrider,3,0.888755,"[0.59641, 0.480752, 0.12274, 0.198333]",62099
2070,00:34:30,Microdebrider,3,0.937762,"[0.618712, 0.463587, 0.0783302, 0.231393]",62124
2071,00:34:31,Microdebrider,3,0.933012,"[0.619575, 0.465183, 0.0765572, 0.230406]",62130
2072,00:34:32,Microdebrider,3,0.963151,"[0.624291, 0.490361, 0.0704084, 0.181604]",62182
2073,00:34:33,Microdebrider,3,0.97132,"[0.623808, 0.490895, 0.0717667, 0.181286]",62193
2074,00:34:34,Microdebrider,3,0.927488,"[0.61324, 0.508661, 0.092297, 0.158436]",62221
2075,00:34:35,Microdebrider,3,0.931761,"[0.609507, 0.515292, 0.0995875, 0.151555]",62279
2076,00:34:36,Microdebrider,3,0.93603,"[0.60941, 0.513906, 0.0978893, 0.154211]",62282
2077,00:34:37,Microdebrider,3,0.932822,"[0.60982, 0.518, 0.0993752, 0.145583]",62312
2078,00:34:38,Microdebrider,3,0.921576,"[0.609741, 0.519902, 0.0999954, 0.145471]",62364
2079,00:34:39,Microdebrider,3,0.924067,"[0.608442, 0.52286, 0.100873, 0.139902]",62375
2080,00:34:40,Microdebrider,3,0.929082,"[0.614219, 0.512271, 0.0887335, 0.153665]",62426
2081,00:34:41,Microdebrider,3,0.954304,"[0.624444, 0.503637, 0.0706813, 0.163019]",62444
2082,00:34:42,Microdebrider,3,0.960391,"[0.625232, 0.505429, 0.0716394, 0.156478]",62480
2083,00:34:43,Microdebrider,3,0.946016,"[0.626311, 0.506508, 0.0695271, 0.153392]",62490
2084,00:34:44,Microdebrider,3,0.950688,"[0.623945, 0.502653, 0.0744961, 0.162974]",62545
2085,00:34:45,Microdebrider,3,0.966149,"[0.63142, 0.497725, 0.0620874, 0.166623]",62574
2086,00:34:46,Microdebrider,3,0.938825,"[0.631778, 0.487148, 0.0622707, 0.190177]",62586
2087,00:34:47,Microdebrider,3,0.916408,"[0.637726, 0.499332, 0.050314, 0.169287]",62636
2088,00:34:48,Microdebrider,3,0.94247,"[0.634983, 0.494498, 0.057391, 0.172009]",62654
2089,00:34:49,Microdebrider,3,0.946384,"[0.635481, 0.492735, 0.0566221, 0.174985]",62692
2090,00:34:50,Microdebrider,3,0.939318,"[0.639172, 0.514032, 0.0498624, 0.13988]",62727
2091,00:34:51,Microdebrider,3,0.935322,"[0.637753, 0.515534, 0.0516871, 0.13423]",62737
2092,00:34:52,Microdebrider,3,0.962591,"[0.633509, 0.505487, 0.0595659, 0.151994]",62785
2093,00:34:53,Microdebrider,3,0.953146,"[0.634391, 0.491282, 0.0580715, 0.180058]",62803
2094,00:34:54,Microdebrider,3,0.924767,"[0.641612, 0.49423, 0.0490677, 0.172971]",62823
2095,00:34:55,Microdebrider,3,0.846849,"[0.655365, 0.482837, 0.0354941, 0.186827]",62871
2096,00:34:56,Microdebrider,3,0.896181,"[0.646048, 0.487294, 0.0450794, 0.187134]",62889
2097,00:34:57,Microdebrider,3,0.887896,"[0.64472, 0.48243, 0.0449608, 0.196842]",62939
2098,00:34:58,Microdebrider,3,0.892512,"[0.644991, 0.482923, 0.0448099, 0.19655]",62945
2099,00:34:59,Microdebrider,3,0.87853,"[0.649229, 0.487435, 0.0376635, 0.184138]",62975
2100,00:35:00,Microdebrider,3,0.918362,"[0.645628, 0.500417, 0.0431433, 0.162945]",63015
2101,00:35:01,Microdebrider,3,0.93069,"[0.647076, 0.519788, 0.0385846, 0.130272]",63059
2102,00:35:02,Microdebrider,3,0.938975,"[0.644715, 0.502955, 0.0452022, 0.160549]",63080
2103,00:35:03,Microdebrider,3,0.94758,"[0.634411, 0.520757, 0.0575752, 0.133069]",63111
2104,00:35:04,Microdebrider,3,0.957985,"[0.634873, 0.505763, 0.0593165, 0.155503]",63142
2105,00:35:05,Microdebrider,3,0.949859,"[0.62383, 0.517768, 0.0745182, 0.144167]",63177
2106,00:35:06,Microdebrider,3,0.937687,"[0.622666, 0.518048, 0.0766605, 0.143178]",63180
2107,00:35:07,Microdebrider,3,0.927147,"[0.625305, 0.506534, 0.0737011, 0.159346]",63235
2108,00:35:08,Microdebrider,3,0.933677,"[0.624795, 0.519084, 0.0731955, 0.142593]",63264
2109,00:35:09,Microdebrider,3,0.926494,"[0.625541, 0.517205, 0.072493, 0.142587]",63299
2110,00:35:10,Microdebrider,3,0.933461,"[0.626162, 0.505243, 0.0700863, 0.158017]",63311
2116,00:35:16,Forceps,2,0.758079,"[0.623694, 0.495692, 0.0838123, 0.143342]",63504
2117,00:35:17,Forceps,2,0.825155,"[0.640136, 0.538877, 0.0422536, 0.0916426]",63520
2118,00:35:18,Forceps,2,0.799157,"[0.645374, 0.544512, 0.0366961, 0.0758695]",63541
2119,00:35:19,Forceps,2,0.841949,"[0.636218, 0.53874, 0.049047, 0.099713]",63593
2120,00:35:20,Forceps,2,0.830517,"[0.635042, 0.538475, 0.0512444, 0.100465]",63600
2121,00:35:21,Forceps,2,0.798639,"[0.637575, 0.557321, 0.0439554, 0.0615101]",63657
2122,00:35:22,Forceps,2,0.824674,"[0.63774, 0.547854, 0.0449218, 0.0799272]",63682
2123,00:35:23,Forceps,2,0.840639,"[0.637472, 0.550886, 0.045332, 0.0729133]",63702
2124,00:35:24,Forceps,2,0.796943,"[0.633428, 0.555216, 0.049188, 0.0670041]",63735
2125,00:35:25,Forceps,2,0.802557,"[0.634879, 0.551401, 0.046961, 0.075258]",63777
2126,00:35:26,Forceps,2,0.810647,"[0.635666, 0.555969, 0.0453481, 0.0662315]",63791
2127,00:35:27,Forceps,2,0.792077,"[0.635962, 0.552689, 0.0450912, 0.0688422]",63812
2128,00:35:28,Forceps,2,0.797968,"[0.634826, 0.551706, 0.0469805, 0.0728555]",63849
2129,00:35:29,Forceps,2,0.833865,"[0.636705, 0.533974, 0.0463853, 0.106867]",63897
2130,00:35:30,Forceps,2,0.808253,"[0.632952, 0.529693, 0.0527298, 0.113153]",63919
2131,00:35:31,Freer,4,0.870958,"[0.641459, 0.527197, 0.0420376, 0.11779]",63938
2132,00:35:32,Freer,4,0.858239,"[0.642222, 0.523017, 0.0368725, 0.127542]",63979
2133,00:35:33,Freer,4,0.895158,"[0.635214, 0.520458, 0.0526548, 0.125628]",64019
2134,00:35:34,Freer,4,0.912463,"[0.632885, 0.521988, 0.0532842, 0.127765]",64041
2135,00:35:35,Freer,4,0.729711,"[0.656183, 0.526998, 0.0169188, 0.114556]",64071
2136,00:35:36,Freer,4,0.83968,"[0.650936, 0.528066, 0.0254781, 0.109664]",64098
2137,00:35:37,Freer,4,0.848404,"[0.633856, 0.526901, 0.050966, 0.122271]",64116
2138,00:35:38,Freer,4,0.786816,"[0.624954, 0.542177, 0.0661493, 0.0943808]",64148
2139,00:35:39,Freer,4,0.876185,"[0.631559, 0.518248, 0.0550381, 0.134912]",64180
2140,00:35:40,Freer,4,0.721512,"[0.63411, 0.532099, 0.0511385, 0.108475]",64201
2141,00:35:41,Freer,4,0.827703,"[0.608445, 0.461859, 0.098428, 0.183712]",64242
2146,00:35:46,Forceps,2,0.891878,"[0.620861, 0.506491, 0.0838856, 0.1523]",64391
2147,00:35:47,Forceps,2,0.915171,"[0.636237, 0.52686, 0.058267, 0.109209]",64439
2148,00:35:48,Forceps,2,0.910143,"[0.636304, 0.529767, 0.0571783, 0.104431]",64443
2149,00:35:49,Forceps,2,0.904662,"[0.627181, 0.527358, 0.0736559, 0.11415]",64483
2150,00:35:50,Forceps,2,0.861901,"[0.59965, 0.542165, 0.124879, 0.0990485]",64503
2151,00:35:51,Forceps,2,0.838218,"[0.611437, 0.523704, 0.101525, 0.125419]",64541
2152,00:35:52,Forceps,2,0.881646,"[0.61337, 0.549742, 0.0955111, 0.0836411]",64569
2153,00:35:53,Forceps,2,0.885386,"[0.593169, 0.518961, 0.134574, 0.132824]",64610
2156,00:35:56,Microdebrider,3,0.895484,"[0.61462, 0.479326, 0.0887234, 0.209629]",64709
2157,00:35:57,Microdebrider,3,0.955145,"[0.636177, 0.491355, 0.0604472, 0.17573]",64734
2158,00:35:58,Microdebrider,3,0.950065,"[0.63551, 0.48319, 0.0607292, 0.193103]",64745
2159,00:35:59,Microdebrider,3,0.960499,"[0.635112, 0.495689, 0.0588615, 0.170396]",64796
2160,00:36:00,Microdebrider,3,0.967503,"[0.636129, 0.497534, 0.0568428, 0.166893]",64806
2161,00:36:01,Microdebrider,3,0.962294,"[0.633798, 0.496867, 0.0593599, 0.168491]",64832
2162,00:36:02,Microdebrider,3,0.959194,"[0.630435, 0.499931, 0.0624267, 0.165332]",64864
2163,00:36:03,Microdebrider,3,0.947776,"[0.624695, 0.498807, 0.0741636, 0.169444]",64918
2164,00:36:04,Microdebrider,3,0.937683,"[0.623739, 0.505718, 0.074406, 0.155334]",64929
2165,00:36:05,Microdebrider,3,0.939808,"[0.620564, 0.516268, 0.0802248, 0.143864]",64975
2166,00:36:06,Microdebrider,3,0.936274,"[0.622961, 0.514991, 0.077063, 0.145109]",64998
2167,00:36:07,Microdebrider,3,0.926122,"[0.613353, 0.509469, 0.0949322, 0.162861]",65031
2168,00:36:08,Microdebrider,3,0.95201,"[0.62173, 0.493753, 0.080213, 0.184905]",65045
2169,00:36:09,Microdebrider,3,0.846925,"[0.655122, 0.478417, 0.0363038, 0.191208]",65075
2170,00:36:10,Microdebrider,3,0.897639,"[0.642704, 0.48333, 0.0496679, 0.194526]",65109
2171,00:36:11,Microdebrider,3,0.877113,"[0.646308, 0.483737, 0.0437504, 0.19888]",65139
2172,00:36:12,Microdebrider,3,0.885138,"[0.646443, 0.478752, 0.0418602, 0.210514]",65179
2173,00:36:13,Microdebrider,3,0.923136,"[0.644875, 0.491308, 0.0447698, 0.180313]",65212
2174,00:36:14,Microdebrider,3,0.9371,"[0.641835, 0.501463, 0.0508996, 0.16313]",65248
2175,00:36:15,Microdebrider,3,0.922522,"[0.647045, 0.492737, 0.0424166, 0.176961]",65277
2176,00:36:16,Microdebrider,3,0.930017,"[0.642879, 0.502167, 0.0495335, 0.166009]",65308
2177,00:36:17,Microdebrider,3,0.91996,"[0.642855, 0.501926, 0.0493631, 0.166247]",65310
2178,00:36:18,Microdebrider,3,0.960862,"[0.641616, 0.493025, 0.0538717, 0.183219]",65358
2179,00:36:19,Microdebrider,3,0.951195,"[0.639537, 0.493109, 0.0540434, 0.182094]",65382
2180,00:36:20,Microdebrider,3,0.890337,"[0.646385, 0.486177, 0.0432678, 0.195804]",65402
2181,00:36:21,Microdebrider,3,0.873541,"[0.652122, 0.500697, 0.0359205, 0.160524]",65439
2182,00:36:22,Microdebrider,3,0.942714,"[0.634515, 0.498797, 0.0639261, 0.179548]",65474
2183,00:36:23,Microdebrider,3,0.85188,"[0.646118, 0.492894, 0.0440529, 0.176745]",65511
2184,00:36:24,Microdebrider,3,0.885123,"[0.644148, 0.498393, 0.0479333, 0.170589]",65541
2185,00:36:25,Microdebrider,3,0.892728,"[0.643273, 0.500448, 0.0499611, 0.166201]",65576
2186,00:36:26,Microdebrider,3,0.909761,"[0.643248, 0.505468, 0.0471031, 0.15678]",65609
2187,00:36:27,Microdebrider,3,0.936277,"[0.643943, 0.501966, 0.0479107, 0.15978]",65624
2188,00:36:28,Microdebrider,3,0.935229,"[0.642322, 0.498694, 0.051149, 0.167757]",65642
2189,00:36:29,Microdebrider,3,0.944686,"[0.638788, 0.49644, 0.0589436, 0.176479]",65691
2190,00:36:30,Microdebrider,3,0.92296,"[0.639795, 0.498169, 0.0563404, 0.173694]",65702
2191,00:36:31,Microdebrider,3,0.898237,"[0.64693, 0.496716, 0.0423426, 0.168388]",65731
2192,00:36:32,Microdebrider,3,0.923119,"[0.645791, 0.503464, 0.0436316, 0.156266]",65784
2193,00:36:33,Microdebrider,3,0.952551,"[0.640359, 0.507879, 0.0529892, 0.153084]",65797
2194,00:36:34,Microdebrider,3,0.940244,"[0.642388, 0.50742, 0.0493925, 0.151106]",65842
2195,00:36:35,Microdebrider,3,0.941437,"[0.636555, 0.519871, 0.056193, 0.134695]",65872
2196,00:36:36,Microdebrider,3,0.950443,"[0.637828, 0.515757, 0.0556797, 0.14137]",65902
2197,00:36:37,Microdebrider,3,0.943424,"[0.636414, 0.518494, 0.0572382, 0.135942]",65919
2198,00:36:38,Microdebrider,3,0.908832,"[0.643203, 0.49036, 0.0503346, 0.183036]",65940
2199,00:36:39,Microdebrider,3,0.876135,"[0.660606, 0.493502, 0.0325574, 0.176904]",65982
2200,00:36:40,Microdebrider,3,0.93316,"[0.646107, 0.494109, 0.0460295, 0.1832]",66022
2201,00:36:41,Microdebrider,3,0.934323,"[0.646175, 0.491284, 0.044367, 0.186132]",66033
2202,00:36:42,Microdebrider,3,0.927094,"[0.642597, 0.492514, 0.0515635, 0.180048]",66064
2203,00:36:43,Microdebrider,3,0.918726,"[0.641039, 0.514346, 0.0518702, 0.147628]",66118
2204,00:36:44,Microdebrider,3,0.921217,"[0.640449, 0.515054, 0.0527472, 0.146374]",66120
2205,00:36:45,Microdebrider,3,0.910291,"[0.641332, 0.511875, 0.0519712, 0.152775]",66175
2206,00:36:46,Microdebrider,3,0.928241,"[0.644278, 0.499595, 0.0477529, 0.176807]",66192
2207,00:36:47,Microdebrider,3,0.942031,"[0.639984, 0.485764, 0.0548635, 0.197323]",66239
2208,00:36:48,Microdebrider,3,0.936575,"[0.638666, 0.483914, 0.05662, 0.201634]",66240
2209,00:36:49,Microdebrider,3,0.936917,"[0.636057, 0.492509, 0.0617969, 0.182532]",66278
2210,00:36:50,Microdebrider,3,0.952165,"[0.636548, 0.495162, 0.0597183, 0.184115]",66320
2211,00:36:51,Microdebrider,3,0.9414,"[0.64372, 0.495747, 0.0472861, 0.175598]",66334
2212,00:36:52,Microdebrider,3,0.923526,"[0.646087, 0.502336, 0.0425016, 0.160758]",66362
2213,00:36:53,Microdebrider,3,0.942216,"[0.635907, 0.517133, 0.0560189, 0.1406]",66419
2214,00:36:54,Microdebrider,3,0.934456,"[0.635081, 0.5164, 0.0573314, 0.142108]",66420
2215,00:36:55,Microdebrider,3,0.923148,"[0.647047, 0.490902, 0.0435711, 0.180776]",66455
2216,00:36:56,Microdebrider,3,0.90979,"[0.646149, 0.498238, 0.0460108, 0.16772]",66505
2217,00:36:57,Microdebrider,3,0.81774,"[0.633153, 0.488115, 0.0689535, 0.186799]",66510
2219,00:36:59,Forceps,2,0.733312,"[0.618024, 0.294405, 0.0952572, 0.139106]",66595
2220,00:37:00,Forceps,2,0.813326,"[0.613168, 0.292889, 0.0926556, 0.13206]",66621
2221,00:37:01,Forceps,2,0.910096,"[0.647881, 0.515692, 0.0374733, 0.134224]",66652
2222,00:37:02,Forceps,2,0.911856,"[0.657575, 0.511719, 0.0279058, 0.131181]",66685
2223,00:37:03,Forceps,2,0.919303,"[0.659952, 0.522447, 0.0244044, 0.109073]",66701
2224,00:37:04,Forceps,2,0.917938,"[0.6588, 0.521596, 0.0252625, 0.112826]",66727
2229,00:37:09,Forceps,2,0.796497,"[0.663268, 0.516104, 0.0150705, 0.122252]",66883
2230,00:37:10,Forceps,2,0.727378,"[0.666647, 0.522365, 0.0151165, 0.110094]",66928
2231,00:37:11,Forceps,2,0.886414,"[0.667781, 0.519188, 0.0170829, 0.115455]",66934
2232,00:37:12,Forceps,2,0.758381,"[0.6781, 0.524229, 0.0180756, 0.0988845]",66971
2233,00:37:13,Forceps,2,0.806329,"[0.665465, 0.52051, 0.0173691, 0.117214]",67009
2234,00:37:14,Forceps,2,0.785597,"[0.668328, 0.524782, 0.0154268, 0.104248]",67024
2235,00:37:15,Forceps,2,0.846118,"[0.661757, 0.524714, 0.0189854, 0.105609]",67078
2236,00:37:16,Forceps,2,0.827162,"[0.661382, 0.525432, 0.0193343, 0.103292]",67084
2237,00:37:17,Forceps,2,0.881333,"[0.66247, 0.527768, 0.0177609, 0.0976308]",67122
2238,00:37:18,Forceps,2,0.880785,"[0.658885, 0.523835, 0.0297949, 0.109639]",67163
2239,00:37:19,Forceps,2,0.873478,"[0.661059, 0.527945, 0.0220221, 0.0985564]",67191
2240,00:37:20,Forceps,2,0.889484,"[0.663645, 0.525962, 0.0151667, 0.102952]",67221
2241,00:37:21,Forceps,2,0.874709,"[0.664591, 0.512468, 0.0173985, 0.126068]",67243
2242,00:37:22,Forceps,2,0.765155,"[0.681341, 0.513992, 0.0178435, 0.115905]",67289
2243,00:37:23,Forceps,2,0.754684,"[0.676454, 0.512982, 0.0135264, 0.122365]",67290
2250,00:37:30,Microdebrider,3,0.900361,"[0.599818, 0.483395, 0.120946, 0.201401]",67523
2251,00:37:31,Microdebrider,3,0.92169,"[0.617498, 0.469662, 0.0841179, 0.227213]",67533
2252,00:37:32,Microdebrider,3,0.894794,"[0.647073, 0.474674, 0.0409018, 0.212279]",67571
2253,00:37:33,Microdebrider,3,0.861993,"[0.65198, 0.489001, 0.0359081, 0.180375]",67618
2254,00:37:34,Microdebrider,3,0.874214,"[0.648877, 0.490821, 0.0394177, 0.183024]",67622
2255,00:37:35,Microdebrider,3,0.896518,"[0.64628, 0.490485, 0.0438822, 0.189125]",67658
2256,00:37:36,Microdebrider,3,0.913473,"[0.646394, 0.493619, 0.0433716, 0.177067]",67692
2257,00:37:37,Microdebrider,3,0.957354,"[0.642795, 0.510363, 0.0504093, 0.149451]",67725
2258,00:37:38,Microdebrider,3,0.867018,"[0.655001, 0.492617, 0.0336335, 0.176253]",67752
2259,00:37:39,Microdebrider,3,0.858564,"[0.648137, 0.480711, 0.0392436, 0.208157]",67776
2260,00:37:40,Microdebrider,3,0.833471,"[0.650132, 0.484814, 0.0394617, 0.199459]",67825
2261,00:37:41,Microdebrider,3,0.946316,"[0.63877, 0.489754, 0.0542267, 0.184413]",67852
2262,00:37:42,Microdebrider,3,0.949737,"[0.632408, 0.487874, 0.0627152, 0.18949]",67886
2263,00:37:43,Microdebrider,3,0.934071,"[0.639233, 0.485343, 0.0520863, 0.189096]",67898
2264,00:37:44,Microdebrider,3,0.947048,"[0.63537, 0.50293, 0.0605545, 0.158946]",67949
2265,00:37:45,Microdebrider,3,0.962865,"[0.634557, 0.502553, 0.0622739, 0.160516]",67950
2266,00:37:46,Microdebrider,3,0.951021,"[0.633071, 0.495533, 0.0645537, 0.178599]",67986
2267,00:37:47,Microdebrider,3,0.952254,"[0.631537, 0.493068, 0.0680628, 0.183303]",68034
2268,00:37:48,Microdebrider,3,0.951132,"[0.631858, 0.493849, 0.0666376, 0.184371]",68043
2269,00:37:49,Microdebrider,3,0.955682,"[0.625182, 0.494022, 0.0736233, 0.182667]",68081
2270,00:37:50,Microdebrider,3,0.946866,"[0.621093, 0.521749, 0.0833975, 0.137718]",68105
2271,00:37:51,Microdebrider,3,0.91936,"[0.641581, 0.492633, 0.050787, 0.177928]",68130
2272,00:37:52,Microdebrider,3,0.926647,"[0.640842, 0.50459, 0.0505595, 0.165194]",68189
2273,00:37:53,Microdebrider,3,0.925016,"[0.640352, 0.504545, 0.0511824, 0.166177]",68190
2274,00:37:54,Microdebrider,3,0.946826,"[0.642489, 0.492425, 0.0517557, 0.188278]",68245
2275,00:37:55,Microdebrider,3,0.917284,"[0.645404, 0.497977, 0.0466558, 0.177009]",68276
2276,00:37:56,Microdebrider,3,0.914782,"[0.645999, 0.503904, 0.0440731, 0.165984]",68281
2277,00:37:57,Microdebrider,3,0.918289,"[0.64503, 0.505559, 0.0455964, 0.163295]",68321
2278,00:37:58,Microdebrider,3,0.957194,"[0.640819, 0.498344, 0.0553399, 0.177146]",68347
2279,00:37:59,Microdebrider,3,0.851724,"[0.649683, 0.480315, 0.0368511, 0.209774]",68377
2280,00:38:00,Microdebrider,3,0.83403,"[0.655116, 0.486885, 0.0322296, 0.191581]",68409
2281,00:38:01,Microdebrider,3,0.893497,"[0.646946, 0.495779, 0.0435614, 0.178761]",68440
2282,00:38:02,Microdebrider,3,0.89899,"[0.64744, 0.496585, 0.0433081, 0.176532]",68488
2283,00:38:03,Microdebrider,3,0.918459,"[0.644781, 0.506704, 0.0472211, 0.154125]",68519
2284,00:38:04,Microdebrider,3,0.945104,"[0.643276, 0.507092, 0.0479399, 0.150735]",68544
2285,00:38:05,Microdebrider,3,0.949309,"[0.638783, 0.518504, 0.0543083, 0.136949]",68559
2286,00:38:06,Microdebrider,3,0.931203,"[0.645055, 0.493554, 0.0466959, 0.183233]",68586
2287,00:38:07,Microdebrider,3,0.908894,"[0.657949, 0.491753, 0.0330473, 0.177943]",68636
2288,00:38:08,Microdebrider,3,0.924709,"[0.643189, 0.521479, 0.0485425, 0.132641]",68669
2289,00:38:09,Microdebrider,3,0.93053,"[0.643162, 0.519679, 0.0483886, 0.13607]",68672
2290,00:38:10,Microdebrider,3,0.914106,"[0.64251, 0.50337, 0.047576, 0.166162]",68701
2291,00:38:11,Microdebrider,3,0.91949,"[0.626019, 0.485547, 0.0983495, 0.183382]",68735
2292,00:38:12,Microdebrider,3,0.911225,"[0.617578, 0.493978, 0.0884467, 0.184736]",68789
2293,00:38:13,Microdebrider,3,0.963661,"[0.632644, 0.497855, 0.0652529, 0.180596]",68813
2294,00:38:14,Microdebrider,3,0.963936,"[0.632895, 0.4941, 0.0641872, 0.184441]",68825
2295,00:38:15,Microdebrider,3,0.814692,"[0.587273, 0.487822, 0.0637829, 0.181892]",68851
2296,00:38:16,Microdebrider,3,0.902765,"[0.614807, 0.506369, 0.125105, 0.151836]",68898
2297,00:38:17,Microdebrider,3,0.946644,"[0.626852, 0.504445, 0.0741989, 0.165958]",68933
2298,00:38:18,Microdebrider,3,0.947043,"[0.636632, 0.507203, 0.0554412, 0.157315]",68953
2299,00:38:19,Microdebrider,3,0.947878,"[0.636568, 0.506737, 0.0584758, 0.156896]",68982
2300,00:38:20,Microdebrider,3,0.957582,"[0.635119, 0.50698, 0.0595812, 0.1584]",69001
2301,00:38:21,Microdebrider,3,0.947673,"[0.635198, 0.519329, 0.0592144, 0.138749]",69046
2302,00:38:22,Microdebrider,3,0.955235,"[0.631893, 0.505008, 0.0628113, 0.16524]",69076
2303,00:38:23,Microdebrider,3,0.954183,"[0.635859, 0.503294, 0.0596054, 0.164243]",69095
2304,00:38:24,Microdebrider,3,0.837422,"[0.604266, 0.49513, 0.0840829, 0.164288]",69125
2305,00:38:25,Microdebrider,3,0.900607,"[0.60543, 0.503253, 0.104932, 0.158962]",69164
2306,00:38:26,Microdebrider,3,0.935837,"[0.620796, 0.474187, 0.080557, 0.212917]",69201
2307,00:38:27,Microdebrider,3,0.903297,"[0.626766, 0.477689, 0.0701155, 0.205735]",69210
2308,00:38:28,Microdebrider,3,0.943707,"[0.625311, 0.493268, 0.0752773, 0.178133]",69257
2309,00:38:29,Microdebrider,3,0.928914,"[0.625811, 0.496033, 0.0764415, 0.171335]",69270
2315,00:38:35,Microdebrider,3,0.924678,"[0.620506, 0.479769, 0.0789578, 0.2064]",69475
2316,00:38:36,Microdebrider,3,0.937073,"[0.627092, 0.492201, 0.0712734, 0.180673]",69507
2317,00:38:37,Microdebrider,3,0.939544,"[0.627676, 0.492944, 0.0721853, 0.180686]",69522
2318,00:38:38,Microdebrider,3,0.927505,"[0.624312, 0.497788, 0.0767722, 0.178769]",69557
2319,00:38:39,Microdebrider,3,0.915353,"[0.645637, 0.466812, 0.048919, 0.215592]",69578
2320,00:38:40,Microdebrider,3,0.933611,"[0.640402, 0.492937, 0.0543104, 0.18165]",69623
2321,00:38:41,Microdebrider,3,0.951421,"[0.635341, 0.499753, 0.0584191, 0.165013]",69647
2322,00:38:42,Microdebrider,3,0.941063,"[0.623134, 0.496987, 0.0800039, 0.171258]",69688
2323,00:38:43,Microdebrider,3,0.953509,"[0.62442, 0.49765, 0.076195, 0.17364]",69709
2324,00:38:44,Microdebrider,3,0.963259,"[0.638949, 0.48932, 0.0571456, 0.1823]",69748
2325,00:38:45,Microdebrider,3,0.972685,"[0.638933, 0.490136, 0.0562623, 0.184074]",69751
2326,00:38:46,Microdebrider,3,0.942722,"[0.6442, 0.505655, 0.0490097, 0.161563]",69780
2327,00:38:47,Microdebrider,3,0.93953,"[0.639139, 0.516836, 0.0558407, 0.14343]",69838
2328,00:38:48,Microdebrider,3,0.926116,"[0.643843, 0.504272, 0.0479084, 0.161952]",69843
2329,00:38:49,Microdebrider,3,0.933798,"[0.645016, 0.512055, 0.0476873, 0.146073]",69899
2330,00:38:50,Microdebrider,3,0.949448,"[0.640417, 0.494773, 0.0551416, 0.175466]",69912
2331,00:38:51,Microdebrider,3,0.956833,"[0.634572, 0.51864, 0.0627858, 0.139973]",69933
2332,00:38:52,Microdebrider,3,0.922619,"[0.639191, 0.503857, 0.0566383, 0.162801]",69960
2333,00:38:53,Microdebrider,3,0.939498,"[0.634285, 0.521082, 0.0644124, 0.136614]",70019
2334,00:38:54,Microdebrider,3,0.948885,"[0.6411, 0.503902, 0.0544805, 0.161259]",70037
2335,00:38:55,Microdebrider,3,0.94359,"[0.637799, 0.503979, 0.0564676, 0.164302]",70067
2336,00:38:56,Microdebrider,3,0.950686,"[0.635439, 0.504542, 0.0616669, 0.157203]",70082
2337,00:38:57,Microdebrider,3,0.93986,"[0.638756, 0.516462, 0.0553932, 0.141622]",70134
2338,00:38:58,Microdebrider,3,0.93156,"[0.646225, 0.497778, 0.0419078, 0.171961]",70160
2339,00:38:59,Microdebrider,3,0.941802,"[0.634397, 0.526986, 0.0619381, 0.126006]",70197
2340,00:39:00,Microdebrider,3,0.953275,"[0.638031, 0.504254, 0.0558468, 0.162899]",70216
2341,00:39:01,Microdebrider,3,0.949537,"[0.641632, 0.502828, 0.0520321, 0.164611]",70231
2342,00:39:02,Microdebrider,3,0.952437,"[0.646544, 0.507212, 0.0424908, 0.150909]",70264
2343,00:39:03,Microdebrider,3,0.956366,"[0.64335, 0.503315, 0.0492458, 0.160093]",70318
2344,00:39:04,Microdebrider,3,0.955036,"[0.643901, 0.501817, 0.0481728, 0.164065]",70334
2345,00:39:05,Microdebrider,3,0.949803,"[0.644066, 0.501013, 0.0471409, 0.166191]",70354
2346,00:39:06,Microdebrider,3,0.963675,"[0.635116, 0.496353, 0.0610392, 0.177727]",70396
2357,00:39:17,Forceps,2,0.894482,"[0.63017, 0.502028, 0.0750048, 0.165267]",70736
2358,00:39:18,Forceps,2,0.963009,"[0.634806, 0.50286, 0.0662191, 0.153141]",70742
2359,00:39:19,Forceps,2,0.952079,"[0.641614, 0.525934, 0.0536053, 0.105499]",70791
2360,00:39:20,Forceps,2,0.913183,"[0.637996, 0.531307, 0.0587681, 0.103817]",70805
2361,00:39:21,Forceps,2,0.905638,"[0.613188, 0.501629, 0.0952402, 0.15585]",70859
2362,00:39:22,Forceps,2,0.905007,"[0.61422, 0.502233, 0.0939065, 0.154837]",70861
2363,00:39:23,Forceps,2,0.883272,"[0.629824, 0.500663, 0.0733626, 0.152195]",70906
2364,00:39:24,Forceps,2,0.929789,"[0.625446, 0.503549, 0.0807261, 0.153834]",70943
2365,00:39:25,Forceps,2,0.942448,"[0.635627, 0.51319, 0.065839, 0.12429]",70954
2366,00:39:26,Forceps,2,0.869064,"[0.625208, 0.52929, 0.0795202, 0.109436]",70997
2367,00:39:27,Forceps,2,0.917594,"[0.631234, 0.516478, 0.0668285, 0.129905]",71027
2368,00:39:28,Forceps,2,0.909296,"[0.625306, 0.536117, 0.0737738, 0.0974087]",71049
2369,00:39:29,Forceps,2,0.904009,"[0.621363, 0.538148, 0.077216, 0.0970086]",71070
2370,00:39:30,Forceps,2,0.873401,"[0.624241, 0.515032, 0.0776976, 0.137929]",71120
2371,00:39:31,Forceps,2,0.874333,"[0.622773, 0.517438, 0.0799693, 0.130394]",71134
2372,00:39:32,Forceps,2,0.880172,"[0.624025, 0.531706, 0.0703661, 0.108432]",71163
2373,00:39:33,Forceps,2,0.907054,"[0.611971, 0.488222, 0.0989683, 0.201668]",71202
2374,00:39:34,Forceps,2,0.897917,"[0.616869, 0.502688, 0.085474, 0.163427]",71227
2375,00:39:35,Forceps,2,0.903829,"[0.632729, 0.520064, 0.0711224, 0.115155]",71254
2376,00:39:36,Forceps,2,0.890086,"[0.624787, 0.535886, 0.0732258, 0.0925018]",71301
2377,00:39:37,Forceps,2,0.911647,"[0.625092, 0.536675, 0.0709236, 0.0946322]",71315
2378,00:39:38,Forceps,2,0.870024,"[0.627432, 0.538969, 0.0769465, 0.0900037]",71353
2379,00:39:39,Forceps,2,0.888805,"[0.61768, 0.500121, 0.0878799, 0.161852]",71389
2380,00:39:40,Forceps,2,0.909873,"[0.605622, 0.489162, 0.109282, 0.182219]",71429
2381,00:39:41,Forceps,2,0.869047,"[0.605484, 0.487616, 0.110273, 0.189719]",71430
2382,00:39:42,Microdebrider,3,0.89756,"[0.608051, 0.483028, 0.116739, 0.205548]",71486
2383,00:39:43,Microdebrider,3,0.935447,"[0.63791, 0.493055, 0.0561108, 0.1751]",71519
2384,00:39:44,Microdebrider,3,0.940308,"[0.640598, 0.490021, 0.052803, 0.178607]",71548
2385,00:39:45,Microdebrider,3,0.956311,"[0.64073, 0.489682, 0.0531036, 0.181537]",71559
2386,00:39:46,Microdebrider,3,0.965697,"[0.635528, 0.495579, 0.0607143, 0.172769]",71606
2387,00:39:47,Microdebrider,3,0.960833,"[0.637065, 0.498311, 0.0579807, 0.169645]",71610
2388,00:39:48,Microdebrider,3,0.96346,"[0.6355, 0.497045, 0.0603135, 0.169738]",71664
2389,00:39:49,Microdebrider,3,0.949901,"[0.633258, 0.504022, 0.0627709, 0.157623]",71679
2390,00:39:50,Microdebrider,3,0.95217,"[0.635299, 0.504883, 0.0591198, 0.155185]",71718
2391,00:39:51,Microdebrider,3,0.947495,"[0.636203, 0.50761, 0.0573778, 0.150027]",71734
2392,00:39:52,Microdebrider,3,0.943507,"[0.64089, 0.506823, 0.0508415, 0.149682]",71767
2393,00:39:53,Microdebrider,3,0.969718,"[0.637, 0.488362, 0.0607998, 0.187052]",71801
2394,00:39:54,Microdebrider,3,0.945495,"[0.637223, 0.488565, 0.0595008, 0.185686]",71832
2395,00:39:55,Microdebrider,3,0.965528,"[0.637495, 0.484439, 0.059315, 0.195414]",71862
2396,00:39:56,Microdebrider,3,0.914188,"[0.648154, 0.48617, 0.0409694, 0.187193]",71881
2397,00:39:57,Microdebrider,3,0.943073,"[0.646441, 0.490444, 0.0449249, 0.179125]",71934
2398,00:39:58,Microdebrider,3,0.948973,"[0.644682, 0.506145, 0.0490555, 0.151508]",71967
2399,00:39:59,Microdebrider,3,0.949979,"[0.640293, 0.492317, 0.05595, 0.176994]",71979
2400,00:40:00,Microdebrider,3,0.937014,"[0.643902, 0.516071, 0.0486235, 0.138337]",72007
2401,00:40:01,Microdebrider,3,0.925304,"[0.649204, 0.50467, 0.0431347, 0.153906]",72044
2402,00:40:02,Microdebrider,3,0.937527,"[0.639296, 0.518941, 0.0572159, 0.137297]",72072
2403,00:40:03,Microdebrider,3,0.945031,"[0.63948, 0.502597, 0.0579277, 0.159897]",72119
2404,00:40:04,Microdebrider,3,0.952733,"[0.637657, 0.501823, 0.0605812, 0.161669]",72122
2405,00:40:05,Microdebrider,3,0.935635,"[0.642509, 0.507078, 0.0522305, 0.151815]",72179
2406,00:40:06,Microdebrider,3,0.947762,"[0.635754, 0.524389, 0.0621361, 0.129123]",72207
2407,00:40:07,Microdebrider,3,0.938571,"[0.626784, 0.526017, 0.0728172, 0.129206]",72236
2408,00:40:08,Microdebrider,3,0.913154,"[0.618436, 0.522358, 0.0892953, 0.138514]",72240
2409,00:40:09,Microdebrider,3,0.914813,"[0.640349, 0.484667, 0.0552845, 0.194758]",72282
2410,00:40:10,Microdebrider,3,0.923751,"[0.63905, 0.485306, 0.0567879, 0.198143]",72304
2413,00:40:13,Forceps,2,0.921062,"[0.633376, 0.502545, 0.073856, 0.150966]",72417
2414,00:40:14,Forceps,2,0.918141,"[0.632733, 0.535354, 0.072744, 0.0850679]",72443
2415,00:40:15,Forceps,2,0.906405,"[0.639227, 0.536614, 0.0615628, 0.0798197]",72478
2416,00:40:16,Forceps,2,0.904158,"[0.637309, 0.53247, 0.0671522, 0.0855069]",72485
2417,00:40:17,Forceps,2,0.897981,"[0.643828, 0.522475, 0.0576309, 0.100686]",72516
2418,00:40:18,Forceps,2,0.863972,"[0.650235, 0.519968, 0.0616528, 0.094882]",72557
2419,00:40:19,Forceps,2,0.871406,"[0.641386, 0.532847, 0.0736607, 0.0803173]",72597
2420,00:40:20,Forceps,2,0.895033,"[0.6422, 0.515462, 0.0634583, 0.103679]",72614
2421,00:40:21,Forceps,2,0.921373,"[0.645844, 0.527682, 0.0599041, 0.0944619]",72638
2422,00:40:22,Forceps,2,0.909631,"[0.642297, 0.522176, 0.0612847, 0.100024]",72677
2423,00:40:23,Forceps,2,0.890158,"[0.647115, 0.52525, 0.0504671, 0.100556]",72703
2424,00:40:24,Forceps,2,0.882214,"[0.639837, 0.527571, 0.0680149, 0.0954658]",72729
2425,00:40:25,Forceps,2,0.903618,"[0.63934, 0.527122, 0.067407, 0.0968502]",72778
2426,00:40:26,Forceps,2,0.918357,"[0.639178, 0.516367, 0.0607633, 0.11823]",72781
2434,00:40:34,Frazier,1,0.926008,"[0.618435, 0.541965, 0.0853348, 0.0879198]",73047
2435,00:40:35,Frazier,1,0.922142,"[0.617913, 0.541614, 0.0882116, 0.0899652]",73051
2436,00:40:36,Frazier,1,0.955016,"[0.621792, 0.539786, 0.0804749, 0.0912418]",73101
2437,00:40:37,Frazier,1,0.953243,"[0.621728, 0.538695, 0.0802215, 0.0928267]",73111
2438,00:40:38,Frazier,1,0.946408,"[0.628504, 0.52376, 0.071755, 0.119168]",73144
2439,00:40:39,Frazier,1,0.935764,"[0.644632, 0.50528, 0.0525003, 0.144732]",73171
2441,00:40:41,Freer,4,0.953044,"[0.641793, 0.497384, 0.0457088, 0.163237]",73259
2442,00:40:42,Freer,4,0.962572,"[0.645526, 0.499663, 0.0413617, 0.165452]",73266
2443,00:40:43,Freer,4,0.957035,"[0.649284, 0.515885, 0.0344526, 0.138737]",73301
2444,00:40:44,Freer,4,0.946667,"[0.650461, 0.523637, 0.0339534, 0.120885]",73324
2445,00:40:45,Freer,4,0.920627,"[0.636727, 0.527796, 0.0509144, 0.110705]",73355
2446,00:40:46,Freer,4,0.909923,"[0.634776, 0.543188, 0.0525032, 0.0923185]",73382
2447,00:40:47,Freer,4,0.907264,"[0.636422, 0.530904, 0.0502058, 0.109394]",73438
2448,00:40:48,Freer,4,0.952779,"[0.646503, 0.513304, 0.0407883, 0.136892]",73461
2449,00:40:49,Freer,4,0.966681,"[0.644421, 0.517228, 0.0442678, 0.128234]",73482
2450,00:40:50,Freer,4,0.883738,"[0.645435, 0.535682, 0.0442352, 0.0947042]",73500
2451,00:40:51,Freer,4,0.913856,"[0.641808, 0.533829, 0.0528355, 0.0956791]",73543
2452,00:40:52,Freer,4,0.910081,"[0.639364, 0.530749, 0.050604, 0.103123]",73564
2453,00:40:53,Freer,4,0.916966,"[0.629848, 0.539638, 0.064376, 0.0954081]",73610
2454,00:40:54,Freer,4,0.966702,"[0.642161, 0.530249, 0.044146, 0.110015]",73649
2455,00:40:55,Freer,4,0.96778,"[0.642251, 0.528533, 0.0435041, 0.113254]",73652
2456,00:40:56,Freer,4,0.969429,"[0.642684, 0.529434, 0.0482423, 0.107004]",73696
2457,00:40:57,Freer,4,0.923124,"[0.641868, 0.532052, 0.0461756, 0.103436]",73718
2458,00:40:58,Freer,4,0.933873,"[0.641078, 0.529565, 0.0444047, 0.114217]",73750
2459,00:40:59,Freer,4,0.941285,"[0.631074, 0.536457, 0.0647163, 0.0977525]",73795
2460,00:41:00,Freer,4,0.939402,"[0.636492, 0.515586, 0.0552769, 0.137045]",73829
2461,00:41:01,Freer,4,0.938177,"[0.636624, 0.515053, 0.0543705, 0.137905]",73830
2466,00:41:06,Microdebrider,3,0.889047,"[0.592209, 0.482038, 0.153818, 0.188014]",74004
2467,00:41:07,Microdebrider,3,0.941285,"[0.618427, 0.491442, 0.085738, 0.186233]",74031
2468,00:41:08,Microdebrider,3,0.919815,"[0.62171, 0.498325, 0.0838518, 0.178547]",74065
2469,00:41:09,Microdebrider,3,0.942473,"[0.625662, 0.494387, 0.0771296, 0.183799]",74082
2470,00:41:10,Microdebrider,3,0.94672,"[0.62542, 0.504052, 0.0752838, 0.165837]",74104
2471,00:41:11,Microdebrider,3,0.951532,"[0.624397, 0.504263, 0.0776477, 0.165791]",74157
2472,00:41:12,Microdebrider,3,0.949544,"[0.624429, 0.503383, 0.0776678, 0.167285]",74160
2473,00:41:13,Microdebrider,3,0.966073,"[0.631448, 0.501432, 0.0648956, 0.162322]",74195
2474,00:41:14,Microdebrider,3,0.943442,"[0.621372, 0.506422, 0.0824286, 0.16331]",74226
2475,00:41:15,Microdebrider,3,0.91116,"[0.620678, 0.513378, 0.0836997, 0.151677]",74250
2476,00:41:16,Microdebrider,3,0.913626,"[0.614698, 0.517039, 0.0948732, 0.146132]",74298
2477,00:41:17,Microdebrider,3,0.911618,"[0.618204, 0.500047, 0.0843272, 0.175358]",74321
2481,00:41:21,Forceps,2,0.950739,"[0.636532, 0.512256, 0.0637806, 0.131495]",74444
2482,00:41:22,Forceps,2,0.948041,"[0.642077, 0.523688, 0.051076, 0.106851]",74487
2483,00:41:23,Forceps,2,0.945423,"[0.642237, 0.534087, 0.0559982, 0.0804543]",74513
2484,00:41:24,Forceps,2,0.960582,"[0.635219, 0.535361, 0.0640375, 0.0891154]",74533
2485,00:41:25,Forceps,2,0.958872,"[0.634834, 0.535149, 0.0666093, 0.0864955]",74552
2486,00:41:26,Forceps,2,0.911326,"[0.632198, 0.547058, 0.067145, 0.0711817]",74603
2487,00:41:27,Forceps,2,0.899654,"[0.634012, 0.544001, 0.0626645, 0.0811334]",74632
2488,00:41:28,Forceps,2,0.871676,"[0.63663, 0.528628, 0.0555529, 0.107582]",74640
2489,00:41:29,Forceps,2,0.947141,"[0.636746, 0.528409, 0.0641954, 0.0886852]",74692
2490,00:41:30,Forceps,2,0.94731,"[0.636174, 0.533034, 0.0631984, 0.0906735]",74701
2491,00:41:31,Forceps,2,0.902808,"[0.634282, 0.544791, 0.0650702, 0.0783498]",74739
2492,00:41:32,Forceps,2,0.905555,"[0.63142, 0.551618, 0.0660847, 0.0725882]",74774
2493,00:41:33,Forceps,2,0.893997,"[0.63743, 0.530526, 0.0588529, 0.100201]",74792
2498,00:41:38,Microdebrider,3,0.916033,"[0.618974, 0.505527, 0.086931, 0.163598]",74968
2499,00:41:39,Microdebrider,3,0.954794,"[0.624663, 0.491854, 0.0770187, 0.183853]",74993
2500,00:41:40,Microdebrider,3,0.961611,"[0.634396, 0.497947, 0.06315, 0.177056]",75029
2501,00:41:41,Microdebrider,3,0.959445,"[0.624776, 0.495823, 0.0763496, 0.177521]",75055
2502,00:41:42,Microdebrider,3,0.95112,"[0.621527, 0.495117, 0.080529, 0.178394]",75071
2503,00:41:43,Microdebrider,3,0.956263,"[0.618789, 0.492221, 0.0880642, 0.184536]",75097
2504,00:41:44,Microdebrider,3,0.951479,"[0.62108, 0.506793, 0.0825539, 0.162198]",75148
2505,00:41:45,Microdebrider,3,0.953986,"[0.615899, 0.510328, 0.0923517, 0.155793]",75160
2506,00:41:46,Microdebrider,3,0.953628,"[0.618718, 0.507144, 0.0872044, 0.162119]",75199
2507,00:41:47,Microdebrider,3,0.937632,"[0.626373, 0.489822, 0.0735598, 0.194657]",75217
2508,00:41:48,Microdebrider,3,0.951625,"[0.632555, 0.492663, 0.0675331, 0.195396]",75245
2509,00:41:49,Microdebrider,3,0.949453,"[0.61846, 0.505284, 0.0874437, 0.167198]",75292
2510,00:41:50,Microdebrider,3,0.957958,"[0.617515, 0.504347, 0.0879599, 0.167193]",75327
2511,00:41:51,Microdebrider,3,0.958702,"[0.617945, 0.504857, 0.0874744, 0.16642]",75330
2512,00:41:52,Microdebrider,3,0.961722,"[0.617229, 0.504455, 0.0866316, 0.168487]",75384
2513,00:41:53,Microdebrider,3,0.961351,"[0.618125, 0.504509, 0.0861884, 0.168239]",75390
2514,00:41:54,Microdebrider,3,0.951558,"[0.623875, 0.505134, 0.0782917, 0.169787]",75420
2515,00:41:55,Microdebrider,3,0.951946,"[0.624256, 0.50127, 0.0752333, 0.175475]",75466
2516,00:41:56,Microdebrider,3,0.949616,"[0.619818, 0.503898, 0.0863314, 0.167354]",75509
2517,00:41:57,Microdebrider,3,0.963129,"[0.618421, 0.505375, 0.0884626, 0.165256]",75531
2518,00:41:58,Microdebrider,3,0.955277,"[0.617755, 0.511873, 0.088961, 0.154017]",75568
2519,00:41:59,Microdebrider,3,0.960166,"[0.620164, 0.51118, 0.0842573, 0.155854]",75595
2520,00:42:00,Microdebrider,3,0.959507,"[0.621531, 0.512746, 0.0833969, 0.153272]",75600
2521,00:42:01,Microdebrider,3,0.964688,"[0.619807, 0.510901, 0.0858596, 0.157153]",75659
2522,00:42:02,Microdebrider,3,0.964646,"[0.619479, 0.511438, 0.086934, 0.155439]",75660
2523,00:42:03,Microdebrider,3,0.948633,"[0.618051, 0.516873, 0.0899233, 0.148837]",75707
2524,00:42:04,Microdebrider,3,0.944094,"[0.618108, 0.516878, 0.0887625, 0.148624]",75729
2525,00:42:05,Microdebrider,3,0.954033,"[0.619303, 0.521244, 0.0874695, 0.145418]",75778
2526,00:42:06,Microdebrider,3,0.953756,"[0.618617, 0.520191, 0.0891041, 0.149352]",75787
2527,00:42:07,Microdebrider,3,0.932735,"[0.622397, 0.526038, 0.0819851, 0.136218]",75810
2528,00:42:08,Microdebrider,3,0.950656,"[0.620243, 0.519711, 0.0856295, 0.147418]",75869
2529,00:42:09,Microdebrider,3,0.959027,"[0.62165, 0.5215, 0.0834892, 0.143281]",75878
2530,00:42:10,Microdebrider,3,0.950705,"[0.623878, 0.509972, 0.0787401, 0.159266]",75915
2531,00:42:11,Microdebrider,3,0.959961,"[0.618879, 0.522228, 0.088225, 0.142694]",75944
2532,00:42:12,Microdebrider,3,0.93822,"[0.615373, 0.525663, 0.0931548, 0.137713]",75985
2533,00:42:13,Microdebrider,3,0.954351,"[0.616549, 0.529983, 0.0916415, 0.130279]",76012
2534,00:42:14,Microdebrider,3,0.955156,"[0.615362, 0.529988, 0.0931004, 0.129683]",76039
2535,00:42:15,Microdebrider,3,0.950288,"[0.614248, 0.529462, 0.0972216, 0.130173]",76079
2536,00:42:16,Microdebrider,3,0.950321,"[0.614146, 0.529708, 0.0979738, 0.129447]",76080
2537,00:42:17,Microdebrider,3,0.942203,"[0.617874, 0.530481, 0.0871147, 0.127065]",76131
2538,00:42:18,Microdebrider,3,0.955541,"[0.62044, 0.516934, 0.0831989, 0.148234]",76146
2539,00:42:19,Microdebrider,3,0.926575,"[0.616187, 0.532491, 0.0902563, 0.122431]",76170
2540,00:42:20,Microdebrider,3,0.950108,"[0.626115, 0.504313, 0.0754526, 0.165916]",76228
2541,00:42:21,Microdebrider,3,0.960094,"[0.621706, 0.509936, 0.0826893, 0.157188]",76259
2542,00:42:22,Microdebrider,3,0.960465,"[0.629078, 0.505779, 0.0683123, 0.161699]",76264
2543,00:42:23,Microdebrider,3,0.961666,"[0.625645, 0.507255, 0.0744003, 0.163152]",76295
2544,00:42:24,Microdebrider,3,0.962586,"[0.633236, 0.502848, 0.0647656, 0.170367]",76346
2545,00:42:25,Microdebrider,3,0.963757,"[0.632823, 0.501914, 0.0647522, 0.172511]",76351
2546,00:42:26,Microdebrider,3,0.948543,"[0.628938, 0.503721, 0.0706963, 0.166601]",76401
2547,00:42:27,Microdebrider,3,0.964806,"[0.625403, 0.506476, 0.0752165, 0.164137]",76436
2548,00:42:28,Microdebrider,3,0.957195,"[0.624244, 0.504796, 0.0787531, 0.167845]",76440
2549,00:42:29,Microdebrider,3,0.938931,"[0.626109, 0.50544, 0.0743282, 0.165141]",76470
2550,00:42:30,Microdebrider,3,0.946926,"[0.632058, 0.504338, 0.0639746, 0.166215]",76516
2551,00:42:31,Microdebrider,3,0.962251,"[0.63003, 0.494453, 0.070529, 0.183464]",76539
2552,00:42:32,Microdebrider,3,0.938153,"[0.624231, 0.508631, 0.0787866, 0.160762]",76571
2553,00:42:33,Microdebrider,3,0.952106,"[0.617699, 0.523903, 0.0898411, 0.140029]",76609
2554,00:42:34,Microdebrider,3,0.942485,"[0.617941, 0.521081, 0.0894347, 0.143281]",76637
2555,00:42:35,Microdebrider,3,0.953317,"[0.616075, 0.518082, 0.0928364, 0.149168]",76668
2556,00:42:36,Microdebrider,3,0.948224,"[0.613996, 0.517266, 0.0972752, 0.151959]",76696
2557,00:42:37,Microdebrider,3,0.958942,"[0.629913, 0.497109, 0.0680481, 0.182155]",76733
2558,00:42:38,Microdebrider,3,0.901686,"[0.625625, 0.47763, 0.0751478, 0.212841]",76743
2562,00:42:42,Microdebrider,3,0.886798,"[0.629228, 0.464092, 0.130032, 0.190014]",76885
2563,00:42:43,Microdebrider,3,0.910983,"[0.592797, 0.494067, 0.131128, 0.188007]",76919
2564,00:42:44,Microdebrider,3,0.926903,"[0.604946, 0.476101, 0.106685, 0.218375]",76934
2565,00:42:45,Microdebrider,3,0.928988,"[0.61342, 0.485045, 0.0902565, 0.204708]",76952
2566,00:42:46,Microdebrider,3,0.935396,"[0.611592, 0.520423, 0.0982052, 0.149664]",77008
2567,00:42:47,Microdebrider,3,0.936131,"[0.611565, 0.52372, 0.0958667, 0.14393]",77038
2568,00:42:48,Microdebrider,3,0.95028,"[0.617159, 0.50944, 0.0890036, 0.162825]",77064
2569,00:42:49,Microdebrider,3,0.944089,"[0.625246, 0.486868, 0.0719307, 0.197021]",77086
2570,00:42:50,Microdebrider,3,0.899428,"[0.630324, 0.461533, 0.0679072, 0.244566]",77107
2572,00:42:52,Frazier,1,0.803607,"[0.588609, 0.485908, 0.120388, 0.0928722]",77189
2573,00:42:53,Frazier,1,0.952102,"[0.631183, 0.492972, 0.068198, 0.173531]",77212
2574,00:42:54,Frazier,1,0.914367,"[0.64971, 0.479973, 0.0522489, 0.16917]",77249
2575,00:42:55,Frazier,1,0.927862,"[0.617438, 0.478377, 0.100813, 0.185206]",77279
2576,00:42:56,Frazier,1,0.938459,"[0.625065, 0.502501, 0.0764587, 0.145367]",77296
2577,00:42:57,Frazier,1,0.911359,"[0.653717, 0.495888, 0.0476681, 0.14356]",77338
2578,00:42:58,Frazier,1,0.93343,"[0.649422, 0.494899, 0.0522455, 0.15769]",77361
2579,00:42:59,Frazier,1,0.946222,"[0.644372, 0.518191, 0.0550087, 0.108353]",77390
2580,00:43:00,Frazier,1,0.944985,"[0.641609, 0.517832, 0.0597261, 0.110181]",77406
2581,00:43:01,Frazier,1,0.935436,"[0.635866, 0.533726, 0.0650456, 0.0918126]",77444
2582,00:43:02,Frazier,1,0.939727,"[0.626396, 0.510146, 0.0771002, 0.137567]",77484
2583,00:43:03,Frazier,1,0.937738,"[0.630943, 0.508569, 0.0705839, 0.136259]",77519
2584,00:43:04,Frazier,1,0.944871,"[0.627222, 0.530257, 0.0768936, 0.100774]",77547
2585,00:43:05,Frazier,1,0.957091,"[0.623072, 0.535811, 0.0796749, 0.0923631]",77564
2586,00:43:06,Frazier,1,0.947014,"[0.620238, 0.538746, 0.0840788, 0.0875398]",77604
2587,00:43:07,Frazier,1,0.917394,"[0.619756, 0.554131, 0.0820244, 0.0676136]",77612
2588,00:43:08,Frazier,1,0.942518,"[0.6141, 0.528269, 0.0904963, 0.11207]",77655
2589,00:43:09,Frazier,1,0.953913,"[0.623193, 0.533641, 0.0780402, 0.0960849]",77685
2590,00:43:10,Frazier,1,0.946534,"[0.631754, 0.509805, 0.0690659, 0.140411]",77700
2591,00:43:11,Frazier,1,0.894229,"[0.655628, 0.51727, 0.0458326, 0.113047]",77751
2592,00:43:12,Frazier,1,0.917717,"[0.651641, 0.50706, 0.0507026, 0.131827]",77780
2593,00:43:13,Frazier,1,0.92803,"[0.633453, 0.51834, 0.0673536, 0.121428]",77819
2594,00:43:14,Frazier,1,0.954988,"[0.629902, 0.510601, 0.0733927, 0.139349]",77843
2595,00:43:15,Frazier,1,0.927056,"[0.641684, 0.498796, 0.0546754, 0.158521]",77851
2596,00:43:16,Frazier,1,0.9352,"[0.643673, 0.504451, 0.0587656, 0.138193]",77899
2597,00:43:17,Frazier,1,0.926246,"[0.649078, 0.490804, 0.0482454, 0.167898]",77930
2598,00:43:18,Frazier,1,0.95245,"[0.640378, 0.515598, 0.0621576, 0.114874]",77951
2599,00:43:19,Frazier,1,0.954751,"[0.623053, 0.533033, 0.0829676, 0.0978395]",77997
2600,00:43:20,Frazier,1,0.956049,"[0.622716, 0.529746, 0.0811984, 0.103835]",78000
2601,00:43:21,Frazier,1,0.893328,"[0.611748, 0.54419, 0.0935028, 0.0865271]",78059
2602,00:43:22,Frazier,1,0.952892,"[0.630556, 0.510092, 0.0699944, 0.139704]",78081
2603,00:43:23,Frazier,1,0.9434,"[0.641855, 0.506702, 0.0552357, 0.138689]",78104
2604,00:43:24,Frazier,1,0.903414,"[0.658425, 0.50709, 0.0437508, 0.132694]",78144
2605,00:43:25,Frazier,1,0.917049,"[0.649558, 0.501177, 0.0460178, 0.15069]",78176
2606,00:43:26,Frazier,1,0.928135,"[0.649546, 0.498528, 0.0461607, 0.155019]",78192
2607,00:43:27,Frazier,1,0.920919,"[0.651172, 0.518863, 0.0514305, 0.104136]",78229
2608,00:43:28,Frazier,1,0.948529,"[0.635564, 0.514531, 0.0661292, 0.125509]",78266
2609,00:43:29,Frazier,1,0.946469,"[0.622035, 0.541014, 0.0826449, 0.086329]",78290
2610,00:43:30,Frazier,1,0.9535,"[0.619937, 0.537809, 0.0843357, 0.0943868]",78309
2611,00:43:31,Frazier,1,0.894023,"[0.626397, 0.549731, 0.0741861, 0.0685183]",78334
2612,00:43:32,Frazier,1,0.879338,"[0.617059, 0.553598, 0.0855912, 0.0676821]",78360
2613,00:43:33,Frazier,1,0.956647,"[0.622571, 0.535431, 0.0789258, 0.0983671]",78419
2614,00:43:34,Frazier,1,0.960904,"[0.624305, 0.529975, 0.0805624, 0.106193]",78425
2615,00:43:35,Frazier,1,0.947713,"[0.624645, 0.52102, 0.0806302, 0.123611]",78451
2619,00:43:39,Frazier,1,0.961697,"[0.626045, 0.505131, 0.0793009, 0.149231]",78592
2620,00:43:40,Frazier,1,0.964098,"[0.625034, 0.495669, 0.0768819, 0.173439]",78609
2621,00:43:41,Frazier,1,0.94084,"[0.644221, 0.501953, 0.0568508, 0.146114]",78647
2622,00:43:42,Frazier,1,0.952409,"[0.644245, 0.507137, 0.0579704, 0.131707]",78675
2623,00:43:43,Frazier,1,0.939531,"[0.640194, 0.511273, 0.0637374, 0.12428]",78692
2624,00:43:44,Frazier,1,0.936418,"[0.638274, 0.508079, 0.062167, 0.134312]",78722
2625,00:43:45,Frazier,1,0.943536,"[0.625582, 0.529552, 0.0775189, 0.0995429]",78778
2626,00:43:46,Frazier,1,0.948848,"[0.623625, 0.530824, 0.0805677, 0.102554]",78805
2627,00:43:47,Frazier,1,0.926196,"[0.62431, 0.540153, 0.07673, 0.0854804]",78810
2628,00:43:48,Frazier,1,0.878521,"[0.616439, 0.562114, 0.0846022, 0.0520406]",78862
2629,00:43:49,Frazier,1,0.915772,"[0.620155, 0.555118, 0.0800624, 0.06586]",78884
2630,00:43:50,Frazier,1,0.944991,"[0.624372, 0.538973, 0.0755636, 0.0902069]",78922
2631,00:43:51,Frazier,1,0.940862,"[0.626628, 0.525533, 0.0776111, 0.113447]",78937
2632,00:43:52,Frazier,1,0.908116,"[0.630192, 0.562948, 0.0661078, 0.049764]",78968
2633,00:43:53,Frazier,1,0.961381,"[0.622625, 0.540808, 0.0821966, 0.0901698]",79005
2635,00:43:55,Frazier,1,0.84171,"[0.599133, 0.501959, 0.145809, 0.146336]",79066
2636,00:43:56,Frazier,1,0.964151,"[0.623985, 0.50342, 0.0781256, 0.159152]",79097
2637,00:43:57,Frazier,1,0.936941,"[0.625953, 0.534653, 0.0786985, 0.092728]",79133
2638,00:43:58,Frazier,1,0.952402,"[0.620807, 0.535253, 0.0831032, 0.0943732]",79148
2639,00:43:59,Frazier,1,0.913186,"[0.613304, 0.547436, 0.0917484, 0.0795764]",79170
2641,00:44:01,Frazier,1,0.732929,"[0.726562, 0.418721, 0.1494, 0.292765]",79257
2642,00:44:02,Frazier,1,0.720033,"[0.701255, 0.410343, 0.139842, 0.313662]",79260
2643,00:44:03,Frazier,1,0.823424,"[0.603677, 0.513084, 0.125058, 0.132589]",79319
2644,00:44:04,Frazier,1,0.954946,"[0.623174, 0.497029, 0.0811306, 0.169854]",79324
2645,00:44:05,Frazier,1,0.948072,"[0.641215, 0.499186, 0.0568626, 0.152886]",79363
2646,00:44:06,Frazier,1,0.923269,"[0.656421, 0.497809, 0.0452806, 0.15664]",79389
2647,00:44:07,Frazier,1,0.947651,"[0.641867, 0.505065, 0.0590284, 0.135812]",79422
2648,00:44:08,Frazier,1,0.929251,"[0.641807, 0.495877, 0.0554352, 0.161389]",79469
2649,00:44:09,Frazier,1,0.955861,"[0.625726, 0.516219, 0.0785453, 0.129053]",79493
2650,00:44:10,Frazier,1,0.945462,"[0.623293, 0.529799, 0.0806873, 0.102255]",79518
2651,00:44:11,Frazier,1,0.947167,"[0.626888, 0.526035, 0.0791899, 0.106307]",79548
2652,00:44:12,Frazier,1,0.948634,"[0.620752, 0.53285, 0.083415, 0.0960693]",79586
2653,00:44:13,Frazier,1,0.947968,"[0.620707, 0.533481, 0.0828274, 0.0956645]",79590
2654,00:44:14,Frazier,1,0.945488,"[0.624822, 0.525072, 0.0762478, 0.115265]",79640
2655,00:44:15,Frazier,1,0.94414,"[0.620557, 0.535615, 0.0825934, 0.0939894]",79663
2656,00:44:16,Frazier,1,0.939967,"[0.620389, 0.540247, 0.0852881, 0.0842095]",79706
2657,00:44:17,Frazier,1,0.948231,"[0.622502, 0.534181, 0.080641, 0.0971295]",79722
2658,00:44:18,Frazier,1,0.950041,"[0.622702, 0.535496, 0.0803717, 0.0955518]",79755
2659,00:44:19,Frazier,1,0.92787,"[0.627144, 0.53224, 0.0775119, 0.0990328]",79794
2660,00:44:20,Frazier,1,0.932147,"[0.626529, 0.530001, 0.077605, 0.0999464]",79806
2661,00:44:21,Frazier,1,0.93079,"[0.627554, 0.528951, 0.0768119, 0.10031]",79853
2662,00:44:22,Frazier,1,0.948003,"[0.622726, 0.534423, 0.0834933, 0.0953384]",79886
2663,00:44:23,Frazier,1,0.95846,"[0.625041, 0.516614, 0.0770149, 0.134723]",79907
2664,00:44:24,Frazier,1,0.943419,"[0.622839, 0.53745, 0.082493, 0.0912906]",79927
2665,00:44:25,Frazier,1,0.945698,"[0.620731, 0.53914, 0.0863487, 0.0877094]",79974
2666,00:44:26,Frazier,1,0.931505,"[0.619993, 0.543049, 0.0850739, 0.0815505]",79986
2667,00:44:27,Frazier,1,0.943534,"[0.620843, 0.538063, 0.0822971, 0.0935301]",80035
2668,00:44:28,Frazier,1,0.954623,"[0.632381, 0.506338, 0.0673466, 0.145928]",80043
2669,00:44:29,Frazier,1,0.945804,"[0.641464, 0.502998, 0.056028, 0.140278]",80094
2670,00:44:30,Frazier,1,0.953752,"[0.625776, 0.515449, 0.0829531, 0.129948]",80128
2671,00:44:31,Frazier,1,0.950439,"[0.624352, 0.518459, 0.0798673, 0.130799]",80133
2672,00:44:32,Frazier,1,0.949115,"[0.626736, 0.527554, 0.077128, 0.102988]",80187
2673,00:44:33,Frazier,1,0.953013,"[0.623043, 0.528296, 0.0833522, 0.100769]",80217
2674,00:44:34,Frazier,1,0.954733,"[0.623378, 0.527888, 0.0826359, 0.101095]",80234
2675,00:44:35,Frazier,1,0.944575,"[0.626369, 0.518594, 0.0777287, 0.119094]",80277
2676,00:44:36,Frazier,1,0.948987,"[0.625667, 0.518023, 0.0789406, 0.121894]",80282
2677,00:44:37,Frazier,1,0.944574,"[0.621909, 0.540926, 0.0794407, 0.0865465]",80336
2678,00:44:38,Frazier,1,0.951208,"[0.623597, 0.533986, 0.0798695, 0.0963652]",80343
2679,00:44:39,Frazier,1,0.915488,"[0.626571, 0.541001, 0.0765566, 0.085044]",80392
2681,00:44:41,Frazier,1,0.91476,"[0.630006, 0.543677, 0.0711508, 0.0768879]",80459
2682,00:44:42,Frazier,1,0.910527,"[0.62813, 0.540004, 0.0749367, 0.0819408]",80467
2683,00:44:43,Frazier,1,0.920432,"[0.630803, 0.515797, 0.0725421, 0.125643]",80513
2684,00:44:44,Frazier,1,0.94435,"[0.63175, 0.508456, 0.0702723, 0.133522]",80533
2685,00:44:45,Frazier,1,0.951771,"[0.624551, 0.513265, 0.0809406, 0.127235]",80562
2686,00:44:46,Frazier,1,0.943938,"[0.624202, 0.516985, 0.0800945, 0.126039]",80609
2687,00:44:47,Frazier,1,0.947349,"[0.626322, 0.508084, 0.0793781, 0.140588]",80614
2692,00:44:52,Freer,4,0.960974,"[0.633261, 0.511187, 0.0584581, 0.146448]",80774
2693,00:44:53,Freer,4,0.940099,"[0.635789, 0.511277, 0.0561451, 0.144009]",80791
2694,00:44:54,Freer,4,0.94362,"[0.633248, 0.516013, 0.0545848, 0.137643]",80825
2695,00:44:55,Freer,4,0.913181,"[0.635586, 0.515053, 0.0511108, 0.138588]",80852
2696,00:44:56,Freer,4,0.930051,"[0.631133, 0.516492, 0.0576522, 0.138963]",80896
2697,00:44:57,Freer,4,0.924934,"[0.632452, 0.525491, 0.0546237, 0.12246]",80933
2698,00:44:58,Freer,4,0.944244,"[0.631209, 0.52704, 0.0552076, 0.118967]",80950
2699,00:44:59,Freer,4,0.927331,"[0.625993, 0.513214, 0.0667784, 0.147045]",80975
2700,00:45:00,Freer,4,0.971521,"[0.63522, 0.51046, 0.0539364, 0.148367]",81016
2701,00:45:01,Freer,4,0.915881,"[0.635487, 0.514516, 0.0510707, 0.141293]",81031
2702,00:45:02,Freer,4,0.927804,"[0.641337, 0.521296, 0.042527, 0.123375]",81069
2703,00:45:03,Freer,4,0.875944,"[0.64229, 0.522675, 0.0427195, 0.118807]",81099
2704,00:45:04,Freer,4,0.779874,"[0.64299, 0.531758, 0.0412406, 0.103359]",81124
2705,00:45:05,Freer,4,0.956689,"[0.641573, 0.520362, 0.0394358, 0.127308]",81168
2706,00:45:06,Freer,4,0.954476,"[0.631299, 0.515895, 0.0552073, 0.139845]",81189
2707,00:45:07,Freer,4,0.910799,"[0.631659, 0.531865, 0.0542901, 0.109322]",81239
2708,00:45:08,Freer,4,0.940777,"[0.630551, 0.527452, 0.0570587, 0.117309]",81242
2709,00:45:09,Freer,4,0.970924,"[0.627643, 0.518505, 0.0660821, 0.135585]",81274
2717,00:45:17,Microdebrider,3,0.877542,"[0.572029, 0.510221, 0.192038, 0.132863]",81539
2718,00:45:18,Microdebrider,3,0.926942,"[0.604137, 0.476407, 0.109883, 0.212771]",81568
2719,00:45:19,Microdebrider,3,0.925984,"[0.605562, 0.475095, 0.10865, 0.21342]",81575
2720,00:45:20,Microdebrider,3,0.89221,"[0.577261, 0.492023, 0.150043, 0.17172]",81623
2721,00:45:21,Microdebrider,3,0.84437,"[0.558199, 0.492057, 0.157766, 0.176527]",81656
2722,00:45:22,Microdebrider,3,0.904427,"[0.574783, 0.487742, 0.15591, 0.172353]",81677
2723,00:45:23,Microdebrider,3,0.923468,"[0.604402, 0.471026, 0.104009, 0.222994]",81711
2724,00:45:24,Microdebrider,3,0.93179,"[0.604033, 0.462913, 0.107637, 0.241969]",81749
2725,00:45:25,Microdebrider,3,0.942108,"[0.60643, 0.454605, 0.104179, 0.257018]",81774
2726,00:45:26,Microdebrider,3,0.93526,"[0.612423, 0.469758, 0.0901936, 0.228946]",81796
2727,00:45:27,Microdebrider,3,0.97219,"[0.624846, 0.493575, 0.0733714, 0.176842]",81827
2728,00:45:28,Microdebrider,3,0.964644,"[0.624001, 0.494261, 0.0745283, 0.178548]",81849
2729,00:45:29,Microdebrider,3,0.958949,"[0.622984, 0.492586, 0.0757685, 0.183143]",81886
2730,00:45:30,Microdebrider,3,0.946354,"[0.621407, 0.496833, 0.0778203, 0.183316]",81929
2731,00:45:31,Microdebrider,3,0.965373,"[0.624689, 0.490866, 0.0743982, 0.189248]",81958
2732,00:45:32,Microdebrider,3,0.95381,"[0.624866, 0.488958, 0.0741626, 0.190013]",81960
2733,00:45:33,Microdebrider,3,0.961958,"[0.633321, 0.491566, 0.062263, 0.187016]",82001
2734,00:45:34,Microdebrider,3,0.951617,"[0.630902, 0.493523, 0.0636456, 0.183091]",82020
2735,00:45:35,Microdebrider,3,0.945994,"[0.631432, 0.500819, 0.0635647, 0.168081]",82054
2736,00:45:36,Microdebrider,3,0.939632,"[0.624245, 0.502307, 0.0741604, 0.172214]",82098
2737,00:45:37,Microdebrider,3,0.967946,"[0.623775, 0.494353, 0.0737705, 0.181735]",82131
2738,00:45:38,Microdebrider,3,0.966133,"[0.632107, 0.496891, 0.0596365, 0.174241]",82160
2739,00:45:39,Microdebrider,3,0.959186,"[0.633516, 0.499676, 0.0585949, 0.167092]",82198
2740,00:45:40,Microdebrider,3,0.967149,"[0.632531, 0.498248, 0.0604898, 0.17041]",82211
2741,00:45:41,Microdebrider,3,0.969082,"[0.636002, 0.496348, 0.0559714, 0.175382]",82237
2742,00:45:42,Microdebrider,3,0.973329,"[0.635032, 0.499917, 0.0579713, 0.168186]",82277
2743,00:45:43,Microdebrider,3,0.975989,"[0.634167, 0.496661, 0.0594452, 0.172353]",82319
2744,00:45:44,Microdebrider,3,0.978961,"[0.633945, 0.496451, 0.060036, 0.173114]",82321
2745,00:45:45,Microdebrider,3,0.946333,"[0.623291, 0.515513, 0.0765472, 0.148072]",82361
2746,00:45:46,Microdebrider,3,0.944786,"[0.623562, 0.51722, 0.0766972, 0.144237]",82396
2747,00:45:47,Microdebrider,3,0.936804,"[0.614876, 0.47449, 0.0848518, 0.224758]",82437
2748,00:45:48,Microdebrider,3,0.937674,"[0.617941, 0.474735, 0.0803712, 0.223707]",82441
2749,00:45:49,Microdebrider,3,0.938998,"[0.616512, 0.477897, 0.0833504, 0.219676]",82487
2750,00:45:50,Microdebrider,3,0.936201,"[0.614878, 0.468907, 0.0831027, 0.234119]",82500
2751,00:45:51,Microdebrider,3,0.936136,"[0.617749, 0.492216, 0.0828206, 0.192018]",82555
2752,00:45:52,Microdebrider,3,0.958367,"[0.623449, 0.488356, 0.0717475, 0.18942]",82583
2753,00:45:53,Microdebrider,3,0.942645,"[0.622223, 0.490685, 0.0740128, 0.191383]",82592
2754,00:45:54,Microdebrider,3,0.931795,"[0.619476, 0.483153, 0.079014, 0.207685]",82634
2755,00:45:55,Microdebrider,3,0.927108,"[0.619394, 0.480848, 0.0806881, 0.212269]",82668
2756,00:45:56,Microdebrider,3,0.929687,"[0.623688, 0.487702, 0.072472, 0.202895]",82689
2757,00:45:57,Microdebrider,3,0.936885,"[0.618181, 0.47204, 0.0823648, 0.228148]",82721
2758,00:45:58,Microdebrider,3,0.942291,"[0.625807, 0.489788, 0.0665432, 0.1919]",82761
2759,00:45:59,Microdebrider,3,0.946059,"[0.624365, 0.491682, 0.0710402, 0.188408]",82794
2760,00:46:00,Microdebrider,3,0.965018,"[0.626657, 0.488943, 0.0667117, 0.192078]",82825
2761,00:46:01,Microdebrider,3,0.973232,"[0.625328, 0.493196, 0.0692867, 0.180304]",82859
2762,00:46:02,Microdebrider,3,0.976467,"[0.625157, 0.492279, 0.0696854, 0.181705]",82860
2763,00:46:03,Microdebrider,3,0.955676,"[0.62762, 0.492667, 0.0641523, 0.179468]",82904
2764,00:46:04,Microdebrider,3,0.942985,"[0.631775, 0.491697, 0.0607245, 0.182357]",82938
2765,00:46:05,Microdebrider,3,0.94287,"[0.632192, 0.484383, 0.0586616, 0.201705]",82979
2766,00:46:06,Microdebrider,3,0.963102,"[0.624751, 0.488174, 0.0712393, 0.190224]",83000
2767,00:46:07,Microdebrider,3,0.9668,"[0.632539, 0.49824, 0.0635455, 0.175231]",83037
2768,00:46:08,Microdebrider,3,0.960801,"[0.62639, 0.48814, 0.0706871, 0.19691]",83049
2769,00:46:09,Microdebrider,3,0.963226,"[0.623768, 0.493427, 0.0712256, 0.185617]",83088
2770,00:46:10,Microdebrider,3,0.964148,"[0.633458, 0.492412, 0.0578092, 0.185488]",83129
2771,00:46:11,Microdebrider,3,0.964082,"[0.63198, 0.502955, 0.0621078, 0.163209]",83147
2772,00:46:12,Microdebrider,3,0.96476,"[0.622249, 0.491943, 0.0737919, 0.190341]",83185
2773,00:46:13,Microdebrider,3,0.966192,"[0.631968, 0.491135, 0.05858, 0.189132]",83203
2774,00:46:14,Microdebrider,3,0.960434,"[0.628199, 0.492844, 0.0643132, 0.187482]",83228
2775,00:46:15,Microdebrider,3,0.96825,"[0.63287, 0.503011, 0.0587162, 0.164269]",83264
2776,00:46:16,Microdebrider,3,0.968905,"[0.624721, 0.49445, 0.07144, 0.186502]",83288
2777,00:46:17,Microdebrider,3,0.936554,"[0.623861, 0.508078, 0.0738159, 0.165921]",83315
2778,00:46:18,Microdebrider,3,0.931874,"[0.62154, 0.506704, 0.0782705, 0.167253]",83344
2779,00:46:19,Microdebrider,3,0.928096,"[0.622805, 0.508523, 0.0761126, 0.163673]",83383
2780,00:46:20,Microdebrider,3,0.932835,"[0.621488, 0.504616, 0.0788391, 0.168522]",83402
2781,00:46:21,Microdebrider,3,0.958615,"[0.624394, 0.489844, 0.0709641, 0.19422]",83458
2782,00:46:22,Microdebrider,3,0.965927,"[0.623766, 0.495676, 0.0717712, 0.180639]",83470
2783,00:46:23,Microdebrider,3,0.952716,"[0.622976, 0.496181, 0.0745615, 0.17413]",83496
2784,00:46:24,Microdebrider,3,0.947424,"[0.621748, 0.495408, 0.077195, 0.183932]",83531
2785,00:46:25,Microdebrider,3,0.933393,"[0.619461, 0.493609, 0.0798712, 0.18935]",83569
2786,00:46:26,Microdebrider,3,0.938071,"[0.622545, 0.48655, 0.0738339, 0.200538]",83601
2787,00:46:27,Microdebrider,3,0.967263,"[0.622879, 0.494862, 0.0731824, 0.183804]",83630
2788,00:46:28,Microdebrider,3,0.943784,"[0.620915, 0.489877, 0.075661, 0.194443]",83665
2789,00:46:29,Microdebrider,3,0.929276,"[0.617197, 0.483502, 0.0847007, 0.208203]",83696
2791,00:46:31,Freer,4,0.929714,"[0.606137, 0.47566, 0.1033, 0.169242]",83759
2792,00:46:32,Freer,4,0.973162,"[0.628103, 0.503697, 0.0651943, 0.160028]",83783
2793,00:46:33,Freer,4,0.950863,"[0.638731, 0.509568, 0.0473928, 0.152214]",83791
2794,00:46:34,Freer,4,0.938193,"[0.639388, 0.511201, 0.0483379, 0.142302]",83820
2795,00:46:35,Freer,4,0.955161,"[0.637917, 0.521416, 0.0516399, 0.125073]",83864
2796,00:46:36,Freer,4,0.940726,"[0.629619, 0.523698, 0.0640827, 0.122807]",83907
2797,00:46:37,Freer,4,0.941625,"[0.625262, 0.535709, 0.0679159, 0.102421]",83922
2798,00:46:38,Freer,4,0.959511,"[0.629747, 0.524704, 0.0655598, 0.125207]",83947
2799,00:46:39,Freer,4,0.939281,"[0.62757, 0.534551, 0.0609859, 0.10693]",83983
2800,00:46:40,Freer,4,0.932872,"[0.638186, 0.505747, 0.0438738, 0.158252]",84007
2804,00:46:44,Forceps,2,0.934557,"[0.625984, 0.511039, 0.0713404, 0.135851]",84141
2805,00:46:45,Forceps,2,0.940933,"[0.63614, 0.516333, 0.0646294, 0.120099]",84154
2806,00:46:46,Forceps,2,0.945104,"[0.639531, 0.531995, 0.0607902, 0.0830228]",84192
2807,00:46:47,Forceps,2,0.907951,"[0.639936, 0.547404, 0.0578536, 0.0672381]",84212
2808,00:46:48,Forceps,2,0.857441,"[0.670216, 0.540881, 0.029596, 0.0683571]",84247
2809,00:46:49,Forceps,2,0.927747,"[0.643913, 0.536708, 0.0588994, 0.0832265]",84298
2810,00:46:50,Forceps,2,0.894157,"[0.647179, 0.539775, 0.0521816, 0.078683]",84302
2811,00:46:51,Forceps,2,0.863595,"[0.671333, 0.522991, 0.0279753, 0.094829]",84335
2812,00:46:52,Forceps,2,0.900013,"[0.660985, 0.509284, 0.0363297, 0.0961965]",84369
2817,00:46:57,Microdebrider,3,0.899792,"[0.594089, 0.480043, 0.138229, 0.155933]",84538
2818,00:46:58,Microdebrider,3,0.940961,"[0.624253, 0.483097, 0.0700727, 0.183109]",84563
2819,00:46:59,Microdebrider,3,0.933928,"[0.625549, 0.476356, 0.0702283, 0.192605]",84585
2820,00:47:00,Microdebrider,3,0.958344,"[0.624411, 0.493597, 0.0693946, 0.164246]",84616
2821,00:47:01,Microdebrider,3,0.976682,"[0.624443, 0.488407, 0.0695158, 0.173669]",84653
2822,00:47:02,Microdebrider,3,0.970799,"[0.625366, 0.489358, 0.0676502, 0.169576]",84670
2823,00:47:03,Microdebrider,3,0.968345,"[0.624023, 0.491975, 0.0713831, 0.169701]",84690
2824,00:47:04,Microdebrider,3,0.94477,"[0.623059, 0.498083, 0.0761287, 0.155907]",84724
2825,00:47:05,Microdebrider,3,0.954713,"[0.622694, 0.497532, 0.0780426, 0.157504]",84777
2826,00:47:06,Microdebrider,3,0.94674,"[0.619896, 0.494485, 0.0812901, 0.166056]",84791
2827,00:47:07,Microdebrider,3,0.935795,"[0.61585, 0.496508, 0.0845638, 0.162127]",84836
2828,00:47:08,Microdebrider,3,0.94618,"[0.623775, 0.487231, 0.0706774, 0.178571]",84844
2829,00:47:09,Microdebrider,3,0.91904,"[0.638427, 0.47369, 0.0498942, 0.194377]",84898
2830,00:47:10,Microdebrider,3,0.926494,"[0.631577, 0.4723, 0.0569852, 0.19573]",84929
2831,00:47:11,Microdebrider,3,0.956109,"[0.631324, 0.473548, 0.0576519, 0.196842]",84940
2832,00:47:12,Microdebrider,3,0.947181,"[0.631357, 0.474489, 0.0576733, 0.196058]",84965
2833,00:47:13,Microdebrider,3,0.959358,"[0.631902, 0.479091, 0.0606549, 0.193268]",85014
2834,00:47:14,Microdebrider,3,0.965178,"[0.624021, 0.486605, 0.071063, 0.180198]",85038
2835,00:47:15,Microdebrider,3,0.947436,"[0.622782, 0.481548, 0.0713359, 0.187192]",85062
2836,00:47:16,Microdebrider,3,0.922819,"[0.637352, 0.467079, 0.0519352, 0.212188]",85080
2845,00:47:25,Frazier,1,0.818857,"[0.607684, 0.512782, 0.114577, 0.121609]",85379
2846,00:47:26,Frazier,1,0.955291,"[0.634895, 0.489722, 0.0593494, 0.157549]",85403
2847,00:47:27,Frazier,1,0.949735,"[0.635601, 0.493849, 0.0573576, 0.156685]",85410
2848,00:47:28,Frazier,1,0.892376,"[0.653477, 0.48579, 0.0495941, 0.160806]",85447
2849,00:47:29,Frazier,1,0.928719,"[0.654862, 0.487997, 0.0421905, 0.141083]",85493
2850,00:47:30,Frazier,1,0.913885,"[0.655769, 0.485951, 0.0438585, 0.139336]",85517
2851,00:47:31,Frazier,1,0.9384,"[0.641899, 0.491181, 0.0517963, 0.146935]",85550
2852,00:47:32,Frazier,1,0.907546,"[0.648039, 0.486413, 0.0535728, 0.127661]",85586
2853,00:47:33,Frazier,1,0.942317,"[0.631281, 0.503974, 0.0658587, 0.128266]",85619
2854,00:47:34,Frazier,1,0.95711,"[0.622861, 0.498215, 0.0755787, 0.144531]",85641
2855,00:47:35,Frazier,1,0.947263,"[0.624969, 0.507909, 0.0752368, 0.12353]",85661
2856,00:47:36,Frazier,1,0.945672,"[0.622829, 0.528784, 0.0803988, 0.0874768]",85689
2857,00:47:37,Frazier,1,0.939973,"[0.623757, 0.529789, 0.0786611, 0.085906]",85730
2858,00:47:38,Frazier,1,0.954091,"[0.633643, 0.504702, 0.0666147, 0.124498]",85769
2859,00:47:39,Frazier,1,0.957294,"[0.633081, 0.503247, 0.0658596, 0.127301]",85784
2860,00:47:40,Frazier,1,0.943445,"[0.627154, 0.514796, 0.076328, 0.100534]",85829
2861,00:47:41,Frazier,1,0.947632,"[0.627099, 0.515236, 0.0765842, 0.100287]",85830
2862,00:47:42,Frazier,1,0.955552,"[0.625478, 0.527942, 0.0759356, 0.0913393]",85870
2863,00:47:43,Frazier,1,0.950936,"[0.624384, 0.523084, 0.0777732, 0.0980496]",85906
2864,00:47:44,Frazier,1,0.946658,"[0.623545, 0.524962, 0.0767338, 0.0965725]",85920
2865,00:47:45,Frazier,1,0.92437,"[0.610652, 0.538288, 0.0944394, 0.0798669]",85951
2866,00:47:46,Frazier,1,0.929475,"[0.60883, 0.537095, 0.0924232, 0.0811466]",86007
2867,00:47:47,Frazier,1,0.93114,"[0.612176, 0.541596, 0.0896309, 0.0725671]",86013
2868,00:47:48,Frazier,1,0.928597,"[0.617415, 0.533621, 0.0868147, 0.0879979]",86051
2869,00:47:49,Frazier,1,0.947501,"[0.620903, 0.518072, 0.0823539, 0.107658]",86085
2870,00:47:50,Frazier,1,0.960517,"[0.624706, 0.511861, 0.079032, 0.113163]",86108
2871,00:47:51,Frazier,1,0.950745,"[0.626877, 0.510682, 0.0727505, 0.122024]",86157
2872,00:47:52,Frazier,1,0.947627,"[0.633284, 0.501913, 0.0638565, 0.133709]",86189
2873,00:47:53,Frazier,1,0.953757,"[0.631913, 0.505344, 0.0658619, 0.128863]",86190
2874,00:47:54,Frazier,1,0.956618,"[0.633219, 0.502534, 0.0635064, 0.130964]",86241
2875,00:47:55,Frazier,1,0.945824,"[0.636203, 0.492172, 0.0583023, 0.145049]",86255
2876,00:47:56,Frazier,1,0.953396,"[0.625636, 0.514313, 0.0769018, 0.115639]",86294
2877,00:47:57,Frazier,1,0.948108,"[0.614743, 0.520582, 0.0910612, 0.108968]",86313
2878,00:47:58,Frazier,1,0.955464,"[0.614716, 0.537512, 0.0889003, 0.0846699]",86340
2879,00:47:59,Frazier,1,0.945976,"[0.618126, 0.513296, 0.0846114, 0.1263]",86391
2880,00:48:00,Frazier,1,0.948046,"[0.625654, 0.515082, 0.074301, 0.113813]",86412
2881,00:48:01,Frazier,1,0.945359,"[0.625192, 0.5241, 0.0750002, 0.0996562]",86440
2882,00:48:02,Frazier,1,0.948667,"[0.623587, 0.527045, 0.0780041, 0.0953758]",86474
2883,00:48:03,Frazier,1,0.93458,"[0.618982, 0.539076, 0.0816985, 0.078332]",86505
2884,00:48:04,Frazier,1,0.915416,"[0.613149, 0.545098, 0.0848566, 0.0672629]",86531
2885,00:48:05,Frazier,1,0.936957,"[0.612766, 0.535133, 0.089986, 0.0870026]",86557
2886,00:48:06,Frazier,1,0.945313,"[0.614196, 0.535525, 0.0904461, 0.0860317]",86585
2887,00:48:07,Frazier,1,0.81357,"[0.610741, 0.545725, 0.0932777, 0.0690026]",86639
2888,00:48:08,Frazier,1,0.908803,"[0.613716, 0.543253, 0.0882019, 0.0736863]",86669
2889,00:48:09,Frazier,1,0.950046,"[0.614626, 0.53467, 0.089345, 0.088059]",86674
2890,00:48:10,Frazier,1,0.948274,"[0.620379, 0.534696, 0.0787159, 0.0867752]",86729
2891,00:48:11,Frazier,1,0.947996,"[0.62212, 0.508033, 0.0805021, 0.127913]",86745
2892,00:48:12,Frazier,1,0.952746,"[0.623968, 0.515239, 0.0758509, 0.115353]",86777
2893,00:48:13,Frazier,1,0.94819,"[0.627408, 0.521879, 0.0727612, 0.104231]",86818
2894,00:48:14,Frazier,1,0.933409,"[0.627286, 0.515268, 0.0741423, 0.115084]",86820
2895,00:48:15,Frazier,1,0.943876,"[0.629371, 0.514567, 0.0701063, 0.109933]",86856
2896,00:48:16,Frazier,1,0.956328,"[0.622389, 0.53148, 0.0810402, 0.0881134]",86907
2897,00:48:17,Frazier,1,0.952928,"[0.621229, 0.532752, 0.0794943, 0.0860012]",86926
2898,00:48:18,Frazier,1,0.952743,"[0.6259, 0.512076, 0.0726292, 0.114876]",86967
2899,00:48:19,Frazier,1,0.956413,"[0.626595, 0.51079, 0.0710964, 0.11763]",86999
2900,00:48:20,Frazier,1,0.96159,"[0.624641, 0.510435, 0.0741523, 0.119358]",87002
2901,00:48:21,Frazier,1,0.94961,"[0.620984, 0.520699, 0.0772569, 0.106359]",87038
2902,00:48:22,Frazier,1,0.951133,"[0.624854, 0.527555, 0.0753349, 0.0928402]",87071
2903,00:48:23,Frazier,1,0.95466,"[0.623611, 0.514201, 0.0746204, 0.113673]",87118
2904,00:48:24,Frazier,1,0.9527,"[0.623168, 0.519479, 0.0767933, 0.102791]",87123
2905,00:48:25,Frazier,1,0.956084,"[0.624434, 0.512645, 0.076857, 0.115649]",87152
2906,00:48:26,Frazier,1,0.955337,"[0.623297, 0.511255, 0.0769038, 0.122682]",87188
2907,00:48:27,Frazier,1,0.957141,"[0.624768, 0.50969, 0.0749131, 0.122772]",87215
2908,00:48:28,Frazier,1,0.956592,"[0.622365, 0.511781, 0.0797501, 0.123536]",87264
2909,00:48:29,Frazier,1,0.954959,"[0.62214, 0.512249, 0.0796987, 0.121714]",87278
2910,00:48:30,Frazier,1,0.942096,"[0.617769, 0.526386, 0.0842117, 0.100879]",87309
2911,00:48:31,Frazier,1,0.939629,"[0.618134, 0.526018, 0.0839067, 0.103636]",87330
2912,00:48:32,Frazier,1,0.940426,"[0.618309, 0.52693, 0.0830338, 0.102946]",87383
2913,00:48:33,Frazier,1,0.956629,"[0.625167, 0.52411, 0.072959, 0.102799]",87412
2914,00:48:34,Frazier,1,0.954828,"[0.624471, 0.514459, 0.0742592, 0.120038]",87421
2915,00:48:35,Frazier,1,0.954586,"[0.624604, 0.515187, 0.0725133, 0.121633]",87460
2922,00:48:42,Forceps,2,0.923963,"[0.644165, 0.513853, 0.043353, 0.120052]",87683
2923,00:48:43,Forceps,2,0.938481,"[0.647672, 0.515245, 0.0372562, 0.120477]",87703
2924,00:48:44,Forceps,2,0.930016,"[0.644791, 0.51819, 0.0385114, 0.118916]",87720
2925,00:48:45,Forceps,2,0.933863,"[0.645132, 0.522577, 0.039702, 0.111162]",87762
2926,00:48:46,Forceps,2,0.915795,"[0.640352, 0.523161, 0.0405337, 0.112287]",87796
2927,00:48:47,Forceps,2,0.927887,"[0.647247, 0.520629, 0.0391174, 0.104868]",87821
2929,00:48:49,Frazier,1,0.953783,"[0.622803, 0.50597, 0.0782088, 0.138847]",87893
2930,00:48:50,Frazier,1,0.954091,"[0.625839, 0.501408, 0.0732808, 0.145207]",87902
2931,00:48:51,Frazier,1,0.938607,"[0.626471, 0.49742, 0.0756653, 0.139576]",87936
2932,00:48:52,Frazier,1,0.959447,"[0.623649, 0.499232, 0.0782089, 0.144339]",87968
2933,00:48:53,Frazier,1,0.943647,"[0.624403, 0.513565, 0.0771655, 0.113747]",88013
2934,00:48:54,Frazier,1,0.953005,"[0.625348, 0.522691, 0.0732239, 0.101148]",88025
2935,00:48:55,Frazier,1,0.95484,"[0.625419, 0.513938, 0.0762936, 0.114561]",88070
2936,00:48:56,Frazier,1,0.954701,"[0.626244, 0.516844, 0.0721258, 0.113007]",88103
2937,00:48:57,Frazier,1,0.952867,"[0.626963, 0.520432, 0.0733904, 0.105894]",88126
2938,00:48:58,Frazier,1,0.953872,"[0.626384, 0.520709, 0.0727156, 0.105672]",88154
2939,00:48:59,Frazier,1,0.952513,"[0.624407, 0.510334, 0.0769936, 0.125914]",88194
2940,00:49:00,Frazier,1,0.948872,"[0.625475, 0.514564, 0.0728358, 0.118738]",88209
2945,00:49:05,Microdebrider,3,0.880273,"[0.598806, 0.467795, 0.142547, 0.177602]",88377
2946,00:49:06,Microdebrider,3,0.929654,"[0.616527, 0.461991, 0.0892317, 0.230764]",88395
2947,00:49:07,Microdebrider,3,0.949158,"[0.630912, 0.480106, 0.0627758, 0.194114]",88428
2948,00:49:08,Microdebrider,3,0.924735,"[0.6351, 0.468621, 0.0573656, 0.214739]",88467
2949,00:49:09,Microdebrider,3,0.938937,"[0.630965, 0.471004, 0.0592618, 0.210723]",88471
2950,00:49:10,Microdebrider,3,0.923178,"[0.620119, 0.468094, 0.0754972, 0.215462]",88527
2951,00:49:11,Microdebrider,3,0.920004,"[0.624863, 0.470952, 0.068459, 0.212159]",88552
2952,00:49:12,Microdebrider,3,0.930932,"[0.618999, 0.47331, 0.0779911, 0.208168]",88566
2953,00:49:13,Microdebrider,3,0.936314,"[0.618395, 0.477948, 0.0799234, 0.201775]",88605
2954,00:49:14,Microdebrider,3,0.938724,"[0.616853, 0.483382, 0.0807237, 0.192144]",88637
2955,00:49:15,Microdebrider,3,0.943313,"[0.617656, 0.474501, 0.0826834, 0.206783]",88651
2956,00:49:16,Microdebrider,3,0.933151,"[0.618479, 0.470659, 0.0790736, 0.214052]",88703
2957,00:49:17,Microdebrider,3,0.921792,"[0.620432, 0.470643, 0.0745903, 0.216265]",88727
2958,00:49:18,Microdebrider,3,0.930977,"[0.630068, 0.478518, 0.059375, 0.196618]",88756
2959,00:49:19,Microdebrider,3,0.926728,"[0.630665, 0.472215, 0.0616518, 0.211677]",88793
2960,00:49:20,Microdebrider,3,0.938572,"[0.632493, 0.472368, 0.0556676, 0.214218]",88817
2961,00:49:21,Microdebrider,3,0.912157,"[0.627719, 0.470064, 0.0621871, 0.215392]",88846
2962,00:49:22,Microdebrider,3,0.957631,"[0.625252, 0.485434, 0.0668811, 0.189196]",88874
2963,00:49:23,Microdebrider,3,0.947454,"[0.621902, 0.484188, 0.0723869, 0.191756]",88906
2964,00:49:24,Microdebrider,3,0.959266,"[0.625784, 0.486734, 0.0662553, 0.18535]",88926
2965,00:49:25,Microdebrider,3,0.960686,"[0.625349, 0.486991, 0.0661346, 0.186129]",88979
2966,00:49:26,Microdebrider,3,0.966866,"[0.630179, 0.49524, 0.0619738, 0.168434]",88992
2967,00:49:27,Microdebrider,3,0.958612,"[0.624619, 0.489569, 0.0679394, 0.182066]",89018
2968,00:49:28,Microdebrider,3,0.936486,"[0.622078, 0.487493, 0.0737515, 0.182162]",89041
2972,00:49:32,Forceps,2,0.817506,"[0.617862, 0.485924, 0.0915809, 0.160616]",89186
2973,00:49:33,Forceps,2,0.927513,"[0.637364, 0.511698, 0.0459455, 0.131924]",89216
2974,00:49:34,Forceps,2,0.93457,"[0.640143, 0.510748, 0.0451078, 0.128017]",89223
2975,00:49:35,Forceps,2,0.91438,"[0.638976, 0.521681, 0.0442318, 0.109664]",89252
2976,00:49:36,Forceps,2,0.904577,"[0.638187, 0.522974, 0.0527453, 0.100072]",89288
2977,00:49:37,Forceps,2,0.914984,"[0.641082, 0.521975, 0.0469316, 0.100657]",89336
2978,00:49:38,Forceps,2,0.906333,"[0.641471, 0.524727, 0.045468, 0.0955829]",89357
2979,00:49:39,Forceps,2,0.899396,"[0.649942, 0.525522, 0.0333092, 0.091219]",89376
2980,00:49:40,Frazier,1,0.852204,"[0.532305, 0.489085, 0.100666, 0.114244]",89427
2981,00:49:41,Frazier,1,0.82723,"[0.584997, 0.50642, 0.142106, 0.0953846]",89443
2982,00:49:42,Frazier,1,0.921704,"[0.612298, 0.517221, 0.0978044, 0.119156]",89487
2983,00:49:43,Frazier,1,0.948463,"[0.61562, 0.522075, 0.0895571, 0.112485]",89518
2984,00:49:44,Frazier,1,0.950718,"[0.624832, 0.51251, 0.0739162, 0.121864]",89548
2985,00:49:45,Frazier,1,0.947976,"[0.624066, 0.511615, 0.0757166, 0.126433]",89564
2986,00:49:46,Frazier,1,0.951575,"[0.624511, 0.514015, 0.0740568, 0.123145]",89607
2987,00:49:47,Frazier,1,0.963668,"[0.624895, 0.498362, 0.07489, 0.151066]",89626
2988,00:49:48,Frazier,1,0.945259,"[0.631123, 0.506799, 0.0640423, 0.1361]",89640
2990,00:49:50,Frazier,1,0.843487,"[0.610507, 0.514964, 0.118678, 0.124429]",89728
2991,00:49:51,Frazier,1,0.95408,"[0.626075, 0.518363, 0.0725512, 0.112337]",89744
2992,00:49:52,Frazier,1,0.952725,"[0.623375, 0.522864, 0.0767799, 0.104374]",89768
2993,00:49:53,Frazier,1,0.955488,"[0.625142, 0.524582, 0.0748791, 0.101797]",89812
2994,00:49:54,Frazier,1,0.955907,"[0.625384, 0.519856, 0.0771877, 0.107521]",89834
2995,00:49:55,Frazier,1,0.952136,"[0.62463, 0.523547, 0.0739613, 0.103322]",89850
2996,00:49:56,Frazier,1,0.952464,"[0.626724, 0.517162, 0.070966, 0.116329]",89905
2997,00:49:57,Frazier,1,0.950451,"[0.62436, 0.5208, 0.0740135, 0.10839]",89924
2998,00:49:58,Frazier,1,0.951877,"[0.625244, 0.518255, 0.0762877, 0.112942]",89947
2999,00:49:59,Frazier,1,0.938692,"[0.627621, 0.521337, 0.0729686, 0.107979]",89970
3000,00:50:00,Microdebrider,3,0.743017,"[0.583996, 0.465915, 0.174215, 0.140831]",90029
3001,00:50:01,Microdebrider,3,0.91392,"[0.614729, 0.48243, 0.0935738, 0.194007]",90059
3002,00:50:02,Microdebrider,3,0.947304,"[0.625254, 0.486789, 0.0729788, 0.186506]",90069
3003,00:50:03,Microdebrider,3,0.947536,"[0.631538, 0.479467, 0.0611149, 0.20098]",90111
3004,00:50:04,Microdebrider,3,0.947081,"[0.633228, 0.48061, 0.0574724, 0.20289]",90122
3005,00:50:05,Microdebrider,3,0.930246,"[0.631102, 0.484437, 0.0614811, 0.194515]",90155
3006,00:50:06,Microdebrider,3,0.948425,"[0.630121, 0.487934, 0.0635498, 0.183785]",90190
3007,00:50:07,Microdebrider,3,0.958675,"[0.631639, 0.491665, 0.0614021, 0.17689]",90213
3008,00:50:08,Microdebrider,3,0.941304,"[0.625344, 0.485724, 0.069316, 0.190095]",90252
3009,00:50:09,Microdebrider,3,0.945369,"[0.63413, 0.483506, 0.0538597, 0.198777]",90278
3010,00:50:10,Microdebrider,3,0.946148,"[0.635788, 0.491889, 0.0533871, 0.173434]",90306
3011,00:50:11,Microdebrider,3,0.944825,"[0.624285, 0.483584, 0.070936, 0.198979]",90355
3012,00:50:12,Microdebrider,3,0.947695,"[0.624383, 0.483387, 0.0693956, 0.195629]",90369
3013,00:50:13,Microdebrider,3,0.952175,"[0.622913, 0.487677, 0.0732529, 0.189611]",90406
3014,00:50:14,Microdebrider,3,0.953604,"[0.625614, 0.490395, 0.0684035, 0.183816]",90429
3015,00:50:15,Microdebrider,3,0.943958,"[0.617476, 0.488049, 0.0853482, 0.185802]",90470
3016,00:50:16,Microdebrider,3,0.921659,"[0.60607, 0.510633, 0.106117, 0.14795]",90496
3017,00:50:17,Microdebrider,3,0.926307,"[0.610139, 0.508674, 0.0993972, 0.153321]",90526
3018,00:50:18,Microdebrider,3,0.92787,"[0.600609, 0.516961, 0.11744, 0.139961]",90555
3019,00:50:19,Microdebrider,3,0.924594,"[0.602038, 0.516197, 0.119258, 0.140306]",90577
3020,00:50:20,Microdebrider,3,0.931005,"[0.611232, 0.50747, 0.100887, 0.152098]",90602
3021,00:50:21,Microdebrider,3,0.932726,"[0.615665, 0.495672, 0.0903198, 0.170741]",90643
3022,00:50:22,Microdebrider,3,0.949648,"[0.622398, 0.487033, 0.0731976, 0.184632]",90664
3023,00:50:23,Microdebrider,3,0.956739,"[0.631441, 0.490783, 0.0620215, 0.176808]",90706
3024,00:50:24,Microdebrider,3,0.938377,"[0.630872, 0.485627, 0.0610003, 0.188814]",90722
3025,00:50:25,Microdebrider,3,0.94353,"[0.630912, 0.486212, 0.0588034, 0.187123]",90778
3026,00:50:26,Microdebrider,3,0.945239,"[0.632918, 0.489396, 0.0566521, 0.180808]",90780
3027,00:50:27,Microdebrider,3,0.942751,"[0.634406, 0.489602, 0.0546838, 0.179442]",90828
3028,00:50:28,Microdebrider,3,0.95574,"[0.622055, 0.488368, 0.0728614, 0.188677]",90850
3040,00:50:40,Frazier,1,0.784632,"[0.589266, 0.505456, 0.145263, 0.0982091]",91224
3041,00:50:41,Frazier,1,0.950081,"[0.623001, 0.509551, 0.0757648, 0.125985]",91259
3042,00:50:42,Frazier,1,0.95003,"[0.622516, 0.506747, 0.0782793, 0.128953]",91268
3043,00:50:43,Frazier,1,0.943188,"[0.623941, 0.521317, 0.0738115, 0.108145]",91298
3044,00:50:44,Frazier,1,0.929255,"[0.610027, 0.53761, 0.0930658, 0.0854384]",91349
3045,00:50:45,Frazier,1,0.943041,"[0.615813, 0.533954, 0.0864426, 0.0899339]",91379
3046,00:50:46,Frazier,1,0.955069,"[0.624147, 0.511096, 0.0766217, 0.116936]",91403
3047,00:50:47,Frazier,1,0.942961,"[0.62054, 0.519295, 0.0815337, 0.107925]",91410
3048,00:50:48,Frazier,1,0.904789,"[0.611551, 0.543931, 0.0955743, 0.0742663]",91462
3049,00:50:49,Frazier,1,0.902416,"[0.611484, 0.53853, 0.0997219, 0.080622]",91488
3050,00:50:50,Frazier,1,0.902752,"[0.611894, 0.540641, 0.097766, 0.0806157]",91525
3051,00:50:51,Frazier,1,0.905191,"[0.609008, 0.535474, 0.0999825, 0.0911148]",91534
3052,00:50:52,Frazier,1,0.82778,"[0.608307, 0.515108, 0.12038, 0.107089]",91587
3053,00:50:53,Frazier,1,0.944377,"[0.622767, 0.52171, 0.0788722, 0.10887]",91614
3054,00:50:54,Frazier,1,0.954446,"[0.624665, 0.514694, 0.0760731, 0.118616]",91622
3055,00:50:55,Frazier,1,0.956205,"[0.621542, 0.53142, 0.0809052, 0.0911933]",91660
3056,00:50:56,Frazier,1,0.961311,"[0.623992, 0.515161, 0.0763246, 0.120796]",91709
3057,00:50:57,Frazier,1,0.961111,"[0.624389, 0.512587, 0.0762971, 0.122463]",91710
3058,00:50:58,Frazier,1,0.888433,"[0.634346, 0.500302, 0.0653038, 0.13485]",91741
3059,00:50:59,Frazier,1,0.913155,"[0.646402, 0.470904, 0.0545734, 0.194903]",91797
3060,00:51:00,Frazier,1,0.934576,"[0.643293, 0.490518, 0.0533241, 0.158639]",91803
3061,00:51:01,Frazier,1,0.920155,"[0.645413, 0.470127, 0.0587286, 0.182187]",91834
3062,00:51:02,Frazier,1,0.937544,"[0.635708, 0.493804, 0.068432, 0.143274]",91875
3063,00:51:03,Frazier,1,0.919694,"[0.639184, 0.483359, 0.0599937, 0.163579]",91890
3064,00:51:04,Frazier,1,0.896732,"[0.607001, 0.506796, 0.112129, 0.12745]",91949
3065,00:51:05,Frazier,1,0.939026,"[0.631021, 0.495726, 0.0673828, 0.148465]",91961
3066,00:51:06,Frazier,1,0.877696,"[0.643776, 0.484849, 0.0601777, 0.150113]",91992
3067,00:51:07,Frazier,1,0.934021,"[0.642373, 0.497333, 0.0552628, 0.140793]",92025
3068,00:51:08,Frazier,1,0.925371,"[0.645115, 0.497864, 0.0482544, 0.13838]",92047
3069,00:51:09,Frazier,1,0.923288,"[0.642383, 0.494849, 0.050654, 0.154963]",92070
3070,00:51:10,Frazier,1,0.921489,"[0.6505, 0.494916, 0.0460261, 0.146511]",92121
3071,00:51:11,Frazier,1,0.946927,"[0.631602, 0.492089, 0.0625731, 0.171321]",92152
3072,00:51:12,Frazier,1,0.944246,"[0.626786, 0.488348, 0.0689316, 0.175164]",92189
3073,00:51:13,Frazier,1,0.945298,"[0.633211, 0.493594, 0.0593384, 0.163448]",92203
3074,00:51:14,Frazier,1,0.93509,"[0.633651, 0.497086, 0.0607962, 0.1469]",92221
3075,00:51:15,Frazier,1,0.939609,"[0.631195, 0.487066, 0.0677498, 0.167085]",92275
3076,00:51:16,Frazier,1,0.932415,"[0.632521, 0.488317, 0.0642504, 0.171063]",92281
3077,00:51:17,Frazier,1,0.944295,"[0.626499, 0.509028, 0.0703735, 0.125642]",92331
3078,00:51:18,Frazier,1,0.942483,"[0.622261, 0.515584, 0.0770471, 0.113286]",92347
3079,00:51:19,Frazier,1,0.950973,"[0.612761, 0.52229, 0.0913895, 0.109774]",92388
3080,00:51:20,Frazier,1,0.955952,"[0.613449, 0.521553, 0.0903191, 0.110273]",92426
3081,00:51:21,Frazier,1,0.942555,"[0.615078, 0.51776, 0.0881275, 0.115986]",92432
3082,00:51:22,Frazier,1,0.948709,"[0.614392, 0.525742, 0.0899725, 0.104277]",92480
3083,00:51:23,Frazier,1,0.937432,"[0.614816, 0.526899, 0.0864828, 0.105639]",92494
3084,00:51:24,Frazier,1,0.932943,"[0.612735, 0.537476, 0.0886019, 0.0917878]",92520
3113,00:51:53,Frazier,1,0.839685,"[0.59071, 0.475674, 0.109578, 0.102062]",93412
3114,00:51:54,Frazier,1,0.951292,"[0.620479, 0.502361, 0.0814877, 0.142754]",93428
3115,00:51:55,Frazier,1,0.950459,"[0.62187, 0.512398, 0.0780563, 0.124245]",93472
3116,00:51:56,Frazier,1,0.936513,"[0.621903, 0.522818, 0.0770922, 0.10648]",93485
3117,00:51:57,Frazier,1,0.936083,"[0.615528, 0.526194, 0.0880143, 0.102319]",93535
3118,00:51:58,Frazier,1,0.936948,"[0.61884, 0.52423, 0.0821943, 0.104259]",93563
3119,00:51:59,Frazier,1,0.938312,"[0.618954, 0.533309, 0.0801987, 0.0905221]",93582
3120,00:52:00,Frazier,1,0.951061,"[0.624689, 0.524866, 0.0728236, 0.103135]",93629
3121,00:52:01,Frazier,1,0.952771,"[0.624503, 0.524296, 0.0728987, 0.104127]",93630
3122,00:52:02,Frazier,1,0.944716,"[0.626824, 0.518586, 0.0719523, 0.106979]",93676
3123,00:52:03,Frazier,1,0.947932,"[0.625213, 0.52191, 0.0731341, 0.104335]",93690
3124,00:52:04,Frazier,1,0.939976,"[0.622214, 0.532834, 0.0762171, 0.0905429]",93735
3125,00:52:05,Frazier,1,0.935623,"[0.620361, 0.52604, 0.0786256, 0.101014]",93776
3126,00:52:06,Frazier,1,0.942215,"[0.621802, 0.524709, 0.0772589, 0.102043]",93807
3127,00:52:07,Frazier,1,0.943366,"[0.622003, 0.52675, 0.0766385, 0.0990148]",93810
3128,00:52:08,Frazier,1,0.942065,"[0.622261, 0.523058, 0.074999, 0.105425]",93863
3129,00:52:09,Frazier,1,0.938324,"[0.621128, 0.519749, 0.076821, 0.111893]",93884
3130,00:52:10,Frazier,1,0.952178,"[0.620419, 0.531732, 0.0804593, 0.0904885]",93908
3131,00:52:11,Frazier,1,0.94969,"[0.609053, 0.525543, 0.0940813, 0.1023]",93950
3132,00:52:12,Frazier,1,0.951391,"[0.614416, 0.535239, 0.0870927, 0.0879835]",93980
3133,00:52:13,Frazier,1,0.945292,"[0.614428, 0.5335, 0.0847507, 0.0916036]",94014
3134,00:52:14,Frazier,1,0.941063,"[0.613075, 0.534316, 0.0886176, 0.0895294]",94047
3135,00:52:15,Frazier,1,0.944166,"[0.613263, 0.53526, 0.0889465, 0.0867748]",94053
3136,00:52:16,Frazier,1,0.949883,"[0.612767, 0.522814, 0.0879159, 0.107426]",94093
3137,00:52:17,Frazier,1,0.952701,"[0.610545, 0.5233, 0.0928448, 0.104721]",94134
3138,00:52:18,Frazier,1,0.945669,"[0.607241, 0.524023, 0.0979858, 0.103986]",94159
3139,00:52:19,Frazier,1,0.925343,"[0.610673, 0.540037, 0.0905719, 0.0785647]",94181
3140,00:52:20,Frazier,1,0.953251,"[0.614109, 0.524414, 0.0865112, 0.10636]",94210
3141,00:52:21,Frazier,1,0.949507,"[0.615057, 0.520445, 0.0886346, 0.108514]",94253
3142,00:52:22,Frazier,1,0.951221,"[0.610988, 0.523585, 0.0905552, 0.10538]",94273
3143,00:52:23,Frazier,1,0.946805,"[0.61009, 0.524743, 0.0903015, 0.105114]",94304
3144,00:52:24,Frazier,1,0.943289,"[0.612273, 0.536425, 0.0886227, 0.0855608]",94334
3145,00:52:25,Frazier,1,0.93298,"[0.609995, 0.53767, 0.0904008, 0.0859429]",94377
3146,00:52:26,Frazier,1,0.933214,"[0.609182, 0.535478, 0.0919306, 0.0900736]",94405
3147,00:52:27,Frazier,1,0.94344,"[0.611597, 0.533891, 0.0914894, 0.0896596]",94434
3148,00:52:28,Frazier,1,0.939557,"[0.611386, 0.534558, 0.0908735, 0.0879907]",94459
3149,00:52:29,Frazier,1,0.953533,"[0.613464, 0.524681, 0.0880011, 0.104777]",94482
3150,00:52:30,Frazier,1,0.951711,"[0.611258, 0.524256, 0.0929151, 0.102138]",94514
3151,00:52:31,Frazier,1,0.945282,"[0.609268, 0.523812, 0.0969219, 0.10595]",94544
3152,00:52:32,Frazier,1,0.939096,"[0.609779, 0.534976, 0.0916361, 0.0899242]",94587
3153,00:52:33,Frazier,1,0.940923,"[0.610215, 0.534935, 0.0920678, 0.0883271]",94591
3154,00:52:34,Frazier,1,0.905201,"[0.614998, 0.546354, 0.0840409, 0.0660891]",94638
3155,00:52:35,Frazier,1,0.944628,"[0.61234, 0.533992, 0.089329, 0.0930466]",94658
3156,00:52:36,Frazier,1,0.945607,"[0.611479, 0.534172, 0.0883648, 0.0910498]",94703
3157,00:52:37,Frazier,1,0.948182,"[0.611595, 0.535664, 0.0892944, 0.0883041]",94722
3158,00:52:38,Frazier,1,0.944491,"[0.610667, 0.535099, 0.089875, 0.0906021]",94769
3159,00:52:39,Frazier,1,0.95676,"[0.613851, 0.533218, 0.0852913, 0.0924801]",94772
3160,00:52:40,Frazier,1,0.946621,"[0.612583, 0.535279, 0.0900232, 0.0877925]",94800
3161,00:52:41,Frazier,1,0.952188,"[0.612863, 0.535521, 0.0866692, 0.0892137]",94843
3162,00:52:42,Frazier,1,0.945552,"[0.614836, 0.527874, 0.083526, 0.0993624]",94867
3163,00:52:43,Frazier,1,0.948252,"[0.612751, 0.525451, 0.0906267, 0.106542]",94901
3164,00:52:44,Frazier,1,0.869392,"[0.602771, 0.520955, 0.116633, 0.109536]",94929
3165,00:52:45,Frazier,1,0.912823,"[0.598732, 0.517483, 0.118145, 0.118144]",94970
3166,00:52:46,Frazier,1,0.923155,"[0.603174, 0.525354, 0.0940674, 0.113713]",95004
3167,00:52:47,Frazier,1,0.933921,"[0.617422, 0.513807, 0.0836673, 0.122797]",95038
3168,00:52:48,Frazier,1,0.950793,"[0.621293, 0.506856, 0.0752373, 0.131063]",95044
3169,00:52:49,Frazier,1,0.961177,"[0.623549, 0.510184, 0.0696418, 0.123258]",95083
3170,00:52:50,Frazier,1,0.954126,"[0.621503, 0.522258, 0.0738276, 0.0996205]",95104
3171,00:52:51,Frazier,1,0.9577,"[0.621011, 0.516562, 0.0740646, 0.112216]",95134
3172,00:52:52,Frazier,1,0.948609,"[0.61977, 0.522913, 0.0760099, 0.103831]",95189
3173,00:52:53,Frazier,1,0.959866,"[0.623573, 0.512581, 0.0685577, 0.122074]",95207
3174,00:52:54,Frazier,1,0.949334,"[0.632127, 0.499393, 0.0608218, 0.137797]",95248
3175,00:52:55,Frazier,1,0.944389,"[0.636077, 0.499677, 0.0551251, 0.126519]",95279
3176,00:52:56,Frazier,1,0.933806,"[0.635868, 0.500288, 0.0555719, 0.12315]",95280
3177,00:52:57,Frazier,1,0.95399,"[0.631868, 0.489723, 0.0611303, 0.153591]",95313
3178,00:52:58,Frazier,1,0.955842,"[0.617099, 0.496171, 0.0852025, 0.159216]",95367
3179,00:52:59,Frazier,1,0.955974,"[0.615485, 0.494703, 0.0930758, 0.15188]",95386
3180,00:53:00,Frazier,1,0.956063,"[0.631719, 0.499843, 0.0624462, 0.146546]",95421
3181,00:53:01,Frazier,1,0.954674,"[0.635799, 0.506559, 0.059648, 0.128362]",95439
3182,00:53:02,Frazier,1,0.957086,"[0.623042, 0.524264, 0.0765164, 0.102036]",95489
3183,00:53:03,Frazier,1,0.962282,"[0.621837, 0.523732, 0.0776583, 0.104239]",95490
3184,00:53:04,Frazier,1,0.944823,"[0.616272, 0.524233, 0.0853506, 0.107298]",95522
3185,00:53:05,Frazier,1,0.935598,"[0.616188, 0.523319, 0.0845648, 0.108802]",95556
3186,00:53:06,Frazier,1,0.921988,"[0.615658, 0.53236, 0.0851389, 0.091119]",95607
3187,00:53:07,Frazier,1,0.936292,"[0.620117, 0.533967, 0.0794196, 0.0878012]",95626
3188,00:53:08,Frazier,1,0.935078,"[0.618191, 0.531441, 0.0803626, 0.0923299]",95663
3189,00:53:09,Frazier,1,0.944745,"[0.622057, 0.524667, 0.0768606, 0.102566]",95697
3190,00:53:10,Frazier,1,0.946077,"[0.621394, 0.532779, 0.0779549, 0.0884742]",95702
3191,00:53:11,Frazier,1,0.939625,"[0.611895, 0.538022, 0.0863656, 0.0845997]",95739
3192,00:53:12,Frazier,1,0.947008,"[0.620452, 0.532797, 0.0770353, 0.0914985]",95776
3193,00:53:13,Frazier,1,0.942505,"[0.622099, 0.535569, 0.077207, 0.0875414]",95792
3194,00:53:14,Frazier,1,0.947445,"[0.626471, 0.518958, 0.0691797, 0.108671]",95838
3195,00:53:15,Frazier,1,0.755331,"[0.562352, 0.472563, 0.114682, 0.158781]",95851
3202,00:53:22,Forceps,2,0.912596,"[0.61876, 0.499757, 0.104544, 0.13898]",96066
3203,00:53:23,Forceps,2,0.935619,"[0.640779, 0.502318, 0.0465263, 0.134477]",96118
3204,00:53:24,Forceps,2,0.935915,"[0.640522, 0.502594, 0.0466593, 0.13531]",96120
3205,00:53:25,Forceps,2,0.905288,"[0.634488, 0.518979, 0.0524233, 0.118011]",96177
3206,00:53:26,Forceps,2,0.910903,"[0.634067, 0.517021, 0.0525183, 0.122315]",96181
3207,00:53:27,Forceps,2,0.900607,"[0.644416, 0.520835, 0.042589, 0.114807]",96237
3208,00:53:28,Forceps,2,0.914383,"[0.645266, 0.512851, 0.0421521, 0.124313]",96245
3209,00:53:29,Forceps,2,0.910741,"[0.640903, 0.515373, 0.0441659, 0.123997]",96273
3210,00:53:30,Forceps,2,0.911929,"[0.641541, 0.515023, 0.0460341, 0.120331]",96315
3211,00:53:31,Forceps,2,0.9385,"[0.643324, 0.504687, 0.0444223, 0.135017]",96334
3212,00:53:32,Forceps,2,0.912015,"[0.645913, 0.505748, 0.0427612, 0.135615]",96362
3231,00:53:51,Microdebrider,3,0.906861,"[0.582576, 0.501949, 0.137218, 0.148936]",96958
3232,00:53:52,Microdebrider,3,0.935349,"[0.610766, 0.473229, 0.0957693, 0.216379]",96989
3233,00:53:53,Microdebrider,3,0.936232,"[0.613131, 0.464637, 0.087584, 0.23432]",97007
3234,00:53:54,Microdebrider,3,0.935312,"[0.62423, 0.481027, 0.0683956, 0.196089]",97041
3235,00:53:55,Microdebrider,3,0.948015,"[0.624068, 0.489944, 0.069846, 0.180583]",97052
3236,00:53:56,Microdebrider,3,0.944279,"[0.622888, 0.492343, 0.0719716, 0.178319]",97095
3237,00:53:57,Microdebrider,3,0.901386,"[0.630774, 0.477874, 0.060438, 0.202104]",97121
3238,00:53:58,Microdebrider,3,0.957591,"[0.62411, 0.488341, 0.0697673, 0.187205]",97150
3239,00:53:59,Microdebrider,3,0.960899,"[0.624292, 0.48366, 0.0698002, 0.1971]",97199
3240,00:54:00,Microdebrider,3,0.961911,"[0.623966, 0.484985, 0.0700352, 0.194815]",97200
3241,00:54:01,Microdebrider,3,0.970207,"[0.623564, 0.484189, 0.0705587, 0.195741]",97246
3242,00:54:02,Microdebrider,3,0.966413,"[0.622261, 0.492825, 0.0731183, 0.182063]",97262
3243,00:54:03,Microdebrider,3,0.965331,"[0.621713, 0.491999, 0.0737019, 0.183807]",97312
3244,00:54:04,Microdebrider,3,0.969924,"[0.622406, 0.492617, 0.072274, 0.183015]",97338
3245,00:54:05,Microdebrider,3,0.967705,"[0.622249, 0.491511, 0.0723095, 0.185003]",97373
3246,00:54:06,Microdebrider,3,0.957425,"[0.621834, 0.489236, 0.0739833, 0.19058]",97399
3247,00:54:07,Microdebrider,3,0.964589,"[0.622842, 0.492621, 0.0728887, 0.182285]",97430
3248,00:54:08,Microdebrider,3,0.942419,"[0.621862, 0.48128, 0.0730991, 0.20504]",97466
3249,00:54:09,Microdebrider,3,0.967055,"[0.622145, 0.491974, 0.0732465, 0.181525]",97482
3250,00:54:10,Microdebrider,3,0.96502,"[0.623416, 0.493815, 0.0712811, 0.177746]",97529
3251,00:54:11,Microdebrider,3,0.964627,"[0.623377, 0.484029, 0.0697191, 0.200635]",97545
3252,00:54:12,Microdebrider,3,0.948524,"[0.62146, 0.487286, 0.0740995, 0.193689]",97589
3253,00:54:13,Microdebrider,3,0.959871,"[0.621031, 0.491616, 0.0750773, 0.184932]",97592
3254,00:54:14,Microdebrider,3,0.956876,"[0.620597, 0.491997, 0.0759871, 0.183334]",97649
3255,00:54:15,Microdebrider,3,0.955296,"[0.622587, 0.483014, 0.0706407, 0.200382]",97679
3256,00:54:16,Microdebrider,3,0.966817,"[0.622848, 0.490782, 0.0701827, 0.183642]",97692
3257,00:54:17,Microdebrider,3,0.965659,"[0.622522, 0.485249, 0.0703905, 0.194575]",97739
3258,00:54:18,Microdebrider,3,0.965073,"[0.621893, 0.491612, 0.0719526, 0.184529]",97763
3259,00:54:19,Microdebrider,3,0.966987,"[0.621342, 0.492255, 0.0726475, 0.18541]",97796
3260,00:54:20,Microdebrider,3,0.960188,"[0.622369, 0.489549, 0.0722107, 0.187087]",97820
3261,00:54:21,Microdebrider,3,0.964981,"[0.622806, 0.489703, 0.070829, 0.188077]",97832
3262,00:54:22,Microdebrider,3,0.966334,"[0.623887, 0.494197, 0.0700527, 0.180023]",97869
3265,00:54:25,Forceps,2,0.87297,"[0.623752, 0.483561, 0.102792, 0.15128]",97961
3266,00:54:26,Forceps,2,0.885093,"[0.61111, 0.507175, 0.102143, 0.139708]",97987
3267,00:54:27,Forceps,2,0.85978,"[0.612979, 0.508414, 0.0931638, 0.141321]",98022
3268,00:54:28,Forceps,2,0.870006,"[0.635067, 0.515322, 0.0512135, 0.127257]",98044
3269,00:54:29,Forceps,2,0.899021,"[0.609472, 0.508398, 0.109394, 0.127182]",98072
3270,00:54:30,Forceps,2,0.886387,"[0.637471, 0.508227, 0.0506933, 0.135675]",98127
3271,00:54:31,Forceps,2,0.89781,"[0.641166, 0.509995, 0.046521, 0.129943]",98140
3272,00:54:32,Forceps,2,0.885315,"[0.635583, 0.51695, 0.0518208, 0.121977]",98184
3273,00:54:33,Forceps,2,0.882394,"[0.640746, 0.521628, 0.0436642, 0.111715]",98210
3274,00:54:34,Forceps,2,0.882655,"[0.641392, 0.504403, 0.046865, 0.14215]",98225
3275,00:54:35,Forceps,2,0.914517,"[0.63331, 0.520622, 0.0513145, 0.120644]",98265
3276,00:54:36,Forceps,2,0.900848,"[0.641209, 0.511929, 0.0433033, 0.13136]",98280
3279,00:54:39,Microdebrider,3,0.92661,"[0.613592, 0.479379, 0.0911335, 0.202185]",98399
3280,00:54:40,Microdebrider,3,0.964218,"[0.625464, 0.483602, 0.0680381, 0.196102]",98420
3281,00:54:41,Microdebrider,3,0.97127,"[0.624134, 0.484016, 0.0689024, 0.196819]",98449
3282,00:54:42,Microdebrider,3,0.970317,"[0.624311, 0.485594, 0.0696553, 0.194892]",98488
3283,00:54:43,Microdebrider,3,0.965752,"[0.625302, 0.486383, 0.0677855, 0.192268]",98490
3284,00:54:44,Microdebrider,3,0.966938,"[0.624094, 0.490719, 0.0716504, 0.182982]",98547
3285,00:54:45,Microdebrider,3,0.96407,"[0.623938, 0.49038, 0.0706974, 0.184267]",98551
3286,00:54:46,Microdebrider,3,0.969751,"[0.624723, 0.490257, 0.0696911, 0.185267]",98595
3287,00:54:47,Microdebrider,3,0.951285,"[0.621313, 0.487124, 0.0748669, 0.196931]",98625
3288,00:54:48,Microdebrider,3,0.960067,"[0.621722, 0.490697, 0.073767, 0.185932]",98647
3289,00:54:49,Microdebrider,3,0.937324,"[0.619269, 0.486295, 0.0782192, 0.19614]",98690
3290,00:54:50,Microdebrider,3,0.948484,"[0.619748, 0.491889, 0.0770441, 0.184424]",98722
3291,00:54:51,Microdebrider,3,0.937986,"[0.617076, 0.48632, 0.0820538, 0.193465]",98759
3292,00:54:52,Microdebrider,3,0.946569,"[0.620565, 0.487281, 0.0756537, 0.192983]",98764
3293,00:54:53,Microdebrider,3,0.917396,"[0.607846, 0.49809, 0.0926025, 0.178585]",98802
3294,00:54:54,Microdebrider,3,0.933541,"[0.615117, 0.503069, 0.0830565, 0.16791]",98835
3295,00:54:55,Microdebrider,3,0.972736,"[0.624343, 0.492474, 0.0687208, 0.18202]",98864
3299,00:54:59,Frazier,1,0.84974,"[0.546842, 0.458547, 0.0830798, 0.177937]",98989
3300,00:55:00,Frazier,1,0.88351,"[0.605625, 0.507389, 0.073289, 0.145381]",99002
3301,00:55:01,Frazier,1,0.839154,"[0.581106, 0.480416, 0.125038, 0.120723]",99047
3302,00:55:02,Frazier,1,0.942074,"[0.623527, 0.53236, 0.0771378, 0.0908867]",99085
3303,00:55:03,Frazier,1,0.939758,"[0.621795, 0.532675, 0.0793824, 0.0901393]",99115
3304,00:55:04,Frazier,1,0.94052,"[0.623127, 0.531995, 0.0765385, 0.091667]",99134
3305,00:55:05,Frazier,1,0.93559,"[0.62408, 0.534241, 0.0734233, 0.0897328]",99179
3306,00:55:06,Frazier,1,0.947914,"[0.625611, 0.523142, 0.0734229, 0.10037]",99208
3307,00:55:07,Frazier,1,0.950199,"[0.625689, 0.522797, 0.0734341, 0.100244]",99213
3308,00:55:08,Frazier,1,0.945993,"[0.623793, 0.519011, 0.0779944, 0.106337]",99248
3309,00:55:09,Frazier,1,0.945306,"[0.625762, 0.512097, 0.0735722, 0.111029]",99287
3310,00:55:10,Frazier,1,0.934664,"[0.627673, 0.51772, 0.0728167, 0.103818]",99323
3311,00:55:11,Frazier,1,0.932477,"[0.6267, 0.521325, 0.0715082, 0.0964153]",99358
3312,00:55:12,Frazier,1,0.945983,"[0.627419, 0.517246, 0.073, 0.104842]",99383
3313,00:55:13,Frazier,1,0.948557,"[0.621259, 0.531944, 0.0786805, 0.0889755]",99418
3314,00:55:14,Frazier,1,0.947723,"[0.617593, 0.53556, 0.0799223, 0.0844569]",99426
3315,00:55:15,Frazier,1,0.944257,"[0.620796, 0.531868, 0.07827, 0.0896555]",99459
3316,00:55:16,Frazier,1,0.905877,"[0.619281, 0.547215, 0.0744718, 0.0718137]",99504
3317,00:55:17,Frazier,1,0.936641,"[0.618887, 0.532737, 0.0777317, 0.0898037]",99514
3318,00:55:18,Frazier,1,0.931095,"[0.6249, 0.527308, 0.0734539, 0.0948128]",99543
3319,00:55:19,Frazier,1,0.915834,"[0.62709, 0.52963, 0.0706753, 0.088035]",99599
3320,00:55:20,Frazier,1,0.948563,"[0.623044, 0.531462, 0.0763992, 0.0874146]",99622
3321,00:55:21,Frazier,1,0.947999,"[0.621489, 0.521801, 0.078381, 0.107886]",99659
3322,00:55:22,Frazier,1,0.957358,"[0.622374, 0.52181, 0.0780619, 0.107352]",99662
3323,00:55:23,Frazier,1,0.951477,"[0.612485, 0.522893, 0.0931631, 0.106146]",99711
3324,00:55:24,Frazier,1,0.936996,"[0.617181, 0.521443, 0.0864567, 0.112824]",99720
3325,00:55:25,Frazier,1,0.910402,"[0.633362, 0.52219, 0.0617242, 0.089693]",99755
3326,00:55:26,Frazier,1,0.929756,"[0.62225, 0.51403, 0.0765441, 0.127116]",99783
3328,00:55:28,Forceps,2,0.90823,"[0.611507, 0.505968, 0.0976757, 0.142072]",99858
3329,00:55:29,Forceps,2,0.904804,"[0.613157, 0.484128, 0.0936401, 0.182513]",99897
3330,00:55:30,Forceps,2,0.894493,"[0.612137, 0.509806, 0.101626, 0.135295]",99923
3331,00:55:31,Forceps,2,0.887796,"[0.609478, 0.512401, 0.102611, 0.130388]",99936
3332,00:55:32,Forceps,2,0.908748,"[0.62682, 0.511273, 0.0686942, 0.130608]",99984
3333,00:55:33,Forceps,2,0.912018,"[0.626629, 0.513468, 0.0695409, 0.128053]",100019
3334,00:55:34,Forceps,2,0.930789,"[0.626798, 0.515105, 0.0684779, 0.126228]",100033
3335,00:55:35,Forceps,2,0.898297,"[0.627356, 0.517034, 0.066648, 0.127718]",100050
3336,00:55:36,Forceps,2,0.884902,"[0.634691, 0.510732, 0.0579607, 0.133595]",100080
3337,00:55:37,Forceps,2,0.929451,"[0.625719, 0.517121, 0.068733, 0.124013]",100123
3338,00:55:38,Forceps,2,0.907755,"[0.629758, 0.51881, 0.0626554, 0.123444]",100155
3339,00:55:39,Forceps,2,0.918724,"[0.630062, 0.514571, 0.0621297, 0.130913]",100175
3348,00:55:48,Forceps,2,0.90222,"[0.618345, 0.49048, 0.0887033, 0.175743]",100461
3349,00:55:49,Forceps,2,0.934542,"[0.632213, 0.499579, 0.0554937, 0.156652]",100483
3350,00:55:50,Forceps,2,0.937686,"[0.641391, 0.513913, 0.0428938, 0.121236]",100527
3351,00:55:51,Forceps,2,0.919146,"[0.64051, 0.515941, 0.0465301, 0.120004]",100530
3352,00:55:52,Forceps,2,0.914417,"[0.636598, 0.529574, 0.0487452, 0.101207]",100571
3353,00:55:53,Forceps,2,0.952068,"[0.632592, 0.51784, 0.0539488, 0.123804]",100598
3354,00:55:54,Forceps,2,0.936056,"[0.633526, 0.523096, 0.0510871, 0.111357]",100621
3355,00:55:55,Forceps,2,0.945008,"[0.632345, 0.517519, 0.056507, 0.121539]",100657
3356,00:55:56,Forceps,2,0.878896,"[0.638422, 0.512447, 0.0492195, 0.12329]",100681
3357,00:55:57,Forceps,2,0.830001,"[0.555711, 0.444432, 0.0443918, 0.144856]",100716
3358,00:55:58,Forceps,2,0.885932,"[0.590309, 0.49287, 0.142392, 0.165161]",100769
3359,00:55:59,Forceps,2,0.90868,"[0.60818, 0.505748, 0.102624, 0.145841]",100778
3360,00:56:00,Forceps,2,0.858832,"[0.613426, 0.521423, 0.0967196, 0.113013]",100820
3361,00:56:01,Forceps,2,0.861275,"[0.607882, 0.530283, 0.10624, 0.099649]",100859
3362,00:56:02,Forceps,2,0.868124,"[0.606225, 0.530509, 0.10851, 0.0986529]",100882
3363,00:56:03,Forceps,2,0.872052,"[0.607361, 0.528561, 0.105377, 0.103526]",100897
3364,00:56:04,Forceps,2,0.869562,"[0.609272, 0.52959, 0.103163, 0.101681]",100925
3365,00:56:05,Forceps,2,0.868622,"[0.621055, 0.518392, 0.0818459, 0.118791]",100970
3366,00:56:06,Forceps,2,0.880589,"[0.633226, 0.500168, 0.056805, 0.156793]",100982
3370,00:56:10,Forceps,2,0.904495,"[0.629242, 0.503227, 0.0641369, 0.149631]",101120
3371,00:56:11,Forceps,2,0.907991,"[0.641316, 0.499966, 0.0440016, 0.14568]",101142
3372,00:56:12,Forceps,2,0.918873,"[0.641258, 0.517885, 0.0405142, 0.119954]",101176
3373,00:56:13,Forceps,2,0.890133,"[0.642749, 0.516922, 0.0387205, 0.120428]",101219
3374,00:56:14,Forceps,2,0.911221,"[0.641222, 0.515144, 0.0405538, 0.125708]",101238
3375,00:56:15,Forceps,2,0.908342,"[0.645606, 0.524212, 0.0381876, 0.102563]",101257
3376,00:56:16,Forceps,2,0.896108,"[0.641311, 0.520772, 0.0411922, 0.113381]",101307
3377,00:56:17,Forceps,2,0.910739,"[0.631768, 0.522004, 0.0547894, 0.11692]",101331
3378,00:56:18,Forceps,2,0.912053,"[0.633369, 0.519298, 0.0530722, 0.120564]",101345
3379,00:56:19,Forceps,2,0.902933,"[0.640808, 0.527786, 0.0420338, 0.101921]",101377
3380,00:56:20,Forceps,2,0.893204,"[0.631199, 0.499747, 0.0597254, 0.155071]",101403
3382,00:56:22,Frazier,1,0.832229,"[0.599204, 0.485414, 0.136178, 0.132848]",101483
3383,00:56:23,Frazier,1,0.931537,"[0.609309, 0.513342, 0.0963464, 0.13393]",101509
3384,00:56:24,Frazier,1,0.939694,"[0.61564, 0.513757, 0.0881138, 0.126885]",101525
3385,00:56:25,Frazier,1,0.938813,"[0.62033, 0.516245, 0.0806557, 0.114735]",101576
3386,00:56:26,Frazier,1,0.943219,"[0.620548, 0.517708, 0.0768951, 0.116746]",101588
3387,00:56:27,Frazier,1,0.948018,"[0.616145, 0.52493, 0.0812824, 0.103303]",101632
3388,00:56:28,Frazier,1,0.937042,"[0.620498, 0.532463, 0.0765821, 0.0902469]",101669
3389,00:56:29,Frazier,1,0.93761,"[0.620448, 0.525099, 0.0767789, 0.102456]",101681
3390,00:56:30,Frazier,1,0.93739,"[0.622377, 0.528786, 0.0746958, 0.094969]",101721
3391,00:56:31,Frazier,1,0.929534,"[0.619852, 0.534154, 0.0767958, 0.0881942]",101734
3392,00:56:32,Frazier,1,0.938251,"[0.611915, 0.537539, 0.0854422, 0.087551]",101771
3393,00:56:33,Frazier,1,0.945081,"[0.614865, 0.534042, 0.0836206, 0.0921083]",101819
3394,00:56:34,Frazier,1,0.943532,"[0.623138, 0.52828, 0.0736219, 0.0940661]",101837
3395,00:56:35,Frazier,1,0.956509,"[0.623994, 0.520332, 0.0712887, 0.113422]",101878
3396,00:56:36,Frazier,1,0.957103,"[0.621722, 0.508365, 0.07791, 0.131184]",101901
3397,00:56:37,Frazier,1,0.946867,"[0.615693, 0.511615, 0.0884892, 0.128179]",101921
3398,00:56:38,Frazier,1,0.951392,"[0.61134, 0.533691, 0.0879167, 0.0919774]",101952
3399,00:56:39,Frazier,1,0.950735,"[0.612417, 0.530672, 0.0871651, 0.0955653]",101978
3400,00:56:40,Frazier,1,0.945165,"[0.609064, 0.533352, 0.0902796, 0.0928166]",102000
3401,00:56:41,Frazier,1,0.943487,"[0.611666, 0.534087, 0.0913364, 0.0928172]",102058
3402,00:56:42,Frazier,1,0.942313,"[0.609162, 0.537302, 0.0932827, 0.0875268]",102060
3403,00:56:43,Frazier,1,0.947961,"[0.610667, 0.5345, 0.0909509, 0.0916787]",102113
3404,00:56:44,Frazier,1,0.951036,"[0.612509, 0.533174, 0.0881956, 0.0936859]",102140
3405,00:56:45,Frazier,1,0.955625,"[0.613408, 0.524257, 0.0835983, 0.108188]",102170
3406,00:56:46,Frazier,1,0.951426,"[0.612117, 0.533437, 0.086187, 0.0936283]",102188
3407,00:56:47,Frazier,1,0.954914,"[0.621343, 0.519112, 0.0747004, 0.112613]",102239
3408,00:56:48,Frazier,1,0.954443,"[0.621866, 0.517971, 0.0731991, 0.114475]",102261
3409,00:56:49,Frazier,1,0.944622,"[0.613173, 0.537841, 0.0848337, 0.0846749]",102272
3410,00:56:50,Frazier,1,0.924995,"[0.606447, 0.537076, 0.0934814, 0.0909183]",102329
3411,00:56:51,Frazier,1,0.940693,"[0.609594, 0.533405, 0.0900391, 0.0959774]",102334
3412,00:56:52,Frazier,1,0.953618,"[0.614329, 0.535312, 0.0830717, 0.0885576]",102363
3413,00:56:53,Frazier,1,0.95132,"[0.616101, 0.531825, 0.0809158, 0.0938673]",102409
3414,00:56:54,Frazier,1,0.952255,"[0.623965, 0.524494, 0.0710097, 0.101465]",102423
3415,00:56:55,Frazier,1,0.95421,"[0.611989, 0.533984, 0.0857491, 0.0914863]",102467
3416,00:56:56,Frazier,1,0.941925,"[0.619428, 0.531958, 0.0765104, 0.0906147]",102484
3417,00:56:57,Frazier,1,0.94982,"[0.626895, 0.519239, 0.0689856, 0.104859]",102519
3418,00:56:58,Frazier,1,0.935174,"[0.619294, 0.520743, 0.0802265, 0.109969]",102552
3419,00:56:59,Frazier,1,0.933639,"[0.621091, 0.523945, 0.0777905, 0.100922]",102592
3420,00:57:00,Frazier,1,0.946779,"[0.620203, 0.531615, 0.0779659, 0.0913162]",102614
3421,00:57:01,Frazier,1,0.907852,"[0.612731, 0.552062, 0.0796661, 0.0711992]",102658
3422,00:57:02,Frazier,1,0.946346,"[0.615397, 0.534966, 0.0829839, 0.0943424]",102679
3423,00:57:03,Frazier,1,0.945748,"[0.613509, 0.535996, 0.0853088, 0.0927233]",102697
3424,00:57:04,Frazier,1,0.933898,"[0.615601, 0.534655, 0.0844204, 0.0899796]",102745
3425,00:57:05,Frazier,1,0.954275,"[0.624219, 0.520285, 0.0745796, 0.104944]",102777
3426,00:57:06,Frazier,1,0.95025,"[0.627668, 0.516667, 0.0722408, 0.104289]",102805
3427,00:57:07,Frazier,1,0.942254,"[0.622366, 0.533429, 0.0744912, 0.0863407]",102813
3428,00:57:08,Frazier,1,0.848653,"[0.599336, 0.495729, 0.122743, 0.151063]",102868
3429,00:57:09,Frazier,1,0.944625,"[0.616618, 0.50597, 0.0909032, 0.141145]",102887
3430,00:57:10,Frazier,1,0.953149,"[0.622648, 0.495856, 0.078139, 0.146481]",102902
3431,00:57:11,Frazier,1,0.946819,"[0.625294, 0.519707, 0.0728321, 0.105937]",102956
3432,00:57:12,Frazier,1,0.948239,"[0.620661, 0.532257, 0.0792374, 0.0882816]",102985
3433,00:57:13,Frazier,1,0.924312,"[0.617832, 0.538762, 0.0803049, 0.0833177]",102990
3434,00:57:14,Frazier,1,0.944161,"[0.619996, 0.534976, 0.0772211, 0.0890774]",103043
3435,00:57:15,Frazier,1,0.938707,"[0.619655, 0.538503, 0.0769571, 0.0868624]",103052
3436,00:57:16,Frazier,1,0.947917,"[0.619981, 0.533408, 0.0786887, 0.0876647]",103109
3437,00:57:17,Frazier,1,0.947426,"[0.620198, 0.534127, 0.0781956, 0.0866653]",103110
3438,00:57:18,Frazier,1,0.939766,"[0.623398, 0.535927, 0.0749001, 0.0839803]",103148
3439,00:57:19,Frazier,1,0.95306,"[0.621498, 0.533395, 0.0792734, 0.086851]",103181
3440,00:57:20,Frazier,1,0.937307,"[0.621711, 0.537297, 0.0784046, 0.0831477]",103206
3445,00:57:25,Forceps,2,0.908947,"[0.615573, 0.502206, 0.0980743, 0.146967]",103374
3446,00:57:26,Forceps,2,0.907762,"[0.61567, 0.507227, 0.0958487, 0.147993]",103380
3447,00:57:27,Forceps,2,0.896533,"[0.621296, 0.497497, 0.0838509, 0.168204]",103414
3448,00:57:28,Forceps,2,0.906387,"[0.615537, 0.503417, 0.0935879, 0.149804]",103440
3449,00:57:29,Forceps,2,0.92176,"[0.632527, 0.526785, 0.0591702, 0.105976]",103491
3450,00:57:30,Forceps,2,0.921525,"[0.632042, 0.529, 0.0598928, 0.10238]",103506
3451,00:57:31,Forceps,2,0.909989,"[0.628423, 0.531648, 0.0655888, 0.0977502]",103551
3452,00:57:32,Forceps,2,0.928927,"[0.628146, 0.526472, 0.0655481, 0.10517]",103573
3453,00:57:33,Forceps,2,0.919833,"[0.62657, 0.529875, 0.0688927, 0.0994436]",103615
3454,00:57:34,Forceps,2,0.914763,"[0.62654, 0.529958, 0.068763, 0.100622]",103620
3455,00:57:35,Forceps,2,0.913255,"[0.626615, 0.519878, 0.0698111, 0.114254]",103650
3456,00:57:36,Forceps,2,0.916428,"[0.625588, 0.523096, 0.0725519, 0.11044]",103705
3457,00:57:37,Forceps,2,0.910989,"[0.62356, 0.523715, 0.0765879, 0.110396]",103710
3458,00:57:38,Forceps,2,0.921597,"[0.623546, 0.520315, 0.0748645, 0.116689]",103757
3459,00:57:39,Forceps,2,0.922198,"[0.623846, 0.523039, 0.0735767, 0.111733]",103774
3460,00:57:40,Forceps,2,0.898807,"[0.615736, 0.51905, 0.0891097, 0.122449]",103827
3461,00:57:41,Forceps,2,0.895802,"[0.622067, 0.521786, 0.0773615, 0.115328]",103846
3462,00:57:42,Forceps,2,0.909359,"[0.620646, 0.52037, 0.0779294, 0.11734]",103887
3463,00:57:43,Forceps,2,0.924542,"[0.619579, 0.51854, 0.0795886, 0.121108]",103891
3464,00:57:44,Forceps,2,0.918715,"[0.622821, 0.519088, 0.0769934, 0.11842]",103943
3465,00:57:45,Forceps,2,0.913802,"[0.618224, 0.522563, 0.0849991, 0.115385]",103967
3466,00:57:46,Forceps,2,0.890704,"[0.633512, 0.52121, 0.0600586, 0.115114]",104006
3467,00:57:47,Forceps,2,0.910099,"[0.634272, 0.520884, 0.0578397, 0.11159]",104024
3468,00:57:48,Forceps,2,0.922334,"[0.635126, 0.5211, 0.054289, 0.113196]",104047
3469,00:57:49,Forceps,2,0.915763,"[0.635469, 0.522965, 0.0538341, 0.109957]",104070
3470,00:57:50,Forceps,2,0.908035,"[0.635202, 0.524794, 0.0541367, 0.106632]",104110
3471,00:57:51,Forceps,2,0.917746,"[0.634998, 0.524192, 0.0545886, 0.107453]",104136
3472,00:57:52,Forceps,2,0.914043,"[0.646003, 0.509063, 0.0379248, 0.12959]",104188
3473,00:57:53,Forceps,2,0.931198,"[0.646344, 0.516917, 0.0381946, 0.118255]",104195
3474,00:57:54,Forceps,2,0.926711,"[0.644433, 0.517939, 0.0415539, 0.115297]",104247
3475,00:57:55,Forceps,2,0.921338,"[0.644698, 0.518776, 0.0417263, 0.113714]",104250
3476,00:57:56,Forceps,2,0.908137,"[0.627339, 0.513833, 0.068475, 0.130128]",104305
3477,00:57:57,Forceps,2,0.89515,"[0.616672, 0.505243, 0.0869307, 0.151132]",104325
3482,00:58:02,Microdebrider,3,0.809066,"[0.583673, 0.48512, 0.157704, 0.164595]",104488
3483,00:58:03,Microdebrider,3,0.971003,"[0.629948, 0.490893, 0.0599293, 0.179679]",104518
3484,00:58:04,Microdebrider,3,0.971698,"[0.631985, 0.495407, 0.058724, 0.171643]",104523
3485,00:58:05,Microdebrider,3,0.920049,"[0.62129, 0.511609, 0.0760858, 0.148929]",104579
3486,00:58:06,Microdebrider,3,0.919943,"[0.618523, 0.511508, 0.0809753, 0.152444]",104584
3487,00:58:07,Microdebrider,3,0.933636,"[0.619394, 0.513075, 0.0786528, 0.150786]",104613
3488,00:58:08,Microdebrider,3,0.931933,"[0.620224, 0.509508, 0.0774254, 0.156158]",104649
3489,00:58:09,Microdebrider,3,0.936999,"[0.617675, 0.516268, 0.0831181, 0.143418]",104695
3490,00:58:10,Microdebrider,3,0.932672,"[0.619937, 0.513151, 0.0772209, 0.149142]",104716
3491,00:58:11,Microdebrider,3,0.97395,"[0.631355, 0.496367, 0.0584055, 0.169183]",104739
3492,00:58:12,Microdebrider,3,0.944025,"[0.637593, 0.485516, 0.0505615, 0.190897]",104784
3493,00:58:13,Microdebrider,3,0.964929,"[0.634413, 0.491606, 0.0568588, 0.177524]",104806
3494,00:58:14,Microdebrider,3,0.926172,"[0.633467, 0.49146, 0.0593684, 0.175488]",104820
3495,00:58:15,Microdebrider,3,0.911196,"[0.640534, 0.480783, 0.0506236, 0.195921]",104879
3496,00:58:16,Microdebrider,3,0.917176,"[0.637372, 0.500895, 0.0518642, 0.164283]",104903
3497,00:58:17,Microdebrider,3,0.955085,"[0.632666, 0.499911, 0.0580845, 0.163263]",104914
3498,00:58:18,Microdebrider,3,0.955758,"[0.630314, 0.490869, 0.0609937, 0.179059]",104967
3499,00:58:19,Microdebrider,3,0.958525,"[0.633177, 0.496735, 0.0580881, 0.167122]",104992
3500,00:58:20,Microdebrider,3,0.959059,"[0.633353, 0.494217, 0.0586529, 0.173748]",105000
3501,00:58:21,Microdebrider,3,0.954148,"[0.639321, 0.496293, 0.0520721, 0.176848]",105059
3502,00:58:22,Microdebrider,3,0.976525,"[0.63169, 0.494393, 0.0596689, 0.176223]",105066
3503,00:58:23,Microdebrider,3,0.97082,"[0.630802, 0.490845, 0.0601399, 0.182973]",105094
3504,00:58:24,Microdebrider,3,0.961803,"[0.633418, 0.49422, 0.0562502, 0.176625]",105135
3505,00:58:25,Microdebrider,3,0.968234,"[0.631257, 0.49698, 0.0585732, 0.168394]",105173
3506,00:58:26,Microdebrider,3,0.971389,"[0.630769, 0.493266, 0.0606785, 0.179754]",105184
3507,00:58:27,Microdebrider,3,0.965056,"[0.623573, 0.493577, 0.0700047, 0.177425]",105224
3508,00:58:28,Microdebrider,3,0.95009,"[0.64033, 0.488541, 0.0519527, 0.186407]",105254
3509,00:58:29,Microdebrider,3,0.952372,"[0.640081, 0.486509, 0.0499092, 0.187863]",105280
3510,00:58:30,Microdebrider,3,0.955049,"[0.638826, 0.488556, 0.0517757, 0.186787]",105327
3511,00:58:31,Microdebrider,3,0.9472,"[0.63898, 0.487404, 0.0517969, 0.187783]",105337
3512,00:58:32,Microdebrider,3,0.939296,"[0.638656, 0.487142, 0.0521057, 0.18368]",105365
3513,00:58:33,Microdebrider,3,0.917188,"[0.633694, 0.483368, 0.062166, 0.19649]",105394
3514,00:58:34,Microdebrider,3,0.933213,"[0.614752, 0.467906, 0.0945952, 0.236314]",105435
3515,00:58:35,Microdebrider,3,0.906826,"[0.64064, 0.487421, 0.0518187, 0.178601]",105478
3516,00:58:36,Microdebrider,3,0.950308,"[0.631134, 0.481375, 0.0613169, 0.199036]",105500
3517,00:58:37,Microdebrider,3,0.92463,"[0.628742, 0.479258, 0.0637791, 0.205085]",105538
3518,00:58:38,Microdebrider,3,0.968731,"[0.634027, 0.493522, 0.0559501, 0.173538]",105567
3519,00:58:39,Microdebrider,3,0.954429,"[0.630144, 0.488821, 0.0622007, 0.182706]",105588
3520,00:58:40,Microdebrider,3,0.936132,"[0.632796, 0.491672, 0.0587746, 0.172694]",105607
3521,00:58:41,Microdebrider,3,0.945791,"[0.621316, 0.499044, 0.0763522, 0.170871]",105630
3522,00:58:42,Microdebrider,3,0.934189,"[0.625578, 0.523131, 0.0699174, 0.129358]",105687
3523,00:58:43,Microdebrider,3,0.948999,"[0.623558, 0.513855, 0.0757593, 0.143552]",105709
3524,00:58:44,Microdebrider,3,0.95247,"[0.617779, 0.512623, 0.086402, 0.148568]",105739
3525,00:58:45,Microdebrider,3,0.93525,"[0.613797, 0.510922, 0.0921932, 0.151913]",105755
3526,00:58:46,Microdebrider,3,0.959189,"[0.623227, 0.491413, 0.0731546, 0.179315]",105787
3527,00:58:47,Microdebrider,3,0.928657,"[0.636301, 0.479878, 0.0533503, 0.194967]",105837
3528,00:58:48,Microdebrider,3,0.941536,"[0.637871, 0.486089, 0.0547934, 0.186039]",105858
3529,00:58:49,Microdebrider,3,0.934904,"[0.640396, 0.487858, 0.0487574, 0.17837]",105872
3530,00:58:50,Microdebrider,3,0.938368,"[0.638954, 0.488228, 0.0505517, 0.180498]",105926
3531,00:58:51,Microdebrider,3,0.891906,"[0.642619, 0.482651, 0.0446846, 0.187582]",105931
3532,00:58:52,Microdebrider,3,0.916689,"[0.644951, 0.493215, 0.0425129, 0.181456]",105985
3533,00:58:53,Microdebrider,3,0.886444,"[0.654954, 0.49306, 0.0313889, 0.169715]",106015
3534,00:58:54,Microdebrider,3,0.874113,"[0.649158, 0.497369, 0.0377043, 0.168618]",106022
3535,00:58:55,Microdebrider,3,0.882666,"[0.651308, 0.499127, 0.036203, 0.16847]",106067
3536,00:58:56,Microdebrider,3,0.892029,"[0.651119, 0.496708, 0.0348469, 0.168956]",106093
3537,00:58:57,Microdebrider,3,0.89539,"[0.648102, 0.497776, 0.037726, 0.17012]",106122
3538,00:58:58,Microdebrider,3,0.914706,"[0.646228, 0.4984, 0.0407267, 0.170581]",106149
3539,00:58:59,Microdebrider,3,0.944487,"[0.645579, 0.495995, 0.0422888, 0.178171]",106190
3540,00:59:00,Microdebrider,3,0.938506,"[0.640368, 0.488892, 0.0506855, 0.183859]",106228
3541,00:59:01,Microdebrider,3,0.953282,"[0.635406, 0.503461, 0.056851, 0.155153]",106258
3542,00:59:02,Microdebrider,3,0.958427,"[0.633368, 0.501564, 0.060404, 0.157792]",106279
3543,00:59:03,Microdebrider,3,0.933058,"[0.624726, 0.516575, 0.0748637, 0.137649]",106305
3544,00:59:04,Microdebrider,3,0.926109,"[0.62441, 0.520424, 0.0740358, 0.133812]",106343
3545,00:59:05,Microdebrider,3,0.917061,"[0.617418, 0.522193, 0.0886604, 0.131781]",106350
3546,00:59:06,Microdebrider,3,0.943138,"[0.62485, 0.515185, 0.0754485, 0.14073]",106392
3547,00:59:07,Microdebrider,3,0.937607,"[0.625547, 0.507546, 0.0757891, 0.149801]",106411
3551,00:59:11,Freer,4,0.935546,"[0.611396, 0.487013, 0.107406, 0.133983]",106554
3552,00:59:12,Freer,4,0.913684,"[0.613314, 0.493737, 0.111483, 0.146812]",106563
3553,00:59:13,Freer,4,0.927505,"[0.644658, 0.518384, 0.0395917, 0.12386]",106614
3554,00:59:14,Freer,4,0.961594,"[0.641962, 0.532233, 0.041963, 0.101995]",106645
3555,00:59:15,Freer,4,0.954629,"[0.640418, 0.529685, 0.0443723, 0.105031]",106661
3556,00:59:16,Freer,4,0.937024,"[0.637631, 0.532878, 0.0473012, 0.101264]",106686
3557,00:59:17,Freer,4,0.957588,"[0.630798, 0.531082, 0.0573708, 0.109134]",106728
3558,00:59:18,Freer,4,0.937646,"[0.633604, 0.535627, 0.0542484, 0.0995667]",106741
3559,00:59:19,Freer,4,0.92022,"[0.626621, 0.542735, 0.0622366, 0.089426]",106785
3560,00:59:20,Freer,4,0.910451,"[0.629908, 0.536356, 0.0587793, 0.0983908]",106817
3561,00:59:21,Freer,4,0.902918,"[0.627182, 0.54003, 0.0621374, 0.0960269]",106840
3562,00:59:22,Freer,4,0.95274,"[0.632018, 0.528607, 0.0546541, 0.114214]",106880
3563,00:59:23,Freer,4,0.965562,"[0.63399, 0.528565, 0.0532511, 0.109443]",106910
3564,00:59:24,Freer,4,0.912132,"[0.633199, 0.529169, 0.0549899, 0.103777]",106940
3565,00:59:25,Freer,4,0.887337,"[0.631902, 0.531848, 0.057027, 0.103479]",106979
3566,00:59:26,Freer,4,0.943383,"[0.633093, 0.529829, 0.0527921, 0.105967]",107008
3567,00:59:27,Freer,4,0.955821,"[0.634245, 0.52751, 0.0506006, 0.10741]",107023
3569,00:59:29,Microdebrider,3,0.825865,"[0.600518, 0.50594, 0.134894, 0.146565]",107099
3570,00:59:30,Microdebrider,3,0.922722,"[0.61855, 0.514106, 0.0869558, 0.145178]",107126
3571,00:59:31,Microdebrider,3,0.912493,"[0.611539, 0.520245, 0.100058, 0.13819]",107133
3572,00:59:32,Microdebrider,3,0.921063,"[0.634456, 0.495368, 0.0619082, 0.172088]",107168
3573,00:59:33,Microdebrider,3,0.927736,"[0.622169, 0.504067, 0.0794749, 0.16481]",107198
3574,00:59:34,Microdebrider,3,0.926004,"[0.621466, 0.504643, 0.0796953, 0.159343]",107233
3575,00:59:35,Microdebrider,3,0.92604,"[0.622988, 0.506851, 0.0766986, 0.156379]",107260
3576,00:59:36,Microdebrider,3,0.940342,"[0.622715, 0.503291, 0.0772527, 0.161275]",107307
3577,00:59:37,Microdebrider,3,0.933935,"[0.612328, 0.508007, 0.0973175, 0.159483]",107326
3583,00:59:43,Microdebrider,3,0.886823,"[0.597386, 0.498734, 0.120601, 0.16933]",107519
3584,00:59:44,Microdebrider,3,0.931931,"[0.610891, 0.488768, 0.0993006, 0.192299]",107548
3585,00:59:45,Microdebrider,3,0.939271,"[0.608567, 0.488938, 0.103151, 0.191652]",107559
3586,00:59:46,Microdebrider,3,0.93938,"[0.616799, 0.491313, 0.0884455, 0.186219]",107596
3587,00:59:47,Microdebrider,3,0.934699,"[0.596325, 0.494197, 0.122872, 0.18452]",107634
3588,00:59:48,Microdebrider,3,0.940682,"[0.617678, 0.466979, 0.0828087, 0.224372]",107669
3589,00:59:49,Microdebrider,3,0.939066,"[0.618459, 0.467844, 0.0819317, 0.223188]",107670
3590,00:59:50,Microdebrider,3,0.925793,"[0.586886, 0.485177, 0.143394, 0.20166]",107710
3591,00:59:51,Microdebrider,3,0.930464,"[0.610732, 0.474925, 0.0956443, 0.214025]",107753
3592,00:59:52,Microdebrider,3,0.938882,"[0.61689, 0.490785, 0.0853615, 0.181043]",107785
3593,00:59:53,Microdebrider,3,0.944472,"[0.620066, 0.499694, 0.0790459, 0.161648]",107806
3594,00:59:54,Microdebrider,3,0.945191,"[0.610793, 0.517233, 0.098719, 0.146386]",107823
3595,00:59:55,Microdebrider,3,0.940622,"[0.612715, 0.506652, 0.0938946, 0.160326]",107866
3596,00:59:56,Microdebrider,3,0.938748,"[0.610554, 0.506369, 0.0988325, 0.160708]",107889
3597,00:59:57,Microdebrider,3,0.944979,"[0.610657, 0.51802, 0.0993196, 0.147303]",107936
3598,00:59:58,Microdebrider,3,0.949288,"[0.612458, 0.516384, 0.0963673, 0.144685]",107966
3599,00:59:59,Microdebrider,3,0.93329,"[0.610817, 0.521951, 0.0966637, 0.14148]",107971
3600,01:00:00,Microdebrider,3,0.930256,"[0.613236, 0.514116, 0.0951284, 0.147283]",108003
3601,01:00:01,Microdebrider,3,0.931676,"[0.610828, 0.519481, 0.0979008, 0.139198]",108058
3602,01:00:02,Microdebrider,3,0.926855,"[0.611526, 0.520565, 0.0976819, 0.133697]",108061
3603,01:00:03,Microdebrider,3,0.915371,"[0.609539, 0.526747, 0.100273, 0.125307]",108104
3604,01:00:04,Microdebrider,3,0.937754,"[0.614322, 0.515126, 0.0904189, 0.145152]",108135
3605,01:00:05,Microdebrider,3,0.943825,"[0.621514, 0.515286, 0.0815055, 0.143894]",108160
3606,01:00:06,Microdebrider,3,0.948468,"[0.622438, 0.519655, 0.0791603, 0.136648]",108185
3607,01:00:07,Microdebrider,3,0.939328,"[0.625653, 0.521039, 0.0734137, 0.13207]",108210
3608,01:00:08,Microdebrider,3,0.921072,"[0.628975, 0.523172, 0.066857, 0.12612]",108251
3609,01:00:09,Microdebrider,3,0.92901,"[0.618142, 0.533732, 0.0872482, 0.114804]",108285
3610,01:00:10,Microdebrider,3,0.913963,"[0.616783, 0.538321, 0.0884828, 0.108532]",108314
3611,01:00:11,Microdebrider,3,0.946501,"[0.623987, 0.520076, 0.0750726, 0.133173]",108359
3612,01:00:12,Microdebrider,3,0.94889,"[0.624833, 0.513478, 0.0744811, 0.143866]",108367
3613,01:00:13,Microdebrider,3,0.947276,"[0.623238, 0.518691, 0.0779952, 0.137254]",108409
3614,01:00:14,Microdebrider,3,0.935237,"[0.619775, 0.526446, 0.0839481, 0.125758]",108420
3615,01:00:15,Microdebrider,3,0.934855,"[0.614431, 0.515747, 0.0960571, 0.145771]",108476
3616,01:00:16,Microdebrider,3,0.930318,"[0.614669, 0.516402, 0.0957097, 0.145665]",108480
3617,01:00:17,Microdebrider,3,0.918267,"[0.610316, 0.519575, 0.10035, 0.148937]",108526
3618,01:00:18,Microdebrider,3,0.928644,"[0.611011, 0.518387, 0.0994576, 0.15016]",108548
3619,01:00:19,Microdebrider,3,0.950832,"[0.621378, 0.495058, 0.0786921, 0.179517]",108599
3620,01:00:20,Microdebrider,3,0.962905,"[0.631448, 0.490003, 0.0626176, 0.185878]",108608
3621,01:00:21,Microdebrider,3,0.951868,"[0.636203, 0.496678, 0.0567986, 0.174044]",108640
3622,01:00:22,Microdebrider,3,0.93869,"[0.633436, 0.490517, 0.0634226, 0.184658]",108672
3623,01:00:23,Microdebrider,3,0.9198,"[0.613878, 0.51537, 0.0951513, 0.150488]",108701
3624,01:00:24,Microdebrider,3,0.926607,"[0.611436, 0.52002, 0.0985428, 0.146064]",108730
3625,01:00:25,Microdebrider,3,0.923497,"[0.614279, 0.519897, 0.0957217, 0.141097]",108754
3626,01:00:26,Microdebrider,3,0.916907,"[0.607906, 0.531217, 0.104963, 0.126645]",108788
3627,01:00:27,Microdebrider,3,0.935187,"[0.612957, 0.518647, 0.097552, 0.149639]",108831
3628,01:00:28,Microdebrider,3,0.931553,"[0.610652, 0.53053, 0.0973391, 0.128679]",108847
3629,01:00:29,Microdebrider,3,0.940541,"[0.614808, 0.518232, 0.091551, 0.149529]",108895
3630,01:00:30,Microdebrider,3,0.950175,"[0.617577, 0.522949, 0.0874815, 0.135671]",108902
3631,01:00:31,Microdebrider,3,0.943574,"[0.615899, 0.519791, 0.0895085, 0.138989]",108943
3632,01:00:32,Microdebrider,3,0.939072,"[0.615988, 0.518838, 0.089646, 0.140304]",108971
3657,01:00:57,Frazier,1,0.898598,"[0.60348, 0.495732, 0.12337, 0.138758]",109738
3658,01:00:58,Frazier,1,0.95194,"[0.623064, 0.502893, 0.0793465, 0.148642]",109759
3659,01:00:59,Frazier,1,0.954915,"[0.623381, 0.507181, 0.0840668, 0.134719]",109789
3660,01:01:00,Frazier,1,0.951658,"[0.620961, 0.537007, 0.0844091, 0.0853052]",109803
3661,01:01:01,Frazier,1,0.921849,"[0.654828, 0.487302, 0.0489174, 0.16724]",109838
3662,01:01:02,Frazier,1,0.916006,"[0.652174, 0.494523, 0.0484809, 0.144885]",109879
3663,01:01:03,Frazier,1,0.937076,"[0.641292, 0.50478, 0.0506763, 0.129424]",109914
3664,01:01:04,Frazier,1,0.955656,"[0.633413, 0.508403, 0.0674756, 0.132662]",109937
3665,01:01:05,Frazier,1,0.951337,"[0.623977, 0.524275, 0.0805985, 0.112099]",109954
3666,01:01:06,Frazier,1,0.941892,"[0.615035, 0.535525, 0.0917079, 0.094075]",110004
3667,01:01:07,Frazier,1,0.92849,"[0.614401, 0.540314, 0.0920393, 0.0884759]",110012
3668,01:01:08,Frazier,1,0.91451,"[0.617369, 0.54701, 0.0849175, 0.0768203]",110045
3669,01:01:09,Frazier,1,0.916713,"[0.619453, 0.546815, 0.0853294, 0.0756309]",110099
3670,01:01:10,Frazier,1,0.918659,"[0.613449, 0.538324, 0.0969458, 0.0895786]",110108
3677,01:01:17,Freer,4,0.81555,"[0.628572, 0.544407, 0.0588735, 0.0851881]",110312
3678,01:01:18,Freer,4,0.841886,"[0.629013, 0.551085, 0.0590864, 0.0742754]",110350
3679,01:01:19,Freer,4,0.832962,"[0.628613, 0.552079, 0.0586248, 0.0714487]",110396
3680,01:01:20,Freer,4,0.891382,"[0.634731, 0.539311, 0.0539757, 0.0916118]",110420
3681,01:01:21,Freer,4,0.884819,"[0.636028, 0.542544, 0.0497177, 0.0847711]",110449
3682,01:01:22,Freer,4,0.908346,"[0.630336, 0.539623, 0.0593563, 0.0902847]",110471
3683,01:01:23,Freer,4,0.929409,"[0.631357, 0.536293, 0.057247, 0.0935128]",110518
3684,01:01:24,Freer,4,0.928174,"[0.63147, 0.538197, 0.0567958, 0.095377]",110536
3685,01:01:25,Freer,4,0.907321,"[0.632268, 0.54285, 0.0552574, 0.0837365]",110550
3686,01:01:26,Freer,4,0.874401,"[0.629314, 0.545331, 0.0588415, 0.0806987]",110580
3687,01:01:27,Freer,4,0.944651,"[0.626722, 0.509478, 0.0665485, 0.141803]",110615
3693,01:01:33,Microdebrider,3,0.893036,"[0.593741, 0.506785, 0.126562, 0.156376]",110819
3694,01:01:34,Microdebrider,3,0.918639,"[0.605781, 0.483525, 0.10471, 0.202331]",110831
3695,01:01:35,Microdebrider,3,0.916337,"[0.609454, 0.490434, 0.0967824, 0.194559]",110853
3696,01:01:36,Microdebrider,3,0.952485,"[0.624792, 0.497247, 0.0712942, 0.166974]",110900
3697,01:01:37,Microdebrider,3,0.919871,"[0.637336, 0.486306, 0.0560055, 0.186284]",110917
3698,01:01:38,Microdebrider,3,0.92975,"[0.638519, 0.490965, 0.0553156, 0.182188]",110943
3699,01:01:39,Microdebrider,3,0.854483,"[0.650781, 0.452825, 0.0413446, 0.242832]",110978
3700,01:01:40,Microdebrider,3,0.846288,"[0.610307, 0.429085, 0.110462, 0.204935]",111029
3701,01:01:41,Microdebrider,3,0.913787,"[0.591401, 0.434976, 0.14387, 0.178547]",111047
3702,01:01:42,Microdebrider,3,0.899304,"[0.581965, 0.464789, 0.152624, 0.182805]",111061
3703,01:01:43,Microdebrider,3,0.917188,"[0.602818, 0.505032, 0.111054, 0.166361]",111112
3704,01:01:44,Microdebrider,3,0.931273,"[0.618161, 0.507484, 0.0856583, 0.160351]",111140
3705,01:01:45,Microdebrider,3,0.949391,"[0.628272, 0.494533, 0.0639355, 0.178815]",111173
3706,01:01:46,Microdebrider,3,0.936646,"[0.626132, 0.497455, 0.0683112, 0.173675]",111180
3707,01:01:47,Microdebrider,3,0.947639,"[0.635895, 0.479137, 0.0537259, 0.202905]",111214
3708,01:01:48,Microdebrider,3,0.889828,"[0.642935, 0.499469, 0.0462697, 0.164722]",111249
3709,01:01:49,Microdebrider,3,0.905871,"[0.638452, 0.479425, 0.0531051, 0.19821]",111290
3710,01:01:50,Microdebrider,3,0.890203,"[0.644623, 0.471823, 0.0457254, 0.221783]",111329
3711,01:01:51,Microdebrider,3,0.867335,"[0.643054, 0.470738, 0.0487953, 0.222109]",111331
3713,01:01:53,Microdebrider,3,0.910297,"[0.617307, 0.502902, 0.085392, 0.171431]",111417
3714,01:01:54,Microdebrider,3,0.929792,"[0.636678, 0.494307, 0.0516195, 0.173344]",111442
3715,01:01:55,Microdebrider,3,0.916412,"[0.626978, 0.506501, 0.0689722, 0.155628]",111470
3716,01:01:56,Microdebrider,3,0.944449,"[0.623474, 0.48856, 0.0787781, 0.193848]",111504
3717,01:01:57,Microdebrider,3,0.954317,"[0.626702, 0.488886, 0.0752483, 0.193201]",111538
3718,01:01:58,Microdebrider,3,0.959348,"[0.62702, 0.492903, 0.0757652, 0.188646]",111553
3719,01:01:59,Microdebrider,3,0.955992,"[0.626461, 0.495438, 0.0754648, 0.184865]",111571
3720,01:02:00,Microdebrider,3,0.934778,"[0.617329, 0.519242, 0.0899138, 0.141169]",111602
3721,01:02:01,Microdebrider,3,0.944747,"[0.625138, 0.506598, 0.0742352, 0.162998]",111657
3722,01:02:02,Microdebrider,3,0.942236,"[0.622905, 0.509261, 0.0775927, 0.159063]",111679
3723,01:02:03,Microdebrider,3,0.93634,"[0.613288, 0.521769, 0.0980175, 0.138923]",111717
3724,01:02:04,Microdebrider,3,0.921942,"[0.610202, 0.52675, 0.101697, 0.131792]",111736
3725,01:02:05,Microdebrider,3,0.917928,"[0.610343, 0.529543, 0.10402, 0.1271]",111751
3726,01:02:06,Microdebrider,3,0.925632,"[0.610901, 0.519762, 0.0995695, 0.144089]",111809
3727,01:02:07,Microdebrider,3,0.952319,"[0.612024, 0.518991, 0.0976673, 0.139922]",111814
3728,01:02:08,Microdebrider,3,0.943861,"[0.613267, 0.513404, 0.093725, 0.153084]",111860
3729,01:02:09,Microdebrider,3,0.946818,"[0.614986, 0.516835, 0.0914628, 0.145731]",111876
3730,01:02:10,Microdebrider,3,0.925521,"[0.61001, 0.531066, 0.0967934, 0.122752]",111900
3731,01:02:11,Microdebrider,3,0.922557,"[0.602564, 0.520621, 0.111618, 0.140715]",111944
3732,01:02:12,Microdebrider,3,0.925681,"[0.605495, 0.530419, 0.10531, 0.123914]",111960
3733,01:02:13,Microdebrider,3,0.917459,"[0.606047, 0.529151, 0.104828, 0.127824]",112009
3734,01:02:14,Microdebrider,3,0.950995,"[0.609358, 0.517415, 0.0997519, 0.147821]",112029
3735,01:02:15,Microdebrider,3,0.918971,"[0.600585, 0.536696, 0.111234, 0.11855]",112053
3736,01:02:16,Microdebrider,3,0.925203,"[0.603241, 0.519958, 0.109066, 0.142065]",112100
3737,01:02:17,Microdebrider,3,0.940807,"[0.607255, 0.522654, 0.101434, 0.138147]",112128
3738,01:02:18,Microdebrider,3,0.931336,"[0.60759, 0.523219, 0.101718, 0.136601]",112160
3739,01:02:19,Microdebrider,3,0.928109,"[0.608938, 0.526197, 0.0981432, 0.132208]",112171
3740,01:02:20,Microdebrider,3,0.944763,"[0.609856, 0.521452, 0.0968123, 0.14043]",112203
3741,01:02:21,Microdebrider,3,0.935883,"[0.607205, 0.528981, 0.101285, 0.125484]",112230
3742,01:02:22,Microdebrider,3,0.908701,"[0.610381, 0.528263, 0.0988964, 0.132329]",112289
3743,01:02:23,Microdebrider,3,0.920329,"[0.610218, 0.52789, 0.100407, 0.13281]",112291
3744,01:02:24,Microdebrider,3,0.906113,"[0.614483, 0.525093, 0.0955924, 0.137491]",112337
3745,01:02:25,Microdebrider,3,0.93031,"[0.611872, 0.514229, 0.0997641, 0.153432]",112379
3746,01:02:26,Microdebrider,3,0.940118,"[0.614431, 0.516434, 0.0946512, 0.147147]",112409
3747,01:02:27,Microdebrider,3,0.935663,"[0.614219, 0.516106, 0.095358, 0.147543]",112410
3748,01:02:28,Microdebrider,3,0.931833,"[0.610519, 0.521924, 0.0995983, 0.143642]",112444
3749,01:02:29,Microdebrider,3,0.925648,"[0.596804, 0.516916, 0.131368, 0.153654]",112488
3750,01:02:30,Microdebrider,3,0.922859,"[0.609344, 0.527563, 0.101094, 0.130923]",112503
3751,01:02:31,Microdebrider,3,0.923286,"[0.613069, 0.531929, 0.0954809, 0.123224]",112534
3752,01:02:32,Microdebrider,3,0.940273,"[0.607768, 0.511993, 0.101733, 0.152488]",112575
3753,01:02:33,Microdebrider,3,0.967884,"[0.630936, 0.495162, 0.0653315, 0.183169]",112594
3754,01:02:34,Microdebrider,3,0.949754,"[0.617391, 0.507701, 0.0878719, 0.158379]",112632
3755,01:02:35,Microdebrider,3,0.947457,"[0.616961, 0.515355, 0.0881861, 0.146229]",112673
3756,01:02:36,Microdebrider,3,0.949008,"[0.620619, 0.510361, 0.0824453, 0.154157]",112690
3757,01:02:37,Microdebrider,3,0.950016,"[0.617254, 0.51555, 0.088521, 0.145398]",112716
3758,01:02:38,Microdebrider,3,0.930094,"[0.60956, 0.525033, 0.0965646, 0.134702]",112752
3759,01:02:39,Microdebrider,3,0.922201,"[0.601394, 0.522486, 0.118191, 0.142313]",112778
3760,01:02:40,Microdebrider,3,0.9255,"[0.611065, 0.524502, 0.0960672, 0.136289]",112803
3761,01:02:41,Microdebrider,3,0.952288,"[0.612045, 0.517248, 0.0967937, 0.147352]",112838
3762,01:02:42,Microdebrider,3,0.937144,"[0.625147, 0.509095, 0.0743256, 0.159595]",112888
3763,01:02:43,Microdebrider,3,0.940474,"[0.625228, 0.509995, 0.0750832, 0.155388]",112893
3764,01:02:44,Microdebrider,3,0.936948,"[0.623263, 0.514484, 0.0777184, 0.145298]",112925
3765,01:02:45,Microdebrider,3,0.939052,"[0.618406, 0.510344, 0.0873549, 0.155889]",112967
3766,01:02:46,Microdebrider,3,0.943148,"[0.615859, 0.517354, 0.0916073, 0.14449]",112981
3767,01:02:47,Microdebrider,3,0.943871,"[0.619468, 0.520078, 0.0873205, 0.141479]",113018
3768,01:02:48,Microdebrider,3,0.939819,"[0.618031, 0.515755, 0.0905806, 0.145832]",113059
3769,01:02:49,Microdebrider,3,0.916974,"[0.616388, 0.532961, 0.0906751, 0.119864]",113082
3770,01:02:50,Microdebrider,3,0.909976,"[0.609267, 0.53405, 0.10427, 0.119304]",113119
3771,01:02:51,Microdebrider,3,0.940668,"[0.618477, 0.519555, 0.0880903, 0.14039]",113149
3772,01:02:52,Microdebrider,3,0.914773,"[0.618478, 0.536087, 0.0856896, 0.114997]",113171
3773,01:02:53,Microdebrider,3,0.916263,"[0.617599, 0.534788, 0.0864956, 0.116791]",113202
3774,01:02:54,Microdebrider,3,0.948429,"[0.619638, 0.52115, 0.0896401, 0.13585]",113244
3775,01:02:55,Microdebrider,3,0.929032,"[0.621341, 0.52211, 0.0885127, 0.134351]",113250
3776,01:02:56,Microdebrider,3,0.938868,"[0.620077, 0.511601, 0.0885061, 0.150893]",113308
3777,01:02:57,Microdebrider,3,0.940504,"[0.621039, 0.510919, 0.0879635, 0.152853]",113313
3778,01:02:58,Microdebrider,3,0.909625,"[0.607671, 0.535499, 0.104312, 0.117077]",113345
3779,01:02:59,Microdebrider,3,0.911937,"[0.609727, 0.528219, 0.104889, 0.129588]",113399
3780,01:03:00,Microdebrider,3,0.908348,"[0.610576, 0.536538, 0.0999397, 0.117734]",113411
3781,01:03:01,Microdebrider,3,0.935153,"[0.620329, 0.511365, 0.087006, 0.151736]",113459
3782,01:03:02,Microdebrider,3,0.940355,"[0.622903, 0.512565, 0.0810803, 0.149944]",113461
3783,01:03:03,Microdebrider,3,0.941594,"[0.625824, 0.517098, 0.0765307, 0.143143]",113493
3784,01:03:04,Microdebrider,3,0.935369,"[0.612844, 0.521113, 0.0973677, 0.143813]",113535
3785,01:03:05,Microdebrider,3,0.928898,"[0.608103, 0.52785, 0.103987, 0.13146]",113555
3786,01:03:06,Microdebrider,3,0.936041,"[0.610774, 0.533024, 0.0986626, 0.123088]",113584
3787,01:03:07,Microdebrider,3,0.953264,"[0.631202, 0.49084, 0.0659535, 0.185375]",113639
3788,01:03:08,Microdebrider,3,0.970989,"[0.636739, 0.497874, 0.0594546, 0.175523]",113668
3789,01:03:09,Microdebrider,3,0.970951,"[0.636806, 0.498492, 0.0580673, 0.176087]",113670
3790,01:03:10,Microdebrider,3,0.975548,"[0.634508, 0.49593, 0.0631296, 0.18775]",113726
3791,01:03:11,Microdebrider,3,0.964477,"[0.631899, 0.496609, 0.0656474, 0.184651]",113753
3792,01:03:12,Microdebrider,3,0.954973,"[0.630281, 0.49588, 0.0675682, 0.184128]",113761
3793,01:03:13,Microdebrider,3,0.948995,"[0.632331, 0.504761, 0.063009, 0.162758]",113791
3794,01:03:14,Microdebrider,3,0.943234,"[0.61915, 0.518912, 0.0861678, 0.141623]",113828
3795,01:03:15,Microdebrider,3,0.963166,"[0.635218, 0.50045, 0.0598436, 0.167144]",113863
3796,01:03:16,Microdebrider,3,0.955625,"[0.635301, 0.502917, 0.0608348, 0.163986]",113909
3797,01:03:17,Microdebrider,3,0.948248,"[0.639087, 0.490593, 0.0550955, 0.191914]",113914
3798,01:03:18,Microdebrider,3,0.950915,"[0.634931, 0.500444, 0.062126, 0.171096]",113968
3799,01:03:19,Microdebrider,3,0.958779,"[0.637435, 0.505603, 0.0590216, 0.160845]",113978
3800,01:03:20,Microdebrider,3,0.945746,"[0.620298, 0.508106, 0.0847769, 0.158975]",114008
3805,01:03:25,Forceps,2,0.853694,"[0.636507, 0.514418, 0.0693904, 0.127419]",114166
3806,01:03:26,Forceps,2,0.874381,"[0.639023, 0.531964, 0.0561173, 0.102148]",114204
3807,01:03:27,Forceps,2,0.883507,"[0.643938, 0.526224, 0.0462645, 0.111708]",114227
3808,01:03:28,Forceps,2,0.8914,"[0.643133, 0.53206, 0.0496118, 0.0976252]",114258
3809,01:03:29,Forceps,2,0.88121,"[0.644776, 0.537849, 0.0427544, 0.091216]",114290
3810,01:03:30,Forceps,2,0.785447,"[0.632907, 0.555484, 0.0584843, 0.0587574]",114305
3811,01:03:31,Forceps,2,0.867734,"[0.640042, 0.550604, 0.0503872, 0.0623527]",114337
3812,01:03:32,Forceps,2,0.849366,"[0.642797, 0.548534, 0.0446364, 0.0648375]",114384
3813,01:03:33,Forceps,2,0.874514,"[0.639952, 0.548416, 0.0477042, 0.0665873]",114403
3814,01:03:34,Forceps,2,0.895307,"[0.641365, 0.549802, 0.0459709, 0.0648946]",114449
3815,01:03:35,Forceps,2,0.898915,"[0.641281, 0.550379, 0.0459006, 0.0638161]",114450
3816,01:03:36,Forceps,2,0.863952,"[0.642907, 0.546911, 0.0441513, 0.069281]",114486
3817,01:03:37,Forceps,2,0.836285,"[0.639664, 0.56119, 0.0435562, 0.0525205]",114511
3818,01:03:38,Forceps,2,0.816185,"[0.645621, 0.542683, 0.0364128, 0.0739855]",114540
3819,01:03:39,Forceps,2,0.810462,"[0.642227, 0.562392, 0.0360016, 0.0461296]",114598
3820,01:03:40,Forceps,2,0.781644,"[0.642784, 0.565157, 0.0343397, 0.0391334]",114601
3821,01:03:41,Forceps,2,0.868114,"[0.645445, 0.522456, 0.0380047, 0.116729]",114651
3822,01:03:42,Forceps,2,0.719481,"[0.592829, 0.412876, 0.0498859, 0.0798065]",114663
3825,01:03:45,Forceps,2,0.860387,"[0.641883, 0.530827, 0.0431078, 0.0975745]",114773
3826,01:03:46,Forceps,2,0.839215,"[0.649661, 0.530181, 0.0281374, 0.106842]",114787
3827,01:03:47,Forceps,2,0.852687,"[0.647187, 0.529166, 0.0349201, 0.107543]",114830
3828,01:03:48,Forceps,2,0.835245,"[0.646674, 0.536501, 0.0337477, 0.0927807]",114860
3829,01:03:49,Forceps,2,0.821186,"[0.652755, 0.529117, 0.0212297, 0.110736]",114899
3830,01:03:50,Forceps,2,0.806131,"[0.652954, 0.526878, 0.0210554, 0.116997]",114900
3831,01:03:51,Forceps,2,0.870309,"[0.647043, 0.527312, 0.034762, 0.113934]",114944
3832,01:03:52,Forceps,2,0.85358,"[0.650191, 0.518398, 0.0346605, 0.129703]",114976
3836,01:03:56,Forceps,2,0.811097,"[0.648195, 0.526671, 0.0361111, 0.108097]",115105
3837,01:03:57,Forceps,2,0.827584,"[0.644146, 0.513092, 0.03627, 0.125668]",115139
3838,01:03:58,Forceps,2,0.838934,"[0.646836, 0.518973, 0.0384989, 0.12251]",115167
3839,01:03:59,Forceps,2,0.848803,"[0.648918, 0.526468, 0.0371408, 0.111441]",115199
3840,01:04:00,Forceps,2,0.836491,"[0.650142, 0.525291, 0.0350666, 0.114203]",115200
3841,01:04:01,Forceps,2,0.824908,"[0.652138, 0.522504, 0.0309062, 0.121741]",115252
3842,01:04:02,Forceps,2,0.840599,"[0.649119, 0.525223, 0.0338551, 0.10688]",115266
3844,01:04:04,Forceps,2,0.723095,"[0.625882, 0.501045, 0.0796618, 0.160578]",115346
3845,01:04:05,Forceps,2,0.790926,"[0.652521, 0.516139, 0.029697, 0.119556]",115360
3846,01:04:06,Forceps,2,0.827478,"[0.660386, 0.541044, 0.0152049, 0.0859172]",115393
3847,01:04:07,Forceps,2,0.783298,"[0.651973, 0.531231, 0.0240227, 0.103012]",115417
3848,01:04:08,Forceps,2,0.776665,"[0.654344, 0.52022, 0.0237815, 0.115629]",115456
3849,01:04:09,Forceps,2,0.811052,"[0.654776, 0.517181, 0.0228153, 0.120431]",115493
3850,01:04:10,Forceps,2,0.793377,"[0.664236, 0.52788, 0.0152116, 0.0981001]",115528
3851,01:04:11,Forceps,2,0.846471,"[0.666429, 0.527595, 0.018115, 0.099948]",115552
3852,01:04:12,Forceps,2,0.734256,"[0.660351, 0.530215, 0.0145956, 0.100218]",115582
3853,01:04:13,Forceps,2,0.800893,"[0.650557, 0.498608, 0.0339852, 0.14726]",115614
3924,01:05:24,Freer,4,0.904961,"[0.597237, 0.453115, 0.0999821, 0.136118]",117722
3925,01:05:25,Freer,4,0.903172,"[0.642209, 0.466456, 0.0388844, 0.199149]",117753
3926,01:05:26,Freer,4,0.895235,"[0.640644, 0.476643, 0.0386657, 0.170719]",117787
3927,01:05:27,Freer,4,0.824906,"[0.638308, 0.47016, 0.0416482, 0.183878]",117836
3928,01:05:28,Freer,4,0.865146,"[0.630961, 0.486953, 0.055196, 0.172179]",117850
3929,01:05:29,Freer,4,0.882375,"[0.649365, 0.47814, 0.032192, 0.178168]",117898
3930,01:05:30,Freer,4,0.893627,"[0.645181, 0.477521, 0.0401119, 0.176682]",117909
3931,01:05:31,Freer,4,0.890503,"[0.603438, 0.507142, 0.098838, 0.132117]",117959
3932,01:05:32,Freer,4,0.904429,"[0.605522, 0.508213, 0.0947797, 0.131647]",117960
3933,01:05:33,Freer,4,0.750427,"[0.626728, 0.517474, 0.0607971, 0.122585]",118014
3945,01:05:45,Frazier,1,0.767319,"[0.611571, 0.481253, 0.105488, 0.102516]",118378
3946,01:05:46,Frazier,1,0.864642,"[0.616469, 0.519347, 0.0800182, 0.101409]",118406
3947,01:05:47,Frazier,1,0.889611,"[0.613794, 0.506283, 0.0917749, 0.120656]",118416
3948,01:05:48,Frazier,1,0.871596,"[0.632299, 0.473981, 0.0757276, 0.160875]",118442
3949,01:05:49,Frazier,1,0.885322,"[0.633194, 0.502223, 0.0672884, 0.112422]",118493
3950,01:05:50,Frazier,1,0.887178,"[0.629069, 0.519493, 0.0684288, 0.0930886]",118523
3951,01:05:51,Frazier,1,0.852494,"[0.626526, 0.508838, 0.0759884, 0.0993987]",118531
3952,01:05:52,Frazier,1,0.865061,"[0.620038, 0.512671, 0.0833851, 0.0921242]",118585
3953,01:05:53,Frazier,1,0.847302,"[0.616998, 0.509911, 0.0864265, 0.102202]",118590
3954,01:05:54,Frazier,1,0.846186,"[0.622644, 0.525131, 0.0694044, 0.0847447]",118633
3955,01:05:55,Frazier,1,0.783398,"[0.616556, 0.538571, 0.0775005, 0.0676142]",118679
3956,01:05:56,Frazier,1,0.851942,"[0.605738, 0.509803, 0.0982122, 0.113766]",118699
3961,01:06:01,Freer,4,0.721703,"[0.630823, 0.503781, 0.0516708, 0.132287]",118854
3962,01:06:02,Freer,4,0.866758,"[0.624084, 0.50445, 0.0616329, 0.139732]",118889
3963,01:06:03,Freer,4,0.893883,"[0.623966, 0.500185, 0.0605526, 0.15239]",118896
3964,01:06:04,Freer,4,0.854349,"[0.621883, 0.503356, 0.0613424, 0.142934]",118930
3965,01:06:05,Freer,4,0.859678,"[0.614773, 0.519966, 0.0762508, 0.117648]",118955
3966,01:06:06,Freer,4,0.864752,"[0.623033, 0.500672, 0.0611118, 0.142177]",119009
3967,01:06:07,Freer,4,0.878065,"[0.621505, 0.499355, 0.064605, 0.143306]",119018
3968,01:06:08,Freer,4,0.868007,"[0.622732, 0.505693, 0.0584721, 0.135516]",119059
3969,01:06:09,Freer,4,0.882515,"[0.618604, 0.504788, 0.0684493, 0.136039]",119099
3970,01:06:10,Freer,4,0.909823,"[0.616158, 0.502545, 0.0715958, 0.143601]",119112
3971,01:06:11,Freer,4,0.907928,"[0.624569, 0.496156, 0.0599481, 0.144921]",119132
3972,01:06:12,Freer,4,0.880697,"[0.627205, 0.49931, 0.054108, 0.143742]",119175
3973,01:06:13,Freer,4,0.895839,"[0.621505, 0.495483, 0.0658831, 0.148384]",119201
3974,01:06:14,Freer,4,0.862203,"[0.630237, 0.507573, 0.0480079, 0.143245]",119222
3975,01:06:15,Freer,4,0.729004,"[0.622083, 0.512518, 0.0526192, 0.133093]",119261
3976,01:06:16,Freer,4,0.927375,"[0.621111, 0.500355, 0.0552436, 0.150488]",119305
3977,01:06:17,Freer,4,0.934194,"[0.620562, 0.500081, 0.0558113, 0.150871]",119315
3978,01:06:18,Freer,4,0.807665,"[0.624679, 0.515467, 0.0532221, 0.131547]",119363
3980,01:06:20,Freer,4,0.91387,"[0.623102, 0.507866, 0.0553453, 0.14124]",119423
3981,01:06:21,Freer,4,0.932709,"[0.615005, 0.512153, 0.0696957, 0.130031]",119440
3982,01:06:22,Freer,4,0.918863,"[0.610283, 0.513427, 0.0754124, 0.13242]",119472
3983,01:06:23,Freer,4,0.906091,"[0.603617, 0.517304, 0.0847213, 0.131776]",119490
3984,01:06:24,Freer,4,0.841148,"[0.60027, 0.520628, 0.0896425, 0.126924]",119526
3985,01:06:25,Freer,4,0.888389,"[0.601268, 0.527145, 0.0853167, 0.109866]",119573
3986,01:06:26,Freer,4,0.849574,"[0.612138, 0.514141, 0.0750186, 0.129591]",119609
4007,01:06:47,Forceps,2,0.941696,"[0.582207, 0.4379, 0.0694752, 0.154152]",120236
4008,01:06:48,Forceps,2,0.960559,"[0.611607, 0.483169, 0.086119, 0.165328]",120262
4009,01:06:49,Forceps,2,0.9612,"[0.611238, 0.483178, 0.0870762, 0.17002]",120290
4010,01:06:50,Forceps,2,0.946485,"[0.605585, 0.494275, 0.0962076, 0.147861]",120326
4011,01:06:51,Forceps,2,0.949445,"[0.605404, 0.494906, 0.0964885, 0.147598]",120330
4012,01:06:52,Forceps,2,0.932558,"[0.620292, 0.509718, 0.0662037, 0.12957]",120369
4013,01:06:53,Forceps,2,0.923465,"[0.606721, 0.497485, 0.0943962, 0.144015]",120402
4014,01:06:54,Forceps,2,0.924936,"[0.612457, 0.504653, 0.0841507, 0.126136]",120443
4015,01:06:55,Forceps,2,0.932037,"[0.608875, 0.52098, 0.0858845, 0.106363]",120472
4016,01:06:56,Forceps,2,0.945673,"[0.609368, 0.511465, 0.0867587, 0.118973]",120499
4017,01:06:57,Forceps,2,0.944794,"[0.609985, 0.509298, 0.0854929, 0.120641]",120537
4018,01:06:58,Forceps,2,0.955997,"[0.611478, 0.51136, 0.083073, 0.113853]",120545
4019,01:06:59,Forceps,2,0.94515,"[0.61469, 0.504433, 0.0787615, 0.123004]",120570
4020,01:07:00,Forceps,2,0.954836,"[0.619441, 0.506658, 0.068848, 0.120777]",120616
4028,01:07:08,Forceps,2,0.897903,"[0.612906, 0.441113, 0.0998271, 0.232772]",120865
4029,01:07:09,Forceps,2,0.91581,"[0.612182, 0.456475, 0.0901412, 0.211175]",120876
4030,01:07:10,Forceps,2,0.934012,"[0.613623, 0.507805, 0.0857501, 0.110116]",120928
4031,01:07:11,Forceps,2,0.918868,"[0.611626, 0.509738, 0.0868057, 0.10821]",120930
4032,01:07:12,Forceps,2,0.92387,"[0.605907, 0.532467, 0.0926136, 0.0892579]",120980
4033,01:07:13,Forceps,2,0.922522,"[0.608523, 0.524512, 0.0887972, 0.103329]",121014
4034,01:07:14,Forceps,2,0.934486,"[0.606518, 0.511635, 0.0955078, 0.115268]",121048
4035,01:07:15,Forceps,2,0.925927,"[0.608412, 0.523381, 0.0892958, 0.0914759]",121067
4036,01:07:16,Forceps,2,0.926149,"[0.611146, 0.507094, 0.085692, 0.106266]",121103
4037,01:07:17,Forceps,2,0.929171,"[0.611769, 0.516213, 0.0868952, 0.0935388]",121131
4038,01:07:18,Forceps,2,0.930854,"[0.619358, 0.509791, 0.0693449, 0.110494]",121159
4039,01:07:19,Forceps,2,0.924971,"[0.614955, 0.502706, 0.0818691, 0.109056]",121170
4040,01:07:20,Forceps,2,0.957072,"[0.617257, 0.503945, 0.0748614, 0.117946]",121222
4041,01:07:21,Forceps,2,0.944499,"[0.617413, 0.500414, 0.0750551, 0.128523]",121230
4043,01:07:23,Frazier,1,0.859787,"[0.597876, 0.499978, 0.124847, 0.131558]",121316
4044,01:07:24,Frazier,1,0.873961,"[0.599215, 0.508223, 0.119227, 0.121515]",121325
4045,01:07:25,Frazier,1,0.872543,"[0.633191, 0.474803, 0.0769972, 0.162849]",121353
4046,01:07:26,Frazier,1,0.868994,"[0.617244, 0.506274, 0.0882165, 0.110103]",121382
4047,01:07:27,Frazier,1,0.859555,"[0.619736, 0.509829, 0.0699009, 0.109619]",121427
4048,01:07:28,Frazier,1,0.846261,"[0.606537, 0.522325, 0.0989109, 0.0893933]",121461
4049,01:07:29,Frazier,1,0.851754,"[0.606358, 0.534736, 0.0961592, 0.0726842]",121482
4050,01:07:30,Frazier,1,0.851035,"[0.605942, 0.522949, 0.09781, 0.0913615]",121522
4051,01:07:31,Frazier,1,0.819472,"[0.619937, 0.516131, 0.0687923, 0.102073]",121532
4052,01:07:32,Frazier,1,0.830734,"[0.622037, 0.515881, 0.0731613, 0.0893863]",121586
4053,01:07:33,Frazier,1,0.863402,"[0.621374, 0.500408, 0.0812026, 0.115724]",121606
4061,01:07:41,Forceps,2,0.916017,"[0.605542, 0.474396, 0.104137, 0.17488]",121853
4062,01:07:42,Forceps,2,0.913747,"[0.607839, 0.482847, 0.0991376, 0.162353]",121862
4063,01:07:43,Forceps,2,0.884709,"[0.610683, 0.496525, 0.0891314, 0.13986]",121890
4064,01:07:44,Forceps,2,0.755749,"[0.622751, 0.506989, 0.064411, 0.12294]",121949
4065,01:07:45,Forceps,2,0.84465,"[0.61454, 0.502511, 0.079235, 0.131229]",121964
4066,01:07:46,Forceps,2,0.758056,"[0.61163, 0.503592, 0.0806046, 0.139788]",121999
4077,01:07:57,Forceps,2,0.96327,"[0.613571, 0.486462, 0.0854257, 0.161003]",122333
4078,01:07:58,Forceps,2,0.96679,"[0.623579, 0.490328, 0.0714916, 0.127391]",122364
4079,01:07:59,Forceps,2,0.968041,"[0.620418, 0.4896, 0.0766876, 0.131413]",122370
4080,01:08:00,Forceps,2,0.950717,"[0.619757, 0.500765, 0.0753517, 0.113485]",122422
4081,01:08:01,Forceps,2,0.946964,"[0.61845, 0.498167, 0.0792494, 0.120472]",122452
4082,01:08:02,Forceps,2,0.954437,"[0.617223, 0.502037, 0.078495, 0.116108]",122487
4083,01:08:03,Forceps,2,0.9598,"[0.61839, 0.502427, 0.0709532, 0.118423]",122495
4084,01:08:04,Forceps,2,0.954646,"[0.617165, 0.501561, 0.0757547, 0.116859]",122527
4085,01:08:05,Forceps,2,0.95539,"[0.616375, 0.503531, 0.0751507, 0.114022]",122566
4086,01:08:06,Forceps,2,0.953666,"[0.620306, 0.498853, 0.0691876, 0.123726]",122609
4087,01:08:07,Forceps,2,0.953937,"[0.620756, 0.491469, 0.0717344, 0.128239]",122617
4088,01:08:08,Forceps,2,0.961698,"[0.621254, 0.492175, 0.0692564, 0.131578]",122654
4089,01:08:09,Forceps,2,0.955711,"[0.620677, 0.492339, 0.0710877, 0.132888]",122697
4090,01:08:10,Forceps,2,0.959301,"[0.621125, 0.492056, 0.0718102, 0.130848]",122701
4091,01:08:11,Forceps,2,0.949748,"[0.619776, 0.488339, 0.0751115, 0.134573]",122740
4092,01:08:12,Forceps,2,0.960922,"[0.619788, 0.498601, 0.0711487, 0.123423]",122783
4093,01:08:13,Forceps,2,0.94965,"[0.619415, 0.493798, 0.0758797, 0.123006]",122812
4096,01:08:16,Frazier,1,0.839337,"[0.605857, 0.476095, 0.125506, 0.137974]",122895
4097,01:08:17,Frazier,1,0.87263,"[0.625201, 0.48127, 0.0754554, 0.156913]",122933
4098,01:08:18,Frazier,1,0.861778,"[0.62622, 0.494118, 0.077936, 0.130958]",122952
4099,01:08:19,Frazier,1,0.84128,"[0.622152, 0.49972, 0.0782129, 0.125318]",122972
4100,01:08:20,Frazier,1,0.846773,"[0.615808, 0.500954, 0.0885958, 0.106687]",123006
4101,01:08:21,Frazier,1,0.810213,"[0.615085, 0.511283, 0.0877367, 0.0959594]",123059
4102,01:08:22,Frazier,1,0.803327,"[0.619967, 0.535759, 0.0682474, 0.0639423]",123074
4103,01:08:23,Frazier,1,0.798456,"[0.618223, 0.538459, 0.0694578, 0.0664551]",123110
4104,01:08:24,Frazier,1,0.815017,"[0.61653, 0.524939, 0.0763822, 0.0863566]",123127
4108,01:08:28,Microdebrider,3,0.932043,"[0.603685, 0.426263, 0.106819, 0.270127]",123257
4109,01:08:29,Microdebrider,3,0.938229,"[0.612449, 0.430506, 0.0852137, 0.276839]",123285
4110,01:08:30,Microdebrider,3,0.927034,"[0.609868, 0.441919, 0.0892232, 0.244211]",123305
4111,01:08:31,Microdebrider,3,0.916021,"[0.6153, 0.44662, 0.0750012, 0.246686]",123333
4112,01:08:32,Microdebrider,3,0.915627,"[0.614977, 0.447363, 0.0763235, 0.245523]",123375
4113,01:08:33,Microdebrider,3,0.919456,"[0.611837, 0.44726, 0.0831308, 0.249611]",123410
4114,01:08:34,Microdebrider,3,0.926058,"[0.609986, 0.43456, 0.0832218, 0.277293]",123437
4115,01:08:35,Microdebrider,3,0.930842,"[0.617024, 0.426548, 0.0713013, 0.28177]",123468
4116,01:08:36,Microdebrider,3,0.940843,"[0.613851, 0.42841, 0.0769562, 0.279372]",123490
4117,01:08:37,Microdebrider,3,0.927786,"[0.609736, 0.426956, 0.083507, 0.277412]",123517
4118,01:08:38,Microdebrider,3,0.924181,"[0.609356, 0.426638, 0.0840462, 0.280618]",123543
4119,01:08:39,Microdebrider,3,0.92208,"[0.609714, 0.431966, 0.0832916, 0.265393]",123593
4120,01:08:40,Microdebrider,3,0.918176,"[0.60325, 0.422021, 0.0935796, 0.286749]",123609
4121,01:08:41,Microdebrider,3,0.915531,"[0.610805, 0.424996, 0.0808801, 0.283349]",123630
4134,01:08:54,Freer,4,0.799681,"[0.626145, 0.509922, 0.051471, 0.13131]",124049
4135,01:08:55,Freer,4,0.868052,"[0.625063, 0.509331, 0.0517582, 0.138349]",124078
4136,01:08:56,Freer,4,0.90058,"[0.608963, 0.526061, 0.0773226, 0.119075]",124108
4137,01:08:57,Freer,4,0.899401,"[0.607123, 0.525957, 0.0786821, 0.116338]",124114
4138,01:08:58,Freer,4,0.890371,"[0.605449, 0.533159, 0.0817452, 0.102926]",124141
4139,01:08:59,Freer,4,0.916768,"[0.606933, 0.527104, 0.080402, 0.110347]",124179
4140,01:09:00,Freer,4,0.934161,"[0.614239, 0.524167, 0.0717684, 0.115064]",124209
4141,01:09:01,Freer,4,0.908904,"[0.62192, 0.500963, 0.0545781, 0.16034]",124230
4142,01:09:02,Freer,4,0.922232,"[0.615078, 0.523911, 0.0713214, 0.109306]",124260
4143,01:09:03,Freer,4,0.927791,"[0.612356, 0.5215, 0.0755893, 0.118896]",124319
4144,01:09:04,Freer,4,0.922921,"[0.61324, 0.519804, 0.0751152, 0.117771]",124344
4145,01:09:05,Freer,4,0.866548,"[0.618241, 0.512561, 0.0632941, 0.12939]",124350
4152,01:09:12,Forceps,2,0.950704,"[0.614277, 0.503938, 0.0836128, 0.115023]",124587
4153,01:09:13,Forceps,2,0.95014,"[0.615679, 0.50378, 0.0792851, 0.111108]",124590
4154,01:09:14,Forceps,2,0.940891,"[0.612373, 0.518724, 0.0861799, 0.10286]",124623
4155,01:09:15,Forceps,2,0.953084,"[0.615178, 0.513386, 0.0800117, 0.100545]",124679
4156,01:09:16,Forceps,2,0.949293,"[0.615815, 0.513497, 0.0797636, 0.0983102]",124680
4157,01:09:17,Forceps,2,0.957146,"[0.610028, 0.530392, 0.0837776, 0.0877329]",124733
4158,01:09:18,Forceps,2,0.946818,"[0.613004, 0.535251, 0.0791935, 0.0804233]",124766
4159,01:09:19,Forceps,2,0.943303,"[0.612662, 0.534495, 0.0777309, 0.0808863]",124774
4160,01:09:20,Forceps,2,0.956564,"[0.610989, 0.504096, 0.08529, 0.120875]",124826
4161,01:09:21,Forceps,2,0.928381,"[0.608067, 0.499315, 0.0924255, 0.133951]",124830
4164,01:09:24,Frazier,1,0.870889,"[0.607956, 0.510718, 0.0920099, 0.117526]",124938
4165,01:09:25,Frazier,1,0.878643,"[0.632943, 0.471941, 0.0741194, 0.177087]",124965
4166,01:09:26,Frazier,1,0.885213,"[0.61992, 0.504118, 0.0782818, 0.102287]",124994
4167,01:09:27,Frazier,1,0.835784,"[0.615592, 0.514115, 0.0789915, 0.0905958]",125039
4168,01:09:28,Frazier,1,0.847028,"[0.607914, 0.516697, 0.0948581, 0.0924289]",125055
4169,01:09:29,Frazier,1,0.850867,"[0.610336, 0.516869, 0.0895137, 0.0965355]",125074
4170,01:09:30,Frazier,1,0.787686,"[0.605811, 0.490733, 0.105409, 0.134645]",125102
4175,01:09:35,Forceps,2,0.889501,"[0.582439, 0.425282, 0.0640804, 0.0925083]",125278
4176,01:09:36,Forceps,2,0.948153,"[0.613244, 0.487231, 0.0809994, 0.161733]",125304
4177,01:09:37,Forceps,2,0.946543,"[0.620371, 0.491716, 0.0736141, 0.140482]",125320
4178,01:09:38,Forceps,2,0.952217,"[0.618762, 0.481195, 0.0795409, 0.159771]",125354
4179,01:09:39,Forceps,2,0.94857,"[0.620059, 0.490065, 0.0760495, 0.134616]",125396
4180,01:09:40,Forceps,2,0.940738,"[0.6173, 0.486567, 0.0802321, 0.148351]",125405
4181,01:09:41,Forceps,2,0.934091,"[0.615953, 0.496871, 0.0812048, 0.138209]",125441
4182,01:09:42,Forceps,2,0.927262,"[0.618876, 0.510464, 0.0710083, 0.112222]",125477
4183,01:09:43,Forceps,2,0.897063,"[0.614579, 0.499181, 0.0783764, 0.137176]",125519
4184,01:09:44,Forceps,2,0.941839,"[0.61371, 0.51122, 0.0774996, 0.124734]",125535
4185,01:09:45,Forceps,2,0.947649,"[0.614105, 0.495656, 0.079534, 0.144327]",125579
4186,01:09:46,Forceps,2,0.958517,"[0.616576, 0.498775, 0.0749975, 0.136284]",125589
4187,01:09:47,Forceps,2,0.944914,"[0.615231, 0.493132, 0.0788563, 0.14586]",125618
4188,01:09:48,Forceps,2,0.946755,"[0.61588, 0.489094, 0.0772581, 0.152291]",125668
4189,01:09:49,Forceps,2,0.942517,"[0.615055, 0.489022, 0.0784498, 0.151936]",125672
4190,01:09:50,Forceps,2,0.941287,"[0.617574, 0.481083, 0.0793518, 0.157584]",125707
4194,01:09:54,Microdebrider,3,0.853274,"[0.548206, 0.369859, 0.134882, 0.163052]",125849
4195,01:09:55,Microdebrider,3,0.924879,"[0.567341, 0.392541, 0.134102, 0.228979]",125863
4196,01:09:56,Microdebrider,3,0.934697,"[0.603584, 0.450833, 0.0991015, 0.2443]",125908
4197,01:09:57,Microdebrider,3,0.934266,"[0.603227, 0.452636, 0.100094, 0.240997]",125910
4198,01:09:58,Microdebrider,3,0.93161,"[0.60128, 0.447326, 0.0976446, 0.258538]",125956
4199,01:09:59,Microdebrider,3,0.939241,"[0.60038, 0.442189, 0.098988, 0.268994]",125989
4200,01:10:00,Microdebrider,3,0.938527,"[0.600047, 0.440299, 0.10081, 0.262167]",126006
4208,01:10:08,Microdebrider,3,0.928833,"[0.592687, 0.448202, 0.11735, 0.251179]",126269
4209,01:10:09,Microdebrider,3,0.939935,"[0.6036, 0.448427, 0.100167, 0.244544]",126284
4210,01:10:10,Microdebrider,3,0.932873,"[0.600794, 0.447647, 0.101016, 0.257834]",126306
4211,01:10:11,Microdebrider,3,0.905307,"[0.596615, 0.476378, 0.103113, 0.206659]",126331
4212,01:10:12,Microdebrider,3,0.909061,"[0.594259, 0.475206, 0.107636, 0.212996]",126384
4213,01:10:13,Microdebrider,3,0.930633,"[0.587317, 0.471469, 0.122676, 0.217818]",126416
4214,01:10:14,Microdebrider,3,0.929235,"[0.587251, 0.467709, 0.123635, 0.223564]",126429
4215,01:10:15,Microdebrider,3,0.930667,"[0.588239, 0.452197, 0.121148, 0.252832]",126471
4216,01:10:16,Microdebrider,3,0.932906,"[0.595505, 0.433605, 0.11171, 0.275548]",126497
4217,01:10:17,Microdebrider,3,0.931779,"[0.586898, 0.437467, 0.124729, 0.264819]",126514
4218,01:10:18,Microdebrider,3,0.915281,"[0.586871, 0.497746, 0.115902, 0.171553]",126555
4219,01:10:19,Microdebrider,3,0.923522,"[0.584368, 0.516855, 0.124847, 0.137016]",126590
4220,01:10:20,Microdebrider,3,0.910498,"[0.587552, 0.512883, 0.119032, 0.141866]",126605
4221,01:10:21,Microdebrider,3,0.907844,"[0.603497, 0.476486, 0.0919785, 0.206215]",126658
4222,01:10:22,Microdebrider,3,0.915074,"[0.590732, 0.496528, 0.108116, 0.174134]",126685
4223,01:10:23,Microdebrider,3,0.909685,"[0.588613, 0.487588, 0.119793, 0.192872]",126699
4224,01:10:24,Microdebrider,3,0.905301,"[0.599065, 0.498186, 0.0974093, 0.174654]",126733
4225,01:10:25,Microdebrider,3,0.907046,"[0.594214, 0.495369, 0.107877, 0.171346]",126764
4226,01:10:26,Microdebrider,3,0.913197,"[0.588252, 0.514308, 0.117496, 0.138722]",126806
4227,01:10:27,Microdebrider,3,0.908018,"[0.590632, 0.511169, 0.115357, 0.145325]",126821
4228,01:10:28,Microdebrider,3,0.916888,"[0.589709, 0.520559, 0.115519, 0.135253]",126841
4229,01:10:29,Microdebrider,3,0.933339,"[0.59873, 0.441625, 0.106111, 0.263067]",126896
4230,01:10:30,Microdebrider,3,0.934594,"[0.600212, 0.439186, 0.104817, 0.261777]",126909
4231,01:10:31,Microdebrider,3,0.931427,"[0.600758, 0.448592, 0.101155, 0.245953]",126958
4232,01:10:32,Microdebrider,3,0.931181,"[0.599956, 0.449892, 0.104347, 0.246125]",126960
4233,01:10:33,Microdebrider,3,0.933609,"[0.592319, 0.452729, 0.113697, 0.249698]",127007
4234,01:10:34,Microdebrider,3,0.924222,"[0.6025, 0.435474, 0.0983715, 0.270317]",127031
4235,01:10:35,Microdebrider,3,0.927717,"[0.613658, 0.435664, 0.0799861, 0.268641]",127079
4236,01:10:36,Microdebrider,3,0.937796,"[0.6104, 0.427501, 0.0840637, 0.28456]",127100
4237,01:10:37,Microdebrider,3,0.921595,"[0.611015, 0.448937, 0.0866582, 0.240778]",127138
4238,01:10:38,Microdebrider,3,0.922286,"[0.609881, 0.449369, 0.0878223, 0.238582]",127146
4239,01:10:39,Microdebrider,3,0.923123,"[0.600488, 0.466334, 0.0981783, 0.22195]",127184
4240,01:10:40,Microdebrider,3,0.932504,"[0.597372, 0.452975, 0.112488, 0.237779]",127218
4249,01:10:49,Frazier,1,0.855926,"[0.605665, 0.498658, 0.0977417, 0.138617]",127489
4250,01:10:50,Frazier,1,0.912726,"[0.635481, 0.471647, 0.075474, 0.151922]",127525
4251,01:10:51,Frazier,1,0.881704,"[0.624932, 0.498647, 0.0788567, 0.117054]",127537
4252,01:10:52,Frazier,1,0.889546,"[0.620237, 0.501364, 0.080061, 0.121756]",127565
4253,01:10:53,Frazier,1,0.850632,"[0.609538, 0.500639, 0.0969898, 0.120669]",127592
4254,01:10:54,Frazier,1,0.861636,"[0.611419, 0.487345, 0.093293, 0.127158]",127649
4255,01:10:55,Frazier,1,0.857863,"[0.613099, 0.489993, 0.0904755, 0.12326]",127650
4256,01:10:56,Frazier,1,0.862792,"[0.607497, 0.539096, 0.0887768, 0.0721104]",127707
4257,01:10:57,Frazier,1,0.842946,"[0.608962, 0.54011, 0.0872309, 0.0690113]",127710
4258,01:10:58,Frazier,1,0.879399,"[0.612753, 0.53803, 0.0821592, 0.0705462]",127768
4259,01:10:59,Frazier,1,0.859671,"[0.608223, 0.539249, 0.0875, 0.073345]",127777
4260,01:11:00,Frazier,1,0.855587,"[0.608609, 0.503523, 0.101058, 0.110677]",127812
4261,01:11:01,Frazier,1,0.860852,"[0.599847, 0.510833, 0.109418, 0.107685]",127830
4262,01:11:02,Frazier,1,0.872889,"[0.6063, 0.539347, 0.0925707, 0.0705938]",127874
4263,01:11:03,Frazier,1,0.835202,"[0.615862, 0.542046, 0.0682416, 0.0653119]",127895
4264,01:11:04,Frazier,1,0.788442,"[0.615801, 0.535681, 0.0764334, 0.0704975]",127947
4265,01:11:05,Frazier,1,0.853881,"[0.606378, 0.506528, 0.0968306, 0.112322]",127972
4268,01:11:08,Freer,4,0.810131,"[0.630758, 0.487558, 0.050268, 0.157823]",128067
4269,01:11:09,Freer,4,0.733475,"[0.62956, 0.506114, 0.0486954, 0.143812]",128098
4270,01:11:10,Freer,4,0.765057,"[0.635167, 0.490565, 0.0422872, 0.155879]",128117
4271,01:11:11,Freer,4,0.795349,"[0.630636, 0.498566, 0.0494555, 0.149176]",128143
4272,01:11:12,Freer,4,0.831301,"[0.627881, 0.502133, 0.0576582, 0.137579]",128187
4273,01:11:13,Freer,4,0.811565,"[0.627004, 0.500889, 0.0543106, 0.142784]",128207
4274,01:11:14,Freer,4,0.723762,"[0.627371, 0.508107, 0.0506559, 0.136136]",128238
4275,01:11:15,Freer,4,0.790524,"[0.624595, 0.508402, 0.0523677, 0.142966]",128255
4276,01:11:16,Freer,4,0.789574,"[0.627098, 0.500019, 0.0502022, 0.139943]",128295
4277,01:11:17,Freer,4,0.826199,"[0.622075, 0.515277, 0.0563237, 0.130102]",128332
4278,01:11:18,Freer,4,0.798733,"[0.626656, 0.511413, 0.05448, 0.139828]",128344
4279,01:11:19,Freer,4,0.867498,"[0.619055, 0.521365, 0.0610577, 0.118741]",128393
4280,01:11:20,Freer,4,0.787957,"[0.615674, 0.522326, 0.0651827, 0.117494]",128402
4281,01:11:21,Freer,4,0.883272,"[0.612495, 0.523439, 0.0723436, 0.116607]",128437
4282,01:11:22,Freer,4,0.848386,"[0.619395, 0.526543, 0.0596296, 0.110455]",128461
4283,01:11:23,Freer,4,0.854034,"[0.612004, 0.522492, 0.0743674, 0.120635]",128519
4284,01:11:24,Freer,4,0.847151,"[0.618617, 0.524321, 0.0626259, 0.113359]",128541
4285,01:11:25,Freer,4,0.856221,"[0.617812, 0.521702, 0.0657929, 0.11756]",128573
4286,01:11:26,Freer,4,0.869061,"[0.618314, 0.520063, 0.063216, 0.121742]",128601
4287,01:11:27,Freer,4,0.890317,"[0.613394, 0.519868, 0.0740273, 0.119968]",128610
4288,01:11:28,Freer,4,0.869664,"[0.613686, 0.512518, 0.0739001, 0.136193]",128669
4289,01:11:29,Freer,4,0.913148,"[0.61362, 0.51272, 0.0749058, 0.136547]",128671
4290,01:11:30,Freer,4,0.855981,"[0.621479, 0.513511, 0.0601353, 0.131692]",128718
4295,01:11:35,Forceps,2,0.961308,"[0.61314, 0.502711, 0.0821688, 0.122534]",128866
4296,01:11:36,Forceps,2,0.928407,"[0.618203, 0.523611, 0.0748074, 0.0849328]",128894
4297,01:11:37,Forceps,2,0.935037,"[0.615145, 0.53042, 0.0789969, 0.0842099]",128935
4298,01:11:38,Forceps,2,0.94195,"[0.611526, 0.534201, 0.0858173, 0.0780285]",128957
4299,01:11:39,Forceps,2,0.944628,"[0.61101, 0.532075, 0.0863782, 0.0866353]",128998
4300,01:11:40,Forceps,2,0.950393,"[0.610763, 0.531449, 0.0844131, 0.0916267]",129016
4301,01:11:41,Forceps,2,0.946192,"[0.604057, 0.502568, 0.0935547, 0.144514]",129043
4304,01:11:44,Frazier,1,0.809791,"[0.573587, 0.480851, 0.157784, 0.134367]",129148
4305,01:11:45,Frazier,1,0.8685,"[0.597844, 0.505695, 0.114357, 0.1311]",129171
4306,01:11:46,Frazier,1,0.90392,"[0.620723, 0.478988, 0.0833216, 0.175409]",129188
4307,01:11:47,Frazier,1,0.900061,"[0.588545, 0.478476, 0.117028, 0.161805]",129221
4308,01:11:48,Frazier,1,0.875002,"[0.588849, 0.503311, 0.117208, 0.151512]",129241
4309,01:11:49,Frazier,1,0.87925,"[0.625449, 0.468809, 0.0802561, 0.184611]",129274
4310,01:11:50,Frazier,1,0.874749,"[0.619782, 0.501994, 0.0787369, 0.121883]",129306
4311,01:11:51,Frazier,1,0.874453,"[0.606726, 0.518627, 0.0946011, 0.0987372]",129346
4312,01:11:52,Frazier,1,0.868011,"[0.60622, 0.519795, 0.0990842, 0.0963404]",129389
4313,01:11:53,Frazier,1,0.864278,"[0.602184, 0.535805, 0.0943144, 0.0774589]",129416
4314,01:11:54,Frazier,1,0.836065,"[0.603025, 0.538509, 0.0945534, 0.0722011]",129420
4315,01:11:55,Frazier,1,0.810689,"[0.607473, 0.545, 0.0888826, 0.0597721]",129450
4316,01:11:56,Frazier,1,0.749773,"[0.614034, 0.554461, 0.0663288, 0.0593255]",129493
4317,01:11:57,Frazier,1,0.833702,"[0.606488, 0.529516, 0.0905407, 0.083902]",129519
4319,01:11:59,Microdebrider,3,0.922513,"[0.584226, 0.428545, 0.129764, 0.24441]",129598
4320,01:12:00,Microdebrider,3,0.939982,"[0.601568, 0.453401, 0.105006, 0.235961]",129616
4321,01:12:01,Microdebrider,3,0.928517,"[0.600047, 0.45505, 0.106195, 0.231896]",129632
4322,01:12:02,Microdebrider,3,0.908644,"[0.583732, 0.497633, 0.127748, 0.171822]",129670
4323,01:12:03,Microdebrider,3,0.90983,"[0.580845, 0.515103, 0.129196, 0.140009]",129713
4324,01:12:04,Microdebrider,3,0.910115,"[0.582186, 0.522156, 0.127749, 0.131672]",129744
4325,01:12:05,Microdebrider,3,0.911632,"[0.581943, 0.520441, 0.127064, 0.135307]",129756
4326,01:12:06,Microdebrider,3,0.924779,"[0.58628, 0.517814, 0.119535, 0.134929]",129786
4327,01:12:07,Microdebrider,3,0.929388,"[0.588834, 0.477052, 0.122471, 0.208383]",129838
4328,01:12:08,Microdebrider,3,0.933911,"[0.587601, 0.469608, 0.123724, 0.216234]",129858
4329,01:12:09,Microdebrider,3,0.920663,"[0.607518, 0.470333, 0.0864257, 0.212907]",129884
4330,01:12:10,Microdebrider,3,0.919021,"[0.603435, 0.464654, 0.0925219, 0.225476]",129901
4331,01:12:11,Microdebrider,3,0.907252,"[0.601268, 0.474235, 0.096259, 0.213959]",129945
4332,01:12:12,Microdebrider,3,0.912501,"[0.593245, 0.474686, 0.108804, 0.215101]",129969
4333,01:12:13,Microdebrider,3,0.916032,"[0.60082, 0.470024, 0.0973871, 0.219745]",130005
4334,01:12:14,Microdebrider,3,0.909924,"[0.593364, 0.475776, 0.109013, 0.210974]",130025
4335,01:12:15,Microdebrider,3,0.91535,"[0.588514, 0.484141, 0.119543, 0.198767]",130077
4336,01:12:16,Microdebrider,3,0.915395,"[0.587655, 0.481461, 0.121775, 0.204069]",130086
4337,01:12:17,Microdebrider,3,0.915906,"[0.584446, 0.487269, 0.127465, 0.190879]",130119
4338,01:12:18,Microdebrider,3,0.917714,"[0.603311, 0.468333, 0.0908554, 0.212517]",130169
4339,01:12:19,Microdebrider,3,0.939932,"[0.611355, 0.484818, 0.0765666, 0.18794]",130195
4340,01:12:20,Microdebrider,3,0.8147,"[0.593673, 0.457828, 0.125127, 0.214666]",130201
4346,01:12:26,Frazier,1,0.852463,"[0.589449, 0.499029, 0.114897, 0.155554]",130398
4347,01:12:27,Frazier,1,0.896487,"[0.620745, 0.482946, 0.0811714, 0.151225]",130423
4348,01:12:28,Frazier,1,0.89679,"[0.622735, 0.506671, 0.0734951, 0.0951589]",130459
4349,01:12:29,Frazier,1,0.90448,"[0.624089, 0.505196, 0.0748968, 0.100731]",130475
4350,01:12:30,Frazier,1,0.857666,"[0.60733, 0.514726, 0.0943157, 0.102733]",130505
4351,01:12:31,Frazier,1,0.849843,"[0.607946, 0.537568, 0.090802, 0.0666477]",130538
4352,01:12:32,Frazier,1,0.865486,"[0.609147, 0.506401, 0.0907588, 0.122049]",130580
4353,01:12:33,Frazier,1,0.827543,"[0.622124, 0.505748, 0.0671295, 0.114172]",130601
4354,01:12:34,Frazier,1,0.810964,"[0.619519, 0.540424, 0.0646023, 0.0629664]",130623
4355,01:12:35,Frazier,1,0.806361,"[0.582016, 0.470732, 0.128316, 0.115904]",130663
4357,01:12:37,Freer,4,0.887712,"[0.631823, 0.491746, 0.0430698, 0.168288]",130729
4358,01:12:38,Freer,4,0.811226,"[0.627728, 0.496811, 0.0460266, 0.164726]",130753
4359,01:12:39,Freer,4,0.798926,"[0.625004, 0.501235, 0.0536091, 0.15718]",130771
4360,01:12:40,Freer,4,0.819456,"[0.622555, 0.494897, 0.0583854, 0.15966]",130813
4361,01:12:41,Freer,4,0.869098,"[0.62078, 0.495624, 0.064197, 0.163725]",130846
4362,01:12:42,Freer,4,0.889518,"[0.619236, 0.495828, 0.0651203, 0.171218]",130883
4363,01:12:43,Freer,4,0.917349,"[0.631596, 0.481623, 0.0467138, 0.190429]",130916
4364,01:12:44,Freer,4,0.926207,"[0.630283, 0.486069, 0.0468718, 0.191586]",130920
4365,01:12:45,Freer,4,0.875777,"[0.621719, 0.499167, 0.0600541, 0.156656]",130969
4366,01:12:46,Freer,4,0.895031,"[0.618617, 0.500372, 0.0642818, 0.152835]",131008
4367,01:12:47,Freer,4,0.888855,"[0.619402, 0.502005, 0.0634573, 0.148501]",131012
4368,01:12:48,Freer,4,0.888551,"[0.617943, 0.501096, 0.0661894, 0.152607]",131051
4369,01:12:49,Freer,4,0.887699,"[0.622378, 0.501053, 0.0592913, 0.158053]",131072
4370,01:12:50,Freer,4,0.857693,"[0.624069, 0.493952, 0.0587999, 0.175456]",131107
4371,01:12:51,Freer,4,0.882541,"[0.628127, 0.482509, 0.0503391, 0.194775]",131150
4372,01:12:52,Freer,4,0.830853,"[0.625868, 0.496425, 0.0559202, 0.166879]",131171
4373,01:12:53,Freer,4,0.890884,"[0.628843, 0.504849, 0.0488369, 0.149317]",131192
4374,01:12:54,Freer,4,0.900788,"[0.627308, 0.509367, 0.0424751, 0.156966]",131233
4375,01:12:55,Freer,4,0.891198,"[0.628012, 0.506792, 0.0451031, 0.158544]",131266
4376,01:12:56,Freer,4,0.806705,"[0.621462, 0.500923, 0.0635787, 0.145732]",131309
4377,01:12:57,Freer,4,0.860632,"[0.614887, 0.494107, 0.0777865, 0.157345]",131331
4384,01:13:04,Forceps,2,0.933493,"[0.621408, 0.475781, 0.0682814, 0.180675]",131546
4385,01:13:05,Forceps,2,0.95212,"[0.621287, 0.494995, 0.0657013, 0.135356]",131579
4386,01:13:06,Forceps,2,0.962686,"[0.622722, 0.500985, 0.0568094, 0.143863]",131606
4387,01:13:07,Forceps,2,0.960871,"[0.621962, 0.501552, 0.0577336, 0.143346]",131610
4388,01:13:08,Forceps,2,0.951365,"[0.628797, 0.496705, 0.0495592, 0.143667]",131661
4389,01:13:09,Forceps,2,0.959951,"[0.628097, 0.498424, 0.0489849, 0.140597]",131698
4390,01:13:10,Forceps,2,0.956442,"[0.628394, 0.497911, 0.0488902, 0.142046]",131701
4391,01:13:11,Forceps,2,0.963092,"[0.630539, 0.495836, 0.0461489, 0.142555]",131756
4392,01:13:12,Forceps,2,0.968629,"[0.630255, 0.494808, 0.0471211, 0.140174]",131789
4393,01:13:13,Forceps,2,0.967733,"[0.629481, 0.493751, 0.0478906, 0.141982]",131790
4396,01:13:16,Microdebrider,3,0.935425,"[0.600667, 0.456843, 0.103031, 0.236548]",131906
4397,01:13:17,Microdebrider,3,0.921241,"[0.60939, 0.472057, 0.0859676, 0.203061]",131933
4398,01:13:18,Microdebrider,3,0.914488,"[0.607757, 0.478493, 0.0868284, 0.198242]",131940
4399,01:13:19,Microdebrider,3,0.918687,"[0.604914, 0.482883, 0.0880311, 0.193685]",131976
4400,01:13:20,Microdebrider,3,0.913585,"[0.599359, 0.482328, 0.0941437, 0.197295]",132020
4401,01:13:21,Microdebrider,3,0.913506,"[0.597328, 0.479983, 0.100199, 0.203196]",132049
4402,01:13:22,Microdebrider,3,0.914521,"[0.600077, 0.495379, 0.0937775, 0.17756]",132063
4403,01:13:23,Microdebrider,3,0.912278,"[0.59825, 0.484614, 0.0968165, 0.194533]",132109
4404,01:13:24,Microdebrider,3,0.930656,"[0.603376, 0.484673, 0.0893646, 0.189684]",132144
4405,01:13:25,Microdebrider,3,0.910366,"[0.598419, 0.482626, 0.0964212, 0.193921]",132174
4406,01:13:26,Microdebrider,3,0.928188,"[0.603881, 0.483011, 0.0886177, 0.194756]",132187
4407,01:13:27,Microdebrider,3,0.914972,"[0.599297, 0.4818, 0.0950579, 0.199081]",132238
4408,01:13:28,Microdebrider,3,0.914045,"[0.597819, 0.48414, 0.0965679, 0.194248]",132264
4409,01:13:29,Microdebrider,3,0.916115,"[0.60505, 0.480851, 0.0869892, 0.199711]",132293
4410,01:13:30,Microdebrider,3,0.91806,"[0.602578, 0.476603, 0.0979033, 0.20487]",132314
4411,01:13:31,Microdebrider,3,0.9198,"[0.611648, 0.479596, 0.0769276, 0.20183]",132335
4412,01:13:32,Microdebrider,3,0.917005,"[0.606075, 0.47374, 0.0857513, 0.209501]",132370
4413,01:13:33,Microdebrider,3,0.923207,"[0.612669, 0.484446, 0.0761255, 0.192774]",132396
4414,01:13:34,Microdebrider,3,0.914313,"[0.599061, 0.481366, 0.0999236, 0.200013]",132440
4415,01:13:35,Microdebrider,3,0.908601,"[0.603839, 0.475392, 0.0899441, 0.203362]",132456
4416,01:13:36,Microdebrider,3,0.908721,"[0.601622, 0.48072, 0.0933392, 0.198122]",132500
4417,01:13:37,Microdebrider,3,0.938711,"[0.596581, 0.452773, 0.110418, 0.237724]",132537
4418,01:13:38,Microdebrider,3,0.934057,"[0.598741, 0.457177, 0.104318, 0.230099]",132541
4419,01:13:39,Microdebrider,3,0.91664,"[0.586913, 0.446119, 0.12935, 0.247207]",132594
4423,01:13:43,Forceps,2,0.888062,"[0.601249, 0.484437, 0.105368, 0.142434]",132704
4424,01:13:44,Forceps,2,0.917292,"[0.593847, 0.50753, 0.122284, 0.125059]",132749
4425,01:13:45,Forceps,2,0.920753,"[0.594509, 0.508855, 0.122348, 0.122333]",132754
4426,01:13:46,Forceps,2,0.923885,"[0.587801, 0.484971, 0.126359, 0.182749]",132792
4427,01:13:47,Forceps,2,0.922029,"[0.588836, 0.490188, 0.124549, 0.162047]",132820
4428,01:13:48,Forceps,2,0.924954,"[0.581905, 0.489693, 0.135581, 0.171481]",132864
4431,01:13:51,Frazier,1,0.870196,"[0.583984, 0.510704, 0.125192, 0.128941]",132957
4432,01:13:52,Frazier,1,0.872897,"[0.600281, 0.513386, 0.101106, 0.109687]",132973
4433,01:13:53,Frazier,1,0.855068,"[0.620915, 0.514032, 0.0624279, 0.107014]",133003
4434,01:13:54,Frazier,1,0.823962,"[0.601585, 0.509866, 0.0998432, 0.11153]",133021
4435,01:13:55,Frazier,1,0.799321,"[0.613161, 0.540936, 0.0711555, 0.0663172]",133060
4436,01:13:56,Frazier,1,0.783291,"[0.614127, 0.544415, 0.0646746, 0.0691405]",133086
4437,01:13:57,Frazier,1,0.726268,"[0.603328, 0.544631, 0.087903, 0.0640099]",133130
4438,01:13:58,Frazier,1,0.821779,"[0.613867, 0.526667, 0.0682765, 0.0939227]",133165
4441,01:14:01,Forceps,2,0.902489,"[0.586828, 0.453716, 0.10992, 0.115462]",133233
4442,01:14:02,Forceps,2,0.895573,"[0.584466, 0.503067, 0.134311, 0.13378]",133271
4443,01:14:03,Forceps,2,0.87348,"[0.59125, 0.509345, 0.124305, 0.127469]",133319
4444,01:14:04,Forceps,2,0.886348,"[0.588935, 0.508104, 0.133858, 0.137939]",133326
4445,01:14:05,Forceps,2,0.908404,"[0.570781, 0.517273, 0.156728, 0.124343]",133376
4446,01:14:06,Forceps,2,0.913219,"[0.571798, 0.51622, 0.15588, 0.127097]",133383
4447,01:14:07,Forceps,2,0.905478,"[0.578003, 0.485925, 0.145512, 0.166212]",133424
4448,01:14:08,Forceps,2,0.90162,"[0.588865, 0.499, 0.126614, 0.135357]",133445
4449,01:14:09,Forceps,2,0.863175,"[0.595523, 0.51681, 0.115073, 0.111672]",133478
4450,01:14:10,Forceps,2,0.863836,"[0.585356, 0.52894, 0.130728, 0.111678]",133527
4451,01:14:11,Forceps,2,0.904343,"[0.584991, 0.515944, 0.132905, 0.125781]",133542
4452,01:14:12,Forceps,2,0.907898,"[0.57997, 0.518114, 0.138697, 0.126549]",133586
4453,01:14:13,Forceps,2,0.915283,"[0.579929, 0.500304, 0.138577, 0.152167]",133617
4454,01:14:14,Forceps,2,0.919813,"[0.583135, 0.492034, 0.133523, 0.168227]",133629
4455,01:14:15,Forceps,2,0.91413,"[0.581969, 0.497423, 0.13561, 0.153897]",133655
4456,01:14:16,Forceps,2,0.90843,"[0.61603, 0.518322, 0.066416, 0.113945]",133684
4457,01:14:17,Forceps,2,0.865201,"[0.591964, 0.484533, 0.115606, 0.191745]",133710
4458,01:14:18,Frazier,1,0.802623,"[0.598451, 0.496073, 0.109316, 0.12778]",133769
4459,01:14:19,Frazier,1,0.850903,"[0.598041, 0.504542, 0.111203, 0.110701]",133787
4460,01:14:20,Frazier,1,0.829688,"[0.60167, 0.515559, 0.103379, 0.094514]",133806
4461,01:14:21,Frazier,1,0.78175,"[0.605812, 0.54293, 0.085052, 0.06243]",133848
4462,01:14:22,Frazier,1,0.701693,"[0.613569, 0.556693, 0.0666452, 0.052]",133876
4463,01:14:23,Frazier,1,0.766351,"[0.60622, 0.54277, 0.0870659, 0.0589291]",133919
4464,01:14:24,Frazier,1,0.820291,"[0.606326, 0.533986, 0.0917115, 0.0656979]",133933
4465,01:14:25,Frazier,1,0.851849,"[0.605938, 0.530575, 0.0862038, 0.0866196]",133954
4467,01:14:27,Forceps,2,0.906258,"[0.613481, 0.49978, 0.0740742, 0.141917]",134038
4468,01:14:28,Forceps,2,0.919316,"[0.614838, 0.501183, 0.0703012, 0.14109]",134044
4469,01:14:29,Forceps,2,0.90956,"[0.623875, 0.518256, 0.0498451, 0.124555]",134099
4470,01:14:30,Forceps,2,0.91818,"[0.623148, 0.516517, 0.0514647, 0.127158]",134107
4471,01:14:31,Forceps,2,0.895931,"[0.621508, 0.519178, 0.0536013, 0.118679]",134142
4472,01:14:32,Forceps,2,0.877268,"[0.619511, 0.520945, 0.0571785, 0.116729]",134166
4473,01:14:33,Forceps,2,0.894417,"[0.618238, 0.524467, 0.0590695, 0.108105]",134212
4474,01:14:34,Forceps,2,0.895401,"[0.618034, 0.520147, 0.0586857, 0.109999]",134220
4475,01:14:35,Forceps,2,0.90892,"[0.614256, 0.523394, 0.0654662, 0.105009]",134271
4476,01:14:36,Forceps,2,0.923224,"[0.614318, 0.525502, 0.0646439, 0.101939]",134283
4477,01:14:37,Forceps,2,0.898148,"[0.614547, 0.524336, 0.0648945, 0.104437]",134339
4478,01:14:38,Forceps,2,0.928145,"[0.614487, 0.526051, 0.0640027, 0.101302]",134347
4479,01:14:39,Forceps,2,0.927449,"[0.617162, 0.522158, 0.0606321, 0.099884]",134395
4480,01:14:40,Forceps,2,0.921429,"[0.613179, 0.513054, 0.0676312, 0.122734]",134404
4481,01:14:41,Forceps,2,0.838503,"[0.591892, 0.526033, 0.115671, 0.112334]",134456
4482,01:14:42,Forceps,2,0.852338,"[0.585307, 0.531904, 0.127813, 0.106382]",134488
4483,01:14:43,Forceps,2,0.869174,"[0.581773, 0.523263, 0.134574, 0.117215]",134498
4484,01:14:44,Forceps,2,0.904061,"[0.582102, 0.514025, 0.135891, 0.13282]",134538
4485,01:14:45,Forceps,2,0.914757,"[0.583496, 0.500546, 0.133649, 0.153729]",134573
4486,01:14:46,Forceps,2,0.918004,"[0.582034, 0.493818, 0.13559, 0.162289]",134583
4487,01:14:47,Forceps,2,0.913679,"[0.580051, 0.493091, 0.139236, 0.163655]",134639
4488,01:14:48,Forceps,2,0.916944,"[0.580894, 0.490779, 0.137136, 0.166822]",134641
4498,01:14:58,Microdebrider,3,0.935299,"[0.597574, 0.467099, 0.116079, 0.19327]",134968
4499,01:14:59,Microdebrider,3,0.934172,"[0.599263, 0.468551, 0.112985, 0.190732]",134970
4500,01:15:00,Microdebrider,3,0.930258,"[0.606998, 0.481296, 0.0889941, 0.191016]",135008
4501,01:15:01,Microdebrider,3,0.932964,"[0.605235, 0.496977, 0.0901097, 0.17342]",135040
4502,01:15:02,Microdebrider,3,0.906996,"[0.590967, 0.501507, 0.109846, 0.164577]",135073
4503,01:15:03,Microdebrider,3,0.912377,"[0.605025, 0.495008, 0.0855448, 0.176023]",135110
4504,01:15:04,Microdebrider,3,0.913203,"[0.604814, 0.494581, 0.0857651, 0.17858]",135120
4505,01:15:05,Microdebrider,3,0.923277,"[0.601933, 0.497912, 0.0896521, 0.17415]",135177
4506,01:15:06,Microdebrider,3,0.945065,"[0.600319, 0.500592, 0.0935734, 0.167121]",135209
4507,01:15:07,Microdebrider,3,0.944189,"[0.600159, 0.500371, 0.0935787, 0.167764]",135210
4508,01:15:08,Microdebrider,3,0.932162,"[0.590111, 0.474493, 0.1204, 0.203008]",135268
4509,01:15:09,Microdebrider,3,0.909068,"[0.581806, 0.465618, 0.1403, 0.213172]",135271
4512,01:15:12,Forceps,2,0.859027,"[0.598705, 0.465347, 0.10294, 0.11959]",135388
4513,01:15:13,Forceps,2,0.905183,"[0.595912, 0.498774, 0.119156, 0.137028]",135415
4514,01:15:14,Forceps,2,0.926354,"[0.588915, 0.486265, 0.126894, 0.167068]",135435
4515,01:15:15,Forceps,2,0.916094,"[0.589634, 0.464774, 0.127289, 0.211769]",135472
4516,01:15:16,Forceps,2,0.919171,"[0.58484, 0.491125, 0.137883, 0.170284]",135493
4517,01:15:17,Forceps,2,0.923548,"[0.586667, 0.486514, 0.130448, 0.177757]",135520
4518,01:15:18,Forceps,2,0.924792,"[0.58511, 0.485491, 0.133424, 0.180157]",135545
4519,01:15:19,Forceps,2,0.894374,"[0.57554, 0.514508, 0.15086, 0.134427]",135571
4520,01:15:20,Forceps,2,0.909052,"[0.580292, 0.515344, 0.141569, 0.130621]",135606
4521,01:15:21,Forceps,2,0.882607,"[0.597749, 0.520247, 0.107716, 0.126855]",135651
4522,01:15:22,Forceps,2,0.873575,"[0.601668, 0.521544, 0.0966868, 0.121687]",135671
4523,01:15:23,Forceps,2,0.869751,"[0.598118, 0.517534, 0.107199, 0.121822]",135714
4524,01:15:24,Forceps,2,0.891243,"[0.594114, 0.515866, 0.11129, 0.124729]",135740
4525,01:15:25,Forceps,2,0.917659,"[0.602496, 0.521158, 0.100065, 0.102784]",135767
4526,01:15:26,Forceps,2,0.908316,"[0.577269, 0.508225, 0.145727, 0.144761]",135787
4532,01:15:32,Forceps,2,0.917801,"[0.595851, 0.504647, 0.117818, 0.126435]",135985
4533,01:15:33,Forceps,2,0.916003,"[0.582643, 0.492989, 0.143028, 0.157451]",136000
4534,01:15:34,Forceps,2,0.912687,"[0.585055, 0.485358, 0.130706, 0.185719]",136040
4535,01:15:35,Forceps,2,0.913589,"[0.581707, 0.486376, 0.141764, 0.174578]",136066
4536,01:15:36,Forceps,2,0.903272,"[0.575971, 0.50604, 0.148614, 0.148251]",136085
4537,01:15:37,Forceps,2,0.908582,"[0.579996, 0.514077, 0.142096, 0.135348]",136128
4538,01:15:38,Forceps,2,0.895008,"[0.577921, 0.520201, 0.143748, 0.124027]",136169
4539,01:15:39,Forceps,2,0.909805,"[0.57488, 0.511485, 0.150886, 0.143506]",136174
4555,01:15:55,Frazier,1,0.842521,"[0.581173, 0.439695, 0.124301, 0.123954]",136666
4556,01:15:56,Frazier,1,0.846119,"[0.607429, 0.500706, 0.0974211, 0.127064]",136703
4557,01:15:57,Frazier,1,0.921385,"[0.621857, 0.484112, 0.078819, 0.15447]",136713
4558,01:15:58,Frazier,1,0.910399,"[0.617731, 0.491755, 0.0814747, 0.140012]",136765
4559,01:15:59,Frazier,1,0.90918,"[0.617838, 0.491964, 0.0816998, 0.140428]",136771
4560,01:16:00,Frazier,1,0.893443,"[0.618128, 0.502937, 0.0811878, 0.120569]",136806
4561,01:16:01,Frazier,1,0.912371,"[0.621431, 0.501265, 0.0766903, 0.113534]",136850
4562,01:16:02,Frazier,1,0.860834,"[0.611407, 0.506268, 0.0869877, 0.111846]",136862
4563,01:16:03,Frazier,1,0.841377,"[0.622054, 0.515545, 0.061072, 0.0973865]",136892
4564,01:16:04,Frazier,1,0.837913,"[0.617424, 0.528767, 0.0633322, 0.0834781]",136938
4565,01:16:05,Frazier,1,0.835689,"[0.61139, 0.532702, 0.0770012, 0.0841425]",136956
4566,01:16:06,Frazier,1,0.835109,"[0.604024, 0.498807, 0.101883, 0.117656]",136988
4567,01:16:07,Frazier,1,0.771922,"[0.609883, 0.545259, 0.0865183, 0.0574045]",137016
4568,01:16:08,Frazier,1,0.822524,"[0.607977, 0.544008, 0.0827229, 0.065125]",137065
4569,01:16:09,Frazier,1,0.75679,"[0.612396, 0.543791, 0.0780685, 0.0588084]",137071
4570,01:16:10,Frazier,1,0.76014,"[0.6148, 0.541834, 0.0642141, 0.0734889]",137100
4577,01:16:17,Frazier,1,0.797646,"[0.611332, 0.54311, 0.0715807, 0.0667539]",137329
4578,01:16:18,Frazier,1,0.800622,"[0.608364, 0.542556, 0.077524, 0.0695507]",137342
4579,01:16:19,Frazier,1,0.81612,"[0.597112, 0.514308, 0.099717, 0.115777]",137397
4580,01:16:20,Frazier,1,0.841997,"[0.595369, 0.512281, 0.100136, 0.120701]",137411
4581,01:16:21,Frazier,1,0.857208,"[0.600576, 0.521503, 0.0840054, 0.112421]",137447
4645,01:17:25,Frazier,1,0.788466,"[0.606449, 0.43111, 0.0592819, 0.278644]",139379
4646,01:17:26,Frazier,1,0.874697,"[0.623711, 0.443999, 0.0465321, 0.261996]",139388
4647,01:17:27,Frazier,1,0.869559,"[0.671118, 0.461126, 0.0420208, 0.202747]",139429
4648,01:17:28,Frazier,1,0.839053,"[0.63482, 0.479714, 0.0384932, 0.18081]",139457
4649,01:17:29,Frazier,1,0.904808,"[0.618654, 0.500594, 0.0470919, 0.151214]",139482
4650,01:17:30,Frazier,1,0.877954,"[0.616197, 0.480886, 0.0475938, 0.182732]",139529
4651,01:17:31,Frazier,1,0.901267,"[0.618342, 0.482919, 0.0464561, 0.177655]",139538
4652,01:17:32,Frazier,1,0.881055,"[0.617528, 0.48854, 0.0490717, 0.172222]",139582
4653,01:17:33,Frazier,1,0.87302,"[0.606213, 0.490566, 0.0670929, 0.177306]",139610
4654,01:17:34,Frazier,1,0.868836,"[0.605384, 0.489556, 0.0682777, 0.179957]",139621
4655,01:17:35,Frazier,1,0.853321,"[0.610584, 0.488079, 0.0605211, 0.180673]",139665
4656,01:17:36,Frazier,1,0.877569,"[0.618033, 0.480565, 0.048093, 0.185761]",139684
4657,01:17:37,Frazier,1,0.880491,"[0.608812, 0.482716, 0.0625713, 0.188128]",139724
4658,01:17:38,Frazier,1,0.875452,"[0.605252, 0.489543, 0.0686658, 0.180573]",139747
4659,01:17:39,Frazier,1,0.881484,"[0.617955, 0.47714, 0.0473227, 0.191069]",139782
4660,01:17:40,Frazier,1,0.864391,"[0.616263, 0.484881, 0.0504551, 0.176744]",139809
4661,01:17:41,Frazier,1,0.887984,"[0.604512, 0.488437, 0.0693507, 0.180473]",139838
4662,01:17:42,Frazier,1,0.896313,"[0.605426, 0.505502, 0.0643019, 0.155207]",139889
4663,01:17:43,Frazier,1,0.894733,"[0.605746, 0.504907, 0.0640455, 0.156309]",139893
4664,01:17:44,Frazier,1,0.881108,"[0.608864, 0.49211, 0.0613677, 0.174545]",139931
4665,01:17:45,Frazier,1,0.903088,"[0.605456, 0.486433, 0.0681765, 0.185126]",139975
4666,01:17:46,Frazier,1,0.894288,"[0.605187, 0.489129, 0.0682135, 0.181394]",139980
4667,01:17:47,Frazier,1,0.889121,"[0.603572, 0.491165, 0.0699782, 0.178274]",140019
4668,01:17:48,Frazier,1,0.901235,"[0.603817, 0.501497, 0.0679774, 0.162431]",140069
4669,01:17:49,Frazier,1,0.905532,"[0.603542, 0.502457, 0.0685918, 0.160569]",140071
4670,01:17:50,Frazier,1,0.864962,"[0.597483, 0.512025, 0.0794267, 0.14613]",140120
4671,01:17:51,Frazier,1,0.857909,"[0.606173, 0.530507, 0.0623984, 0.109538]",140142
4672,01:17:52,Frazier,1,0.879344,"[0.608455, 0.525491, 0.0606703, 0.103725]",140170
4673,01:17:53,Frazier,1,0.883807,"[0.606821, 0.522902, 0.0594138, 0.111619]",140192
4674,01:17:54,Frazier,1,0.906549,"[0.618328, 0.491983, 0.0458368, 0.162467]",140237
4689,01:18:09,Forceps,2,0.845609,"[0.587719, 0.438735, 0.100519, 0.274069]",140684
4690,01:18:10,Forceps,2,0.790284,"[0.603921, 0.429938, 0.0809107, 0.256749]",140727
4691,01:18:11,Forceps,2,0.912304,"[0.584806, 0.502295, 0.107971, 0.143799]",140759
4692,01:18:12,Forceps,2,0.913322,"[0.583736, 0.504683, 0.108343, 0.13943]",140778
4693,01:18:13,Forceps,2,0.899956,"[0.581136, 0.499823, 0.107553, 0.147215]",140790
4694,01:18:14,Forceps,2,0.904973,"[0.577194, 0.497331, 0.119152, 0.165006]",140834
4695,01:18:15,Forceps,2,0.914978,"[0.579778, 0.503163, 0.115159, 0.150719]",140877
4696,01:18:16,Forceps,2,0.926855,"[0.579056, 0.515411, 0.116343, 0.128664]",140903
4697,01:18:17,Forceps,2,0.898929,"[0.577936, 0.519956, 0.117594, 0.120843]",140910
4698,01:18:18,Forceps,2,0.895077,"[0.575751, 0.531052, 0.122458, 0.101435]",140957
4699,01:18:19,Forceps,2,0.877256,"[0.57595, 0.528625, 0.12379, 0.104424]",140971
4700,01:18:20,Forceps,2,0.889777,"[0.57774, 0.529768, 0.117939, 0.103105]",141018
4701,01:18:21,Forceps,2,0.916096,"[0.569906, 0.51522, 0.133315, 0.121298]",141059
4702,01:18:22,Forceps,2,0.916112,"[0.5701, 0.515341, 0.132417, 0.121496]",141060
4703,01:18:23,Forceps,2,0.921007,"[0.570748, 0.507667, 0.133348, 0.127729]",141119
4704,01:18:24,Forceps,2,0.926275,"[0.572684, 0.514337, 0.12549, 0.125354]",141142
4705,01:18:25,Forceps,2,0.919008,"[0.57354, 0.513025, 0.128428, 0.12123]",141176
4706,01:18:26,Forceps,2,0.931693,"[0.570761, 0.513403, 0.129577, 0.125276]",141200
4707,01:18:27,Forceps,2,0.924827,"[0.576489, 0.511434, 0.118497, 0.132355]",141239
4708,01:18:28,Forceps,2,0.924896,"[0.575161, 0.512035, 0.121346, 0.131229]",141240
4709,01:18:29,Forceps,2,0.930299,"[0.571742, 0.514088, 0.128087, 0.120977]",141297
4710,01:18:30,Forceps,2,0.927927,"[0.573031, 0.512673, 0.124949, 0.124849]",141305
4711,01:18:31,Forceps,2,0.922057,"[0.574828, 0.51048, 0.122117, 0.12953]",141349
4712,01:18:32,Forceps,2,0.93034,"[0.579416, 0.490036, 0.113705, 0.178447]",141360
4729,01:18:49,Frazier,1,0.915557,"[0.594943, 0.438654, 0.0724104, 0.26432]",141895
4730,01:18:50,Frazier,1,0.898545,"[0.613348, 0.442377, 0.0593241, 0.254644]",141905
4731,01:18:51,Frazier,1,0.827776,"[0.627035, 0.478471, 0.0344573, 0.189434]",141950
4732,01:18:52,Frazier,1,0.840855,"[0.659557, 0.471305, 0.0399933, 0.200756]",141974
4733,01:18:53,Frazier,1,0.821646,"[0.632374, 0.481488, 0.0354946, 0.178244]",142017
4734,01:18:54,Frazier,1,0.890021,"[0.614609, 0.501829, 0.052317, 0.149128]",142037
4735,01:18:55,Frazier,1,0.887052,"[0.607381, 0.505024, 0.0629734, 0.149491]",142068
4736,01:18:56,Frazier,1,0.899417,"[0.616502, 0.490243, 0.0462416, 0.163762]",142101
4737,01:18:57,Frazier,1,0.878316,"[0.614503, 0.468923, 0.0490685, 0.201396]",142111
4741,01:19:01,Frazier,1,0.867386,"[0.620499, 0.454212, 0.0498683, 0.225585]",142257
4742,01:19:02,Frazier,1,0.837405,"[0.626878, 0.466018, 0.0411602, 0.207682]",142262
4743,01:19:03,Frazier,1,0.835353,"[0.633558, 0.480799, 0.0392845, 0.184976]",142317
4744,01:19:04,Frazier,1,0.897753,"[0.616137, 0.493437, 0.0519934, 0.168592]",142337
4745,01:19:05,Frazier,1,0.920229,"[0.614222, 0.503104, 0.0535241, 0.151547]",142371
4746,01:19:06,Frazier,1,0.921448,"[0.608838, 0.504044, 0.0611213, 0.153674]",142398
4747,01:19:07,Frazier,1,0.921563,"[0.608895, 0.503689, 0.061267, 0.154431]",142429
4748,01:19:08,Frazier,1,0.906479,"[0.609459, 0.504193, 0.0593613, 0.152432]",142450
4749,01:19:09,Frazier,1,0.899123,"[0.60855, 0.502177, 0.0584353, 0.155681]",142475
4756,01:19:16,Forceps,2,0.837402,"[0.609749, 0.429103, 0.0647151, 0.28662]",142690
4757,01:19:17,Forceps,2,0.918144,"[0.593954, 0.488992, 0.08904, 0.165879]",142729
4758,01:19:18,Forceps,2,0.916853,"[0.589605, 0.504299, 0.0966969, 0.138726]",142743
4759,01:19:19,Forceps,2,0.916417,"[0.586252, 0.504086, 0.096636, 0.147157]",142793
4760,01:19:20,Forceps,2,0.92223,"[0.583989, 0.502873, 0.103627, 0.146979]",142819
4761,01:19:21,Forceps,2,0.915267,"[0.588897, 0.517585, 0.0919382, 0.118019]",142856
4762,01:19:22,Forceps,2,0.916081,"[0.587515, 0.503899, 0.0947571, 0.149009]",142864
4763,01:19:23,Forceps,2,0.918258,"[0.590043, 0.501695, 0.09316, 0.150317]",142899
4764,01:19:24,Forceps,2,0.917717,"[0.588025, 0.503481, 0.0941994, 0.149838]",142949
4765,01:19:25,Forceps,2,0.938365,"[0.591438, 0.497658, 0.0936607, 0.149571]",142974
4766,01:19:26,Forceps,2,0.920512,"[0.591219, 0.503338, 0.0974865, 0.138845]",143000
4767,01:19:27,Forceps,2,0.917563,"[0.591221, 0.50242, 0.0918436, 0.149159]",143039
4768,01:19:28,Forceps,2,0.918044,"[0.587701, 0.508721, 0.09881, 0.138447]",143050
4769,01:19:29,Forceps,2,0.908246,"[0.588582, 0.493224, 0.0968919, 0.164516]",143075
4775,01:19:35,Frazier,1,0.803198,"[0.648089, 0.450449, 0.0397294, 0.238781]",143275
4776,01:19:36,Frazier,1,0.834957,"[0.671313, 0.459624, 0.0446602, 0.208393]",143285
4777,01:19:37,Frazier,1,0.92846,"[0.613205, 0.489314, 0.0555204, 0.174996]",143334
4778,01:19:38,Frazier,1,0.89332,"[0.60977, 0.490048, 0.0593189, 0.177369]",143340
4779,01:19:39,Frazier,1,0.826226,"[0.604912, 0.487642, 0.0615293, 0.190797]",143398
4780,01:19:40,Frazier,1,0.891515,"[0.615775, 0.480627, 0.0468871, 0.189553]",143428
4781,01:19:41,Frazier,1,0.887364,"[0.60182, 0.505607, 0.0697697, 0.155312]",143452
4787,01:19:47,Frazier,1,0.842333,"[0.61731, 0.458913, 0.046769, 0.228005]",143633
4788,01:19:48,Frazier,1,0.894387,"[0.620501, 0.465558, 0.0422421, 0.204626]",143663
4789,01:19:49,Frazier,1,0.885007,"[0.612111, 0.487224, 0.0558374, 0.180483]",143680
4790,01:19:50,Frazier,1,0.874416,"[0.607843, 0.487085, 0.0608999, 0.183027]",143702
4791,01:19:51,Frazier,1,0.872439,"[0.612631, 0.484911, 0.0508051, 0.187794]",143737
4804,01:20:04,Frazier,1,0.856618,"[0.542359, 0.426253, 0.0861557, 0.194782]",144143
4805,01:20:05,Frazier,1,0.746422,"[0.652421, 0.440145, 0.0373739, 0.246715]",144167
4806,01:20:06,Frazier,1,0.897052,"[0.623591, 0.472902, 0.0449516, 0.192209]",144208
4807,01:20:07,Frazier,1,0.915267,"[0.608596, 0.500327, 0.0596808, 0.162701]",144237
4808,01:20:08,Frazier,1,0.918159,"[0.606086, 0.50559, 0.0620035, 0.156463]",144250
4809,01:20:09,Frazier,1,0.909869,"[0.604863, 0.515169, 0.0653086, 0.141218]",144294
4810,01:20:10,Frazier,1,0.934278,"[0.604211, 0.515787, 0.0647352, 0.140335]",144313
4811,01:20:11,Frazier,1,0.859829,"[0.608134, 0.504541, 0.0624824, 0.154309]",144331
4812,01:20:12,Frazier,1,0.838147,"[0.61057, 0.505583, 0.0606108, 0.154051]",144362
4813,01:20:13,Frazier,1,0.90466,"[0.619946, 0.501807, 0.0424915, 0.154442]",144402
4814,01:20:14,Frazier,1,0.881521,"[0.607723, 0.471371, 0.0564309, 0.206818]",144424
4854,01:20:54,Forceps,2,0.874668,"[0.613259, 0.44577, 0.0636395, 0.25014]",145647
4855,01:20:55,Forceps,2,0.890788,"[0.605651, 0.466128, 0.0724063, 0.213785]",145676
4856,01:20:56,Forceps,2,0.880819,"[0.606502, 0.466775, 0.0688389, 0.212038]",145680
4857,01:20:57,Forceps,2,0.882707,"[0.591484, 0.502244, 0.0945898, 0.135543]",145738
4858,01:20:58,Forceps,2,0.877656,"[0.590469, 0.504257, 0.0949087, 0.134615]",145754
4859,01:20:59,Forceps,2,0.845706,"[0.590822, 0.506483, 0.0934935, 0.139975]",145781
4860,01:21:00,Forceps,2,0.900463,"[0.602071, 0.520005, 0.0690384, 0.122839]",145808
4861,01:21:01,Forceps,2,0.855528,"[0.590623, 0.505918, 0.0931778, 0.141221]",145856
4862,01:21:02,Forceps,2,0.934794,"[0.600084, 0.518607, 0.0737009, 0.120911]",145882
4863,01:21:03,Forceps,2,0.909377,"[0.596369, 0.520736, 0.0798119, 0.113333]",145890
4864,01:21:04,Forceps,2,0.845179,"[0.600216, 0.503744, 0.070268, 0.147377]",145925
4865,01:21:05,Forceps,2,0.929843,"[0.599037, 0.513946, 0.0744539, 0.128362]",145966
4866,01:21:06,Forceps,2,0.925338,"[0.597321, 0.520455, 0.0794333, 0.11396]",146009
4867,01:21:07,Forceps,2,0.912146,"[0.597117, 0.520819, 0.0794668, 0.114133]",146011
4868,01:21:08,Forceps,2,0.873413,"[0.59999, 0.501316, 0.0710035, 0.152291]",146066
4869,01:21:09,Forceps,2,0.928306,"[0.598505, 0.519462, 0.0750401, 0.117409]",146090
4870,01:21:10,Forceps,2,0.925211,"[0.597232, 0.522477, 0.0788106, 0.113703]",146100
4871,01:21:11,Forceps,2,0.919772,"[0.598063, 0.52425, 0.0777624, 0.109187]",146136
4872,01:21:12,Forceps,2,0.900963,"[0.594085, 0.47673, 0.087912, 0.191272]",146172
4873,01:21:13,Forceps,2,0.906069,"[0.59535, 0.397551, 0.0721399, 0.313052]",146201
4899,01:21:39,Frazier,1,0.853164,"[0.60774, 0.463935, 0.0581711, 0.23722]",146987
4900,01:21:40,Frazier,1,0.93028,"[0.58531, 0.448186, 0.0678054, 0.231401]",147011
4901,01:21:41,Frazier,1,0.910643,"[0.61287, 0.447637, 0.0548735, 0.265089]",147030
4902,01:21:42,Frazier,1,0.827508,"[0.659388, 0.469207, 0.0495375, 0.212331]",147077
4903,01:21:43,Frazier,1,0.836325,"[0.634299, 0.448562, 0.0339132, 0.242988]",147112
4904,01:21:44,Frazier,1,0.837337,"[0.660688, 0.456908, 0.0460512, 0.232948]",147124
4925,01:22:05,Frazier,1,0.7827,"[0.635505, 0.45806, 0.0362516, 0.255134]",147761
4926,01:22:06,Frazier,1,0.823612,"[0.621198, 0.468698, 0.0415165, 0.218912]",147809
4927,01:22:07,Frazier,1,0.86995,"[0.617233, 0.480041, 0.0525204, 0.191773]",147839
4928,01:22:08,Frazier,1,0.888226,"[0.617819, 0.477743, 0.0528873, 0.197447]",147842
4929,01:22:09,Frazier,1,0.871431,"[0.626715, 0.481389, 0.0383116, 0.182691]",147891
4930,01:22:10,Frazier,1,0.832532,"[0.621284, 0.474699, 0.0404348, 0.207931]",147917
4931,01:22:11,Frazier,1,0.905675,"[0.619029, 0.48196, 0.0431636, 0.192994]",147939
4932,01:22:12,Frazier,1,0.867075,"[0.613687, 0.488724, 0.0487269, 0.180373]",147984
4933,01:22:13,Frazier,1,0.859384,"[0.616303, 0.485112, 0.0423262, 0.189968]",147991
4934,01:22:14,Frazier,1,0.778329,"[0.625796, 0.495627, 0.0349447, 0.179239]",148029
4935,01:22:15,Frazier,1,0.76074,"[0.632063, 0.480849, 0.0291788, 0.193767]",148079
4936,01:22:16,Frazier,1,0.82193,"[0.627093, 0.477921, 0.033352, 0.198018]",148083
4937,01:22:17,Frazier,1,0.703611,"[0.637114, 0.493201, 0.0295993, 0.17515]",148117
4940,01:22:20,Frazier,1,0.757466,"[0.643849, 0.487776, 0.0272738, 0.171273]",148226
4941,01:22:21,Frazier,1,0.875117,"[0.622139, 0.490723, 0.0399735, 0.172496]",148254
4942,01:22:22,Frazier,1,0.887537,"[0.621726, 0.491622, 0.0401074, 0.170435]",148277
4943,01:22:23,Frazier,1,0.905706,"[0.612488, 0.503587, 0.0472843, 0.151783]",148317
4944,01:22:24,Frazier,1,0.925574,"[0.609283, 0.503973, 0.0524601, 0.150559]",148322
4945,01:22:25,Frazier,1,0.908491,"[0.610177, 0.494432, 0.0482861, 0.173465]",148362
4946,01:22:26,Frazier,1,0.834357,"[0.603711, 0.513678, 0.0648915, 0.141988]",148402
4947,01:22:27,Frazier,1,0.860742,"[0.607505, 0.506149, 0.0549772, 0.151963]",148423
4948,01:22:28,Frazier,1,0.907457,"[0.608571, 0.504138, 0.0529289, 0.15414]",148467
4949,01:22:29,Frazier,1,0.895551,"[0.608734, 0.506681, 0.0530518, 0.150315]",148470
4951,01:22:31,Frazier,1,0.876585,"[0.607873, 0.51717, 0.053447, 0.141955]",148559
4952,01:22:32,Frazier,1,0.894276,"[0.606785, 0.520335, 0.0558361, 0.134635]",148572
4953,01:22:33,Frazier,1,0.885017,"[0.605871, 0.517764, 0.0601109, 0.133898]",148591
4954,01:22:34,Frazier,1,0.877187,"[0.607397, 0.505736, 0.0540552, 0.159049]",148629
4955,01:22:35,Frazier,1,0.875413,"[0.60825, 0.491004, 0.0514713, 0.18129]",148662
4956,01:22:36,Frazier,1,0.829099,"[0.618182, 0.485679, 0.0348324, 0.19082]",148686
4957,01:22:37,Frazier,1,0.883177,"[0.611777, 0.500007, 0.0462086, 0.164748]",148739
4958,01:22:38,Frazier,1,0.913653,"[0.608113, 0.498817, 0.0547247, 0.165061]",148750
4959,01:22:39,Frazier,1,0.898209,"[0.60629, 0.497581, 0.0582898, 0.167522]",148790
4960,01:22:40,Frazier,1,0.885838,"[0.606042, 0.497187, 0.0589056, 0.168296]",148800
4961,01:22:41,Frazier,1,0.908646,"[0.607861, 0.502023, 0.053719, 0.158634]",148858
4962,01:22:42,Frazier,1,0.911933,"[0.608547, 0.503615, 0.0522089, 0.155776]",148862
4963,01:22:43,Frazier,1,0.894358,"[0.605684, 0.497978, 0.0576775, 0.167269]",148890
4964,01:22:44,Frazier,1,0.86529,"[0.612526, 0.490649, 0.045118, 0.181911]",148922
4965,01:22:45,Frazier,1,0.771858,"[0.658076, 0.472474, 0.0399796, 0.198045]",148978
4966,01:22:46,Frazier,1,0.793127,"[0.625576, 0.481762, 0.0297451, 0.189765]",149004
4967,01:22:47,Frazier,1,0.717758,"[0.63257, 0.469796, 0.0252675, 0.214834]",149010
4968,01:22:48,Frazier,1,0.735231,"[0.632352, 0.457258, 0.0232609, 0.237428]",149041
5030,01:23:50,Frazier,1,0.847944,"[0.567783, 0.526541, 0.14118, 0.104604]",150921
5031,01:23:51,Frazier,1,0.936114,"[0.592047, 0.49957, 0.100128, 0.14426]",150957
5032,01:23:52,Frazier,1,0.944445,"[0.592736, 0.503433, 0.0918764, 0.149778]",150980
5033,01:23:53,Frazier,1,0.929536,"[0.599583, 0.509458, 0.0810059, 0.13558]",150993
5034,01:23:54,Frazier,1,0.933608,"[0.600791, 0.513685, 0.0801004, 0.124582]",151027
5035,01:23:55,Frazier,1,0.92335,"[0.607913, 0.500555, 0.067506, 0.145594]",151071
5036,01:23:56,Frazier,1,0.924608,"[0.607513, 0.496951, 0.0675578, 0.15525]",151086
5037,01:23:57,Frazier,1,0.924398,"[0.608464, 0.494338, 0.0679442, 0.150843]",151112
5038,01:23:58,Frazier,1,0.907006,"[0.604707, 0.494781, 0.0756994, 0.155762]",151140
5071,01:24:31,Frazier,1,0.794033,"[0.625821, 0.485307, 0.0331164, 0.193807]",152144
5072,01:24:32,Frazier,1,0.711569,"[0.628901, 0.481038, 0.0254117, 0.202266]",152189
5073,01:24:33,Frazier,1,0.80877,"[0.628151, 0.476324, 0.0302682, 0.201001]",152213
5074,01:24:34,Frazier,1,0.801996,"[0.652135, 0.480331, 0.0470371, 0.189767]",152231
5075,01:24:35,Frazier,1,0.887317,"[0.597334, 0.46046, 0.0579737, 0.210276]",152270
5076,01:24:36,Frazier,1,0.857744,"[0.609778, 0.457282, 0.0505297, 0.249625]",152281
5077,01:24:37,Frazier,1,0.736847,"[0.625488, 0.45291, 0.032663, 0.254116]",152311
5082,01:24:42,Frazier,1,0.712631,"[0.626255, 0.476611, 0.0321075, 0.208949]",152489
5083,01:24:43,Frazier,1,0.799146,"[0.621659, 0.486602, 0.0409746, 0.184572]",152519
5084,01:24:44,Frazier,1,0.932095,"[0.608428, 0.511098, 0.0597296, 0.151339]",152548
5085,01:24:45,Frazier,1,0.941301,"[0.608931, 0.508387, 0.0568687, 0.157226]",152567
5086,01:24:46,Frazier,1,0.909768,"[0.613141, 0.494147, 0.0525795, 0.179285]",152586
5087,01:24:47,Frazier,1,0.860536,"[0.620829, 0.490337, 0.0424878, 0.18558]",152622
5088,01:24:48,Frazier,1,0.878668,"[0.622039, 0.489446, 0.0405678, 0.179205]",152659
5089,01:24:49,Frazier,1,0.88085,"[0.613101, 0.503517, 0.0528113, 0.162897]",152699
5090,01:24:50,Frazier,1,0.884005,"[0.612455, 0.504307, 0.0535328, 0.161639]",152702
5091,01:24:51,Frazier,1,0.922443,"[0.607575, 0.495942, 0.0676827, 0.167765]",152757
5092,01:24:52,Frazier,1,0.936476,"[0.603513, 0.507252, 0.0713299, 0.148448]",152783
5093,01:24:53,Frazier,1,0.944184,"[0.602824, 0.506016, 0.0729493, 0.152051]",152795
5094,01:24:54,Frazier,1,0.929673,"[0.600834, 0.507682, 0.0750626, 0.147759]",152828
5095,01:24:55,Frazier,1,0.925819,"[0.600739, 0.508047, 0.0751897, 0.149243]",152873
5096,01:24:56,Frazier,1,0.927847,"[0.607018, 0.503062, 0.0639425, 0.155884]",152890
5125,01:25:25,Forceps,2,0.902755,"[0.590451, 0.484904, 0.0726086, 0.134483]",153779
5126,01:25:26,Forceps,2,0.933356,"[0.600254, 0.491129, 0.0758134, 0.176945]",153789
5127,01:25:27,Forceps,2,0.864504,"[0.623008, 0.451791, 0.0534176, 0.248631]",153835
5128,01:25:28,Forceps,2,0.90399,"[0.612169, 0.480579, 0.064875, 0.201057]",153856
5129,01:25:29,Forceps,2,0.90504,"[0.600486, 0.468728, 0.0793866, 0.208567]",153870
5130,01:25:30,Forceps,2,0.937728,"[0.611858, 0.486135, 0.0594059, 0.195851]",153928
5131,01:25:31,Forceps,2,0.937547,"[0.61252, 0.486081, 0.0586236, 0.19522]",153933
5132,01:25:32,Forceps,2,0.929157,"[0.614485, 0.506733, 0.0563969, 0.151631]",153983
5133,01:25:33,Forceps,2,0.919824,"[0.613547, 0.510197, 0.0574574, 0.143971]",153999
5134,01:25:34,Forceps,2,0.933421,"[0.612606, 0.526938, 0.054078, 0.123684]",154023
5135,01:25:35,Forceps,2,0.960315,"[0.606332, 0.505348, 0.0707689, 0.156331]",154076
5136,01:25:36,Forceps,2,0.92391,"[0.60986, 0.525436, 0.0610242, 0.124389]",154091
5137,01:25:37,Forceps,2,0.917002,"[0.602531, 0.497412, 0.0771554, 0.17709]",154139
5138,01:25:38,Forceps,2,0.967422,"[0.60795, 0.505121, 0.0677078, 0.159692]",154146
5139,01:25:39,Forceps,2,0.963856,"[0.614316, 0.502816, 0.0598199, 0.154966]",154174
5140,01:25:40,Forceps,2,0.93305,"[0.623114, 0.490493, 0.0469574, 0.172641]",154208
5141,01:25:41,Forceps,2,0.937799,"[0.620688, 0.501473, 0.0473643, 0.159834]",154259
5142,01:25:42,Forceps,2,0.923183,"[0.621099, 0.503318, 0.0462364, 0.157422]",154260
5143,01:25:43,Forceps,2,0.916465,"[0.623166, 0.502426, 0.0472328, 0.150241]",154306
5144,01:25:44,Forceps,2,0.910961,"[0.626235, 0.499783, 0.0412249, 0.163659]",154324
5145,01:25:45,Forceps,2,0.885615,"[0.626192, 0.535359, 0.0469328, 0.0862502]",154353
5146,01:25:46,Forceps,2,0.925184,"[0.621304, 0.494147, 0.0511124, 0.173959]",154394
5147,01:25:47,Forceps,2,0.928095,"[0.620365, 0.510754, 0.0491817, 0.144654]",154414
5148,01:25:48,Forceps,2,0.907494,"[0.621816, 0.48898, 0.0527746, 0.181919]",154467
5149,01:25:49,Forceps,2,0.916215,"[0.622599, 0.489235, 0.0520392, 0.176026]",154477
5150,01:25:50,Forceps,2,0.858936,"[0.616422, 0.475171, 0.0673794, 0.202377]",154529
5151,01:25:51,Forceps,2,0.89864,"[0.609623, 0.478572, 0.0786213, 0.20842]",154540
5152,01:25:52,Forceps,2,0.902159,"[0.614752, 0.481463, 0.0698042, 0.203195]",154575
5153,01:25:53,Forceps,2,0.892399,"[0.61464, 0.479609, 0.0685093, 0.20914]",154592
5154,01:25:54,Forceps,2,0.91246,"[0.620758, 0.478711, 0.0565575, 0.2012]",154648
5155,01:25:55,Forceps,2,0.913252,"[0.608413, 0.484235, 0.0830854, 0.192643]",154670
5156,01:25:56,Forceps,2,0.810547,"[0.591942, 0.508026, 0.10092, 0.139758]",154693
5200,01:26:40,Bovie,0,0.934311,"[0.585584, 0.444899, 0.112971, 0.257247]",156029
5201,01:26:41,Bovie,0,0.955776,"[0.592993, 0.440772, 0.100005, 0.265764]",156038
5202,01:26:42,Bovie,0,0.940203,"[0.609082, 0.445821, 0.0683447, 0.257085]",156073
5203,01:26:43,Bovie,0,0.945745,"[0.595835, 0.480012, 0.0911893, 0.200672]",156106
5204,01:26:44,Bovie,0,0.951926,"[0.594368, 0.478438, 0.0929848, 0.208045]",156144
5205,01:26:45,Bovie,0,0.953863,"[0.593684, 0.483941, 0.0916835, 0.202367]",156161
5206,01:26:46,Bovie,0,0.952041,"[0.596788, 0.47849, 0.0876956, 0.206627]",156189
5207,01:26:47,Bovie,0,0.951996,"[0.5949, 0.482136, 0.0903216, 0.197798]",156215
5208,01:26:48,Bovie,0,0.940202,"[0.602781, 0.458241, 0.081672, 0.238067]",156251
5209,01:26:49,Bovie,0,0.93674,"[0.584604, 0.464155, 0.107314, 0.227997]",156297
5210,01:26:50,Bovie,0,0.933073,"[0.597906, 0.46304, 0.0874008, 0.230474]",156301
5211,01:26:51,Bovie,0,0.937298,"[0.597925, 0.461425, 0.0928841, 0.226383]",156337
5212,01:26:52,Bovie,0,0.898783,"[0.593632, 0.49245, 0.0888931, 0.180253]",156389
5213,01:26:53,Bovie,0,0.913482,"[0.593415, 0.495337, 0.0902804, 0.180033]",156390
5214,01:26:54,Bovie,0,0.908444,"[0.615292, 0.472283, 0.0616306, 0.202997]",156449
5215,01:26:55,Bovie,0,0.934215,"[0.623439, 0.464011, 0.0504139, 0.22504]",156467
5216,01:26:56,Bovie,0,0.953632,"[0.628921, 0.475723, 0.0460842, 0.202558]",156488
5217,01:26:57,Bovie,0,0.945327,"[0.626448, 0.469944, 0.0445257, 0.217194]",156528
5218,01:26:58,Bovie,0,0.943148,"[0.625415, 0.471408, 0.0449214, 0.215091]",156547
5219,01:26:59,Bovie,0,0.960449,"[0.626719, 0.479672, 0.0434827, 0.200783]",156578
5220,01:27:00,Bovie,0,0.937608,"[0.637477, 0.468064, 0.0323049, 0.218106]",156623
5221,01:27:01,Bovie,0,0.937595,"[0.636708, 0.468091, 0.03264, 0.221989]",156631
5222,01:27:02,Bovie,0,0.927694,"[0.635436, 0.46497, 0.0345542, 0.225577]",156662
5223,01:27:03,Bovie,0,0.953337,"[0.623782, 0.466395, 0.0519741, 0.217305]",156692
5224,01:27:04,Bovie,0,0.940414,"[0.632849, 0.474956, 0.0384684, 0.202769]",156723
5225,01:27:05,Bovie,0,0.931315,"[0.615502, 0.448686, 0.0643808, 0.247811]",156755
5226,01:27:06,Bovie,0,0.940013,"[0.623453, 0.460719, 0.0472618, 0.228676]",156783
5227,01:27:07,Bovie,0,0.961289,"[0.637959, 0.467964, 0.0318068, 0.210865]",156818
5228,01:27:08,Bovie,0,0.918974,"[0.64549, 0.447076, 0.02761, 0.255591]",156864
5229,01:27:09,Bovie,0,0.9311,"[0.640304, 0.432329, 0.029325, 0.270515]",156881
5230,01:27:10,Bovie,0,0.941079,"[0.639836, 0.43382, 0.0301801, 0.271904]",156904
5231,01:27:11,Bovie,0,0.941724,"[0.638871, 0.446527, 0.0306712, 0.249894]",156942
5232,01:27:12,Bovie,0,0.938327,"[0.623603, 0.446893, 0.0405554, 0.252456]",156989
5233,01:27:13,Bovie,0,0.93398,"[0.638158, 0.44478, 0.0290932, 0.253406]",157001
5234,01:27:14,Bovie,0,0.926741,"[0.647735, 0.461109, 0.0268402, 0.239192]",157022
5235,01:27:15,Bovie,0,0.931487,"[0.644081, 0.45073, 0.0258337, 0.25424]",157073
5236,01:27:16,Bovie,0,0.886765,"[0.648207, 0.434921, 0.0266029, 0.276612]",157097
5237,01:27:17,Bovie,0,0.887496,"[0.640199, 0.434023, 0.0300486, 0.276102]",157120
5238,01:27:18,Bovie,0,0.896065,"[0.640777, 0.430607, 0.030031, 0.28151]",157155
5239,01:27:19,Bovie,0,0.818656,"[0.648643, 0.432354, 0.0266939, 0.27798]",157199
5240,01:27:20,Bovie,0,0.843723,"[0.649885, 0.434055, 0.0256079, 0.272384]",157201
5241,01:27:21,Bovie,0,0.887004,"[0.649493, 0.457499, 0.0209839, 0.234923]",157246
5242,01:27:22,Bovie,0,0.826885,"[0.642722, 0.443202, 0.023407, 0.263392]",157280
5243,01:27:23,Bovie,0,0.859135,"[0.636836, 0.436579, 0.0258989, 0.275271]",157318
5244,01:27:24,Bovie,0,0.912605,"[0.620558, 0.428378, 0.0592391, 0.293941]",157344
5245,01:27:25,Bovie,0,0.852268,"[0.632675, 0.425831, 0.0417744, 0.300499]",157364
5246,01:27:26,Bovie,0,0.893169,"[0.61929, 0.429358, 0.0510736, 0.298402]",157408
5247,01:27:27,Bovie,0,0.880872,"[0.618556, 0.423965, 0.0519533, 0.307651]",157410
5248,01:27:28,Bovie,0,0.946453,"[0.612213, 0.425771, 0.0676159, 0.299809]",157461
5249,01:27:29,Bovie,0,0.897621,"[0.616929, 0.426024, 0.0563946, 0.304468]",157494
5250,01:27:30,Bovie,0,0.900865,"[0.619514, 0.421779, 0.0546056, 0.310447]",157510
5251,01:27:31,Bovie,0,0.88842,"[0.624904, 0.418236, 0.0425718, 0.311788]",157552
5252,01:27:32,Bovie,0,0.885009,"[0.623903, 0.42396, 0.041244, 0.306138]",157584
5253,01:27:33,Bovie,0,0.890003,"[0.62355, 0.424553, 0.0420125, 0.304958]",157594
5254,01:27:34,Bovie,0,0.887829,"[0.622376, 0.426065, 0.0443539, 0.304736]",157632
5255,01:27:35,Bovie,0,0.874232,"[0.622228, 0.425176, 0.0434733, 0.308438]",157650
5256,01:27:36,Bovie,0,0.885722,"[0.638163, 0.436, 0.0263643, 0.284985]",157696
5257,01:27:37,Bovie,0,0.87089,"[0.633776, 0.437192, 0.0302088, 0.28366]",157731
5258,01:27:38,Bovie,0,0.898246,"[0.635221, 0.441466, 0.0279695, 0.274822]",157746
5259,01:27:39,Bovie,0,0.89145,"[0.634855, 0.438673, 0.0278351, 0.278098]",157770
5260,01:27:40,Bovie,0,0.876843,"[0.635837, 0.443633, 0.0286011, 0.271066]",157817
5261,01:27:41,Bovie,0,0.847579,"[0.623889, 0.442982, 0.038864, 0.2712]",157852
5262,01:27:42,Bovie,0,0.849032,"[0.635391, 0.436198, 0.0294539, 0.279978]",157875
5263,01:27:43,Bovie,0,0.835373,"[0.641338, 0.441033, 0.0215155, 0.270163]",157910
5264,01:27:44,Bovie,0,0.834246,"[0.635816, 0.441457, 0.0283318, 0.272628]",157932
5265,01:27:45,Bovie,0,0.87305,"[0.623817, 0.452286, 0.0370582, 0.247219]",157967
5266,01:27:46,Bovie,0,0.822645,"[0.631039, 0.439958, 0.0319027, 0.284501]",157981
5267,01:27:47,Bovie,0,0.858338,"[0.635504, 0.443694, 0.0252333, 0.272683]",158027
5268,01:27:48,Bovie,0,0.850437,"[0.643245, 0.439804, 0.0229519, 0.273309]",158050
5269,01:27:49,Bovie,0,0.858867,"[0.625068, 0.436428, 0.0382643, 0.281583]",158085
5270,01:27:50,Bovie,0,0.888341,"[0.617418, 0.431041, 0.0546474, 0.297789]",158105
5271,01:27:51,Bovie,0,0.890506,"[0.623333, 0.432747, 0.0400853, 0.296183]",158136
5272,01:27:52,Bovie,0,0.851801,"[0.634384, 0.439093, 0.0277477, 0.278313]",158177
5273,01:27:53,Bovie,0,0.791547,"[0.634695, 0.439504, 0.02795, 0.276501]",158192
5274,01:27:54,Bovie,0,0.768415,"[0.635487, 0.442617, 0.0256176, 0.27802]",158239
5275,01:27:55,Bovie,0,0.753225,"[0.636072, 0.442062, 0.0253449, 0.274994]",158250
5276,01:27:56,Bovie,0,0.889187,"[0.627129, 0.439341, 0.0335463, 0.278664]",158299
5277,01:27:57,Bovie,0,0.90179,"[0.616279, 0.428474, 0.0546281, 0.305979]",158313
5278,01:27:58,Bovie,0,0.800259,"[0.637772, 0.431543, 0.0275659, 0.303966]",158348
5279,01:27:59,Bovie,0,0.813129,"[0.630528, 0.434701, 0.0352194, 0.297325]",158375
5280,01:28:00,Bovie,0,0.797541,"[0.638571, 0.436266, 0.0263758, 0.291818]",158412
5281,01:28:01,Bovie,0,0.939334,"[0.62748, 0.441993, 0.0385137, 0.28318]",158451
5282,01:28:02,Bovie,0,0.916213,"[0.631844, 0.441609, 0.0308188, 0.282759]",158461
5283,01:28:03,Bovie,0,0.892974,"[0.631283, 0.463826, 0.0377716, 0.221895]",158519
5284,01:28:04,Bovie,0,0.960068,"[0.626249, 0.478309, 0.0439419, 0.199768]",158527
5285,01:28:05,Bovie,0,0.929711,"[0.641823, 0.47599, 0.0232435, 0.198423]",158551
5286,01:28:06,Bovie,0,0.889833,"[0.640123, 0.466522, 0.0265216, 0.220334]",158599
5287,01:28:07,Bovie,0,0.948417,"[0.625098, 0.471221, 0.0445854, 0.213888]",158639
5288,01:28:08,Bovie,0,0.969992,"[0.623005, 0.47499, 0.0448825, 0.20681]",158645
5289,01:28:09,Bovie,0,0.963551,"[0.626217, 0.478129, 0.04214, 0.199817]",158677
5290,01:28:10,Bovie,0,0.910735,"[0.6218, 0.45158, 0.0470198, 0.249215]",158701
5291,01:28:11,Bovie,0,0.918902,"[0.578227, 0.470519, 0.116011, 0.190039]",158750
5292,01:28:12,Bovie,0,0.922906,"[0.598163, 0.443638, 0.0960124, 0.24585]",158775
5293,01:28:13,Bovie,0,0.885907,"[0.580457, 0.476522, 0.110066, 0.176899]",158818
5294,01:28:14,Bovie,0,0.927381,"[0.607321, 0.436299, 0.0717546, 0.268167]",158849
5295,01:28:15,Bovie,0,0.933873,"[0.608182, 0.433492, 0.0701146, 0.273578]",158850
5296,01:28:16,Bovie,0,0.942552,"[0.593024, 0.443078, 0.092565, 0.256929]",158892
5297,01:28:17,Bovie,0,0.887828,"[0.633355, 0.433273, 0.0320398, 0.282119]",158913
5298,01:28:18,Bovie,0,0.935014,"[0.598597, 0.442393, 0.0846684, 0.254545]",158969
5299,01:28:19,Bovie,0,0.951479,"[0.588736, 0.435422, 0.100802, 0.272362]",158992
5300,01:28:20,Bovie,0,0.951136,"[0.591186, 0.436909, 0.0964262, 0.269219]",159000
5302,01:28:22,Bovie,0,0.944122,"[0.587688, 0.447949, 0.101553, 0.252652]",159084
5303,01:28:23,Bovie,0,0.95176,"[0.584707, 0.441284, 0.10722, 0.259333]",159105
5304,01:28:24,Bovie,0,0.951315,"[0.590075, 0.431936, 0.097334, 0.276619]",159128
5305,01:28:25,Bovie,0,0.940935,"[0.589966, 0.472265, 0.0956648, 0.212171]",159162
5306,01:28:26,Bovie,0,0.942607,"[0.588501, 0.47713, 0.097455, 0.206506]",159199
5307,01:28:27,Bovie,0,0.944598,"[0.581273, 0.446966, 0.111847, 0.24997]",159227
5308,01:28:28,Bovie,0,0.953192,"[0.58216, 0.444149, 0.10943, 0.254323]",159258
5309,01:28:29,Bovie,0,0.956317,"[0.580693, 0.442221, 0.113145, 0.259186]",159297
5310,01:28:30,Bovie,0,0.954884,"[0.583488, 0.443417, 0.108261, 0.255196]",159302
5311,01:28:31,Bovie,0,0.947638,"[0.582917, 0.459563, 0.110487, 0.225377]",159332
5312,01:28:32,Bovie,0,0.952081,"[0.59283, 0.439003, 0.091375, 0.260954]",159362
5313,01:28:33,Bovie,0,0.960517,"[0.595984, 0.431057, 0.0871604, 0.284094]",159418
5314,01:28:34,Bovie,0,0.958465,"[0.594494, 0.431179, 0.0915641, 0.278701]",159429
5315,01:28:35,Bovie,0,0.955984,"[0.593091, 0.432191, 0.093807, 0.274326]",159476
5316,01:28:36,Bovie,0,0.956221,"[0.588097, 0.432887, 0.103913, 0.274383]",159491
5317,01:28:37,Bovie,0,0.952148,"[0.587672, 0.436772, 0.103407, 0.265373]",159512
5318,01:28:38,Bovie,0,0.945918,"[0.574248, 0.453006, 0.125457, 0.241457]",159566
5319,01:28:39,Bovie,0,0.946045,"[0.575549, 0.449321, 0.121731, 0.244663]",159577
5320,01:28:40,Bovie,0,0.956543,"[0.569808, 0.451045, 0.129288, 0.247824]",159622
5321,01:28:41,Bovie,0,0.957901,"[0.588575, 0.429744, 0.104374, 0.272601]",159644
5322,01:28:42,Bovie,0,0.955868,"[0.584408, 0.435876, 0.111504, 0.262472]",159672
5323,01:28:43,Bovie,0,0.951867,"[0.596002, 0.428302, 0.0912254, 0.275825]",159707
5324,01:28:44,Bovie,0,0.958022,"[0.602679, 0.416025, 0.0837413, 0.291446]",159731
5325,01:28:45,Bovie,0,0.962943,"[0.594293, 0.415578, 0.101066, 0.29098]",159770
5326,01:28:46,Bovie,0,0.962021,"[0.599183, 0.412217, 0.0928743, 0.299763]",159805
5327,01:28:47,Bovie,0,0.948374,"[0.603334, 0.413341, 0.0830078, 0.294477]",159824
5328,01:28:48,Bovie,0,0.961282,"[0.600484, 0.416568, 0.0866959, 0.290474]",159851
5329,01:28:49,Bovie,0,0.958248,"[0.599939, 0.422863, 0.0864304, 0.283973]",159890
5330,01:28:50,Bovie,0,0.952397,"[0.588594, 0.433194, 0.102475, 0.270865]",159905
5331,01:28:51,Bovie,0,0.949855,"[0.602424, 0.421248, 0.0807346, 0.289466]",159953
5332,01:28:52,Bovie,0,0.955374,"[0.599058, 0.426458, 0.0850454, 0.283989]",159964
5333,01:28:53,Bovie,0,0.959851,"[0.596064, 0.432363, 0.0876147, 0.276578]",160008
5334,01:28:54,Bovie,0,0.955279,"[0.592762, 0.43874, 0.0941277, 0.268235]",160020
5335,01:28:55,Bovie,0,0.954182,"[0.596618, 0.436265, 0.0875682, 0.270061]",160077
5336,01:28:56,Bovie,0,0.94997,"[0.594548, 0.440953, 0.0921539, 0.259954]",160095
5337,01:28:57,Bovie,0,0.942479,"[0.590074, 0.448672, 0.0954264, 0.242749]",160136
5338,01:28:58,Bovie,0,0.950896,"[0.594778, 0.441079, 0.0894042, 0.258075]",160145
5339,01:28:59,Bovie,0,0.940282,"[0.587196, 0.449823, 0.101038, 0.25069]",160199
5340,01:29:00,Bovie,0,0.958032,"[0.59389, 0.417041, 0.0983431, 0.292159]",160228
5341,01:29:01,Bovie,0,0.962524,"[0.59754, 0.416194, 0.090177, 0.295669]",160236
5342,01:29:02,Bovie,0,0.940322,"[0.639444, 0.431738, 0.0279071, 0.279252]",160277
5343,01:29:03,Bovie,0,0.958945,"[0.595787, 0.429681, 0.0925045, 0.279894]",160311
5344,01:29:04,Bovie,0,0.954448,"[0.595771, 0.439902, 0.0922895, 0.261428]",160340
5345,01:29:05,Bovie,0,0.959592,"[0.596911, 0.44276, 0.08985, 0.251515]",160370
5346,01:29:06,Bovie,0,0.955274,"[0.594832, 0.435771, 0.0924703, 0.269681]",160409
5347,01:29:07,Bovie,0,0.957556,"[0.593745, 0.438179, 0.0929722, 0.264947]",160419
5348,01:29:08,Bovie,0,0.956875,"[0.596329, 0.440668, 0.0889553, 0.263357]",160454
5349,01:29:09,Bovie,0,0.95306,"[0.597603, 0.446089, 0.0854494, 0.24945]",160494
5350,01:29:10,Bovie,0,0.952942,"[0.597774, 0.446044, 0.0855375, 0.24923]",160504
5351,01:29:11,Bovie,0,0.953961,"[0.58947, 0.440073, 0.0983919, 0.266446]",160537
5352,01:29:12,Bovie,0,0.946599,"[0.571177, 0.454877, 0.131711, 0.229174]",160573
5353,01:29:13,Bovie,0,0.948279,"[0.571657, 0.450947, 0.129171, 0.243869]",160595
5354,01:29:14,Bovie,0,0.931453,"[0.588925, 0.435161, 0.09865, 0.269733]",160630
5355,01:29:15,Bovie,0,0.932298,"[0.60164, 0.425485, 0.0820178, 0.282055]",160667
5356,01:29:16,Bovie,0,0.946885,"[0.595019, 0.418162, 0.0921162, 0.296712]",160686
5357,01:29:17,Bovie,0,0.94825,"[0.597865, 0.417136, 0.0862625, 0.304717]",160724
5358,01:29:18,Bovie,0,0.942691,"[0.615396, 0.422725, 0.0583946, 0.290984]",160740
5359,01:29:19,Bovie,0,0.857182,"[0.613903, 0.4009, 0.0597968, 0.335338]",160783
5370,01:29:30,Bovie,0,0.882441,"[0.585107, 0.40609, 0.109959, 0.329817]",161128
5371,01:29:31,Bovie,0,0.913402,"[0.597372, 0.41858, 0.0867216, 0.305931]",161141
5372,01:29:32,Bovie,0,0.883722,"[0.612736, 0.423771, 0.0579686, 0.291797]",161189
5373,01:29:33,Bovie,0,0.927276,"[0.590808, 0.42153, 0.0953922, 0.312397]",161214
5374,01:29:34,Bovie,0,0.933637,"[0.588602, 0.408773, 0.104245, 0.323163]",161223
5380,01:29:40,Bovie,0,0.94433,"[0.587724, 0.413573, 0.107404, 0.32964]",161429
5381,01:29:41,Bovie,0,0.951862,"[0.58366, 0.413729, 0.114203, 0.328895]",161437
5382,01:29:42,Bovie,0,0.944641,"[0.58411, 0.41368, 0.112721, 0.325618]",161489
5383,01:29:43,Bovie,0,0.945779,"[0.583849, 0.413266, 0.112981, 0.325936]",161492
5384,01:29:44,Bovie,0,0.935832,"[0.581712, 0.408514, 0.119641, 0.338938]",161549
5385,01:29:45,Bovie,0,0.951954,"[0.584424, 0.408751, 0.111575, 0.334833]",161569
5386,01:29:46,Bovie,0,0.950108,"[0.58573, 0.414093, 0.112969, 0.324451]",161609
5387,01:29:47,Bovie,0,0.950267,"[0.586048, 0.41319, 0.113403, 0.32702]",161610
5388,01:29:48,Bovie,0,0.945375,"[0.589607, 0.413681, 0.106985, 0.325644]",161640
5389,01:29:49,Bovie,0,0.937146,"[0.596831, 0.418878, 0.0889411, 0.32008]",161694
5390,01:29:50,Bovie,0,0.945381,"[0.598173, 0.414423, 0.0877089, 0.32702]",161707
5391,01:29:51,Bovie,0,0.877386,"[0.623519, 0.438033, 0.0375809, 0.287714]",161744
5392,01:29:52,Bovie,0,0.900801,"[0.614652, 0.439146, 0.0585863, 0.283416]",161785
5393,01:29:53,Bovie,0,0.888367,"[0.617522, 0.42931, 0.0533647, 0.306653]",161791
5394,01:29:54,Bovie,0,0.709994,"[0.631435, 0.445776, 0.0318497, 0.271036]",161820
