frame,timestamp_sec,timestamp_hhmmss,class,confidence,bbox
1,0.03333333333333333,00:00:00.03,3,,"[0.564896, 0.533861, 0.105971, 0.238712]"
2,0.06666666666666667,00:00:00.06,3,,"[0.565566, 0.53261, 0.104771, 0.240651]"
3,0.1,00:00:00.10,3,,"[0.565628, 0.530941, 0.104898, 0.244806]"
4,0.13333333333333333,00:00:00.13,3,,"[0.565442, 0.528864, 0.104688, 0.248015]"
5,0.16666666666666666,00:00:00.16,3,,"[0.56611, 0.529201, 0.103213, 0.247491]"
6,0.2,00:00:00.20,3,,"[0.566165, 0.529166, 0.102806, 0.247682]"
7,0.23333333333333334,00:00:00.23,3,,"[0.565767, 0.529898, 0.102561, 0.24896]"
8,0.26666666666666666,00:00:00.26,3,,"[0.566987, 0.528635, 0.102958, 0.250005]"
9,0.3,00:00:00.30,3,,"[0.566628, 0.53001, 0.104526, 0.250159]"
10,0.3333333333333333,00:00:00.33,3,,"[0.56657, 0.529331, 0.105271, 0.25179]"
11,0.36666666666666664,00:00:00.36,3,,"[0.567046, 0.528096, 0.104381, 0.252215]"
12,0.4,00:00:00.40,3,,"[0.567027, 0.528596, 0.103688, 0.25139]"
13,0.43333333333333335,00:00:00.43,3,,"[0.567583, 0.528991, 0.102408, 0.251532]"
14,0.4666666666666667,00:00:00.46,3,,"[0.568019, 0.533028, 0.102517, 0.243406]"
15,0.5,00:00:00.50,3,,"[0.567695, 0.532933, 0.103258, 0.243991]"
16,0.5333333333333333,00:00:00.53,3,,"[0.567622, 0.532848, 0.103604, 0.244972]"
17,0.5666666666666667,00:00:00.56,3,,"[0.567673, 0.532704, 0.103255, 0.245154]"
18,0.6,00:00:00.60,3,,"[0.567893, 0.533067, 0.103521, 0.244211]"
19,0.6333333333333333,00:00:00.63,3,,"[0.568438, 0.534971, 0.102034, 0.240282]"
20,0.6666666666666666,00:00:00.66,3,,"[0.568829, 0.535766, 0.101676, 0.239076]"
21,0.7,00:00:00.70,3,,"[0.569058, 0.533629, 0.101149, 0.243249]"
22,0.7333333333333333,00:00:00.73,3,,"[0.569049, 0.532953, 0.101088, 0.244675]"
23,0.7666666666666667,00:00:00.76,3,,"[0.569084, 0.533243, 0.101267, 0.24409]"
24,0.8,00:00:00.80,3,,"[0.56887, 0.532341, 0.101646, 0.245982]"
25,0.8333333333333334,00:00:00.83,3,,"[0.568873, 0.532938, 0.101717, 0.244989]"
26,0.8666666666666667,00:00:00.86,3,,"[0.569174, 0.533138, 0.101075, 0.24392]"
27,0.9,00:00:00.90,3,,"[0.568838, 0.532686, 0.101393, 0.244576]"
28,0.9333333333333333,00:00:00.93,3,,"[0.568602, 0.53415, 0.102147, 0.24171]"
29,0.9666666666666667,00:00:00.96,3,,"[0.567842, 0.534817, 0.103064, 0.240299]"
30,1.0,00:00:01.00,3,,"[0.568424, 0.533596, 0.101657, 0.242839]"
31,1.0333333333333334,00:00:01.03,3,,"[0.568296, 0.535029, 0.102031, 0.240074]"
32,1.0666666666666667,00:00:01.06,3,,"[0.566997, 0.53452, 0.103407, 0.242087]"
33,1.1,00:00:01.10,3,,"[0.567307, 0.537777, 0.103923, 0.236133]"
34,1.1333333333333333,00:00:01.13,3,,"[0.566952, 0.53892, 0.105604, 0.234331]"
35,1.1666666666666667,00:00:01.16,3,,"[0.56618, 0.538684, 0.106589, 0.234732]"
36,1.2,00:00:01.19,3,,"[0.565963, 0.541253, 0.10782, 0.229921]"
37,1.2333333333333334,00:00:01.23,3,,"[0.56604, 0.542127, 0.107042, 0.22837]"
38,1.2666666666666666,00:00:01.26,3,,"[0.565816, 0.541234, 0.107314, 0.230125]"
39,1.3,00:00:01.30,3,,"[0.565217, 0.539889, 0.108501, 0.233501]"
40,1.3333333333333333,00:00:01.33,3,,"[0.564734, 0.539349, 0.108835, 0.234483]"
41,1.3666666666666667,00:00:01.36,3,,"[0.564696, 0.539125, 0.108533, 0.234944]"
42,1.4,00:00:01.39,3,,"[0.564955, 0.53896, 0.10721, 0.23547]"
43,1.4333333333333333,00:00:01.43,3,,"[0.564774, 0.537833, 0.10595, 0.237213]"
44,1.4666666666666666,00:00:01.46,3,,"[0.564801, 0.538714, 0.105746, 0.235123]"
45,1.5,00:00:01.50,3,,"[0.564655, 0.53803, 0.106009, 0.236083]"
46,1.5333333333333334,00:00:01.53,3,,"[0.564942, 0.538542, 0.106751, 0.235326]"
47,1.5666666666666667,00:00:01.56,3,,"[0.565085, 0.538687, 0.106497, 0.234927]"
48,1.6,00:00:01.60,3,,"[0.56521, 0.538517, 0.106232, 0.235491]"
49,1.6333333333333333,00:00:01.63,3,,"[0.564929, 0.538986, 0.105743, 0.234158]"
50,1.6666666666666667,00:00:01.66,3,,"[0.565097, 0.540171, 0.105342, 0.230942]"
51,1.7,00:00:01.70,3,,"[0.565219, 0.540177, 0.105629, 0.230809]"
52,1.7333333333333334,00:00:01.73,3,,"[0.565, 0.538512, 0.105914, 0.234015]"
53,1.7666666666666666,00:00:01.76,3,,"[0.564784, 0.538616, 0.106217, 0.233511]"
54,1.8,00:00:01.80,3,,"[0.564674, 0.537561, 0.106732, 0.235822]"
55,1.8333333333333333,00:00:01.83,3,,"[0.564584, 0.537205, 0.107189, 0.236762]"
56,1.8666666666666667,00:00:01.86,3,,"[0.56489, 0.537448, 0.106754, 0.236242]"
57,1.9,00:00:01.89,3,,"[0.564948, 0.537323, 0.10657, 0.236645]"
58,1.9333333333333333,00:00:01.93,3,,"[0.564897, 0.537557, 0.106459, 0.236041]"
59,1.9666666666666666,00:00:01.96,3,,"[0.564917, 0.537495, 0.106321, 0.236169]"
60,2.0,00:00:02.00,3,,"[0.564863, 0.537368, 0.106602, 0.236465]"
61,2.033333333333333,00:00:02.03,3,,"[0.564862, 0.537312, 0.106596, 0.236731]"
62,2.066666666666667,00:00:02.06,3,,"[0.56479, 0.537308, 0.106499, 0.23657]"
63,2.1,00:00:02.10,3,,"[0.564903, 0.537339, 0.106673, 0.236788]"
64,2.1333333333333333,00:00:02.13,3,,"[0.564767, 0.537279, 0.106489, 0.236876]"
65,2.1666666666666665,00:00:02.16,3,,"[0.564802, 0.537776, 0.106334, 0.236139]"
66,2.2,00:00:02.20,3,,"[0.56479, 0.537766, 0.106334, 0.236341]"
67,2.2333333333333334,00:00:02.23,3,,"[0.564693, 0.537963, 0.106301, 0.236021]"
68,2.2666666666666666,00:00:02.26,3,,"[0.564765, 0.538089, 0.106223, 0.235775]"
69,2.3,00:00:02.29,3,,"[0.564917, 0.538152, 0.106344, 0.235812]"
70,2.3333333333333335,00:00:02.33,3,,"[0.56473, 0.538262, 0.106336, 0.235357]"
71,2.3666666666666667,00:00:02.36,3,,"[0.564863, 0.538169, 0.106276, 0.235681]"
72,2.4,00:00:02.39,3,,"[0.564888, 0.538202, 0.106358, 0.235435]"
73,2.433333333333333,00:00:02.43,3,,"[0.564932, 0.538453, 0.106831, 0.235047]"
74,2.466666666666667,00:00:02.46,3,,"[0.564944, 0.538392, 0.106654, 0.234979]"
75,2.5,00:00:02.50,3,,"[0.565027, 0.538944, 0.106372, 0.234203]"
76,2.533333333333333,00:00:02.53,3,,"[0.564864, 0.538745, 0.106092, 0.234382]"
77,2.566666666666667,00:00:02.56,3,,"[0.564801, 0.538931, 0.105955, 0.233658]"
78,2.6,00:00:02.60,3,,"[0.564801, 0.538472, 0.105902, 0.234748]"
79,2.6333333333333333,00:00:02.63,3,,"[0.564729, 0.538642, 0.105486, 0.234234]"
80,2.6666666666666665,00:00:02.66,3,,"[0.564885, 0.539081, 0.105666, 0.233481]"
81,2.7,00:00:02.70,3,,"[0.564873, 0.539346, 0.105669, 0.232732]"
82,2.7333333333333334,00:00:02.73,3,,"[0.564855, 0.539454, 0.105605, 0.232452]"
83,2.7666666666666666,00:00:02.76,3,,"[0.564713, 0.539371, 0.105312, 0.232156]"
84,2.8,00:00:02.79,3,,"[0.564736, 0.539277, 0.105351, 0.232472]"
85,2.8333333333333335,00:00:02.83,3,,"[0.564897, 0.538857, 0.105563, 0.233785]"
86,2.8666666666666667,00:00:02.86,3,,"[0.564795, 0.539042, 0.105401, 0.233389]"
87,2.9,00:00:02.89,3,,"[0.56482, 0.539106, 0.105559, 0.23335]"
88,2.933333333333333,00:00:02.93,3,,"[0.564664, 0.539207, 0.105094, 0.232903]"
89,2.966666666666667,00:00:02.96,3,,"[0.564794, 0.539336, 0.105432, 0.232677]"
90,3.0,00:00:03.00,3,,"[0.564661, 0.539426, 0.105077, 0.232433]"
91,3.033333333333333,00:00:03.03,3,,"[0.564777, 0.539533, 0.105815, 0.232375]"
92,3.066666666666667,00:00:03.06,3,,"[0.564815, 0.539438, 0.106332, 0.232925]"
93,3.1,00:00:03.10,3,,"[0.564792, 0.53897, 0.106579, 0.233576]"
94,3.1333333333333333,00:00:03.13,3,,"[0.564751, 0.539044, 0.106508, 0.233593]"
95,3.1666666666666665,00:00:03.16,3,,"[0.564767, 0.53912, 0.10643, 0.233051]"
96,3.2,00:00:03.20,3,,"[0.564721, 0.538828, 0.106492, 0.233637]"
97,3.2333333333333334,00:00:03.23,3,,"[0.564722, 0.539132, 0.106771, 0.23317]"
98,3.2666666666666666,00:00:03.26,3,,"[0.564702, 0.53958, 0.106519, 0.232121]"
99,3.3,00:00:03.29,3,,"[0.564777, 0.53927, 0.106456, 0.232699]"
100,3.3333333333333335,00:00:03.33,3,,"[0.564782, 0.539496, 0.106185, 0.232419]"
101,3.3666666666666667,00:00:03.36,3,,"[0.564635, 0.539397, 0.106181, 0.232589]"
102,3.4,00:00:03.39,3,,"[0.564792, 0.539717, 0.105742, 0.231871]"
103,3.433333333333333,00:00:03.43,3,,"[0.564693, 0.539843, 0.10594, 0.23178]"
104,3.466666666666667,00:00:03.46,3,,"[0.564643, 0.539431, 0.105894, 0.232387]"
105,3.5,00:00:03.50,3,,"[0.564694, 0.539757, 0.105649, 0.231557]"
106,3.533333333333333,00:00:03.53,3,,"[0.564434, 0.538778, 0.105662, 0.233144]"
107,3.566666666666667,00:00:03.56,3,,"[0.564303, 0.538544, 0.105978, 0.233319]"
108,3.6,00:00:03.60,3,,"[0.563982, 0.538095, 0.10678, 0.233689]"
109,3.6333333333333333,00:00:03.63,3,,"[0.563862, 0.537782, 0.106875, 0.233867]"
110,3.6666666666666665,00:00:03.66,3,,"[0.563552, 0.537936, 0.107992, 0.233766]"
111,3.7,00:00:03.70,3,,"[0.563204, 0.53869, 0.109625, 0.232515]"
112,3.7333333333333334,00:00:03.73,3,,"[0.562645, 0.539346, 0.111316, 0.23087]"
113,3.7666666666666666,00:00:03.76,3,,"[0.562695, 0.539998, 0.110251, 0.229032]"
114,3.8,00:00:03.79,3,,"[0.561929, 0.541022, 0.110853, 0.226908]"
115,3.8333333333333335,00:00:03.83,3,,"[0.561445, 0.541098, 0.111337, 0.227211]"
116,3.8666666666666667,00:00:03.86,3,,"[0.561078, 0.54233, 0.112321, 0.225083]"
117,3.9,00:00:03.89,3,,"[0.560639, 0.540639, 0.115461, 0.226396]"
118,3.933333333333333,00:00:03.93,3,,"[0.560029, 0.541579, 0.117333, 0.225532]"
119,3.966666666666667,00:00:03.96,3,,"[0.559122, 0.543065, 0.119015, 0.222397]"
120,4.0,00:00:04.00,3,,"[0.558553, 0.542783, 0.120434, 0.222581]"
121,4.033333333333333,00:00:04.03,3,,"[0.557829, 0.54522, 0.121513, 0.219607]"
122,4.066666666666666,00:00:04.06,3,,"[0.557031, 0.539444, 0.123606, 0.227803]"
123,4.1,00:00:04.09,3,,"[0.556742, 0.540307, 0.123922, 0.225808]"
124,4.133333333333334,00:00:04.13,3,,"[0.556523, 0.541107, 0.124303, 0.224237]"
125,4.166666666666667,00:00:04.16,3,,"[0.556612, 0.543063, 0.123851, 0.220554]"
126,4.2,00:00:04.20,3,,"[0.556686, 0.544847, 0.124136, 0.218408]"
127,4.233333333333333,00:00:04.23,3,,"[0.556635, 0.546579, 0.124262, 0.216781]"
128,4.266666666666667,00:00:04.26,3,,"[0.557195, 0.550635, 0.124776, 0.210413]"
129,4.3,00:00:04.29,3,,"[0.556305, 0.552838, 0.127595, 0.206364]"
130,4.333333333333333,00:00:04.33,3,,"[0.557029, 0.556705, 0.125765, 0.196984]"
131,4.366666666666666,00:00:04.36,3,,"[0.556386, 0.557756, 0.126767, 0.195818]"
132,4.4,00:00:04.40,3,,"[0.555956, 0.559086, 0.128448, 0.193431]"
133,4.433333333333334,00:00:04.43,3,,"[0.555742, 0.559859, 0.128208, 0.191827]"
134,4.466666666666667,00:00:04.46,3,,"[0.555827, 0.559818, 0.128486, 0.191729]"
135,4.5,00:00:04.50,3,,"[0.555862, 0.559588, 0.127254, 0.191498]"
136,4.533333333333333,00:00:04.53,3,,"[0.555903, 0.558772, 0.127559, 0.193382]"
137,4.566666666666666,00:00:04.56,3,,"[0.556088, 0.557618, 0.125735, 0.195547]"
138,4.6,00:00:04.59,3,,"[0.558763, 0.5528, 0.123445, 0.207517]"
139,4.633333333333334,00:00:04.63,3,,"[0.558209, 0.549188, 0.121527, 0.214008]"
140,4.666666666666667,00:00:04.66,3,,"[0.558216, 0.546425, 0.121248, 0.219351]"
141,4.7,00:00:04.70,3,,"[0.557392, 0.542884, 0.121194, 0.223091]"
142,4.733333333333333,00:00:04.73,3,,"[0.558214, 0.541349, 0.11982, 0.225651]"
143,4.766666666666667,00:00:04.76,3,,"[0.560698, 0.543763, 0.114693, 0.221403]"
144,4.8,00:00:04.79,3,,"[0.560292, 0.543539, 0.114717, 0.221216]"
145,4.833333333333333,00:00:04.83,3,,"[0.561219, 0.54285, 0.112609, 0.221775]"
146,4.866666666666666,00:00:04.86,3,,"[0.561207, 0.539699, 0.11289, 0.227709]"
147,4.9,00:00:04.90,3,,"[0.561867, 0.539835, 0.111283, 0.226863]"
148,4.933333333333334,00:00:04.93,3,,"[0.561463, 0.538069, 0.111005, 0.230121]"
149,4.966666666666667,00:00:04.96,3,,"[0.562457, 0.539369, 0.110707, 0.228432]"
150,5.0,00:00:05.00,3,,"[0.562698, 0.540214, 0.110365, 0.225765]"
151,5.033333333333333,00:00:05.03,3,,"[0.563248, 0.54085, 0.109296, 0.22523]"
152,5.066666666666666,00:00:05.06,3,,"[0.562193, 0.539929, 0.11124, 0.227101]"
153,5.1,00:00:05.09,3,,"[0.561391, 0.541129, 0.111282, 0.22335]"
154,5.133333333333334,00:00:05.13,3,,"[0.561388, 0.54169, 0.110276, 0.222306]"
155,5.166666666666667,00:00:05.16,3,,"[0.561167, 0.541472, 0.112196, 0.223036]"
156,5.2,00:00:05.20,3,,"[0.56115, 0.541871, 0.112187, 0.222453]"
157,5.233333333333333,00:00:05.23,3,,"[0.561269, 0.544159, 0.113083, 0.218867]"
158,5.266666666666667,00:00:05.26,3,,"[0.562391, 0.543117, 0.110678, 0.219971]"
159,5.3,00:00:05.29,3,,"[0.561901, 0.543056, 0.1131, 0.220163]"
160,5.333333333333333,00:00:05.33,3,,"[0.561471, 0.543147, 0.114241, 0.219826]"
161,5.366666666666666,00:00:05.36,3,,"[0.561474, 0.543536, 0.114935, 0.219355]"
162,5.4,00:00:05.40,3,,"[0.56136, 0.543591, 0.117333, 0.220382]"
163,5.433333333333334,00:00:05.43,3,,"[0.559063, 0.543327, 0.122407, 0.222053]"
164,5.466666666666667,00:00:05.46,3,,"[0.55881, 0.543432, 0.122441, 0.221827]"
165,5.5,00:00:05.50,3,,"[0.558267, 0.543995, 0.124211, 0.222283]"
166,5.533333333333333,00:00:05.53,3,,"[0.558333, 0.543694, 0.125194, 0.223874]"
167,5.566666666666666,00:00:05.56,3,,"[0.558502, 0.544203, 0.124172, 0.223115]"
168,5.6,00:00:05.59,3,,"[0.558201, 0.544122, 0.12585, 0.223555]"
169,5.633333333333334,00:00:05.63,3,,"[0.558458, 0.543684, 0.123705, 0.223706]"
170,5.666666666666667,00:00:05.66,3,,"[0.559626, 0.544396, 0.121646, 0.222319]"
171,5.7,00:00:05.70,3,,"[0.560836, 0.543549, 0.119907, 0.223251]"
172,5.733333333333333,00:00:05.73,3,,"[0.562569, 0.539765, 0.116673, 0.231484]"
173,5.766666666666667,00:00:05.76,3,,"[0.563007, 0.539183, 0.114992, 0.232694]"
174,5.8,00:00:05.79,3,,"[0.563658, 0.53702, 0.114929, 0.238957]"
175,5.833333333333333,00:00:05.83,3,,"[0.565526, 0.539148, 0.110343, 0.234264]"
176,5.866666666666666,00:00:05.86,3,,"[0.565688, 0.535442, 0.109139, 0.241054]"
177,5.9,00:00:05.90,3,,"[0.565818, 0.533218, 0.108056, 0.245957]"
178,5.933333333333334,00:00:05.93,3,,"[0.565872, 0.531649, 0.108152, 0.248865]"
179,5.966666666666667,00:00:05.96,3,,"[0.566176, 0.530978, 0.107601, 0.250433]"
180,6.0,00:00:06.00,3,,"[0.566249, 0.529139, 0.107805, 0.253834]"
181,6.033333333333333,00:00:06.03,3,,"[0.566245, 0.528295, 0.107626, 0.254277]"
182,6.066666666666666,00:00:06.06,3,,"[0.566125, 0.524961, 0.106534, 0.260316]"
183,6.1,00:00:06.09,3,,"[0.566349, 0.521626, 0.104919, 0.264249]"
184,6.133333333333334,00:00:06.13,3,,"[0.566952, 0.517898, 0.104058, 0.270926]"
185,6.166666666666667,00:00:06.16,3,,"[0.566733, 0.517696, 0.105125, 0.271386]"
186,6.2,00:00:06.20,3,,"[0.566008, 0.518592, 0.106231, 0.268655]"
187,6.233333333333333,00:00:06.23,3,,"[0.565593, 0.52226, 0.107584, 0.261762]"
188,6.266666666666667,00:00:06.26,3,,"[0.564187, 0.523961, 0.109536, 0.257598]"
189,6.3,00:00:06.29,3,,"[0.5631, 0.525492, 0.112559, 0.255004]"
190,6.333333333333333,00:00:06.33,3,,"[0.562782, 0.528565, 0.112968, 0.248266]"
191,6.366666666666666,00:00:06.36,3,,"[0.56208, 0.531335, 0.114415, 0.243208]"
192,6.4,00:00:06.40,3,,"[0.563174, 0.535409, 0.111898, 0.234964]"
193,6.433333333333334,00:00:06.43,3,,"[0.562644, 0.53606, 0.112531, 0.23319]"
194,6.466666666666667,00:00:06.46,3,,"[0.561522, 0.53626, 0.114569, 0.232728]"
195,6.5,00:00:06.50,3,,"[0.561881, 0.537355, 0.114241, 0.232038]"
196,6.533333333333333,00:00:06.53,3,,"[0.561835, 0.536841, 0.11572, 0.234139]"
197,6.566666666666666,00:00:06.56,3,,"[0.561633, 0.538507, 0.116375, 0.231764]"
198,6.6,00:00:06.59,3,,"[0.56172, 0.539358, 0.116027, 0.230177]"
199,6.633333333333334,00:00:06.63,3,,"[0.561827, 0.540255, 0.116632, 0.228293]"
200,6.666666666666667,00:00:06.66,3,,"[0.56215, 0.539677, 0.115663, 0.229693]"
201,6.7,00:00:06.70,3,,"[0.562416, 0.540568, 0.114663, 0.2259]"
202,6.733333333333333,00:00:06.73,3,,"[0.5625, 0.541554, 0.114484, 0.223594]"
203,6.766666666666667,00:00:06.76,3,,"[0.562824, 0.542562, 0.112891, 0.221435]"
204,6.8,00:00:06.79,3,,"[0.562919, 0.54155, 0.115065, 0.224335]"
205,6.833333333333333,00:00:06.83,3,,"[0.562813, 0.541116, 0.115622, 0.225009]"
206,6.866666666666666,00:00:06.86,3,,"[0.56246, 0.540806, 0.115826, 0.225516]"
207,6.9,00:00:06.90,3,,"[0.561668, 0.540118, 0.117543, 0.228758]"
208,6.933333333333334,00:00:06.93,3,,"[0.562033, 0.539783, 0.116898, 0.227168]"
209,6.966666666666667,00:00:06.96,3,,"[0.561587, 0.541194, 0.117298, 0.224515]"
210,7.0,00:00:07.00,3,,"[0.561129, 0.543369, 0.118901, 0.220276]"
211,7.033333333333333,00:00:07.03,3,,"[0.560496, 0.544501, 0.119985, 0.218064]"
212,7.066666666666666,00:00:07.06,3,,"[0.560013, 0.545161, 0.121056, 0.218006]"
213,7.1,00:00:07.09,3,,"[0.559909, 0.544561, 0.120726, 0.219643]"
214,7.133333333333334,00:00:07.13,3,,"[0.559649, 0.542401, 0.11998, 0.223477]"
215,7.166666666666667,00:00:07.16,3,,"[0.560073, 0.541028, 0.120535, 0.225119]"
216,7.2,00:00:07.20,3,,"[0.562345, 0.540493, 0.115643, 0.226117]"
217,7.233333333333333,00:00:07.23,3,,"[0.56347, 0.539998, 0.11301, 0.226075]"
218,7.266666666666667,00:00:07.26,3,,"[0.565737, 0.538252, 0.108283, 0.230394]"
219,7.3,00:00:07.29,3,,"[0.566729, 0.536618, 0.106432, 0.233612]"
220,7.333333333333333,00:00:07.33,3,,"[0.567302, 0.53615, 0.104755, 0.234162]"
221,7.366666666666666,00:00:07.36,3,,"[0.567127, 0.536136, 0.105101, 0.233935]"
222,7.4,00:00:07.40,3,,"[0.566288, 0.537538, 0.107169, 0.232384]"
223,7.433333333333334,00:00:07.43,3,,"[0.566424, 0.537965, 0.108182, 0.233319]"
224,7.466666666666667,00:00:07.46,3,,"[0.566104, 0.539725, 0.109517, 0.23012]"
225,7.5,00:00:07.50,3,,"[0.56626, 0.543205, 0.110053, 0.224126]"
226,7.533333333333333,00:00:07.53,3,,"[0.566628, 0.544236, 0.109226, 0.220482]"
227,7.566666666666666,00:00:07.56,3,,"[0.56634, 0.545784, 0.110619, 0.217979]"
228,7.6,00:00:07.59,3,,"[0.566197, 0.545328, 0.110335, 0.218712]"
229,7.633333333333334,00:00:07.63,3,,"[0.564818, 0.546206, 0.114109, 0.217646]"
230,7.666666666666667,00:00:07.66,3,,"[0.564215, 0.547877, 0.116769, 0.214811]"
231,7.7,00:00:07.70,3,,"[0.562727, 0.553277, 0.118857, 0.203245]"
232,7.733333333333333,00:00:07.73,3,,"[0.561901, 0.554759, 0.121268, 0.201233]"
233,7.766666666666667,00:00:07.76,3,,"[0.561048, 0.555705, 0.123116, 0.199889]"
234,7.8,00:00:07.79,3,,"[0.559387, 0.553929, 0.126674, 0.203969]"
235,7.833333333333333,00:00:07.83,3,,"[0.558705, 0.554795, 0.127605, 0.202543]"
236,7.866666666666666,00:00:07.86,3,,"[0.558034, 0.55186, 0.129312, 0.209091]"
237,7.9,00:00:07.90,3,,"[0.559869, 0.553062, 0.126046, 0.20663]"
238,7.933333333333334,00:00:07.93,3,,"[0.55992, 0.549188, 0.126071, 0.214359]"
239,7.966666666666667,00:00:07.96,3,,"[0.562481, 0.547973, 0.120958, 0.216976]"
240,8.0,00:00:08.00,3,,"[0.563204, 0.546359, 0.119172, 0.219947]"
241,8.033333333333333,00:00:08.03,3,,"[0.564056, 0.546074, 0.116829, 0.219976]"
242,8.066666666666666,00:00:08.06,3,,"[0.564015, 0.544665, 0.117018, 0.222885]"
243,8.1,00:00:08.09,3,,"[0.564286, 0.545575, 0.116214, 0.221912]"
244,8.133333333333333,00:00:08.13,3,,"[0.563694, 0.543368, 0.116834, 0.226206]"
245,8.166666666666666,00:00:08.16,3,,"[0.564082, 0.540847, 0.115871, 0.230859]"
246,8.2,00:00:08.19,3,,"[0.564517, 0.539508, 0.115476, 0.232977]"
247,8.233333333333333,00:00:08.23,3,,"[0.564592, 0.535957, 0.114537, 0.240583]"
248,8.266666666666667,00:00:08.26,3,,"[0.566062, 0.536031, 0.111043, 0.240809]"
249,8.3,00:00:08.30,3,,"[0.566958, 0.536116, 0.109282, 0.240976]"
250,8.333333333333334,00:00:08.33,3,,"[0.567921, 0.536104, 0.107157, 0.240963]"
251,8.366666666666667,00:00:08.36,3,,"[0.568004, 0.537001, 0.106845, 0.239129]"
252,8.4,00:00:08.40,3,,"[0.567984, 0.537244, 0.106734, 0.23866]"
253,8.433333333333334,00:00:08.43,3,,"[0.567786, 0.537692, 0.107093, 0.237702]"
254,8.466666666666667,00:00:08.46,3,,"[0.568053, 0.536761, 0.106853, 0.239632]"
255,8.5,00:00:08.50,3,,"[0.567469, 0.537678, 0.107893, 0.237781]"
256,8.533333333333333,00:00:08.53,3,,"[0.566938, 0.536519, 0.10962, 0.240427]"
257,8.566666666666666,00:00:08.56,3,,"[0.56698, 0.536548, 0.109745, 0.240583]"
258,8.6,00:00:08.59,3,,"[0.567548, 0.538435, 0.108424, 0.236602]"
259,8.633333333333333,00:00:08.63,3,,"[0.567903, 0.537982, 0.107421, 0.237439]"
260,8.666666666666666,00:00:08.66,3,,"[0.567779, 0.536413, 0.108074, 0.240196]"
261,8.7,00:00:08.69,3,,"[0.568106, 0.536787, 0.106585, 0.23896]"
262,8.733333333333333,00:00:08.73,3,,"[0.568234, 0.536479, 0.106142, 0.239723]"
263,8.766666666666667,00:00:08.76,3,,"[0.568006, 0.53672, 0.106127, 0.238968]"
264,8.8,00:00:08.80,3,,"[0.567846, 0.537082, 0.106113, 0.238192]"
265,8.833333333333334,00:00:08.83,3,,"[0.567622, 0.537582, 0.106889, 0.236908]"
266,8.866666666666667,00:00:08.86,3,,"[0.56777, 0.537381, 0.105997, 0.237653]"
267,8.9,00:00:08.90,3,,"[0.568018, 0.538035, 0.105644, 0.236355]"
268,8.933333333333334,00:00:08.93,3,,"[0.567926, 0.538076, 0.105569, 0.236094]"
269,8.966666666666667,00:00:08.96,3,,"[0.567874, 0.537367, 0.105848, 0.237496]"
270,9.0,00:00:09.00,3,,"[0.567839, 0.536957, 0.105929, 0.238301]"
271,9.033333333333333,00:00:09.03,3,,"[0.567524, 0.537062, 0.106038, 0.237864]"
272,9.066666666666666,00:00:09.06,3,,"[0.566683, 0.537324, 0.10799, 0.237732]"
273,9.1,00:00:09.09,3,,"[0.566334, 0.539627, 0.107951, 0.233483]"
274,9.133333333333333,00:00:09.13,3,,"[0.565861, 0.541, 0.109441, 0.230722]"
275,9.166666666666666,00:00:09.16,3,,"[0.566103, 0.540442, 0.108962, 0.231857]"
276,9.2,00:00:09.19,3,,"[0.566059, 0.539818, 0.10929, 0.233133]"
277,9.233333333333333,00:00:09.23,3,,"[0.565995, 0.54041, 0.109639, 0.231892]"
278,9.266666666666667,00:00:09.26,3,,"[0.565792, 0.541047, 0.110115, 0.23071]"
279,9.3,00:00:09.30,3,,"[0.565916, 0.541983, 0.109758, 0.228941]"
280,9.333333333333334,00:00:09.33,3,,"[0.565851, 0.542218, 0.1094, 0.228329]"
281,9.366666666666667,00:00:09.36,3,,"[0.566137, 0.542145, 0.109154, 0.228557]"
282,9.4,00:00:09.40,3,,"[0.565673, 0.541348, 0.110366, 0.230287]"
283,9.433333333333334,00:00:09.43,3,,"[0.564385, 0.542066, 0.113715, 0.228613]"
284,9.466666666666667,00:00:09.46,3,,"[0.564285, 0.541363, 0.114057, 0.230521]"
285,9.5,00:00:09.50,3,,"[0.56493, 0.54334, 0.113209, 0.226761]"
286,9.533333333333333,00:00:09.53,3,,"[0.565096, 0.544756, 0.112508, 0.2237]"
287,9.566666666666666,00:00:09.56,3,,"[0.564596, 0.544059, 0.113835, 0.225542]"
288,9.6,00:00:09.59,3,,"[0.564804, 0.543159, 0.113475, 0.227389]"
289,9.633333333333333,00:00:09.63,3,,"[0.565946, 0.54416, 0.110712, 0.224831]"
290,9.666666666666666,00:00:09.66,3,,"[0.566314, 0.543466, 0.109239, 0.226897]"
291,9.7,00:00:09.69,3,,"[0.566694, 0.544429, 0.108223, 0.224764]"
292,9.733333333333333,00:00:09.73,3,,"[0.565692, 0.543116, 0.110803, 0.227229]"
293,9.766666666666667,00:00:09.76,3,,"[0.56606, 0.544095, 0.11038, 0.225599]"
294,9.8,00:00:09.80,3,,"[0.566806, 0.544927, 0.109087, 0.224167]"
295,9.833333333333334,00:00:09.83,3,,"[0.567113, 0.546422, 0.108613, 0.220805]"
296,9.866666666666667,00:00:09.86,3,,"[0.565183, 0.545486, 0.112709, 0.223233]"
297,9.9,00:00:09.90,3,,"[0.566013, 0.546411, 0.110792, 0.22077]"
298,9.933333333333334,00:00:09.93,3,,"[0.566516, 0.546691, 0.109312, 0.220922]"
299,9.966666666666667,00:00:09.96,3,,"[0.566595, 0.546569, 0.109752, 0.221088]"
300,10.0,00:00:10.00,3,,"[0.565631, 0.546053, 0.111691, 0.222046]"
301,10.033333333333333,00:00:10.03,3,,"[0.56661, 0.546527, 0.109625, 0.220781]"
302,10.066666666666666,00:00:10.06,3,,"[0.566733, 0.546116, 0.109782, 0.221525]"
303,10.1,00:00:10.09,3,,"[0.567545, 0.546848, 0.107498, 0.21999]"
304,10.133333333333333,00:00:10.13,3,,"[0.567619, 0.547117, 0.107279, 0.219742]"
305,10.166666666666666,00:00:10.16,3,,"[0.567836, 0.547756, 0.107161, 0.219184]"
306,10.2,00:00:10.19,3,,"[0.568054, 0.547235, 0.10703, 0.219545]"
307,10.233333333333333,00:00:10.23,3,,"[0.568183, 0.546579, 0.107582, 0.221382]"
308,10.266666666666667,00:00:10.26,3,,"[0.568904, 0.547997, 0.105983, 0.219008]"
309,10.3,00:00:10.30,3,,"[0.567456, 0.549697, 0.108885, 0.214654]"
310,10.333333333333334,00:00:10.33,3,,"[0.566513, 0.549617, 0.110546, 0.214839]"
311,10.366666666666667,00:00:10.36,3,,"[0.564596, 0.548892, 0.114938, 0.216771]"
312,10.4,00:00:10.40,3,,"[0.56516, 0.549528, 0.114217, 0.215467]"
313,10.433333333333334,00:00:10.43,3,,"[0.565252, 0.549332, 0.114059, 0.215959]"
314,10.466666666666667,00:00:10.46,3,,"[0.565702, 0.548713, 0.113039, 0.217311]"
315,10.5,00:00:10.50,3,,"[0.565753, 0.549163, 0.113077, 0.216759]"
316,10.533333333333333,00:00:10.53,3,,"[0.565485, 0.549676, 0.113373, 0.215674]"
317,10.566666666666666,00:00:10.56,3,,"[0.564439, 0.550958, 0.115538, 0.213365]"
318,10.6,00:00:10.59,3,,"[0.564883, 0.550078, 0.113936, 0.214538]"
319,10.633333333333333,00:00:10.63,3,,"[0.564994, 0.549334, 0.113588, 0.215939]"
320,10.666666666666666,00:00:10.66,3,,"[0.564936, 0.548874, 0.114261, 0.216666]"
321,10.7,00:00:10.69,3,,"[0.563239, 0.54896, 0.117921, 0.216772]"
322,10.733333333333333,00:00:10.73,3,,"[0.563836, 0.547097, 0.117012, 0.221052]"
323,10.766666666666667,00:00:10.76,3,,"[0.565158, 0.545785, 0.113675, 0.223246]"
324,10.8,00:00:10.80,3,,"[0.565514, 0.545892, 0.113126, 0.222964]"
325,10.833333333333334,00:00:10.83,3,,"[0.5666, 0.545255, 0.110264, 0.223937]"
326,10.866666666666667,00:00:10.86,3,,"[0.566459, 0.545688, 0.11059, 0.223107]"
327,10.9,00:00:10.90,3,,"[0.56629, 0.545706, 0.111272, 0.223177]"
328,10.933333333333334,00:00:10.93,3,,"[0.566318, 0.545134, 0.111187, 0.224292]"
329,10.966666666666667,00:00:10.96,3,,"[0.566905, 0.545462, 0.109601, 0.223188]"
330,11.0,00:00:11.00,3,,"[0.566924, 0.545469, 0.109439, 0.223275]"
331,11.033333333333333,00:00:11.03,3,,"[0.566558, 0.544604, 0.109831, 0.224805]"
332,11.066666666666666,00:00:11.06,3,,"[0.566538, 0.544788, 0.109358, 0.224152]"
333,11.1,00:00:11.09,3,,"[0.56699, 0.544236, 0.108274, 0.225812]"
334,11.133333333333333,00:00:11.13,3,,"[0.567997, 0.544629, 0.106234, 0.225033]"
335,11.166666666666666,00:00:11.16,3,,"[0.568567, 0.544929, 0.105439, 0.222892]"
336,11.2,00:00:11.19,3,,"[0.568661, 0.545782, 0.105195, 0.221121]"
337,11.233333333333333,00:00:11.23,3,,"[0.568439, 0.543323, 0.105542, 0.225956]"
338,11.266666666666667,00:00:11.26,3,,"[0.568951, 0.542135, 0.104715, 0.228673]"
339,11.3,00:00:11.30,3,,"[0.570091, 0.54293, 0.101661, 0.226368]"
340,11.333333333333334,00:00:11.33,3,,"[0.570566, 0.543607, 0.101147, 0.225222]"
341,11.366666666666667,00:00:11.36,3,,"[0.570759, 0.542673, 0.100803, 0.226925]"
342,11.4,00:00:11.40,3,,"[0.570167, 0.541853, 0.101683, 0.228524]"
343,11.433333333333334,00:00:11.43,3,,"[0.570075, 0.542199, 0.101669, 0.227623]"
344,11.466666666666667,00:00:11.46,3,,"[0.570267, 0.541725, 0.100993, 0.228823]"
345,11.5,00:00:11.50,3,,"[0.570434, 0.541896, 0.100864, 0.228446]"
346,11.533333333333333,00:00:11.53,3,,"[0.570791, 0.542763, 0.100246, 0.226845]"
347,11.566666666666666,00:00:11.56,3,,"[0.570454, 0.542631, 0.10086, 0.227259]"
348,11.6,00:00:11.59,3,,"[0.570764, 0.542648, 0.100218, 0.227312]"
349,11.633333333333333,00:00:11.63,3,,"[0.5715, 0.54404, 0.0990913, 0.22515]"
350,11.666666666666666,00:00:11.66,3,,"[0.571326, 0.543421, 0.0995119, 0.226361]"
351,11.7,00:00:11.69,3,,"[0.571411, 0.543709, 0.0993654, 0.225716]"
352,11.733333333333333,00:00:11.73,3,,"[0.570631, 0.544918, 0.101169, 0.223747]"
353,11.766666666666667,00:00:11.76,3,,"[0.57068, 0.545866, 0.100782, 0.222046]"
354,11.8,00:00:11.80,3,,"[0.570773, 0.549328, 0.101099, 0.214881]"
355,11.833333333333334,00:00:11.83,3,,"[0.570185, 0.548446, 0.102602, 0.217189]"
356,11.866666666666667,00:00:11.86,3,,"[0.570213, 0.549028, 0.102549, 0.216046]"
357,11.9,00:00:11.90,3,,"[0.570435, 0.549731, 0.101436, 0.215149]"
358,11.933333333333334,00:00:11.93,3,,"[0.569872, 0.550367, 0.10278, 0.214346]"
359,11.966666666666667,00:00:11.96,3,,"[0.569071, 0.552072, 0.105259, 0.209839]"
360,12.0,00:00:12.00,3,,"[0.569088, 0.552602, 0.104977, 0.208753]"
361,12.033333333333333,00:00:12.03,3,,"[0.568356, 0.550864, 0.106577, 0.212792]"
362,12.066666666666666,00:00:12.06,3,,"[0.56737, 0.55096, 0.108412, 0.21204]"
363,12.1,00:00:12.09,3,,"[0.566602, 0.552886, 0.109844, 0.208608]"
364,12.133333333333333,00:00:12.13,3,,"[0.566185, 0.553013, 0.110732, 0.207868]"
365,12.166666666666666,00:00:12.16,3,,"[0.565661, 0.552901, 0.111722, 0.208336]"
366,12.2,00:00:12.19,3,,"[0.564891, 0.552427, 0.113395, 0.209022]"
367,12.233333333333333,00:00:12.23,3,,"[0.564873, 0.552164, 0.113543, 0.210076]"
368,12.266666666666667,00:00:12.26,3,,"[0.564758, 0.551186, 0.114219, 0.212235]"
369,12.3,00:00:12.30,3,,"[0.564093, 0.549995, 0.1159, 0.215063]"
370,12.333333333333334,00:00:12.33,3,,"[0.564952, 0.550051, 0.114416, 0.214781]"
371,12.366666666666667,00:00:12.36,3,,"[0.565375, 0.550771, 0.113544, 0.21372]"
372,12.4,00:00:12.40,3,,"[0.565126, 0.550347, 0.114487, 0.214423]"
373,12.433333333333334,00:00:12.43,3,,"[0.564752, 0.549579, 0.114946, 0.216213]"
374,12.466666666666667,00:00:12.46,3,,"[0.564754, 0.549708, 0.114626, 0.215614]"
375,12.5,00:00:12.50,3,,"[0.564983, 0.54956, 0.114314, 0.216211]"
376,12.533333333333333,00:00:12.53,3,,"[0.563969, 0.548769, 0.116407, 0.217924]"
377,12.566666666666666,00:00:12.56,3,,"[0.563677, 0.549211, 0.117175, 0.216965]"
378,12.6,00:00:12.59,3,,"[0.563772, 0.550061, 0.116708, 0.21457]"
379,12.633333333333333,00:00:12.63,3,,"[0.563808, 0.550071, 0.116872, 0.214117]"
380,12.666666666666666,00:00:12.66,3,,"[0.563271, 0.550149, 0.118241, 0.213598]"
381,12.7,00:00:12.69,3,,"[0.562752, 0.552433, 0.119067, 0.209188]"
382,12.733333333333333,00:00:12.73,3,,"[0.561847, 0.552154, 0.12086, 0.210315]"
383,12.766666666666667,00:00:12.76,3,,"[0.561162, 0.54992, 0.122372, 0.21482]"
384,12.8,00:00:12.80,3,,"[0.56196, 0.551781, 0.119707, 0.210482]"
385,12.833333333333334,00:00:12.83,3,,"[0.563061, 0.554045, 0.118149, 0.205857]"
386,12.866666666666667,00:00:12.86,3,,"[0.563356, 0.55384, 0.11765, 0.206415]"
387,12.9,00:00:12.90,3,,"[0.563779, 0.554549, 0.116714, 0.205246]"
388,12.933333333333334,00:00:12.93,3,,"[0.564176, 0.554753, 0.115883, 0.204906]"
389,12.966666666666667,00:00:12.96,3,,"[0.563997, 0.553763, 0.116197, 0.207104]"
390,13.0,00:00:13.00,3,,"[0.564113, 0.552573, 0.115889, 0.210171]"
391,13.033333333333333,00:00:13.03,3,,"[0.565656, 0.552394, 0.111818, 0.209827]"
392,13.066666666666666,00:00:13.06,3,,"[0.567233, 0.550298, 0.107844, 0.212757]"
393,13.1,00:00:13.09,3,,"[0.567976, 0.549522, 0.105976, 0.214567]"
394,13.133333333333333,00:00:13.13,3,,"[0.567981, 0.549233, 0.106157, 0.215461]"
395,13.166666666666666,00:00:13.16,3,,"[0.568242, 0.548294, 0.105909, 0.217594]"
396,13.2,00:00:13.19,3,,"[0.568387, 0.548812, 0.105603, 0.216358]"
397,13.233333333333333,00:00:13.23,3,,"[0.568587, 0.549161, 0.104986, 0.215418]"
398,13.266666666666667,00:00:13.26,3,,"[0.568561, 0.548923, 0.104684, 0.21588]"
399,13.3,00:00:13.30,3,,"[0.56918, 0.548753, 0.104028, 0.216975]"
400,13.333333333333334,00:00:13.33,3,,"[0.569419, 0.548591, 0.103356, 0.217508]"
401,13.366666666666667,00:00:13.36,3,,"[0.568477, 0.547589, 0.104852, 0.218677]"
402,13.4,00:00:13.40,3,,"[0.566447, 0.544921, 0.108934, 0.223955]"
403,13.433333333333334,00:00:13.43,3,,"[0.565823, 0.54155, 0.10947, 0.229449]"
404,13.466666666666667,00:00:13.46,3,,"[0.565722, 0.539915, 0.109037, 0.230858]"
405,13.5,00:00:13.50,3,,"[0.565706, 0.539558, 0.109691, 0.232219]"
406,13.533333333333333,00:00:13.53,3,,"[0.565484, 0.541771, 0.109872, 0.227748]"
407,13.566666666666666,00:00:13.56,3,,"[0.565223, 0.54169, 0.108667, 0.226867]"
408,13.6,00:00:13.59,3,,"[0.565126, 0.540924, 0.109288, 0.228705]"
409,13.633333333333333,00:00:13.63,3,,"[0.565276, 0.540645, 0.109325, 0.228933]"
410,13.666666666666666,00:00:13.66,3,,"[0.565504, 0.540662, 0.109381, 0.229638]"
411,13.7,00:00:13.69,3,,"[0.565591, 0.541511, 0.109961, 0.228613]"
412,13.733333333333333,00:00:13.73,3,,"[0.565752, 0.54258, 0.109899, 0.226736]"
413,13.766666666666667,00:00:13.76,3,,"[0.565499, 0.543272, 0.111527, 0.226169]"
414,13.8,00:00:13.80,3,,"[0.565196, 0.543213, 0.112735, 0.225672]"
415,13.833333333333334,00:00:13.83,3,,"[0.564855, 0.543643, 0.113188, 0.224929]"
416,13.866666666666667,00:00:13.86,3,,"[0.564766, 0.543672, 0.114148, 0.224869]"
417,13.9,00:00:13.90,3,,"[0.564367, 0.543744, 0.114587, 0.224012]"
418,13.933333333333334,00:00:13.93,3,,"[0.564791, 0.544646, 0.114192, 0.223126]"
419,13.966666666666667,00:00:13.96,3,,"[0.564744, 0.545867, 0.114632, 0.219993]"
420,14.0,00:00:14.00,3,,"[0.565253, 0.546535, 0.113265, 0.218337]"
421,14.033333333333333,00:00:14.03,3,,"[0.566618, 0.549219, 0.109549, 0.212867]"
422,14.066666666666666,00:00:14.06,3,,"[0.567009, 0.548776, 0.108499, 0.214183]"
423,14.1,00:00:14.09,3,,"[0.567382, 0.549148, 0.108496, 0.213517]"
424,14.133333333333333,00:00:14.13,3,,"[0.567568, 0.548352, 0.108928, 0.215518]"
425,14.166666666666666,00:00:14.16,3,,"[0.567263, 0.547918, 0.109451, 0.215929]"
426,14.2,00:00:14.19,3,,"[0.567089, 0.547007, 0.109063, 0.217232]"
427,14.233333333333333,00:00:14.23,3,,"[0.566866, 0.546729, 0.110142, 0.21768]"
428,14.266666666666667,00:00:14.26,3,,"[0.566876, 0.547693, 0.110039, 0.21565]"
429,14.3,00:00:14.30,3,,"[0.567375, 0.549256, 0.109805, 0.21342]"
430,14.333333333333334,00:00:14.33,3,,"[0.566961, 0.549261, 0.110851, 0.213127]"
431,14.366666666666667,00:00:14.36,3,,"[0.565344, 0.548646, 0.113762, 0.214668]"
432,14.4,00:00:14.40,3,,"[0.564876, 0.548927, 0.115256, 0.213876]"
433,14.433333333333334,00:00:14.43,3,,"[0.563187, 0.548436, 0.119541, 0.214679]"
434,14.466666666666667,00:00:14.46,3,,"[0.56294, 0.548588, 0.120036, 0.214256]"
435,14.5,00:00:14.50,3,,"[0.56219, 0.550559, 0.120581, 0.210639]"
436,14.533333333333333,00:00:14.53,3,,"[0.561317, 0.550977, 0.12128, 0.209455]"
437,14.566666666666666,00:00:14.56,3,,"[0.560784, 0.552779, 0.123077, 0.207356]"
438,14.6,00:00:14.59,3,,"[0.560578, 0.55274, 0.123889, 0.207938]"
439,14.633333333333333,00:00:14.63,3,,"[0.560673, 0.552318, 0.123561, 0.208566]"
440,14.666666666666666,00:00:14.66,3,,"[0.560013, 0.553181, 0.124263, 0.207526]"
441,14.7,00:00:14.69,3,,"[0.559343, 0.556586, 0.126421, 0.200958]"
442,14.733333333333333,00:00:14.73,3,,"[0.557642, 0.557727, 0.131275, 0.198918]"
443,14.766666666666667,00:00:14.76,3,,"[0.556424, 0.554532, 0.134549, 0.204997]"
444,14.8,00:00:14.80,3,,"[0.554986, 0.553648, 0.137868, 0.206261]"
445,14.833333333333334,00:00:14.83,3,,"[0.554794, 0.552712, 0.137451, 0.208682]"
446,14.866666666666667,00:00:14.86,3,,"[0.554174, 0.551995, 0.13985, 0.21057]"
447,14.9,00:00:14.90,3,,"[0.556752, 0.552401, 0.135678, 0.21008]"
448,14.933333333333334,00:00:14.93,3,,"[0.558067, 0.550503, 0.133751, 0.213767]"
449,14.966666666666667,00:00:14.96,3,,"[0.558579, 0.550685, 0.129854, 0.212931]"
450,15.0,00:00:15.00,3,,"[0.559979, 0.551432, 0.126504, 0.211488]"
451,15.033333333333333,00:00:15.03,3,,"[0.560792, 0.549471, 0.124632, 0.215641]"
452,15.066666666666666,00:00:15.06,3,,"[0.560732, 0.54772, 0.123589, 0.219092]"
453,15.1,00:00:15.09,3,,"[0.559993, 0.544621, 0.125374, 0.225244]"
454,15.133333333333333,00:00:15.13,3,,"[0.559049, 0.541288, 0.127208, 0.228733]"
455,15.166666666666666,00:00:15.16,3,,"[0.558802, 0.53715, 0.127561, 0.23942]"
456,15.2,00:00:15.19,3,,"[0.558, 0.536401, 0.126898, 0.235682]"
457,15.233333333333333,00:00:15.23,3,,"[0.557814, 0.535276, 0.126858, 0.237123]"
458,15.266666666666667,00:00:15.26,3,,"[0.557478, 0.535036, 0.127282, 0.237318]"
459,15.3,00:00:15.30,3,,"[0.557735, 0.535385, 0.126784, 0.235935]"
460,15.333333333333334,00:00:15.33,3,,"[0.557922, 0.535227, 0.12692, 0.236634]"
461,15.366666666666667,00:00:15.36,3,,"[0.558343, 0.536928, 0.125511, 0.233179]"
462,15.4,00:00:15.40,3,,"[0.558642, 0.537798, 0.124493, 0.232269]"
463,15.433333333333334,00:00:15.43,3,,"[0.559449, 0.537381, 0.122926, 0.23365]"
464,15.466666666666667,00:00:15.46,3,,"[0.560098, 0.539275, 0.121992, 0.230302]"
465,15.5,00:00:15.50,3,,"[0.5603, 0.540951, 0.12174, 0.227732]"
466,15.533333333333333,00:00:15.53,3,,"[0.560252, 0.540781, 0.121828, 0.228742]"
467,15.566666666666666,00:00:15.56,3,,"[0.560646, 0.540402, 0.121868, 0.23016]"
468,15.6,00:00:15.59,3,,"[0.560106, 0.539925, 0.122473, 0.230583]"
469,15.633333333333333,00:00:15.63,3,,"[0.560702, 0.540573, 0.122204, 0.229213]"
470,15.666666666666666,00:00:15.66,3,,"[0.561319, 0.540106, 0.121225, 0.230541]"
471,15.7,00:00:15.69,3,,"[0.561048, 0.542124, 0.122416, 0.227055]"
472,15.733333333333333,00:00:15.73,3,,"[0.561777, 0.544881, 0.121119, 0.222521]"
473,15.766666666666667,00:00:15.76,3,,"[0.562351, 0.546596, 0.120618, 0.219653]"
474,15.8,00:00:15.80,3,,"[0.561865, 0.547275, 0.121325, 0.218241]"
475,15.833333333333334,00:00:15.83,3,,"[0.562218, 0.547911, 0.120256, 0.216347]"
476,15.866666666666667,00:00:15.86,3,,"[0.561821, 0.550761, 0.122351, 0.211749]"
477,15.9,00:00:15.90,3,,"[0.560286, 0.553374, 0.125759, 0.206198]"
478,15.933333333333334,00:00:15.93,3,,"[0.557336, 0.556864, 0.130945, 0.199858]"
479,15.966666666666667,00:00:15.96,3,,"[0.55727, 0.562709, 0.133102, 0.188324]"
480,16.0,00:00:16.00,3,,"[0.556062, 0.565597, 0.133264, 0.182384]"
481,16.033333333333335,00:00:16.03,3,,"[0.551584, 0.566721, 0.142175, 0.180285]"
482,16.066666666666666,00:00:16.06,3,,"[0.551638, 0.568401, 0.142881, 0.177479]"
483,16.1,00:00:16.10,3,,"[0.552274, 0.568309, 0.141584, 0.177296]"
484,16.133333333333333,00:00:16.13,3,,"[0.552451, 0.566722, 0.142814, 0.18089]"
485,16.166666666666668,00:00:16.16,3,,"[0.554524, 0.560413, 0.137203, 0.193627]"
486,16.2,00:00:16.19,3,,"[0.555459, 0.559225, 0.134808, 0.195335]"
487,16.233333333333334,00:00:16.23,3,,"[0.556733, 0.556052, 0.13242, 0.203811]"
488,16.266666666666666,00:00:16.26,3,,"[0.557445, 0.55361, 0.130156, 0.208451]"
489,16.3,00:00:16.30,3,,"[0.559084, 0.553685, 0.127378, 0.20825]"
490,16.333333333333332,00:00:16.33,3,,"[0.558896, 0.553579, 0.127617, 0.208382]"
491,16.366666666666667,00:00:16.36,3,,"[0.558566, 0.552808, 0.128756, 0.21027]"
492,16.4,00:00:16.39,3,,"[0.558813, 0.553088, 0.128206, 0.210289]"
493,16.433333333333334,00:00:16.43,3,,"[0.558325, 0.552544, 0.129158, 0.211085]"
494,16.466666666666665,00:00:16.46,3,,"[0.55838, 0.551031, 0.129195, 0.214391]"
495,16.5,00:00:16.50,3,,"[0.558672, 0.550994, 0.127876, 0.213949]"
496,16.533333333333335,00:00:16.53,3,,"[0.558808, 0.551333, 0.127454, 0.213008]"
497,16.566666666666666,00:00:16.56,3,,"[0.558412, 0.549978, 0.128012, 0.216292]"
498,16.6,00:00:16.60,3,,"[0.558955, 0.548422, 0.127088, 0.219691]"
499,16.633333333333333,00:00:16.63,3,,"[0.559749, 0.547543, 0.125309, 0.219038]"
500,16.666666666666668,00:00:16.66,3,,"[0.561614, 0.549598, 0.12222, 0.216362]"
501,16.7,00:00:16.69,3,,"[0.56245, 0.544788, 0.121699, 0.225642]"
502,16.733333333333334,00:00:16.73,3,,"[0.562491, 0.544875, 0.121548, 0.225504]"
503,16.766666666666666,00:00:16.76,3,,"[0.562726, 0.543782, 0.120583, 0.22707]"
504,16.8,00:00:16.80,3,,"[0.563171, 0.543777, 0.120211, 0.226919]"
505,16.833333333333332,00:00:16.83,3,,"[0.562586, 0.543971, 0.12164, 0.226993]"
506,16.866666666666667,00:00:16.86,3,,"[0.562312, 0.544541, 0.12222, 0.225495]"
507,16.9,00:00:16.89,3,,"[0.562425, 0.545552, 0.121978, 0.223662]"
508,16.933333333333334,00:00:16.93,3,,"[0.562291, 0.545653, 0.122378, 0.223289]"
509,16.966666666666665,00:00:16.96,3,,"[0.56237, 0.545646, 0.121901, 0.223334]"
510,17.0,00:00:17.00,3,,"[0.562155, 0.546377, 0.121355, 0.223114]"
511,17.033333333333335,00:00:17.03,3,,"[0.562035, 0.546411, 0.121882, 0.223378]"
512,17.066666666666666,00:00:17.06,3,,"[0.562347, 0.545863, 0.122247, 0.223787]"
513,17.1,00:00:17.10,3,,"[0.561828, 0.547095, 0.122621, 0.221802]"
514,17.133333333333333,00:00:17.13,3,,"[0.561928, 0.548539, 0.122567, 0.219002]"
515,17.166666666666668,00:00:17.16,3,,"[0.562145, 0.548696, 0.121949, 0.218677]"
516,17.2,00:00:17.19,3,,"[0.562526, 0.549178, 0.121293, 0.217646]"
517,17.233333333333334,00:00:17.23,3,,"[0.562884, 0.549219, 0.120575, 0.217571]"
518,17.266666666666666,00:00:17.26,3,,"[0.562565, 0.550272, 0.120954, 0.214524]"
519,17.3,00:00:17.30,3,,"[0.562727, 0.552016, 0.120832, 0.212797]"
520,17.333333333333332,00:00:17.33,3,,"[0.562201, 0.552392, 0.121153, 0.212022]"
521,17.366666666666667,00:00:17.36,3,,"[0.561617, 0.553546, 0.122322, 0.209963]"
522,17.4,00:00:17.39,3,,"[0.561496, 0.554351, 0.123143, 0.207431]"
523,17.433333333333334,00:00:17.43,3,,"[0.560742, 0.555465, 0.125037, 0.205629]"
524,17.466666666666665,00:00:17.46,3,,"[0.559373, 0.555194, 0.127041, 0.206818]"
525,17.5,00:00:17.50,3,,"[0.559299, 0.555253, 0.127287, 0.206723]"
526,17.533333333333335,00:00:17.53,3,,"[0.559723, 0.556407, 0.126794, 0.204736]"
527,17.566666666666666,00:00:17.56,3,,"[0.559537, 0.555617, 0.126854, 0.206157]"
528,17.6,00:00:17.60,3,,"[0.559214, 0.55499, 0.127838, 0.207516]"
529,17.633333333333333,00:00:17.63,3,,"[0.558897, 0.555718, 0.128401, 0.205461]"
530,17.666666666666668,00:00:17.66,3,,"[0.55769, 0.55581, 0.130331, 0.205492]"
531,17.7,00:00:17.69,3,,"[0.556539, 0.554323, 0.133159, 0.208428]"
532,17.733333333333334,00:00:17.73,3,,"[0.556244, 0.554808, 0.134295, 0.207238]"
533,17.766666666666666,00:00:17.76,3,,"[0.555736, 0.556218, 0.134002, 0.204753]"
534,17.8,00:00:17.80,3,,"[0.555887, 0.557139, 0.133674, 0.203527]"
535,17.833333333333332,00:00:17.83,3,,"[0.555825, 0.557001, 0.134114, 0.203112]"
536,17.866666666666667,00:00:17.86,3,,"[0.556457, 0.558048, 0.133918, 0.198259]"
537,17.9,00:00:17.89,3,,"[0.557105, 0.558755, 0.13344, 0.197399]"
538,17.933333333333334,00:00:17.93,3,,"[0.557306, 0.559054, 0.132185, 0.200237]"
539,17.966666666666665,00:00:17.96,3,,"[0.556086, 0.55843, 0.133722, 0.200956]"
540,18.0,00:00:18.00,3,,"[0.55639, 0.559817, 0.133931, 0.198754]"
541,18.033333333333335,00:00:18.03,3,,"[0.557937, 0.562533, 0.133215, 0.190118]"
542,18.066666666666666,00:00:18.06,3,,"[0.556776, 0.56504, 0.133362, 0.184909]"
543,18.1,00:00:18.10,3,,"[0.556451, 0.565174, 0.134822, 0.184938]"
544,18.133333333333333,00:00:18.13,3,,"[0.556409, 0.565303, 0.135292, 0.184585]"
545,18.166666666666668,00:00:18.16,3,,"[0.556447, 0.56595, 0.136663, 0.18398]"
546,18.2,00:00:18.19,3,,"[0.556091, 0.566462, 0.136755, 0.183041]"
547,18.233333333333334,00:00:18.23,3,,"[0.555461, 0.566287, 0.137721, 0.184476]"
548,18.266666666666666,00:00:18.26,3,,"[0.555603, 0.567026, 0.137633, 0.183558]"
549,18.3,00:00:18.30,3,,"[0.55453, 0.567653, 0.138331, 0.182439]"
550,18.333333333333332,00:00:18.33,3,,"[0.55424, 0.567908, 0.138235, 0.182832]"
551,18.366666666666667,00:00:18.36,3,,"[0.554171, 0.56738, 0.139608, 0.182083]"
552,18.4,00:00:18.39,3,,"[0.555117, 0.567194, 0.137675, 0.183046]"
553,18.433333333333334,00:00:18.43,3,,"[0.555763, 0.566435, 0.137209, 0.183954]"
554,18.466666666666665,00:00:18.46,3,,"[0.556323, 0.565817, 0.135057, 0.184781]"
555,18.5,00:00:18.50,3,,"[0.556794, 0.566139, 0.134116, 0.18441]"
556,18.533333333333335,00:00:18.53,3,,"[0.556825, 0.563651, 0.134026, 0.189215]"
557,18.566666666666666,00:00:18.56,3,,"[0.55833, 0.562096, 0.13159, 0.192297]"
558,18.6,00:00:18.60,3,,"[0.558772, 0.562404, 0.130545, 0.190461]"
559,18.633333333333333,00:00:18.63,3,,"[0.558878, 0.560917, 0.127939, 0.193339]"
560,18.666666666666668,00:00:18.66,3,,"[0.561081, 0.561736, 0.123922, 0.194189]"
561,18.7,00:00:18.69,3,,"[0.561405, 0.560901, 0.12303, 0.195988]"
562,18.733333333333334,00:00:18.73,3,,"[0.56185, 0.56091, 0.12284, 0.195839]"
563,18.766666666666666,00:00:18.76,3,,"[0.562195, 0.560776, 0.1218, 0.196197]"
564,18.8,00:00:18.80,3,,"[0.562046, 0.560221, 0.122248, 0.197081]"
565,18.833333333333332,00:00:18.83,3,,"[0.562074, 0.559849, 0.122364, 0.197777]"
566,18.866666666666667,00:00:18.86,3,,"[0.562223, 0.559657, 0.122154, 0.198189]"
567,18.9,00:00:18.89,3,,"[0.562329, 0.559931, 0.121954, 0.198591]"
568,18.933333333333334,00:00:18.93,3,,"[0.562329, 0.559678, 0.121363, 0.198727]"
569,18.966666666666665,00:00:18.96,3,,"[0.562656, 0.559304, 0.120163, 0.199092]"
570,19.0,00:00:19.00,3,,"[0.562762, 0.559081, 0.119817, 0.199588]"
571,19.033333333333335,00:00:19.03,3,,"[0.563131, 0.559186, 0.118092, 0.199067]"
572,19.066666666666666,00:00:19.06,3,,"[0.563368, 0.559208, 0.118332, 0.199227]"
573,19.1,00:00:19.10,3,,"[0.563547, 0.558303, 0.117827, 0.200644]"
574,19.133333333333333,00:00:19.13,3,,"[0.563763, 0.557313, 0.117582, 0.202554]"
575,19.166666666666668,00:00:19.16,3,,"[0.563719, 0.556773, 0.117275, 0.203531]"
576,19.2,00:00:19.19,3,,"[0.563753, 0.556457, 0.117509, 0.204623]"
577,19.233333333333334,00:00:19.23,3,,"[0.563578, 0.55585, 0.117511, 0.205979]"
578,19.266666666666666,00:00:19.26,3,,"[0.564116, 0.554698, 0.116126, 0.207986]"
579,19.3,00:00:19.30,3,,"[0.564141, 0.553749, 0.114357, 0.20855]"
580,19.333333333333332,00:00:19.33,3,,"[0.564745, 0.553769, 0.114131, 0.208912]"
581,19.366666666666667,00:00:19.36,3,,"[0.565036, 0.553158, 0.113388, 0.210087]"
582,19.4,00:00:19.39,3,,"[0.565294, 0.552683, 0.112762, 0.210546]"
583,19.433333333333334,00:00:19.43,3,,"[0.565354, 0.552345, 0.112489, 0.211148]"
584,19.466666666666665,00:00:19.46,3,,"[0.565295, 0.552425, 0.112595, 0.211225]"
585,19.5,00:00:19.50,3,,"[0.56523, 0.552132, 0.11235, 0.211551]"
586,19.533333333333335,00:00:19.53,3,,"[0.56535, 0.552139, 0.112316, 0.212063]"
587,19.566666666666666,00:00:19.56,3,,"[0.565815, 0.553384, 0.111641, 0.208332]"
588,19.6,00:00:19.60,3,,"[0.565726, 0.552892, 0.111294, 0.210637]"
589,19.633333333333333,00:00:19.63,3,,"[0.565923, 0.553147, 0.111572, 0.208556]"
590,19.666666666666668,00:00:19.66,3,,"[0.566141, 0.553035, 0.111431, 0.208781]"
591,19.7,00:00:19.69,3,,"[0.565716, 0.552177, 0.111164, 0.211628]"
592,19.733333333333334,00:00:19.73,3,,"[0.565741, 0.552722, 0.110998, 0.210403]"
593,19.766666666666666,00:00:19.76,3,,"[0.565586, 0.551914, 0.111138, 0.211631]"
594,19.8,00:00:19.80,3,,"[0.565625, 0.551691, 0.111332, 0.212187]"
595,19.833333333333332,00:00:19.83,3,,"[0.565847, 0.551744, 0.111184, 0.212256]"
596,19.866666666666667,00:00:19.86,3,,"[0.565813, 0.551472, 0.110834, 0.212716]"
597,19.9,00:00:19.89,3,,"[0.565676, 0.551081, 0.111179, 0.213369]"
598,19.933333333333334,00:00:19.93,3,,"[0.565857, 0.551097, 0.110887, 0.213656]"
599,19.966666666666665,00:00:19.96,3,,"[0.565741, 0.550843, 0.111029, 0.213823]"
600,20.0,00:00:20.00,3,,"[0.565674, 0.551418, 0.111396, 0.212583]"
601,20.033333333333335,00:00:20.03,3,,"[0.565697, 0.551431, 0.111122, 0.212547]"
602,20.066666666666666,00:00:20.06,3,,"[0.56584, 0.551242, 0.11132, 0.213133]"
603,20.1,00:00:20.10,3,,"[0.565834, 0.550955, 0.111311, 0.213536]"
604,20.133333333333333,00:00:20.13,3,,"[0.565906, 0.550708, 0.111163, 0.21394]"
605,20.166666666666668,00:00:20.16,3,,"[0.565874, 0.550684, 0.111311, 0.213707]"
606,20.2,00:00:20.19,3,,"[0.565794, 0.550856, 0.111717, 0.213101]"
607,20.233333333333334,00:00:20.23,3,,"[0.565836, 0.550825, 0.111558, 0.213386]"
608,20.266666666666666,00:00:20.26,3,,"[0.565861, 0.550837, 0.111637, 0.213702]"
609,20.3,00:00:20.30,3,,"[0.566079, 0.551834, 0.111685, 0.210369]"
610,20.333333333333332,00:00:20.33,3,,"[0.565906, 0.551564, 0.11103, 0.212017]"
611,20.366666666666667,00:00:20.36,3,,"[0.565827, 0.550461, 0.111438, 0.214172]"
612,20.4,00:00:20.39,3,,"[0.565727, 0.550268, 0.111526, 0.214508]"
613,20.433333333333334,00:00:20.43,3,,"[0.566117, 0.550093, 0.111582, 0.213549]"
614,20.466666666666665,00:00:20.46,3,,"[0.565941, 0.550234, 0.11105, 0.214669]"
615,20.5,00:00:20.50,3,,"[0.56587, 0.550275, 0.111465, 0.214853]"
616,20.533333333333335,00:00:20.53,3,,"[0.565811, 0.550012, 0.111081, 0.215317]"
617,20.566666666666666,00:00:20.56,3,,"[0.565761, 0.549926, 0.111, 0.215467]"
618,20.6,00:00:20.60,3,,"[0.565862, 0.550113, 0.111026, 0.214797]"
619,20.633333333333333,00:00:20.63,3,,"[0.56566, 0.549896, 0.111281, 0.215264]"
620,20.666666666666668,00:00:20.66,3,,"[0.565538, 0.55026, 0.111639, 0.214693]"
621,20.7,00:00:20.69,3,,"[0.565835, 0.550888, 0.111603, 0.212182]"
622,20.733333333333334,00:00:20.73,3,,"[0.565531, 0.550654, 0.111655, 0.2139]"
623,20.766666666666666,00:00:20.76,3,,"[0.565694, 0.551124, 0.111759, 0.211853]"
624,20.8,00:00:20.80,3,,"[0.5655, 0.551098, 0.112414, 0.211968]"
625,20.833333333333332,00:00:20.83,3,,"[0.564622, 0.551644, 0.113238, 0.209721]"
626,20.866666666666667,00:00:20.86,3,,"[0.56321, 0.552767, 0.115467, 0.20802]"
627,20.9,00:00:20.89,3,,"[0.562598, 0.552588, 0.118882, 0.210954]"
628,20.933333333333334,00:00:20.93,3,,"[0.561924, 0.553337, 0.121516, 0.209909]"
629,20.966666666666665,00:00:20.96,3,,"[0.561795, 0.553633, 0.122095, 0.209648]"
630,21.0,00:00:21.00,3,,"[0.561734, 0.5537, 0.122279, 0.20922]"
631,21.033333333333335,00:00:21.03,3,,"[0.561758, 0.553647, 0.121631, 0.209201]"
632,21.066666666666666,00:00:21.06,3,,"[0.561943, 0.553229, 0.12097, 0.209253]"
633,21.1,00:00:21.10,3,,"[0.562193, 0.552993, 0.120062, 0.209505]"
634,21.133333333333333,00:00:21.13,3,,"[0.562002, 0.551231, 0.120737, 0.212677]"
635,21.166666666666668,00:00:21.16,3,,"[0.562046, 0.550603, 0.120469, 0.213985]"
636,21.2,00:00:21.19,3,,"[0.561949, 0.549181, 0.120702, 0.217343]"
637,21.233333333333334,00:00:21.23,3,,"[0.562202, 0.548097, 0.120001, 0.21949]"
638,21.266666666666666,00:00:21.26,3,,"[0.562768, 0.547356, 0.118505, 0.220861]"
639,21.3,00:00:21.30,3,,"[0.5635, 0.545745, 0.116546, 0.224148]"
640,21.333333333333332,00:00:21.33,3,,"[0.563845, 0.545759, 0.115839, 0.223894]"
641,21.366666666666667,00:00:21.36,3,,"[0.564754, 0.54479, 0.114934, 0.224751]"
642,21.4,00:00:21.39,3,,"[0.565227, 0.544711, 0.113138, 0.224641]"
643,21.433333333333334,00:00:21.43,3,,"[0.566236, 0.544404, 0.110588, 0.226173]"
644,21.466666666666665,00:00:21.46,3,,"[0.566644, 0.543255, 0.10897, 0.228254]"
645,21.5,00:00:21.50,3,,"[0.566323, 0.542084, 0.108636, 0.230723]"
646,21.533333333333335,00:00:21.53,3,,"[0.566494, 0.541527, 0.108073, 0.231768]"
647,21.566666666666666,00:00:21.56,3,,"[0.566531, 0.54198, 0.107798, 0.230728]"
648,21.6,00:00:21.60,3,,"[0.56646, 0.542258, 0.107622, 0.230005]"
649,21.633333333333333,00:00:21.63,3,,"[0.566601, 0.542678, 0.107379, 0.229104]"
650,21.666666666666668,00:00:21.66,3,,"[0.566816, 0.542328, 0.106876, 0.229517]"
651,21.7,00:00:21.69,3,,"[0.566605, 0.54202, 0.106877, 0.229927]"
652,21.733333333333334,00:00:21.73,3,,"[0.566777, 0.543187, 0.107556, 0.228081]"
653,21.766666666666666,00:00:21.76,3,,"[0.566613, 0.543416, 0.10741, 0.227593]"
654,21.8,00:00:21.80,3,,"[0.566458, 0.543278, 0.107353, 0.228227]"
655,21.833333333333332,00:00:21.83,3,,"[0.566485, 0.544021, 0.108425, 0.226705]"
656,21.866666666666667,00:00:21.86,3,,"[0.565895, 0.544416, 0.110557, 0.225971]"
657,21.9,00:00:21.89,3,,"[0.565173, 0.546732, 0.11132, 0.221337]"
658,21.933333333333334,00:00:21.93,3,,"[0.56432, 0.54667, 0.114102, 0.221707]"
659,21.966666666666665,00:00:21.96,3,,"[0.56382, 0.545875, 0.113993, 0.222974]"
660,22.0,00:00:22.00,3,,"[0.563765, 0.545132, 0.115746, 0.223909]"
661,22.033333333333335,00:00:22.03,3,,"[0.563292, 0.544868, 0.116218, 0.225168]"
662,22.066666666666666,00:00:22.06,3,,"[0.563654, 0.543457, 0.117123, 0.227215]"
663,22.1,00:00:22.10,3,,"[0.563786, 0.545478, 0.11471, 0.223336]"
664,22.133333333333333,00:00:22.13,3,,"[0.565059, 0.54468, 0.114315, 0.224768]"
665,22.166666666666668,00:00:22.16,3,,"[0.565269, 0.543668, 0.113443, 0.227298]"
666,22.2,00:00:22.19,3,,"[0.566101, 0.543493, 0.111293, 0.228949]"
667,22.233333333333334,00:00:22.23,3,,"[0.566143, 0.543995, 0.110928, 0.227403]"
668,22.266666666666666,00:00:22.26,3,,"[0.566163, 0.544369, 0.111461, 0.226094]"
669,22.3,00:00:22.30,3,,"[0.566212, 0.544804, 0.111337, 0.225199]"
670,22.333333333333332,00:00:22.33,3,,"[0.565841, 0.545325, 0.112552, 0.223872]"
671,22.366666666666667,00:00:22.36,3,,"[0.565873, 0.545353, 0.112228, 0.22411]"
672,22.4,00:00:22.39,3,,"[0.565198, 0.54642, 0.1137, 0.222461]"
673,22.433333333333334,00:00:22.43,3,,"[0.564593, 0.546501, 0.116143, 0.222273]"
674,22.466666666666665,00:00:22.46,3,,"[0.56323, 0.548418, 0.117373, 0.218965]"
675,22.5,00:00:22.50,3,,"[0.562813, 0.547552, 0.118429, 0.221082]"
676,22.533333333333335,00:00:22.53,3,,"[0.562744, 0.5461, 0.118731, 0.223916]"
677,22.566666666666666,00:00:22.56,3,,"[0.562989, 0.54323, 0.118445, 0.228076]"
678,22.6,00:00:22.60,3,,"[0.563378, 0.541187, 0.11669, 0.233034]"
679,22.633333333333333,00:00:22.63,3,,"[0.563967, 0.540254, 0.115374, 0.234714]"
680,22.666666666666668,00:00:22.66,3,,"[0.564477, 0.539533, 0.113658, 0.235192]"
681,22.7,00:00:22.69,3,,"[0.564958, 0.540086, 0.113023, 0.23431]"
682,22.733333333333334,00:00:22.73,3,,"[0.564699, 0.538249, 0.113979, 0.238171]"
683,22.766666666666666,00:00:22.76,3,,"[0.564962, 0.537922, 0.112846, 0.23889]"
684,22.8,00:00:22.80,3,,"[0.565276, 0.537266, 0.112451, 0.239792]"
685,22.833333333333332,00:00:22.83,3,,"[0.565432, 0.536934, 0.111995, 0.240837]"
686,22.866666666666667,00:00:22.86,3,,"[0.566004, 0.53609, 0.110067, 0.242224]"
687,22.9,00:00:22.89,3,,"[0.566509, 0.535872, 0.1085, 0.242497]"
688,22.933333333333334,00:00:22.93,3,,"[0.567469, 0.5361, 0.105538, 0.242055]"
689,22.966666666666665,00:00:22.96,3,,"[0.568276, 0.533813, 0.105894, 0.244491]"
690,23.0,00:00:23.00,3,,"[0.568988, 0.534085, 0.104183, 0.243731]"
691,23.033333333333335,00:00:23.03,3,,"[0.569146, 0.534512, 0.104006, 0.243004]"
692,23.066666666666666,00:00:23.06,3,,"[0.569373, 0.533714, 0.103501, 0.244469]"
693,23.1,00:00:23.10,3,,"[0.56931, 0.533691, 0.103657, 0.24441]"
694,23.133333333333333,00:00:23.13,3,,"[0.56933, 0.533475, 0.104501, 0.245309]"
695,23.166666666666668,00:00:23.16,3,,"[0.569163, 0.533215, 0.104853, 0.245922]"
696,23.2,00:00:23.19,3,,"[0.567791, 0.535138, 0.105677, 0.243312]"
697,23.233333333333334,00:00:23.23,3,,"[0.566607, 0.535445, 0.107629, 0.243312]"
698,23.266666666666666,00:00:23.26,3,,"[0.56544, 0.536871, 0.111664, 0.240487]"
699,23.3,00:00:23.30,3,,"[0.564387, 0.539137, 0.114326, 0.235836]"
700,23.333333333333332,00:00:23.33,3,,"[0.563276, 0.538372, 0.116794, 0.237326]"
701,23.366666666666667,00:00:23.36,3,,"[0.56191, 0.538029, 0.118684, 0.236719]"
702,23.4,00:00:23.39,3,,"[0.561289, 0.538371, 0.119294, 0.236277]"
703,23.433333333333334,00:00:23.43,3,,"[0.561445, 0.539589, 0.120542, 0.233933]"
704,23.466666666666665,00:00:23.46,3,,"[0.560644, 0.54069, 0.121605, 0.231133]"
705,23.5,00:00:23.50,3,,"[0.560007, 0.543839, 0.123438, 0.225197]"
706,23.533333333333335,00:00:23.53,3,,"[0.558674, 0.544728, 0.12632, 0.224066]"
707,23.566666666666666,00:00:23.56,3,,"[0.558115, 0.547016, 0.129484, 0.222419]"
708,23.6,00:00:23.60,3,,"[0.558259, 0.549352, 0.129865, 0.217771]"
709,23.633333333333333,00:00:23.63,3,,"[0.556777, 0.5498, 0.133872, 0.213844]"
710,23.666666666666668,00:00:23.66,3,,"[0.556991, 0.549435, 0.13292, 0.217907]"
711,23.7,00:00:23.69,3,,"[0.557144, 0.549731, 0.132273, 0.217015]"
712,23.733333333333334,00:00:23.73,3,,"[0.556947, 0.549057, 0.132129, 0.218273]"
713,23.766666666666666,00:00:23.76,3,,"[0.557691, 0.548644, 0.130997, 0.216108]"
714,23.8,00:00:23.80,3,,"[0.558137, 0.549509, 0.129915, 0.216919]"
715,23.833333333333332,00:00:23.83,3,,"[0.558, 0.54919, 0.130031, 0.217228]"
716,23.866666666666667,00:00:23.86,3,,"[0.557805, 0.548941, 0.129744, 0.217829]"
717,23.9,00:00:23.89,3,,"[0.557678, 0.548842, 0.129448, 0.218376]"
718,23.933333333333334,00:00:23.93,3,,"[0.557642, 0.547956, 0.130257, 0.221093]"
719,23.966666666666665,00:00:23.96,3,,"[0.557669, 0.547815, 0.130663, 0.22146]"
720,24.0,00:00:24.00,3,,"[0.558232, 0.545839, 0.130361, 0.222617]"
721,24.033333333333335,00:00:24.03,3,,"[0.558103, 0.545942, 0.130029, 0.222678]"
722,24.066666666666666,00:00:24.06,3,,"[0.558493, 0.544857, 0.129377, 0.225293]"
723,24.1,00:00:24.10,3,,"[0.558411, 0.544183, 0.128655, 0.226183]"
724,24.133333333333333,00:00:24.13,3,,"[0.558561, 0.545313, 0.127821, 0.223537]"
725,24.166666666666668,00:00:24.16,3,,"[0.5595, 0.545562, 0.12566, 0.222589]"
726,24.2,00:00:24.19,3,,"[0.559599, 0.54431, 0.125685, 0.225887]"
727,24.233333333333334,00:00:24.23,3,,"[0.559942, 0.544507, 0.124697, 0.225265]"
728,24.266666666666666,00:00:24.26,3,,"[0.559929, 0.544276, 0.125265, 0.226325]"
729,24.3,00:00:24.30,3,,"[0.560061, 0.545137, 0.125031, 0.223811]"
730,24.333333333333332,00:00:24.33,3,,"[0.559576, 0.545459, 0.125389, 0.222683]"
731,24.366666666666667,00:00:24.36,3,,"[0.559399, 0.546514, 0.126137, 0.220469]"
732,24.4,00:00:24.39,3,,"[0.559006, 0.547177, 0.125917, 0.219193]"
733,24.433333333333334,00:00:24.43,3,,"[0.558795, 0.549809, 0.127953, 0.214658]"
734,24.466666666666665,00:00:24.46,3,,"[0.557457, 0.551958, 0.13078, 0.212311]"
735,24.5,00:00:24.50,3,,"[0.557174, 0.555602, 0.132386, 0.205019]"
736,24.533333333333335,00:00:24.53,3,,"[0.556705, 0.556042, 0.133341, 0.204684]"
737,24.566666666666666,00:00:24.56,3,,"[0.556228, 0.557186, 0.135724, 0.202655]"
738,24.6,00:00:24.60,3,,"[0.555586, 0.556639, 0.136733, 0.203098]"
739,24.633333333333333,00:00:24.63,3,,"[0.555453, 0.555985, 0.135152, 0.203459]"
740,24.666666666666668,00:00:24.66,3,,"[0.555242, 0.554182, 0.135907, 0.206966]"
741,24.7,00:00:24.69,3,,"[0.556271, 0.554595, 0.135185, 0.206761]"
742,24.733333333333334,00:00:24.73,3,,"[0.557333, 0.55229, 0.132567, 0.211915]"
743,24.766666666666666,00:00:24.76,3,,"[0.559922, 0.54965, 0.126266, 0.216721]"
744,24.8,00:00:24.80,3,,"[0.561392, 0.54696, 0.12169, 0.222388]"
745,24.833333333333332,00:00:24.83,3,,"[0.56243, 0.545591, 0.11966, 0.224564]"
746,24.866666666666667,00:00:24.86,3,,"[0.562823, 0.54512, 0.11618, 0.225291]"
747,24.9,00:00:24.89,3,,"[0.563576, 0.544135, 0.116047, 0.225791]"
748,24.933333333333334,00:00:24.93,3,,"[0.563528, 0.54415, 0.116353, 0.226398]"
749,24.966666666666665,00:00:24.96,3,,"[0.563873, 0.543666, 0.115661, 0.227347]"
750,25.0,00:00:25.00,3,,"[0.563446, 0.542201, 0.115948, 0.229892]"
751,25.033333333333335,00:00:25.03,3,,"[0.563935, 0.542405, 0.115051, 0.230486]"
752,25.066666666666666,00:00:25.06,3,,"[0.562839, 0.539597, 0.116833, 0.234631]"
753,25.1,00:00:25.10,3,,"[0.563543, 0.539356, 0.115093, 0.236227]"
754,25.133333333333333,00:00:25.13,3,,"[0.564034, 0.538879, 0.11395, 0.236727]"
755,25.166666666666668,00:00:25.16,3,,"[0.565139, 0.538483, 0.111675, 0.237373]"
756,25.2,00:00:25.19,3,,"[0.565639, 0.539418, 0.110697, 0.235983]"
757,25.233333333333334,00:00:25.23,3,,"[0.565762, 0.540691, 0.110556, 0.233675]"
758,25.266666666666666,00:00:25.26,3,,"[0.565648, 0.539338, 0.111196, 0.236728]"
759,25.3,00:00:25.30,3,,"[0.565241, 0.54186, 0.112668, 0.231289]"
760,25.333333333333332,00:00:25.33,3,,"[0.564225, 0.542836, 0.114695, 0.229722]"
761,25.366666666666667,00:00:25.36,3,,"[0.563908, 0.544099, 0.116358, 0.227262]"
762,25.4,00:00:25.39,3,,"[0.563718, 0.544748, 0.116135, 0.225298]"
763,25.433333333333334,00:00:25.43,3,,"[0.563161, 0.545238, 0.116169, 0.224407]"
764,25.466666666666665,00:00:25.46,3,,"[0.563002, 0.545838, 0.11703, 0.223288]"
765,25.5,00:00:25.50,3,,"[0.562631, 0.546831, 0.117148, 0.221138]"
766,25.533333333333335,00:00:25.53,3,,"[0.561185, 0.547062, 0.121673, 0.221525]"
767,25.566666666666666,00:00:25.56,3,,"[0.559797, 0.552987, 0.124735, 0.211064]"
768,25.6,00:00:25.60,3,,"[0.55891, 0.554522, 0.127495, 0.207775]"
769,25.633333333333333,00:00:25.63,3,,"[0.55849, 0.552479, 0.12766, 0.210957]"
770,25.666666666666668,00:00:25.66,3,,"[0.557519, 0.551221, 0.129143, 0.21326]"
771,25.7,00:00:25.69,3,,"[0.557588, 0.550385, 0.129556, 0.215274]"
772,25.733333333333334,00:00:25.73,3,,"[0.560245, 0.546607, 0.124119, 0.222977]"
773,25.766666666666666,00:00:25.76,3,,"[0.560497, 0.541995, 0.121993, 0.227387]"
774,25.8,00:00:25.80,3,,"[0.560864, 0.536645, 0.120563, 0.237565]"
775,25.833333333333332,00:00:25.83,3,,"[0.562952, 0.537998, 0.115661, 0.237551]"
776,25.866666666666667,00:00:25.86,3,,"[0.564037, 0.537985, 0.113348, 0.238004]"
777,25.9,00:00:25.89,3,,"[0.564205, 0.537865, 0.112596, 0.238252]"
778,25.933333333333334,00:00:25.93,3,,"[0.56428, 0.538952, 0.112102, 0.235895]"
779,25.966666666666665,00:00:25.96,3,,"[0.564246, 0.537918, 0.111795, 0.237561]"
780,26.0,00:00:26.00,3,,"[0.564214, 0.537041, 0.111475, 0.239032]"
781,26.033333333333335,00:00:26.03,3,,"[0.563896, 0.536568, 0.110896, 0.238704]"
782,26.066666666666666,00:00:26.06,3,,"[0.564319, 0.536841, 0.110276, 0.238376]"
783,26.1,00:00:26.10,3,,"[0.564701, 0.536381, 0.109578, 0.239415]"
784,26.133333333333333,00:00:26.13,3,,"[0.564814, 0.536098, 0.109163, 0.239424]"
785,26.166666666666668,00:00:26.16,3,,"[0.564991, 0.535965, 0.109079, 0.240363]"
786,26.2,00:00:26.19,3,,"[0.564877, 0.535673, 0.108277, 0.239797]"
787,26.233333333333334,00:00:26.23,3,,"[0.564953, 0.536204, 0.107573, 0.238739]"
788,26.266666666666666,00:00:26.26,3,,"[0.564741, 0.537239, 0.107723, 0.236152]"
789,26.3,00:00:26.30,3,,"[0.564269, 0.536039, 0.108174, 0.239038]"
790,26.333333333333332,00:00:26.33,3,,"[0.564476, 0.535873, 0.107596, 0.239027]"
791,26.366666666666667,00:00:26.36,3,,"[0.5646, 0.538021, 0.108374, 0.235383]"
792,26.4,00:00:26.39,3,,"[0.564541, 0.53845, 0.108661, 0.233858]"
793,26.433333333333334,00:00:26.43,3,,"[0.56481, 0.540994, 0.109273, 0.229147]"
794,26.466666666666665,00:00:26.46,3,,"[0.565009, 0.54091, 0.108989, 0.229303]"
795,26.5,00:00:26.50,3,,"[0.565006, 0.540564, 0.110096, 0.230672]"
796,26.533333333333335,00:00:26.53,3,,"[0.564731, 0.541208, 0.111262, 0.229213]"
797,26.566666666666666,00:00:26.56,3,,"[0.564498, 0.540075, 0.111499, 0.231603]"
798,26.6,00:00:26.60,3,,"[0.565305, 0.540986, 0.109652, 0.230496]"
799,26.633333333333333,00:00:26.63,3,,"[0.565211, 0.540092, 0.110039, 0.233094]"
800,26.666666666666668,00:00:26.66,3,,"[0.565274, 0.54002, 0.110536, 0.233731]"
801,26.7,00:00:26.69,3,,"[0.565594, 0.542452, 0.109689, 0.228421]"
802,26.733333333333334,00:00:26.73,3,,"[0.566002, 0.541539, 0.108673, 0.230403]"
803,26.766666666666666,00:00:26.76,3,,"[0.56633, 0.5414, 0.107499, 0.230539]"
804,26.8,00:00:26.80,3,,"[0.566428, 0.54171, 0.108139, 0.230812]"
805,26.833333333333332,00:00:26.83,3,,"[0.567018, 0.541923, 0.107125, 0.230229]"
806,26.866666666666667,00:00:26.86,3,,"[0.567138, 0.540741, 0.105695, 0.231876]"
807,26.9,00:00:26.89,3,,"[0.567494, 0.54079, 0.105424, 0.232077]"
808,26.933333333333334,00:00:26.93,3,,"[0.567856, 0.539337, 0.104451, 0.235419]"
809,26.966666666666665,00:00:26.96,3,,"[0.568009, 0.539008, 0.104411, 0.235804]"
810,27.0,00:00:27.00,3,,"[0.568385, 0.538031, 0.103572, 0.237784]"
811,27.033333333333335,00:00:27.03,3,,"[0.568152, 0.537755, 0.103522, 0.237818]"
812,27.066666666666666,00:00:27.06,3,,"[0.568447, 0.537738, 0.102035, 0.236828]"
813,27.1,00:00:27.10,3,,"[0.568432, 0.53905, 0.102052, 0.234115]"
814,27.133333333333333,00:00:27.13,3,,"[0.568152, 0.538265, 0.102644, 0.235898]"
815,27.166666666666668,00:00:27.16,3,,"[0.567874, 0.538211, 0.1032, 0.236055]"
816,27.2,00:00:27.19,3,,"[0.567623, 0.538582, 0.103606, 0.23532]"
817,27.233333333333334,00:00:27.23,3,,"[0.567018, 0.537163, 0.104884, 0.238315]"
818,27.266666666666666,00:00:27.26,3,,"[0.566781, 0.537232, 0.105662, 0.2384]"
819,27.3,00:00:27.30,3,,"[0.566619, 0.536061, 0.106271, 0.241018]"
820,27.333333333333332,00:00:27.33,3,,"[0.566639, 0.538196, 0.107404, 0.237089]"
821,27.366666666666667,00:00:27.36,3,,"[0.566843, 0.537936, 0.106927, 0.237508]"
822,27.4,00:00:27.39,3,,"[0.566872, 0.538164, 0.107205, 0.236978]"
823,27.433333333333334,00:00:27.43,3,,"[0.567261, 0.537362, 0.106088, 0.238525]"
824,27.466666666666665,00:00:27.46,3,,"[0.567193, 0.537502, 0.106519, 0.237908]"
825,27.5,00:00:27.50,3,,"[0.566958, 0.53902, 0.107501, 0.234577]"
826,27.533333333333335,00:00:27.53,3,,"[0.566613, 0.537709, 0.107879, 0.237373]"
827,27.566666666666666,00:00:27.56,3,,"[0.565933, 0.538078, 0.108643, 0.235366]"
828,27.6,00:00:27.60,3,,"[0.56579, 0.54064, 0.108486, 0.230204]"
829,27.633333333333333,00:00:27.63,3,,"[0.565641, 0.539578, 0.109463, 0.23212]"
830,27.666666666666668,00:00:27.66,3,,"[0.565462, 0.537416, 0.109402, 0.236819]"
831,27.7,00:00:27.69,3,,"[0.565592, 0.53803, 0.108947, 0.235882]"
832,27.733333333333334,00:00:27.73,3,,"[0.565205, 0.537275, 0.109226, 0.237144]"
833,27.766666666666666,00:00:27.76,3,,"[0.564789, 0.537071, 0.110074, 0.23756]"
834,27.8,00:00:27.80,3,,"[0.56479, 0.537401, 0.109747, 0.237084]"
835,27.833333333333332,00:00:27.83,3,,"[0.564689, 0.53789, 0.108776, 0.235031]"
836,27.866666666666667,00:00:27.86,3,,"[0.564655, 0.538001, 0.108732, 0.233578]"
837,27.9,00:00:27.89,3,,"[0.564473, 0.537424, 0.109963, 0.235736]"
838,27.933333333333334,00:00:27.93,3,,"[0.564919, 0.539758, 0.110626, 0.231609]"
839,27.966666666666665,00:00:27.96,3,,"[0.564787, 0.539298, 0.111735, 0.2328]"
840,28.0,00:00:28.00,3,,"[0.564664, 0.539538, 0.112273, 0.232435]"
841,28.033333333333335,00:00:28.03,3,,"[0.564715, 0.539367, 0.111896, 0.232958]"
842,28.066666666666666,00:00:28.06,3,,"[0.564254, 0.539511, 0.112786, 0.232467]"
843,28.1,00:00:28.10,3,,"[0.564505, 0.53977, 0.112319, 0.231331]"
844,28.133333333333333,00:00:28.13,3,,"[0.564264, 0.539576, 0.113083, 0.231772]"
845,28.166666666666668,00:00:28.16,3,,"[0.563376, 0.539532, 0.114741, 0.232117]"
846,28.2,00:00:28.19,3,,"[0.563722, 0.539621, 0.114212, 0.2321]"
847,28.233333333333334,00:00:28.23,3,,"[0.563307, 0.539324, 0.115392, 0.232691]"
848,28.266666666666666,00:00:28.26,3,,"[0.563434, 0.53966, 0.114731, 0.232466]"
849,28.3,00:00:28.30,3,,"[0.563053, 0.539459, 0.115159, 0.232853]"
850,28.333333333333332,00:00:28.33,3,,"[0.562592, 0.539729, 0.115558, 0.231514]"
851,28.366666666666667,00:00:28.36,3,,"[0.562353, 0.539402, 0.115452, 0.231421]"
852,28.4,00:00:28.39,3,,"[0.562193, 0.539255, 0.115873, 0.231451]"
853,28.433333333333334,00:00:28.43,3,,"[0.562225, 0.539551, 0.115871, 0.231007]"
854,28.466666666666665,00:00:28.46,3,,"[0.562972, 0.53842, 0.114313, 0.233433]"
855,28.5,00:00:28.50,3,,"[0.562854, 0.536979, 0.114157, 0.236185]"
856,28.533333333333335,00:00:28.53,3,,"[0.562766, 0.535639, 0.114739, 0.239091]"
857,28.566666666666666,00:00:28.56,3,,"[0.563107, 0.534915, 0.114313, 0.239972]"
858,28.6,00:00:28.60,3,,"[0.563344, 0.534502, 0.113337, 0.24125]"
859,28.633333333333333,00:00:28.63,3,,"[0.563832, 0.533581, 0.112181, 0.242038]"
860,28.666666666666668,00:00:28.66,3,,"[0.563647, 0.532593, 0.112134, 0.242983]"
861,28.7,00:00:28.69,3,,"[0.564237, 0.531844, 0.110422, 0.243309]"
862,28.733333333333334,00:00:28.73,3,,"[0.564407, 0.531934, 0.110835, 0.243376]"
863,28.766666666666666,00:00:28.76,3,,"[0.564612, 0.530912, 0.11026, 0.244835]"
864,28.8,00:00:28.80,3,,"[0.564916, 0.530531, 0.109361, 0.245082]"
865,28.833333333333332,00:00:28.83,3,,"[0.565226, 0.530579, 0.108493, 0.243979]"
866,28.866666666666667,00:00:28.86,3,,"[0.565313, 0.529131, 0.108518, 0.247521]"
867,28.9,00:00:28.89,3,,"[0.565552, 0.529307, 0.108417, 0.248023]"
868,28.933333333333334,00:00:28.93,3,,"[0.565642, 0.529005, 0.108139, 0.248026]"
869,28.966666666666665,00:00:28.96,3,,"[0.5656, 0.528716, 0.108258, 0.248607]"
870,29.0,00:00:29.00,3,,"[0.565578, 0.529362, 0.108397, 0.247475]"
871,29.033333333333335,00:00:29.03,3,,"[0.565615, 0.530417, 0.107943, 0.244674]"
872,29.066666666666666,00:00:29.06,3,,"[0.565219, 0.53047, 0.108858, 0.243942]"
873,29.1,00:00:29.10,3,,"[0.564753, 0.53026, 0.109923, 0.245187]"
874,29.133333333333333,00:00:29.13,3,,"[0.564512, 0.530953, 0.109963, 0.244153]"
875,29.166666666666668,00:00:29.16,3,,"[0.564647, 0.531466, 0.10981, 0.243506]"
876,29.2,00:00:29.19,3,,"[0.564369, 0.531914, 0.110378, 0.242561]"
877,29.233333333333334,00:00:29.23,3,,"[0.564296, 0.532242, 0.110467, 0.24193]"
878,29.266666666666666,00:00:29.26,3,,"[0.564106, 0.532495, 0.110721, 0.241137]"
879,29.3,00:00:29.30,3,,"[0.564105, 0.532863, 0.110813, 0.241511]"
880,29.333333333333332,00:00:29.33,3,,"[0.564008, 0.532982, 0.11088, 0.241822]"
881,29.366666666666667,00:00:29.36,3,,"[0.563596, 0.533221, 0.110646, 0.241565]"
882,29.4,00:00:29.39,3,,"[0.563459, 0.53317, 0.110785, 0.24101]"
883,29.433333333333334,00:00:29.43,3,,"[0.563345, 0.533247, 0.111426, 0.240914]"
884,29.466666666666665,00:00:29.46,3,,"[0.563692, 0.533956, 0.111135, 0.239665]"
885,29.5,00:00:29.50,3,,"[0.563669, 0.533597, 0.11124, 0.239489]"
886,29.533333333333335,00:00:29.53,3,,"[0.563571, 0.535022, 0.112227, 0.238672]"
887,29.566666666666666,00:00:29.56,3,,"[0.563344, 0.53756, 0.11241, 0.233826]"
888,29.6,00:00:29.60,3,,"[0.563223, 0.539527, 0.113025, 0.230443]"
889,29.633333333333333,00:00:29.63,3,,"[0.562634, 0.539667, 0.114993, 0.231227]"
890,29.666666666666668,00:00:29.66,3,,"[0.562382, 0.539376, 0.115074, 0.231214]"
891,29.7,00:00:29.69,3,,"[0.562211, 0.539271, 0.114923, 0.230702]"
892,29.733333333333334,00:00:29.73,3,,"[0.562011, 0.53913, 0.11564, 0.231995]"
893,29.766666666666666,00:00:29.76,3,,"[0.561986, 0.539007, 0.116465, 0.232487]"
894,29.8,00:00:29.80,3,,"[0.5619, 0.539119, 0.116914, 0.232526]"
895,29.833333333333332,00:00:29.83,3,,"[0.561799, 0.538968, 0.117069, 0.233062]"
896,29.866666666666667,00:00:29.86,3,,"[0.561877, 0.539114, 0.11681, 0.232668]"
897,29.9,00:00:29.89,3,,"[0.562006, 0.539497, 0.116818, 0.231716]"
898,29.933333333333334,00:00:29.93,3,,"[0.561941, 0.539577, 0.116929, 0.231614]"
899,29.966666666666665,00:00:29.96,3,,"[0.561881, 0.539427, 0.117175, 0.232221]"
900,30.0,00:00:30.00,3,,"[0.561677, 0.539107, 0.117113, 0.23234]"
901,30.033333333333335,00:00:30.03,3,,"[0.56172, 0.539143, 0.117173, 0.232325]"
902,30.066666666666666,00:00:30.06,3,,"[0.561872, 0.539323, 0.117365, 0.231968]"
903,30.1,00:00:30.10,3,,"[0.561679, 0.539382, 0.117482, 0.231835]"
904,30.133333333333333,00:00:30.13,3,,"[0.561619, 0.53889, 0.117507, 0.232503]"
905,30.166666666666668,00:00:30.16,3,,"[0.561406, 0.53808, 0.117813, 0.234255]"
906,30.2,00:00:30.19,3,,"[0.561337, 0.538689, 0.118079, 0.23278]"
907,30.233333333333334,00:00:30.23,3,,"[0.561888, 0.540113, 0.117419, 0.230155]"
908,30.266666666666666,00:00:30.26,3,,"[0.56212, 0.54081, 0.117217, 0.229277]"
909,30.3,00:00:30.30,3,,"[0.562185, 0.541651, 0.116639, 0.227151]"
910,30.333333333333332,00:00:30.33,3,,"[0.562351, 0.541604, 0.116078, 0.227168]"
911,30.366666666666667,00:00:30.36,3,,"[0.561606, 0.54154, 0.117542, 0.225431]"
912,30.4,00:00:30.39,3,,"[0.561586, 0.541724, 0.117989, 0.225141]"
913,30.433333333333334,00:00:30.43,3,,"[0.561778, 0.54202, 0.117501, 0.224631]"
914,30.466666666666665,00:00:30.46,3,,"[0.561883, 0.541824, 0.117574, 0.225228]"
915,30.5,00:00:30.50,3,,"[0.562149, 0.541455, 0.117212, 0.226177]"
916,30.533333333333335,00:00:30.53,3,,"[0.562385, 0.541391, 0.116628, 0.226304]"
917,30.566666666666666,00:00:30.56,3,,"[0.562225, 0.540989, 0.116695, 0.227441]"
918,30.6,00:00:30.60,3,,"[0.562212, 0.541642, 0.117003, 0.226702]"
919,30.633333333333333,00:00:30.63,3,,"[0.562951, 0.541504, 0.115844, 0.229547]"
920,30.666666666666668,00:00:30.66,3,,"[0.563251, 0.542752, 0.116617, 0.227255]"
921,30.7,00:00:30.69,3,,"[0.563121, 0.545426, 0.116362, 0.223196]"
922,30.733333333333334,00:00:30.73,3,,"[0.563215, 0.545243, 0.116755, 0.223946]"
923,30.766666666666666,00:00:30.76,3,,"[0.562943, 0.543178, 0.117476, 0.226784]"
924,30.8,00:00:30.80,3,,"[0.562683, 0.543475, 0.118365, 0.225926]"
925,30.833333333333332,00:00:30.83,3,,"[0.561428, 0.542147, 0.118437, 0.225375]"
926,30.866666666666667,00:00:30.86,3,,"[0.560762, 0.539788, 0.119586, 0.229508]"
927,30.9,00:00:30.89,3,,"[0.562077, 0.540146, 0.117906, 0.232219]"
928,30.933333333333334,00:00:30.93,3,,"[0.562144, 0.538425, 0.117485, 0.234748]"
929,30.966666666666665,00:00:30.96,3,,"[0.562345, 0.538826, 0.117647, 0.235047]"
930,31.0,00:00:31.00,3,,"[0.563245, 0.540162, 0.117171, 0.233705]"
931,31.033333333333335,00:00:31.03,3,,"[0.563737, 0.537537, 0.115617, 0.23947]"
932,31.066666666666666,00:00:31.06,3,,"[0.563039, 0.540354, 0.118451, 0.233663]"
933,31.1,00:00:31.10,3,,"[0.562523, 0.544271, 0.12008, 0.225801]"
934,31.133333333333333,00:00:31.13,3,,"[0.561765, 0.546931, 0.121964, 0.22014]"
935,31.166666666666668,00:00:31.16,3,,"[0.561255, 0.546372, 0.123628, 0.221593]"
936,31.2,00:00:31.19,3,,"[0.560794, 0.546062, 0.124342, 0.221726]"
937,31.233333333333334,00:00:31.23,3,,"[0.559949, 0.545658, 0.125557, 0.222758]"
938,31.266666666666666,00:00:31.26,3,,"[0.559202, 0.545002, 0.126574, 0.223885]"
939,31.3,00:00:31.30,3,,"[0.558484, 0.543998, 0.127425, 0.226094]"
940,31.333333333333332,00:00:31.33,3,,"[0.558461, 0.543799, 0.12784, 0.226786]"
941,31.366666666666667,00:00:31.36,3,,"[0.55894, 0.543537, 0.127147, 0.228023]"
942,31.4,00:00:31.39,3,,"[0.559054, 0.54211, 0.127006, 0.230078]"
943,31.433333333333334,00:00:31.43,3,,"[0.558667, 0.542185, 0.127092, 0.230196]"
944,31.466666666666665,00:00:31.46,3,,"[0.559181, 0.541429, 0.12686, 0.231663]"
945,31.5,00:00:31.50,3,,"[0.560728, 0.541152, 0.123988, 0.232042]"
946,31.533333333333335,00:00:31.53,3,,"[0.561487, 0.540584, 0.121405, 0.234852]"
947,31.566666666666666,00:00:31.56,3,,"[0.561916, 0.538715, 0.119589, 0.238048]"
948,31.6,00:00:31.60,3,,"[0.561316, 0.537348, 0.120309, 0.24004]"
949,31.633333333333333,00:00:31.63,3,,"[0.561787, 0.537122, 0.119135, 0.240479]"
950,31.666666666666668,00:00:31.66,3,,"[0.562843, 0.535716, 0.116377, 0.242271]"
951,31.7,00:00:31.69,3,,"[0.565488, 0.534408, 0.112827, 0.245065]"
952,31.733333333333334,00:00:31.73,3,,"[0.566627, 0.53052, 0.111094, 0.252004]"
953,31.766666666666666,00:00:31.76,3,,"[0.566955, 0.529697, 0.110455, 0.252821]"
954,31.8,00:00:31.80,3,,"[0.567348, 0.528309, 0.109443, 0.255542]"
955,31.833333333333332,00:00:31.83,3,,"[0.567547, 0.527129, 0.109556, 0.257994]"
956,31.866666666666667,00:00:31.86,3,,"[0.567049, 0.529544, 0.109599, 0.252841]"
957,31.9,00:00:31.89,3,,"[0.566438, 0.532765, 0.110271, 0.2467]"
958,31.933333333333334,00:00:31.93,3,,"[0.564347, 0.534572, 0.114575, 0.243588]"
959,31.966666666666665,00:00:31.96,3,,"[0.563794, 0.541466, 0.117421, 0.230044]"
960,32.0,00:00:32.00,3,,"[0.562074, 0.543488, 0.121834, 0.228084]"
961,32.03333333333333,00:00:32.03,3,,"[0.561489, 0.543337, 0.122615, 0.228361]"
962,32.06666666666667,00:00:32.06,3,,"[0.561597, 0.543792, 0.12343, 0.227002]"
963,32.1,00:00:32.10,3,,"[0.561, 0.542971, 0.123922, 0.229781]"
964,32.13333333333333,00:00:32.13,3,,"[0.56033, 0.542128, 0.125264, 0.23075]"
965,32.166666666666664,00:00:32.16,3,,"[0.561324, 0.538891, 0.122804, 0.238371]"
966,32.2,00:00:32.20,3,,"[0.56264, 0.538215, 0.120257, 0.239306]"
967,32.233333333333334,00:00:32.23,3,,"[0.563338, 0.535638, 0.117568, 0.243101]"
968,32.266666666666666,00:00:32.26,3,,"[0.563359, 0.534856, 0.1175, 0.244752]"
969,32.3,00:00:32.29,3,,"[0.563158, 0.5362, 0.117437, 0.243057]"
970,32.333333333333336,00:00:32.33,3,,"[0.561964, 0.534768, 0.121753, 0.245817]"
971,32.36666666666667,00:00:32.36,3,,"[0.56098, 0.537761, 0.123315, 0.239555]"
972,32.4,00:00:32.39,3,,"[0.559214, 0.537463, 0.126551, 0.239207]"
973,32.43333333333333,00:00:32.43,3,,"[0.558873, 0.537118, 0.127552, 0.241013]"
974,32.46666666666667,00:00:32.46,3,,"[0.559475, 0.53776, 0.126915, 0.240031]"
975,32.5,00:00:32.50,3,,"[0.558703, 0.537051, 0.127828, 0.244225]"
976,32.53333333333333,00:00:32.53,3,,"[0.559157, 0.536941, 0.125896, 0.243833]"
977,32.56666666666667,00:00:32.56,3,,"[0.559589, 0.536892, 0.125959, 0.24471]"
978,32.6,00:00:32.60,3,,"[0.559688, 0.536426, 0.12574, 0.24577]"
979,32.63333333333333,00:00:32.63,3,,"[0.559341, 0.535287, 0.126341, 0.247519]"
980,32.666666666666664,00:00:32.66,3,,"[0.558868, 0.535117, 0.126407, 0.24714]"
981,32.7,00:00:32.70,3,,"[0.559286, 0.535681, 0.126053, 0.246367]"
982,32.733333333333334,00:00:32.73,3,,"[0.558795, 0.535875, 0.127314, 0.246282]"
983,32.766666666666666,00:00:32.76,3,,"[0.558321, 0.536305, 0.128741, 0.245861]"
984,32.8,00:00:32.79,3,,"[0.558086, 0.536759, 0.128993, 0.245444]"
985,32.833333333333336,00:00:32.83,3,,"[0.558216, 0.537403, 0.129535, 0.244784]"
986,32.86666666666667,00:00:32.86,3,,"[0.558528, 0.537496, 0.129082, 0.243918]"
987,32.9,00:00:32.89,3,,"[0.558231, 0.537677, 0.130301, 0.2439]"
988,32.93333333333333,00:00:32.93,3,,"[0.558084, 0.538018, 0.13116, 0.244029]"
989,32.96666666666667,00:00:32.96,3,,"[0.557984, 0.540209, 0.130927, 0.239281]"
990,33.0,00:00:33.00,3,,"[0.557547, 0.540379, 0.132418, 0.238885]"
991,33.03333333333333,00:00:33.03,3,,"[0.55748, 0.541017, 0.13207, 0.236725]"
992,33.06666666666667,00:00:33.06,3,,"[0.557184, 0.539314, 0.133186, 0.240773]"
993,33.1,00:00:33.10,3,,"[0.557282, 0.539341, 0.132734, 0.241233]"
994,33.13333333333333,00:00:33.13,3,,"[0.557612, 0.540693, 0.130934, 0.234555]"
995,33.166666666666664,00:00:33.16,3,,"[0.557333, 0.540243, 0.131852, 0.239465]"
996,33.2,00:00:33.20,3,,"[0.557509, 0.540563, 0.131134, 0.238468]"
997,33.233333333333334,00:00:33.23,3,,"[0.558053, 0.540412, 0.130312, 0.23425]"
998,33.266666666666666,00:00:33.26,3,,"[0.557684, 0.541474, 0.131131, 0.232437]"
999,33.3,00:00:33.29,3,,"[0.557862, 0.543681, 0.130553, 0.228262]"
1000,33.333333333333336,00:00:33.33,3,,"[0.557732, 0.543757, 0.130585, 0.228441]"
1001,33.36666666666667,00:00:33.36,3,,"[0.557579, 0.542973, 0.130075, 0.229865]"
1002,33.4,00:00:33.39,3,,"[0.55732, 0.542804, 0.130213, 0.230322]"
1003,33.43333333333333,00:00:33.43,3,,"[0.557373, 0.542307, 0.129693, 0.231354]"
1004,33.46666666666667,00:00:33.46,3,,"[0.557372, 0.543253, 0.129261, 0.228893]"
1005,33.5,00:00:33.50,3,,"[0.557673, 0.542927, 0.129233, 0.229615]"
1006,33.53333333333333,00:00:33.53,3,,"[0.558197, 0.54297, 0.128964, 0.230529]"
1007,33.56666666666667,00:00:33.56,3,,"[0.558125, 0.543797, 0.127466, 0.228813]"
1008,33.6,00:00:33.60,3,,"[0.558673, 0.544072, 0.126669, 0.227638]"
1009,33.63333333333333,00:00:33.63,3,,"[0.558105, 0.54393, 0.127107, 0.227775]"
1010,33.666666666666664,00:00:33.66,3,,"[0.558402, 0.544606, 0.126514, 0.226107]"
1011,33.7,00:00:33.70,3,,"[0.558305, 0.544468, 0.126502, 0.226026]"
1012,33.733333333333334,00:00:33.73,3,,"[0.558391, 0.5442, 0.126292, 0.226908]"
1013,33.766666666666666,00:00:33.76,3,,"[0.557949, 0.543685, 0.127441, 0.227662]"
1014,33.8,00:00:33.79,3,,"[0.558079, 0.543201, 0.126691, 0.227956]"
1015,33.833333333333336,00:00:33.83,3,,"[0.558064, 0.543372, 0.127072, 0.228021]"
1016,33.86666666666667,00:00:33.86,3,,"[0.557643, 0.543682, 0.128229, 0.227379]"
1017,33.9,00:00:33.89,3,,"[0.558183, 0.544019, 0.127319, 0.226923]"
1018,33.93333333333333,00:00:33.93,3,,"[0.55772, 0.544491, 0.128018, 0.226275]"
1019,33.96666666666667,00:00:33.96,3,,"[0.557955, 0.544938, 0.127525, 0.225456]"
1020,34.0,00:00:34.00,3,,"[0.557793, 0.545389, 0.128169, 0.224675]"
1021,34.03333333333333,00:00:34.03,3,,"[0.557765, 0.545843, 0.128395, 0.223665]"
1022,34.06666666666667,00:00:34.06,3,,"[0.557771, 0.546517, 0.1288, 0.222545]"
1023,34.1,00:00:34.10,3,,"[0.557227, 0.546109, 0.128872, 0.222877]"
1024,34.13333333333333,00:00:34.13,3,,"[0.556985, 0.546228, 0.131111, 0.222604]"
1025,34.166666666666664,00:00:34.16,3,,"[0.556349, 0.546991, 0.132016, 0.221755]"
1026,34.2,00:00:34.20,3,,"[0.556392, 0.548024, 0.132535, 0.219852]"
1027,34.233333333333334,00:00:34.23,3,,"[0.555529, 0.55011, 0.134439, 0.213819]"
1028,34.266666666666666,00:00:34.26,3,,"[0.555518, 0.549342, 0.133223, 0.218008]"
1029,34.3,00:00:34.29,3,,"[0.555261, 0.549513, 0.134144, 0.217992]"
1030,34.333333333333336,00:00:34.33,3,,"[0.555024, 0.548617, 0.134594, 0.2196]"
1031,34.36666666666667,00:00:34.36,3,,"[0.554681, 0.548242, 0.135628, 0.220659]"
1032,34.4,00:00:34.39,3,,"[0.554543, 0.5475, 0.135689, 0.221956]"
1033,34.43333333333333,00:00:34.43,3,,"[0.554751, 0.546506, 0.134574, 0.224443]"
1034,34.46666666666667,00:00:34.46,3,,"[0.555807, 0.545318, 0.133697, 0.223708]"
1035,34.5,00:00:34.50,3,,"[0.556557, 0.540802, 0.128672, 0.231238]"
1036,34.53333333333333,00:00:34.53,3,,"[0.560202, 0.537679, 0.121233, 0.238764]"
1037,34.56666666666667,00:00:34.56,3,,"[0.561477, 0.535248, 0.118172, 0.241721]"
1038,34.6,00:00:34.60,3,,"[0.562706, 0.534345, 0.114033, 0.243486]"
1039,34.63333333333333,00:00:34.63,3,,"[0.564561, 0.534662, 0.110301, 0.242607]"
1040,34.666666666666664,00:00:34.66,3,,"[0.565135, 0.534882, 0.108549, 0.242382]"
1041,34.7,00:00:34.70,3,,"[0.564198, 0.534757, 0.110555, 0.242569]"
1042,34.733333333333334,00:00:34.73,3,,"[0.563919, 0.53339, 0.110673, 0.245358]"
1043,34.766666666666666,00:00:34.76,3,,"[0.56477, 0.532902, 0.108486, 0.245742]"
1044,34.8,00:00:34.79,3,,"[0.565226, 0.532463, 0.107525, 0.246452]"
1045,34.833333333333336,00:00:34.83,3,,"[0.565537, 0.532046, 0.107451, 0.246575]"
1046,34.86666666666667,00:00:34.86,3,,"[0.565736, 0.531779, 0.106518, 0.247088]"
1047,34.9,00:00:34.89,3,,"[0.565863, 0.532909, 0.10555, 0.24614]"
1048,34.93333333333333,00:00:34.93,3,,"[0.56593, 0.531394, 0.106764, 0.250113]"
1049,34.96666666666667,00:00:34.96,3,,"[0.56649, 0.532845, 0.104564, 0.247039]"
1050,35.0,00:00:35.00,3,,"[0.566652, 0.53305, 0.105272, 0.247108]"
1051,35.03333333333333,00:00:35.03,3,,"[0.568138, 0.531841, 0.103863, 0.247485]"
1052,35.06666666666667,00:00:35.06,3,,"[0.568357, 0.531167, 0.103442, 0.249081]"
1053,35.1,00:00:35.10,3,,"[0.568531, 0.53064, 0.103487, 0.250169]"
1054,35.13333333333333,00:00:35.13,3,,"[0.568485, 0.531287, 0.102675, 0.24917]"
1055,35.166666666666664,00:00:35.16,3,,"[0.569018, 0.530994, 0.101642, 0.249688]"
1056,35.2,00:00:35.20,3,,"[0.56965, 0.530656, 0.100402, 0.250614]"
1057,35.233333333333334,00:00:35.23,3,,"[0.569525, 0.529984, 0.101172, 0.252101]"
1058,35.266666666666666,00:00:35.26,3,,"[0.569521, 0.529886, 0.101111, 0.252424]"
1059,35.3,00:00:35.29,3,,"[0.569772, 0.529978, 0.100592, 0.252034]"
1060,35.333333333333336,00:00:35.33,3,,"[0.570004, 0.529769, 0.0997669, 0.252421]"
1061,35.36666666666667,00:00:35.36,3,,"[0.570675, 0.530357, 0.0977785, 0.251107]"
1062,35.4,00:00:35.39,3,,"[0.571199, 0.530656, 0.0968887, 0.250499]"
1063,35.43333333333333,00:00:35.43,3,,"[0.571807, 0.531082, 0.0953804, 0.24965]"
1064,35.46666666666667,00:00:35.46,3,,"[0.571869, 0.531006, 0.0951519, 0.249462]"
1065,35.5,00:00:35.50,3,,"[0.571901, 0.531097, 0.0951008, 0.249318]"
1066,35.53333333333333,00:00:35.53,3,,"[0.572098, 0.52992, 0.0948851, 0.251543]"
1067,35.56666666666667,00:00:35.56,3,,"[0.571783, 0.52903, 0.0952902, 0.253533]"
1068,35.6,00:00:35.60,3,,"[0.571726, 0.527995, 0.0961284, 0.255981]"
1069,35.63333333333333,00:00:35.63,3,,"[0.572307, 0.526229, 0.094244, 0.259218]"
1070,35.666666666666664,00:00:35.66,3,,"[0.572682, 0.526265, 0.0940947, 0.258981]"
1071,35.7,00:00:35.70,3,,"[0.571933, 0.524997, 0.0948649, 0.261129]"
1072,35.733333333333334,00:00:35.73,3,,"[0.572659, 0.52627, 0.0938768, 0.258807]"
1073,35.766666666666666,00:00:35.76,3,,"[0.572198, 0.527065, 0.0945629, 0.257117]"
1074,35.8,00:00:35.79,3,,"[0.571875, 0.525665, 0.0952339, 0.259858]"
1075,35.833333333333336,00:00:35.83,3,,"[0.571313, 0.526024, 0.0969765, 0.259367]"
1076,35.86666666666667,00:00:35.86,3,,"[0.571466, 0.526673, 0.0962119, 0.258039]"
1077,35.9,00:00:35.89,3,,"[0.571028, 0.527278, 0.0971896, 0.257107]"
1078,35.93333333333333,00:00:35.93,3,,"[0.56983, 0.531122, 0.0996666, 0.249503]"
1079,35.96666666666667,00:00:35.96,3,,"[0.569548, 0.532829, 0.100587, 0.246919]"
1080,36.0,00:00:36.00,3,,"[0.568498, 0.532499, 0.102956, 0.247145]"
1081,36.03333333333333,00:00:36.03,3,,"[0.567118, 0.53508, 0.103517, 0.242677]"
1082,36.06666666666667,00:00:36.06,3,,"[0.566374, 0.534852, 0.104053, 0.24363]"
1083,36.1,00:00:36.10,3,,"[0.566074, 0.535331, 0.104272, 0.242446]"
1084,36.13333333333333,00:00:36.13,3,,"[0.565924, 0.534951, 0.104637, 0.243618]"
1085,36.166666666666664,00:00:36.16,3,,"[0.565443, 0.534365, 0.104913, 0.245116]"
1086,36.2,00:00:36.20,3,,"[0.565258, 0.533742, 0.105831, 0.246332]"
1087,36.233333333333334,00:00:36.23,3,,"[0.565362, 0.534243, 0.105941, 0.245575]"
1088,36.266666666666666,00:00:36.26,3,,"[0.565304, 0.533549, 0.10545, 0.246987]"
1089,36.3,00:00:36.29,3,,"[0.565227, 0.533095, 0.105147, 0.247558]"
1090,36.333333333333336,00:00:36.33,3,,"[0.565467, 0.533103, 0.105252, 0.247493]"
1091,36.36666666666667,00:00:36.36,3,,"[0.565117, 0.53328, 0.106196, 0.247385]"
1092,36.4,00:00:36.39,3,,"[0.564624, 0.532165, 0.106758, 0.249645]"
1093,36.43333333333333,00:00:36.43,3,,"[0.564081, 0.533746, 0.108109, 0.246717]"
1094,36.46666666666667,00:00:36.46,3,,"[0.562622, 0.535766, 0.111718, 0.243357]"
1095,36.5,00:00:36.50,3,,"[0.562307, 0.537879, 0.113236, 0.239592]"
1096,36.53333333333333,00:00:36.53,3,,"[0.561714, 0.537727, 0.114381, 0.239065]"
1097,36.56666666666667,00:00:36.56,3,,"[0.558327, 0.538776, 0.119554, 0.236767]"
1098,36.6,00:00:36.60,3,,"[0.557872, 0.543214, 0.120776, 0.228113]"
1099,36.63333333333333,00:00:36.63,3,,"[0.55408, 0.545705, 0.123557, 0.223826]"
1100,36.666666666666664,00:00:36.66,3,,"[0.553245, 0.545144, 0.127514, 0.2251]"
1101,36.7,00:00:36.70,3,,"[0.553779, 0.544332, 0.128876, 0.22726]"
1102,36.733333333333334,00:00:36.73,3,,"[0.553119, 0.541469, 0.129907, 0.231034]"
1103,36.766666666666666,00:00:36.76,3,,"[0.554254, 0.542208, 0.127436, 0.227887]"
1104,36.8,00:00:36.79,3,,"[0.558019, 0.536049, 0.118481, 0.239484]"
1105,36.833333333333336,00:00:36.83,3,,"[0.560309, 0.535386, 0.114336, 0.241586]"
1106,36.86666666666667,00:00:36.86,3,,"[0.562315, 0.530376, 0.111069, 0.24979]"
1107,36.9,00:00:36.89,3,,"[0.563704, 0.529557, 0.109264, 0.251641]"
1108,36.93333333333333,00:00:36.93,3,,"[0.564356, 0.529308, 0.107566, 0.252326]"
1109,36.96666666666667,00:00:36.96,3,,"[0.564293, 0.529444, 0.106384, 0.251227]"
1110,37.0,00:00:37.00,3,,"[0.563791, 0.527336, 0.10802, 0.252758]"
1111,37.03333333333333,00:00:37.03,3,,"[0.563883, 0.527666, 0.11161, 0.253845]"
1112,37.06666666666667,00:00:37.06,3,,"[0.562567, 0.52426, 0.114392, 0.259475]"
1113,37.1,00:00:37.10,3,,"[0.562491, 0.522479, 0.113439, 0.261679]"
1114,37.13333333333333,00:00:37.13,3,,"[0.562947, 0.522048, 0.112971, 0.26175]"
1115,37.166666666666664,00:00:37.16,3,,"[0.564216, 0.521683, 0.110832, 0.263633]"
1116,37.2,00:00:37.20,3,,"[0.5649, 0.520968, 0.10886, 0.265219]"
1117,37.233333333333334,00:00:37.23,3,,"[0.565469, 0.521813, 0.107665, 0.262294]"
1118,37.266666666666666,00:00:37.26,3,,"[0.566389, 0.520773, 0.106959, 0.264746]"
1119,37.3,00:00:37.29,3,,"[0.566495, 0.519642, 0.105716, 0.265944]"
1120,37.333333333333336,00:00:37.33,3,,"[0.567351, 0.520232, 0.104011, 0.264278]"
1121,37.36666666666667,00:00:37.36,3,,"[0.56736, 0.520366, 0.103634, 0.264411]"
1122,37.4,00:00:37.39,3,,"[0.567617, 0.520562, 0.103772, 0.263844]"
1123,37.43333333333333,00:00:37.43,3,,"[0.567029, 0.523224, 0.103896, 0.258007]"
1124,37.46666666666667,00:00:37.46,3,,"[0.567404, 0.525148, 0.1041, 0.255543]"
1125,37.5,00:00:37.50,3,,"[0.56745, 0.52544, 0.10393, 0.255272]"
1126,37.53333333333333,00:00:37.53,3,,"[0.567591, 0.525797, 0.10389, 0.254945]"
1127,37.56666666666667,00:00:37.56,3,,"[0.568158, 0.524237, 0.102795, 0.258445]"
1128,37.6,00:00:37.60,3,,"[0.569692, 0.523209, 0.10006, 0.261484]"
1129,37.63333333333333,00:00:37.63,3,,"[0.570416, 0.522314, 0.0980268, 0.263302]"
1130,37.666666666666664,00:00:37.66,3,,"[0.573041, 0.51878, 0.0929194, 0.271287]"
1131,37.7,00:00:37.70,3,,"[0.576126, 0.519322, 0.0872889, 0.269619]"
1132,37.733333333333334,00:00:37.73,3,,"[0.578003, 0.518168, 0.0829056, 0.272542]"
1133,37.766666666666666,00:00:37.76,3,,"[0.580366, 0.519649, 0.0797139, 0.27105]"
1134,37.8,00:00:37.79,3,,"[0.582449, 0.519762, 0.0765526, 0.270575]"
1135,37.833333333333336,00:00:37.83,3,,"[0.583907, 0.5197, 0.0756434, 0.270729]"
1136,37.86666666666667,00:00:37.86,3,,"[0.584484, 0.518538, 0.0739899, 0.273015]"
1137,37.9,00:00:37.89,3,,"[0.585457, 0.516232, 0.0720058, 0.279619]"
1138,37.93333333333333,00:00:37.93,3,,"[0.587645, 0.516003, 0.0688545, 0.279908]"
1139,37.96666666666667,00:00:37.96,3,,"[0.589985, 0.516418, 0.0650347, 0.279808]"
1140,38.0,00:00:38.00,3,,"[0.59108, 0.515175, 0.0638298, 0.280494]"
1141,38.03333333333333,00:00:38.03,3,,"[0.592663, 0.514224, 0.0614098, 0.281977]"
1142,38.06666666666667,00:00:38.06,3,,"[0.594836, 0.512529, 0.0576113, 0.285279]"
1143,38.1,00:00:38.10,3,,"[0.594699, 0.514083, 0.0582939, 0.282264]"
1144,38.13333333333333,00:00:38.13,3,,"[0.594676, 0.512612, 0.058617, 0.28457]"
1145,38.166666666666664,00:00:38.16,3,,"[0.594962, 0.512718, 0.0580835, 0.283996]"
1146,38.2,00:00:38.20,3,,"[0.594558, 0.513071, 0.0596032, 0.284224]"
1147,38.233333333333334,00:00:38.23,3,,"[0.59777, 0.513684, 0.0561836, 0.282394]"
1148,38.266666666666666,00:00:38.26,3,,"[0.598444, 0.513492, 0.0548538, 0.282605]"
1149,38.3,00:00:38.29,3,,"[0.598985, 0.514977, 0.053714, 0.279186]"
1150,38.333333333333336,00:00:38.33,3,,"[0.598898, 0.516409, 0.0542966, 0.277322]"
1151,38.36666666666667,00:00:38.36,3,,"[0.598017, 0.515177, 0.055913, 0.28001]"
1152,38.4,00:00:38.39,3,,"[0.596706, 0.518042, 0.0567293, 0.273986]"
1153,38.43333333333333,00:00:38.43,3,,"[0.595661, 0.521093, 0.0593033, 0.267213]"
1154,38.46666666666667,00:00:38.46,3,,"[0.593602, 0.523288, 0.0628178, 0.26326]"
1155,38.5,00:00:38.50,3,,"[0.591074, 0.523822, 0.0663678, 0.25996]"
1156,38.53333333333333,00:00:38.53,3,,"[0.589687, 0.524059, 0.0681942, 0.260234]"
1157,38.56666666666667,00:00:38.56,3,,"[0.589151, 0.525318, 0.0699069, 0.260082]"
1158,38.6,00:00:38.60,3,,"[0.587915, 0.523497, 0.0697668, 0.263858]"
1159,38.63333333333333,00:00:38.63,3,,"[0.585793, 0.519588, 0.0742439, 0.269296]"
1160,38.666666666666664,00:00:38.66,3,,"[0.584513, 0.517764, 0.0759703, 0.271173]"
1161,38.7,00:00:38.70,3,,"[0.584216, 0.517574, 0.0761459, 0.272052]"
1162,38.733333333333334,00:00:38.73,3,,"[0.583586, 0.516808, 0.0765202, 0.272721]"
1163,38.766666666666666,00:00:38.76,3,,"[0.584154, 0.516898, 0.075664, 0.272036]"
1164,38.8,00:00:38.79,3,,"[0.584565, 0.513632, 0.0748603, 0.279373]"
1165,38.833333333333336,00:00:38.83,3,,"[0.584871, 0.510682, 0.0749171, 0.285142]"
1166,38.86666666666667,00:00:38.86,3,,"[0.585231, 0.509856, 0.0738733, 0.287534]"
1167,38.9,00:00:38.89,3,,"[0.586056, 0.508514, 0.0732893, 0.29141]"
1168,38.93333333333333,00:00:38.93,3,,"[0.586314, 0.507384, 0.0732426, 0.293813]"
1169,38.96666666666667,00:00:38.96,3,,"[0.58931, 0.503721, 0.0659082, 0.303334]"
1170,39.0,00:00:39.00,3,,"[0.589765, 0.501781, 0.0647551, 0.307107]"
1171,39.03333333333333,00:00:39.03,3,,"[0.589539, 0.500487, 0.0658159, 0.309356]"
1172,39.06666666666667,00:00:39.06,3,,"[0.588926, 0.499612, 0.0665815, 0.311438]"
1173,39.1,00:00:39.10,3,,"[0.59092, 0.499986, 0.0631047, 0.309574]"
1174,39.13333333333333,00:00:39.13,3,,"[0.591197, 0.500309, 0.062611, 0.309175]"
1175,39.166666666666664,00:00:39.16,3,,"[0.59112, 0.500325, 0.0639326, 0.311296]"
1176,39.2,00:00:39.20,3,,"[0.591359, 0.501047, 0.0627246, 0.307666]"
1177,39.233333333333334,00:00:39.23,3,,"[0.591642, 0.502011, 0.0631818, 0.308224]"
1178,39.266666666666666,00:00:39.26,3,,"[0.591367, 0.502393, 0.0633172, 0.307102]"
1179,39.3,00:00:39.29,3,,"[0.590658, 0.50178, 0.0646023, 0.306262]"
1180,39.333333333333336,00:00:39.33,3,,"[0.588542, 0.502133, 0.0691313, 0.305185]"
1181,39.36666666666667,00:00:39.36,3,,"[0.58651, 0.502291, 0.0721753, 0.304905]"
1182,39.4,00:00:39.39,3,,"[0.586035, 0.503122, 0.072813, 0.302768]"
1183,39.43333333333333,00:00:39.43,3,,"[0.584487, 0.501438, 0.0748842, 0.30555]"
1184,39.46666666666667,00:00:39.46,3,,"[0.584945, 0.502613, 0.075323, 0.301517]"
1185,39.5,00:00:39.50,3,,"[0.582807, 0.505103, 0.0787798, 0.29688]"
1186,39.53333333333333,00:00:39.53,3,,"[0.580535, 0.50521, 0.0824616, 0.296121]"
1187,39.56666666666667,00:00:39.56,3,,"[0.579804, 0.507628, 0.083321, 0.291159]"
1188,39.6,00:00:39.60,3,,"[0.579409, 0.508464, 0.0830649, 0.28964]"
1189,39.63333333333333,00:00:39.63,3,,"[0.579149, 0.509098, 0.0831113, 0.287589]"
1190,39.666666666666664,00:00:39.66,3,,"[0.578982, 0.509104, 0.0832269, 0.287627]"
1191,39.7,00:00:39.70,3,,"[0.578418, 0.507492, 0.0842372, 0.290538]"
1192,39.733333333333334,00:00:39.73,3,,"[0.57836, 0.50787, 0.0843302, 0.290153]"
1193,39.766666666666666,00:00:39.76,3,,"[0.577872, 0.507338, 0.0851147, 0.291293]"
1194,39.8,00:00:39.79,3,,"[0.57715, 0.506604, 0.0856834, 0.292812]"
1195,39.833333333333336,00:00:39.83,3,,"[0.576824, 0.506029, 0.086643, 0.293778]"
1196,39.86666666666667,00:00:39.86,3,,"[0.575859, 0.506478, 0.0886486, 0.292812]"
1197,39.9,00:00:39.89,3,,"[0.574209, 0.507874, 0.0912054, 0.289951]"
1198,39.93333333333333,00:00:39.93,3,,"[0.571811, 0.507352, 0.0942263, 0.29143]"
1199,39.96666666666667,00:00:39.96,3,,"[0.570401, 0.508394, 0.0953983, 0.287309]"
1200,40.0,00:00:40.00,3,,"[0.568344, 0.507716, 0.101291, 0.289466]"
1201,40.03333333333333,00:00:40.03,3,,"[0.567498, 0.505267, 0.104894, 0.294904]"
1202,40.06666666666667,00:00:40.06,3,,"[0.567676, 0.504639, 0.104968, 0.297407]"
1203,40.1,00:00:40.10,3,,"[0.567683, 0.503075, 0.103453, 0.299127]"
1204,40.13333333333333,00:00:40.13,3,,"[0.567482, 0.501819, 0.103459, 0.301781]"
1205,40.166666666666664,00:00:40.16,3,,"[0.568225, 0.502595, 0.102954, 0.299963]"
1206,40.2,00:00:40.20,3,,"[0.567891, 0.503095, 0.103229, 0.299402]"
1207,40.233333333333334,00:00:40.23,3,,"[0.568417, 0.505549, 0.10391, 0.295728]"
1208,40.266666666666666,00:00:40.26,3,,"[0.567935, 0.505714, 0.106388, 0.295828]"
1209,40.3,00:00:40.29,3,,"[0.567373, 0.505829, 0.106947, 0.295674]"
1210,40.333333333333336,00:00:40.33,3,,"[0.566601, 0.507778, 0.108442, 0.291242]"
1211,40.36666666666667,00:00:40.36,3,,"[0.566616, 0.507603, 0.108818, 0.290752]"
1212,40.4,00:00:40.39,3,,"[0.566388, 0.508247, 0.108876, 0.288366]"
1213,40.43333333333333,00:00:40.43,3,,"[0.56643, 0.508479, 0.109102, 0.288075]"
1214,40.46666666666667,00:00:40.46,3,,"[0.566828, 0.510086, 0.108113, 0.28478]"
1215,40.5,00:00:40.50,3,,"[0.567293, 0.510589, 0.105842, 0.283222]"
1216,40.53333333333333,00:00:40.53,3,,"[0.567367, 0.509791, 0.104323, 0.285041]"
1217,40.56666666666667,00:00:40.56,3,,"[0.568018, 0.508246, 0.101297, 0.289513]"
1218,40.6,00:00:40.60,3,,"[0.569114, 0.508214, 0.0982199, 0.28955]"
1219,40.63333333333333,00:00:40.63,3,,"[0.571092, 0.509114, 0.0946111, 0.286314]"
1220,40.666666666666664,00:00:40.66,3,,"[0.572148, 0.509521, 0.0927923, 0.285788]"
1221,40.7,00:00:40.70,3,,"[0.573593, 0.510303, 0.0909821, 0.284875]"
1222,40.733333333333334,00:00:40.73,3,,"[0.573951, 0.510887, 0.0905241, 0.284035]"
1223,40.766666666666666,00:00:40.76,3,,"[0.574098, 0.510702, 0.0906824, 0.284093]"
1224,40.8,00:00:40.79,3,,"[0.574033, 0.510723, 0.0897552, 0.284344]"
1225,40.833333333333336,00:00:40.83,3,,"[0.57366, 0.510497, 0.0892627, 0.284436]"
1226,40.86666666666667,00:00:40.86,3,,"[0.573215, 0.510574, 0.0900968, 0.284416]"
1227,40.9,00:00:40.89,3,,"[0.573334, 0.510716, 0.0893319, 0.283945]"
1228,40.93333333333333,00:00:40.93,3,,"[0.574616, 0.51139, 0.0878179, 0.283439]"
1229,40.96666666666667,00:00:40.96,3,,"[0.574977, 0.510939, 0.0884077, 0.283342]"
1230,41.0,00:00:41.00,3,,"[0.575241, 0.51087, 0.0878747, 0.283336]"
1231,41.03333333333333,00:00:41.03,3,,"[0.57541, 0.510113, 0.0876184, 0.284814]"
1232,41.06666666666667,00:00:41.06,3,,"[0.575525, 0.509931, 0.0870572, 0.28519]"
1233,41.1,00:00:41.10,3,,"[0.575777, 0.509406, 0.086933, 0.28596]"
1234,41.13333333333333,00:00:41.13,3,,"[0.576424, 0.508896, 0.0856741, 0.286711]"
1235,41.166666666666664,00:00:41.16,3,,"[0.577136, 0.507772, 0.0850576, 0.29009]"
1236,41.2,00:00:41.20,3,,"[0.577763, 0.508513, 0.083607, 0.288676]"
1237,41.233333333333334,00:00:41.23,3,,"[0.577961, 0.508398, 0.0832785, 0.288483]"
1238,41.266666666666666,00:00:41.26,3,,"[0.578833, 0.509017, 0.082626, 0.287461]"
1239,41.3,00:00:41.29,3,,"[0.577934, 0.508979, 0.0842705, 0.287641]"
1240,41.333333333333336,00:00:41.33,3,,"[0.578556, 0.509979, 0.0835592, 0.285774]"
1241,41.36666666666667,00:00:41.36,3,,"[0.579131, 0.511629, 0.0823248, 0.282966]"
1242,41.4,00:00:41.39,3,,"[0.578313, 0.511656, 0.0841316, 0.283484]"
1243,41.43333333333333,00:00:41.43,3,,"[0.57871, 0.513327, 0.0832718, 0.280745]"
1244,41.46666666666667,00:00:41.46,3,,"[0.578237, 0.514158, 0.0840637, 0.278893]"
1245,41.5,00:00:41.50,3,,"[0.577225, 0.514053, 0.0858073, 0.279299]"
1246,41.53333333333333,00:00:41.53,3,,"[0.575917, 0.511582, 0.0883291, 0.283173]"
1247,41.56666666666667,00:00:41.56,3,,"[0.574974, 0.512681, 0.0904633, 0.281914]"
1248,41.6,00:00:41.60,3,,"[0.573997, 0.513693, 0.0921364, 0.279338]"
1249,41.63333333333333,00:00:41.63,3,,"[0.57245, 0.513766, 0.0947802, 0.278402]"
1250,41.666666666666664,00:00:41.66,3,,"[0.572251, 0.513597, 0.09468, 0.278364]"
1251,41.7,00:00:41.70,3,,"[0.571702, 0.512934, 0.0956539, 0.279413]"
1252,41.733333333333334,00:00:41.73,3,,"[0.571833, 0.512019, 0.0954758, 0.281881]"
1253,41.766666666666666,00:00:41.76,3,,"[0.571252, 0.510052, 0.0968914, 0.285312]"
1254,41.8,00:00:41.79,3,,"[0.571028, 0.509337, 0.0963828, 0.287173]"
1255,41.833333333333336,00:00:41.83,3,,"[0.570871, 0.509278, 0.0961544, 0.287118]"
1256,41.86666666666667,00:00:41.86,3,,"[0.570475, 0.509196, 0.0965445, 0.287168]"
1257,41.9,00:00:41.89,3,,"[0.570929, 0.509344, 0.096388, 0.288134]"
1258,41.93333333333333,00:00:41.93,3,,"[0.570611, 0.509214, 0.0960361, 0.288682]"
1259,41.96666666666667,00:00:41.96,3,,"[0.570519, 0.509275, 0.0967282, 0.288353]"
1260,42.0,00:00:42.00,3,,"[0.571274, 0.50989, 0.0949497, 0.287865]"
1261,42.03333333333333,00:00:42.03,3,,"[0.571312, 0.509983, 0.0947794, 0.286901]"
1262,42.06666666666667,00:00:42.06,3,,"[0.571297, 0.509943, 0.0950829, 0.286279]"
1263,42.1,00:00:42.10,3,,"[0.572699, 0.510801, 0.0918117, 0.284766]"
1264,42.13333333333333,00:00:42.13,3,,"[0.573928, 0.511549, 0.0889875, 0.284194]"
1265,42.166666666666664,00:00:42.16,3,,"[0.574343, 0.511299, 0.0882566, 0.284791]"
1266,42.2,00:00:42.20,3,,"[0.575238, 0.508799, 0.0872278, 0.289434]"
1267,42.233333333333334,00:00:42.23,3,,"[0.576978, 0.508292, 0.0853462, 0.289704]"
1268,42.266666666666666,00:00:42.26,3,,"[0.57825, 0.508541, 0.0827602, 0.289517]"
1269,42.3,00:00:42.29,3,,"[0.578733, 0.509239, 0.0820168, 0.288433]"
1270,42.333333333333336,00:00:42.33,3,,"[0.578148, 0.510075, 0.0832676, 0.286536]"
1271,42.36666666666667,00:00:42.36,3,,"[0.578118, 0.511615, 0.0840623, 0.282923]"
1272,42.4,00:00:42.39,3,,"[0.576787, 0.510936, 0.0867386, 0.28418]"
1273,42.43333333333333,00:00:42.43,3,,"[0.576672, 0.511972, 0.0864937, 0.281823]"
1274,42.46666666666667,00:00:42.46,3,,"[0.576776, 0.511943, 0.0864322, 0.281325]"
1275,42.5,00:00:42.50,3,,"[0.576788, 0.51261, 0.085989, 0.279614]"
1276,42.53333333333333,00:00:42.53,3,,"[0.577781, 0.514781, 0.0840063, 0.275694]"
1277,42.56666666666667,00:00:42.56,3,,"[0.57879, 0.516717, 0.0827119, 0.272708]"
1278,42.6,00:00:42.60,3,,"[0.578378, 0.516853, 0.0831278, 0.271855]"
1279,42.63333333333333,00:00:42.63,3,,"[0.577904, 0.5186, 0.0838282, 0.268434]"
1280,42.666666666666664,00:00:42.66,3,,"[0.578159, 0.518941, 0.0840853, 0.268679]"
1281,42.7,00:00:42.70,3,,"[0.577692, 0.519506, 0.084352, 0.267134]"
1282,42.733333333333334,00:00:42.73,3,,"[0.576778, 0.517929, 0.0861765, 0.26933]"
1283,42.766666666666666,00:00:42.76,3,,"[0.577367, 0.518788, 0.0845518, 0.267906]"
1284,42.8,00:00:42.79,3,,"[0.577298, 0.518924, 0.0847474, 0.268534]"
1285,42.833333333333336,00:00:42.83,3,,"[0.576051, 0.517734, 0.0866012, 0.270522]"
1286,42.86666666666667,00:00:42.86,3,,"[0.576115, 0.51689, 0.0869082, 0.272536]"
1287,42.9,00:00:42.89,3,,"[0.575689, 0.515909, 0.0879672, 0.274697]"
1288,42.93333333333333,00:00:42.93,3,,"[0.575711, 0.515125, 0.0872576, 0.275902]"
1289,42.96666666666667,00:00:42.96,3,,"[0.576338, 0.515587, 0.0865775, 0.275214]"
1290,43.0,00:00:43.00,3,,"[0.577835, 0.515494, 0.085017, 0.275164]"
1291,43.03333333333333,00:00:43.03,3,,"[0.579211, 0.516045, 0.0827908, 0.275361]"
1292,43.06666666666667,00:00:43.06,3,,"[0.580088, 0.516522, 0.0811314, 0.273995]"
1293,43.1,00:00:43.10,3,,"[0.579898, 0.516001, 0.0813842, 0.274331]"
1294,43.13333333333333,00:00:43.13,3,,"[0.580657, 0.516545, 0.0802766, 0.273777]"
1295,43.166666666666664,00:00:43.16,3,,"[0.580232, 0.516325, 0.0803894, 0.273701]"
1296,43.2,00:00:43.20,3,,"[0.580116, 0.517752, 0.0809692, 0.271441]"
1297,43.233333333333334,00:00:43.23,3,,"[0.580555, 0.518969, 0.0799257, 0.268818]"
1298,43.266666666666666,00:00:43.26,3,,"[0.580926, 0.520566, 0.0796998, 0.265058]"
1299,43.3,00:00:43.29,3,,"[0.580461, 0.520952, 0.0804377, 0.264116]"
1300,43.333333333333336,00:00:43.33,3,,"[0.580126, 0.52152, 0.0808041, 0.263529]"
1301,43.36666666666667,00:00:43.36,3,,"[0.578601, 0.520915, 0.0838621, 0.263332]"
1302,43.4,00:00:43.39,3,,"[0.578037, 0.52077, 0.0845569, 0.262864]"
1303,43.43333333333333,00:00:43.43,3,,"[0.576813, 0.521389, 0.0857197, 0.262734]"
1304,43.46666666666667,00:00:43.46,3,,"[0.576276, 0.520632, 0.0866732, 0.264395]"
1305,43.5,00:00:43.50,3,,"[0.576978, 0.519871, 0.0853598, 0.265155]"
1306,43.53333333333333,00:00:43.53,3,,"[0.577109, 0.519086, 0.085566, 0.266409]"
1307,43.56666666666667,00:00:43.56,3,,"[0.57714, 0.518692, 0.086082, 0.266867]"
1308,43.6,00:00:43.60,3,,"[0.577166, 0.51915, 0.0849522, 0.266884]"
1309,43.63333333333333,00:00:43.63,3,,"[0.577654, 0.518507, 0.0845239, 0.268284]"
1310,43.666666666666664,00:00:43.66,3,,"[0.578004, 0.519014, 0.0845234, 0.268245]"
1311,43.7,00:00:43.70,3,,"[0.578651, 0.519109, 0.0841873, 0.269181]"
1312,43.733333333333334,00:00:43.73,3,,"[0.579022, 0.518491, 0.0842697, 0.27067]"
1313,43.766666666666666,00:00:43.76,3,,"[0.579681, 0.518539, 0.0835196, 0.270508]"
1314,43.8,00:00:43.79,3,,"[0.580385, 0.519525, 0.0830353, 0.267778]"
1315,43.833333333333336,00:00:43.83,3,,"[0.58095, 0.520032, 0.0820075, 0.267067]"
1316,43.86666666666667,00:00:43.86,3,,"[0.581203, 0.521941, 0.0816671, 0.263067]"
1317,43.9,00:00:43.89,3,,"[0.580238, 0.522936, 0.0836363, 0.260957]"
1318,43.93333333333333,00:00:43.93,3,,"[0.57972, 0.524884, 0.0841339, 0.257525]"
1319,43.96666666666667,00:00:43.96,3,,"[0.578641, 0.524545, 0.0856213, 0.257915]"
1320,44.0,00:00:44.00,3,,"[0.578674, 0.524035, 0.0860073, 0.258969]"
1321,44.03333333333333,00:00:44.03,3,,"[0.578388, 0.524123, 0.0867062, 0.259005]"
1322,44.06666666666667,00:00:44.06,3,,"[0.578596, 0.525464, 0.086371, 0.256308]"
1323,44.1,00:00:44.10,3,,"[0.579155, 0.526076, 0.085276, 0.255249]"
1324,44.13333333333333,00:00:44.13,3,,"[0.578997, 0.52666, 0.0848089, 0.254273]"
1325,44.166666666666664,00:00:44.16,3,,"[0.578966, 0.527808, 0.0853325, 0.252431]"
1326,44.2,00:00:44.20,3,,"[0.578256, 0.526075, 0.0857142, 0.256098]"
1327,44.233333333333334,00:00:44.23,3,,"[0.578167, 0.526347, 0.0860363, 0.255625]"
1328,44.266666666666666,00:00:44.26,3,,"[0.577695, 0.52735, 0.0868973, 0.252837]"
1329,44.3,00:00:44.29,3,,"[0.575518, 0.528001, 0.0909755, 0.252014]"
1330,44.333333333333336,00:00:44.33,3,,"[0.574351, 0.529206, 0.0929393, 0.250263]"
1331,44.36666666666667,00:00:44.36,3,,"[0.57256, 0.530559, 0.0946027, 0.247022]"
1332,44.4,00:00:44.39,3,,"[0.570721, 0.530671, 0.0985354, 0.246983]"
1333,44.43333333333333,00:00:44.43,3,,"[0.571266, 0.532028, 0.0968387, 0.243416]"
1334,44.46666666666667,00:00:44.46,3,,"[0.570265, 0.529138, 0.098475, 0.248937]"
1335,44.5,00:00:44.50,3,,"[0.570142, 0.52523, 0.0992301, 0.25616]"
1336,44.53333333333333,00:00:44.53,3,,"[0.571072, 0.522059, 0.0981016, 0.262136]"
1337,44.56666666666667,00:00:44.56,3,,"[0.572112, 0.519266, 0.09556, 0.267073]"
1338,44.6,00:00:44.60,3,,"[0.572761, 0.519271, 0.0941071, 0.267299]"
1339,44.63333333333333,00:00:44.63,3,,"[0.574046, 0.517209, 0.0908755, 0.270619]"
1340,44.666666666666664,00:00:44.66,3,,"[0.574169, 0.516149, 0.0909555, 0.272787]"
1341,44.7,00:00:44.70,3,,"[0.574473, 0.514412, 0.0899744, 0.276576]"
1342,44.733333333333334,00:00:44.73,3,,"[0.575639, 0.514837, 0.0870993, 0.274294]"
1343,44.766666666666666,00:00:44.76,3,,"[0.576027, 0.515547, 0.0866372, 0.273528]"
1344,44.8,00:00:44.79,3,,"[0.575968, 0.515336, 0.0871977, 0.273827]"
1345,44.833333333333336,00:00:44.83,3,,"[0.577019, 0.513953, 0.0856401, 0.277046]"
1346,44.86666666666667,00:00:44.86,3,,"[0.577029, 0.513018, 0.0865299, 0.279611]"
1347,44.9,00:00:44.89,3,,"[0.577456, 0.511452, 0.0851149, 0.282187]"
1348,44.93333333333333,00:00:44.93,3,,"[0.578505, 0.511459, 0.0844354, 0.282325]"
1349,44.96666666666667,00:00:44.96,3,,"[0.579483, 0.511402, 0.084305, 0.282813]"
1350,45.0,00:00:45.00,3,,"[0.579671, 0.51207, 0.0838726, 0.280966]"
1351,45.03333333333333,00:00:45.03,3,,"[0.580324, 0.512215, 0.0829929, 0.280898]"
1352,45.06666666666667,00:00:45.06,3,,"[0.580136, 0.512928, 0.0828051, 0.279221]"
1353,45.1,00:00:45.10,3,,"[0.581355, 0.515409, 0.0817324, 0.274827]"
1354,45.13333333333333,00:00:45.13,3,,"[0.581757, 0.515895, 0.0800952, 0.271703]"
1355,45.166666666666664,00:00:45.16,3,,"[0.5838, 0.517898, 0.0787718, 0.270823]"
1356,45.2,00:00:45.20,3,,"[0.58468, 0.518347, 0.0775044, 0.271389]"
1357,45.233333333333334,00:00:45.23,3,,"[0.584747, 0.517939, 0.0775463, 0.271549]"
1358,45.266666666666666,00:00:45.26,3,,"[0.585387, 0.517412, 0.0765861, 0.272703]"
1359,45.3,00:00:45.29,3,,"[0.584537, 0.517435, 0.076301, 0.275591]"
1360,45.333333333333336,00:00:45.33,3,,"[0.58503, 0.517467, 0.0752874, 0.27461]"
1361,45.36666666666667,00:00:45.36,3,,"[0.585758, 0.518296, 0.07522, 0.270462]"
1362,45.4,00:00:45.39,3,,"[0.585504, 0.518041, 0.0746517, 0.27296]"
1363,45.43333333333333,00:00:45.43,3,,"[0.586019, 0.518805, 0.0750114, 0.270534]"
1364,45.46666666666667,00:00:45.46,3,,"[0.586284, 0.519738, 0.0747067, 0.268925]"
1365,45.5,00:00:45.50,3,,"[0.586394, 0.519583, 0.0745913, 0.269559]"
1366,45.53333333333333,00:00:45.53,3,,"[0.586307, 0.519912, 0.0740009, 0.268685]"
1367,45.56666666666667,00:00:45.56,3,,"[0.585405, 0.519063, 0.0759382, 0.269824]"
1368,45.6,00:00:45.60,3,,"[0.584869, 0.517605, 0.0764448, 0.270818]"
1369,45.63333333333333,00:00:45.63,3,,"[0.584595, 0.517453, 0.0770076, 0.272463]"
1370,45.666666666666664,00:00:45.66,3,,"[0.583798, 0.517369, 0.0781517, 0.27339]"
1371,45.7,00:00:45.70,3,,"[0.582732, 0.514746, 0.0789449, 0.277461]"
1372,45.733333333333334,00:00:45.73,3,,"[0.581511, 0.513885, 0.0800612, 0.279212]"
1373,45.766666666666666,00:00:45.76,3,,"[0.58024, 0.51194, 0.0823059, 0.283237]"
1374,45.8,00:00:45.79,3,,"[0.579625, 0.51023, 0.0819263, 0.286083]"
1375,45.833333333333336,00:00:45.83,3,,"[0.579899, 0.509951, 0.0822949, 0.28717]"
1376,45.86666666666667,00:00:45.86,3,,"[0.579972, 0.510321, 0.082033, 0.286261]"
1377,45.9,00:00:45.89,3,,"[0.580288, 0.509116, 0.0809357, 0.288345]"
1378,45.93333333333333,00:00:45.93,3,,"[0.580255, 0.507654, 0.0817242, 0.290468]"
1379,45.96666666666667,00:00:45.96,3,,"[0.581404, 0.506567, 0.0796266, 0.293464]"
1380,46.0,00:00:46.00,3,,"[0.581604, 0.506226, 0.0799754, 0.293754]"
1381,46.03333333333333,00:00:46.03,3,,"[0.581316, 0.505741, 0.0793815, 0.294697]"
1382,46.06666666666667,00:00:46.06,3,,"[0.581887, 0.505506, 0.0788642, 0.294561]"
1383,46.1,00:00:46.10,3,,"[0.581631, 0.503226, 0.0787849, 0.297827]"
1384,46.13333333333333,00:00:46.13,3,,"[0.583434, 0.506603, 0.0773441, 0.292779]"
1385,46.166666666666664,00:00:46.16,3,,"[0.584034, 0.506802, 0.0762227, 0.292236]"
1386,46.2,00:00:46.20,3,,"[0.584857, 0.506642, 0.0751917, 0.294346]"
1387,46.233333333333334,00:00:46.23,3,,"[0.585035, 0.506479, 0.0751513, 0.294563]"
1388,46.266666666666666,00:00:46.26,3,,"[0.583533, 0.503554, 0.0748283, 0.301058]"
1389,46.3,00:00:46.29,3,,"[0.583775, 0.502721, 0.0757965, 0.303816]"
1390,46.333333333333336,00:00:46.33,3,,"[0.583989, 0.502953, 0.0761714, 0.304401]"
1391,46.36666666666667,00:00:46.36,3,,"[0.585137, 0.50293, 0.0742164, 0.305216]"
1392,46.4,00:00:46.39,3,,"[0.589581, 0.503271, 0.0664396, 0.30471]"
1393,46.43333333333333,00:00:46.43,3,,"[0.591878, 0.504755, 0.0632224, 0.30406]"
1394,46.46666666666667,00:00:46.46,3,,"[0.59255, 0.50512, 0.062619, 0.303406]"
1395,46.5,00:00:46.50,3,,"[0.593258, 0.505126, 0.0614423, 0.303312]"
1396,46.53333333333333,00:00:46.53,3,,"[0.594532, 0.507445, 0.0593041, 0.298333]"
1397,46.56666666666667,00:00:46.56,3,,"[0.595991, 0.508543, 0.0565712, 0.296619]"
1398,46.6,00:00:46.60,3,,"[0.597211, 0.511176, 0.0569134, 0.29202]"
1399,46.63333333333333,00:00:46.63,3,,"[0.598044, 0.511229, 0.0551762, 0.292066]"
1400,46.666666666666664,00:00:46.66,3,,"[0.598266, 0.51267, 0.054848, 0.290135]"
1401,46.7,00:00:46.70,3,,"[0.598758, 0.51484, 0.0536961, 0.285702]"
1402,46.733333333333334,00:00:46.73,3,,"[0.598217, 0.513765, 0.0548824, 0.287347]"
1403,46.766666666666666,00:00:46.76,3,,"[0.596893, 0.512973, 0.0552083, 0.288881]"
1404,46.8,00:00:46.79,3,,"[0.596617, 0.51403, 0.0561403, 0.286455]"
1405,46.833333333333336,00:00:46.83,3,,"[0.597298, 0.515074, 0.0554897, 0.284639]"
1406,46.86666666666667,00:00:46.86,3,,"[0.599203, 0.517003, 0.0546234, 0.281163]"
1407,46.9,00:00:46.89,3,,"[0.59815, 0.516637, 0.0540023, 0.281665]"
1408,46.93333333333333,00:00:46.93,3,,"[0.597348, 0.516276, 0.0560402, 0.282548]"
1409,46.96666666666667,00:00:46.96,3,,"[0.596586, 0.517395, 0.0569044, 0.279929]"
1410,47.0,00:00:47.00,3,,"[0.595317, 0.520129, 0.0593974, 0.273615]"
1411,47.03333333333333,00:00:47.03,3,,"[0.594714, 0.521701, 0.0604504, 0.270105]"
1412,47.06666666666667,00:00:47.06,3,,"[0.593509, 0.522349, 0.0629184, 0.268056]"
1413,47.1,00:00:47.10,3,,"[0.591025, 0.522983, 0.0661769, 0.266291]"
1414,47.13333333333333,00:00:47.13,3,,"[0.590551, 0.522978, 0.0665627, 0.266174]"
1415,47.166666666666664,00:00:47.16,3,,"[0.589907, 0.521693, 0.0675265, 0.269232]"
1416,47.2,00:00:47.20,3,,"[0.588188, 0.520769, 0.0706846, 0.270464]"
1417,47.233333333333334,00:00:47.23,3,,"[0.585604, 0.519099, 0.0736062, 0.271988]"
1418,47.266666666666666,00:00:47.26,3,,"[0.58362, 0.517745, 0.0769947, 0.274282]"
1419,47.3,00:00:47.29,3,,"[0.582466, 0.516764, 0.0799782, 0.27675]"
1420,47.333333333333336,00:00:47.33,3,,"[0.57972, 0.516267, 0.0836894, 0.276302]"
1421,47.36666666666667,00:00:47.36,3,,"[0.577334, 0.514791, 0.0879208, 0.278771]"
1422,47.4,00:00:47.39,3,,"[0.577085, 0.513545, 0.087435, 0.28006]"
1423,47.43333333333333,00:00:47.43,3,,"[0.576295, 0.513247, 0.0881092, 0.280909]"
1424,47.46666666666667,00:00:47.46,3,,"[0.575884, 0.511583, 0.0891589, 0.283405]"
1425,47.5,00:00:47.50,3,,"[0.575408, 0.51166, 0.0896568, 0.283214]"
1426,47.53333333333333,00:00:47.53,3,,"[0.574921, 0.511295, 0.0881887, 0.283524]"
1427,47.56666666666667,00:00:47.56,3,,"[0.574628, 0.510966, 0.0889924, 0.283148]"
1428,47.6,00:00:47.60,3,,"[0.57416, 0.511026, 0.0890554, 0.28199]"
1429,47.63333333333333,00:00:47.63,3,,"[0.573216, 0.511053, 0.0905947, 0.281775]"
1430,47.666666666666664,00:00:47.66,3,,"[0.573056, 0.510394, 0.0902977, 0.28322]"
1431,47.7,00:00:47.70,3,,"[0.572795, 0.508418, 0.0904596, 0.287727]"
1432,47.733333333333334,00:00:47.73,3,,"[0.573295, 0.507869, 0.0913891, 0.289891]"
1433,47.766666666666666,00:00:47.76,3,,"[0.573716, 0.504935, 0.0916658, 0.294752]"
1434,47.8,00:00:47.79,3,,"[0.574098, 0.503498, 0.092462, 0.296396]"
1435,47.833333333333336,00:00:47.83,3,,"[0.573758, 0.502907, 0.0932301, 0.297791]"
1436,47.86666666666667,00:00:47.86,3,,"[0.573268, 0.503177, 0.0932858, 0.296767]"
1437,47.9,00:00:47.89,3,,"[0.571783, 0.503595, 0.0959014, 0.296197]"
1438,47.93333333333333,00:00:47.93,3,,"[0.569804, 0.502673, 0.100731, 0.300851]"
1439,47.96666666666667,00:00:47.96,3,,"[0.56917, 0.507621, 0.102504, 0.289211]"
1440,48.0,00:00:48.00,3,,"[0.569274, 0.507831, 0.102865, 0.288344]"
1441,48.03333333333333,00:00:48.03,3,,"[0.569519, 0.508164, 0.102642, 0.287888]"
1442,48.06666666666667,00:00:48.06,3,,"[0.569354, 0.508612, 0.102992, 0.28684]"
1443,48.1,00:00:48.10,3,,"[0.569397, 0.508891, 0.103562, 0.287323]"
1444,48.13333333333333,00:00:48.13,3,,"[0.569467, 0.51153, 0.101903, 0.283077]"
1445,48.166666666666664,00:00:48.16,3,,"[0.57105, 0.515152, 0.0996515, 0.273956]"
1446,48.2,00:00:48.20,3,,"[0.572568, 0.515616, 0.0959737, 0.273144]"
1447,48.233333333333334,00:00:48.23,3,,"[0.57389, 0.517491, 0.0959442, 0.269158]"
1448,48.266666666666666,00:00:48.26,3,,"[0.574375, 0.518554, 0.0947438, 0.266691]"
1449,48.3,00:00:48.29,3,,"[0.575191, 0.518182, 0.0929144, 0.26621]"
1450,48.333333333333336,00:00:48.33,3,,"[0.575124, 0.517604, 0.0910656, 0.268051]"
1451,48.36666666666667,00:00:48.36,3,,"[0.576512, 0.51988, 0.0884699, 0.263664]"
1452,48.4,00:00:48.39,3,,"[0.576857, 0.520369, 0.0876009, 0.263388]"
1453,48.43333333333333,00:00:48.43,3,,"[0.577672, 0.521312, 0.0865213, 0.262152]"
1454,48.46666666666667,00:00:48.46,3,,"[0.578578, 0.521998, 0.0846375, 0.260437]"
1455,48.5,00:00:48.50,3,,"[0.578908, 0.524187, 0.0838882, 0.256565]"
1456,48.53333333333333,00:00:48.53,3,,"[0.579112, 0.526089, 0.0834937, 0.253295]"
1457,48.56666666666667,00:00:48.56,3,,"[0.579313, 0.527312, 0.08388, 0.251188]"
1458,48.6,00:00:48.60,3,,"[0.580923, 0.530441, 0.0819344, 0.246141]"
1459,48.63333333333333,00:00:48.63,3,,"[0.582475, 0.532263, 0.0813812, 0.244492]"
1460,48.666666666666664,00:00:48.66,3,,"[0.583104, 0.532861, 0.0808353, 0.242518]"
1461,48.7,00:00:48.70,3,,"[0.583317, 0.532683, 0.0801498, 0.243534]"
1462,48.733333333333334,00:00:48.73,3,,"[0.583579, 0.531006, 0.0789261, 0.247117]"
1463,48.766666666666666,00:00:48.76,3,,"[0.583107, 0.530617, 0.0797627, 0.248228]"
1464,48.8,00:00:48.79,3,,"[0.582855, 0.529707, 0.0803726, 0.249494]"
1465,48.833333333333336,00:00:48.83,3,,"[0.581558, 0.528444, 0.0807461, 0.250911]"
1466,48.86666666666667,00:00:48.86,3,,"[0.580597, 0.528254, 0.0824165, 0.251888]"
1467,48.9,00:00:48.89,3,,"[0.580839, 0.52565, 0.0825478, 0.257509]"
1468,48.93333333333333,00:00:48.93,3,,"[0.580443, 0.52325, 0.083488, 0.261968]"
1469,48.96666666666667,00:00:48.96,3,,"[0.580703, 0.522933, 0.0831337, 0.262774]"
1470,49.0,00:00:49.00,3,,"[0.581646, 0.52218, 0.0818169, 0.264018]"
1471,49.03333333333333,00:00:49.03,3,,"[0.582093, 0.522725, 0.0811546, 0.263085]"
1472,49.06666666666667,00:00:49.06,3,,"[0.582027, 0.521668, 0.081404, 0.264577]"
1473,49.1,00:00:49.10,3,,"[0.582083, 0.521354, 0.0816933, 0.265428]"
1474,49.13333333333333,00:00:49.13,3,,"[0.58212, 0.521807, 0.0813838, 0.264944]"
1475,49.166666666666664,00:00:49.16,3,,"[0.582156, 0.521714, 0.0814563, 0.265588]"
1476,49.2,00:00:49.20,3,,"[0.582265, 0.521906, 0.0810358, 0.265469]"
1477,49.233333333333334,00:00:49.23,3,,"[0.581939, 0.522134, 0.0818201, 0.265287]"
1478,49.266666666666666,00:00:49.26,3,,"[0.581308, 0.522329, 0.0824748, 0.265233]"
1479,49.3,00:00:49.29,3,,"[0.581084, 0.520702, 0.0830165, 0.268944]"
1480,49.333333333333336,00:00:49.33,3,,"[0.581309, 0.520556, 0.0823271, 0.269048]"
1481,49.36666666666667,00:00:49.36,3,,"[0.581371, 0.518274, 0.0822507, 0.2738]"
1482,49.4,00:00:49.39,3,,"[0.581749, 0.517402, 0.0816001, 0.275564]"
1483,49.43333333333333,00:00:49.43,3,,"[0.581318, 0.516285, 0.082068, 0.277188]"
1484,49.46666666666667,00:00:49.46,3,,"[0.581726, 0.516325, 0.081026, 0.276619]"
1485,49.5,00:00:49.50,3,,"[0.583001, 0.516527, 0.0789051, 0.275534]"
1486,49.53333333333333,00:00:49.53,3,,"[0.582683, 0.516214, 0.0791891, 0.275799]"
1487,49.56666666666667,00:00:49.56,3,,"[0.582325, 0.517111, 0.0797543, 0.2747]"
1488,49.6,00:00:49.60,3,,"[0.581473, 0.519608, 0.0814478, 0.269892]"
1489,49.63333333333333,00:00:49.63,3,,"[0.580681, 0.522134, 0.0822472, 0.265516]"
1490,49.666666666666664,00:00:49.66,3,,"[0.579811, 0.52408, 0.0830879, 0.261628]"
1491,49.7,00:00:49.70,3,,"[0.578648, 0.523756, 0.084359, 0.262524]"
1492,49.733333333333334,00:00:49.73,3,,"[0.578027, 0.524739, 0.0855148, 0.260842]"
1493,49.766666666666666,00:00:49.76,3,,"[0.576418, 0.524957, 0.0886319, 0.25969]"
1494,49.8,00:00:49.79,3,,"[0.575651, 0.526612, 0.0901208, 0.256729]"
1495,49.833333333333336,00:00:49.83,3,,"[0.575055, 0.526372, 0.0909707, 0.256944]"
1496,49.86666666666667,00:00:49.86,3,,"[0.57469, 0.526373, 0.0920636, 0.257281]"
1497,49.9,00:00:49.89,3,,"[0.57485, 0.526812, 0.0914302, 0.256513]"
1498,49.93333333333333,00:00:49.93,3,,"[0.574449, 0.525519, 0.0922306, 0.259521]"
1499,49.96666666666667,00:00:49.96,3,,"[0.574441, 0.524953, 0.0924362, 0.260888]"
1500,50.0,00:00:50.00,3,,"[0.574628, 0.525514, 0.0917487, 0.25979]"
1501,50.03333333333333,00:00:50.03,3,,"[0.574732, 0.525378, 0.0913742, 0.259835]"
1502,50.06666666666667,00:00:50.06,3,,"[0.574697, 0.525499, 0.0912729, 0.259421]"
1503,50.1,00:00:50.10,3,,"[0.574913, 0.526179, 0.0909231, 0.258555]"
1504,50.13333333333333,00:00:50.13,3,,"[0.574837, 0.526048, 0.0914538, 0.258653]"
1505,50.166666666666664,00:00:50.16,3,,"[0.57471, 0.527411, 0.0915209, 0.255678]"
1506,50.2,00:00:50.20,3,,"[0.573883, 0.526378, 0.0935154, 0.25764]"
1507,50.233333333333334,00:00:50.23,3,,"[0.572942, 0.527306, 0.0951947, 0.255241]"
1508,50.266666666666666,00:00:50.26,3,,"[0.571535, 0.528233, 0.0972595, 0.253848]"
1509,50.3,00:00:50.29,3,,"[0.570985, 0.530334, 0.0983654, 0.250336]"
1510,50.333333333333336,00:00:50.33,3,,"[0.570091, 0.531263, 0.0987003, 0.247624]"
1511,50.36666666666667,00:00:50.36,3,,"[0.56898, 0.53178, 0.1007, 0.247514]"
1512,50.4,00:00:50.39,3,,"[0.567784, 0.532636, 0.101586, 0.246615]"
1513,50.43333333333333,00:00:50.43,3,,"[0.567079, 0.53266, 0.102889, 0.247202]"
1514,50.46666666666667,00:00:50.46,3,,"[0.566359, 0.532936, 0.104418, 0.246399]"
1515,50.5,00:00:50.50,3,,"[0.566261, 0.532893, 0.103812, 0.245623]"
1516,50.53333333333333,00:00:50.53,3,,"[0.56606, 0.533075, 0.104157, 0.24552]"
1517,50.56666666666667,00:00:50.56,3,,"[0.565351, 0.533513, 0.105325, 0.245152]"
1518,50.6,00:00:50.60,3,,"[0.565304, 0.533691, 0.105583, 0.244566]"
1519,50.63333333333333,00:00:50.63,3,,"[0.565132, 0.533364, 0.106711, 0.244713]"
1520,50.666666666666664,00:00:50.66,3,,"[0.564825, 0.533177, 0.106403, 0.245284]"
1521,50.7,00:00:50.70,3,,"[0.564543, 0.533047, 0.106141, 0.245313]"
1522,50.733333333333334,00:00:50.73,3,,"[0.564418, 0.533117, 0.106694, 0.245114]"
1523,50.766666666666666,00:00:50.76,3,,"[0.564108, 0.533197, 0.10645, 0.244966]"
1524,50.8,00:00:50.79,3,,"[0.564061, 0.533316, 0.106558, 0.244599]"
1525,50.833333333333336,00:00:50.83,3,,"[0.563783, 0.533525, 0.106974, 0.243816]"
1526,50.86666666666667,00:00:50.86,3,,"[0.564048, 0.533515, 0.107563, 0.2438]"
1527,50.9,00:00:50.89,3,,"[0.563895, 0.533145, 0.107459, 0.244949]"
1528,50.93333333333333,00:00:50.93,3,,"[0.563901, 0.532143, 0.106718, 0.246564]"
1529,50.96666666666667,00:00:50.96,3,,"[0.563685, 0.531011, 0.105737, 0.24715]"
1530,51.0,00:00:51.00,3,,"[0.563542, 0.530171, 0.106021, 0.247721]"
1531,51.03333333333333,00:00:51.03,3,,"[0.563712, 0.52982, 0.105972, 0.247723]"
1532,51.06666666666667,00:00:51.06,3,,"[0.56318, 0.527438, 0.105007, 0.250656]"
1533,51.1,00:00:51.10,3,,"[0.563863, 0.526347, 0.105435, 0.25295]"
1534,51.13333333333333,00:00:51.13,3,,"[0.564439, 0.526536, 0.10578, 0.253511]"
1535,51.166666666666664,00:00:51.16,3,,"[0.564717, 0.526285, 0.105809, 0.253907]"
1536,51.2,00:00:51.20,3,,"[0.564953, 0.525993, 0.104529, 0.254779]"
1537,51.233333333333334,00:00:51.23,3,,"[0.565674, 0.525915, 0.104124, 0.254704]"
1538,51.266666666666666,00:00:51.26,3,,"[0.566364, 0.527109, 0.102914, 0.251027]"
1539,51.3,00:00:51.29,3,,"[0.56661, 0.52752, 0.101612, 0.249569]"
1540,51.333333333333336,00:00:51.33,3,,"[0.567535, 0.527429, 0.102068, 0.250226]"
1541,51.36666666666667,00:00:51.36,3,,"[0.567819, 0.525765, 0.101821, 0.253728]"
1542,51.4,00:00:51.39,3,,"[0.567994, 0.52557, 0.101527, 0.254121]"
1543,51.43333333333333,00:00:51.43,3,,"[0.567914, 0.525077, 0.101923, 0.255385]"
1544,51.46666666666667,00:00:51.46,3,,"[0.56802, 0.52498, 0.101883, 0.255563]"
1545,51.5,00:00:51.50,3,,"[0.568003, 0.52571, 0.101764, 0.254371]"
1546,51.53333333333333,00:00:51.53,3,,"[0.568039, 0.525677, 0.101638, 0.254234]"
1547,51.56666666666667,00:00:51.56,3,,"[0.568284, 0.52561, 0.101634, 0.254612]"
1548,51.6,00:00:51.60,3,,"[0.568417, 0.525658, 0.10175, 0.254472]"
1549,51.63333333333333,00:00:51.63,3,,"[0.568775, 0.527192, 0.101113, 0.252326]"
1550,51.666666666666664,00:00:51.66,3,,"[0.568556, 0.529102, 0.101835, 0.248903]"
1551,51.7,00:00:51.70,3,,"[0.567554, 0.528727, 0.102886, 0.249348]"
1552,51.733333333333334,00:00:51.73,3,,"[0.567235, 0.5299, 0.102208, 0.247453]"
1553,51.766666666666666,00:00:51.76,3,,"[0.566335, 0.530773, 0.103461, 0.249446]"
1554,51.8,00:00:51.79,3,,"[0.565864, 0.530403, 0.103061, 0.249399]"
1555,51.833333333333336,00:00:51.83,3,,"[0.565526, 0.53048, 0.104132, 0.248731]"
1556,51.86666666666667,00:00:51.86,3,,"[0.565485, 0.530673, 0.105063, 0.248923]"
1557,51.9,00:00:51.89,3,,"[0.565528, 0.530706, 0.104894, 0.249316]"
1558,51.93333333333333,00:00:51.93,3,,"[0.565897, 0.530819, 0.104271, 0.24907]"
1559,51.96666666666667,00:00:51.96,3,,"[0.565615, 0.530338, 0.105602, 0.249784]"
1560,52.0,00:00:52.00,3,,"[0.565754, 0.530367, 0.105993, 0.249522]"
1561,52.03333333333333,00:00:52.03,3,,"[0.565647, 0.532155, 0.10532, 0.246625]"
1562,52.06666666666667,00:00:52.06,3,,"[0.565625, 0.532346, 0.1062, 0.246236]"
1563,52.1,00:00:52.10,3,,"[0.565081, 0.531912, 0.107442, 0.247115]"
1564,52.13333333333333,00:00:52.13,3,,"[0.564247, 0.531946, 0.108802, 0.246461]"
1565,52.166666666666664,00:00:52.16,3,,"[0.562955, 0.531864, 0.111044, 0.245009]"
1566,52.2,00:00:52.20,3,,"[0.562205, 0.531855, 0.114183, 0.245641]"
1567,52.233333333333334,00:00:52.23,3,,"[0.561917, 0.532144, 0.115334, 0.245825]"
1568,52.266666666666666,00:00:52.26,3,,"[0.562025, 0.53232, 0.115479, 0.246097]"
1569,52.3,00:00:52.29,3,,"[0.561927, 0.532528, 0.115522, 0.24559]"
1570,52.333333333333336,00:00:52.33,3,,"[0.561607, 0.53285, 0.117019, 0.245086]"
1571,52.36666666666667,00:00:52.36,3,,"[0.561328, 0.532916, 0.117755, 0.24489]"
1572,52.4,00:00:52.39,3,,"[0.561062, 0.533056, 0.117758, 0.244589]"
1573,52.43333333333333,00:00:52.43,3,,"[0.560847, 0.533575, 0.119076, 0.24441]"
1574,52.46666666666667,00:00:52.46,3,,"[0.561295, 0.534424, 0.117094, 0.243476]"
1575,52.5,00:00:52.50,3,,"[0.561136, 0.535254, 0.117541, 0.241907]"
1576,52.53333333333333,00:00:52.53,3,,"[0.560605, 0.53564, 0.11797, 0.241554]"
1577,52.56666666666667,00:00:52.56,3,,"[0.560598, 0.536882, 0.117734, 0.23881]"
1578,52.6,00:00:52.60,3,,"[0.558676, 0.53806, 0.120929, 0.234748]"
1579,52.63333333333333,00:00:52.63,3,,"[0.557039, 0.540805, 0.123231, 0.232532]"
1580,52.666666666666664,00:00:52.66,3,,"[0.556672, 0.540509, 0.122075, 0.23161]"
1581,52.7,00:00:52.70,3,,"[0.557499, 0.541415, 0.123172, 0.230518]"
1582,52.733333333333334,00:00:52.73,3,,"[0.557661, 0.541821, 0.122691, 0.230085]"
1583,52.766666666666666,00:00:52.76,3,,"[0.557233, 0.541951, 0.12431, 0.229638]"
1584,52.8,00:00:52.79,3,,"[0.557583, 0.542415, 0.123837, 0.228554]"
1585,52.833333333333336,00:00:52.83,3,,"[0.557061, 0.542764, 0.125652, 0.227622]"
1586,52.86666666666667,00:00:52.86,3,,"[0.556336, 0.545105, 0.126316, 0.22547]"
1587,52.9,00:00:52.89,3,,"[0.556776, 0.542879, 0.125522, 0.226772]"
1588,52.93333333333333,00:00:52.93,3,,"[0.557163, 0.542778, 0.125501, 0.226393]"
1589,52.96666666666667,00:00:52.96,3,,"[0.555702, 0.541063, 0.127253, 0.228891]"
1590,53.0,00:00:53.00,3,,"[0.556134, 0.540579, 0.126277, 0.229901]"
1591,53.03333333333333,00:00:53.03,3,,"[0.556618, 0.540895, 0.125675, 0.229158]"
1592,53.06666666666667,00:00:53.06,3,,"[0.556434, 0.540507, 0.125721, 0.230006]"
1593,53.1,00:00:53.10,3,,"[0.556456, 0.54029, 0.124894, 0.229491]"
1594,53.13333333333333,00:00:53.13,3,,"[0.556754, 0.539197, 0.124705, 0.231743]"
1595,53.166666666666664,00:00:53.16,3,,"[0.557661, 0.538392, 0.123298, 0.232777]"
1596,53.2,00:00:53.20,3,,"[0.557806, 0.537723, 0.121834, 0.232976]"
1597,53.233333333333334,00:00:53.23,3,,"[0.557628, 0.538247, 0.121657, 0.231148]"
1598,53.266666666666666,00:00:53.26,3,,"[0.558625, 0.538779, 0.120201, 0.23053]"
1599,53.3,00:00:53.29,3,,"[0.559584, 0.53906, 0.119495, 0.230424]"
1600,53.333333333333336,00:00:53.33,3,,"[0.559604, 0.538936, 0.119892, 0.231379]"
1601,53.36666666666667,00:00:53.36,3,,"[0.559832, 0.538559, 0.119053, 0.231962]"
1602,53.4,00:00:53.39,3,,"[0.560815, 0.537798, 0.11542, 0.235635]"
1603,53.43333333333333,00:00:53.43,3,,"[0.560375, 0.536316, 0.115906, 0.238006]"
1604,53.46666666666667,00:00:53.46,3,,"[0.560119, 0.534451, 0.117578, 0.241636]"
1605,53.5,00:00:53.50,3,,"[0.560069, 0.531651, 0.116393, 0.244631]"
1606,53.53333333333333,00:00:53.53,3,,"[0.559861, 0.53094, 0.116693, 0.245746]"
1607,53.56666666666667,00:00:53.56,3,,"[0.55999, 0.530192, 0.117032, 0.24792]"
1608,53.6,00:00:53.60,3,,"[0.560329, 0.529574, 0.116368, 0.248357]"
1609,53.63333333333333,00:00:53.63,3,,"[0.560796, 0.528856, 0.115203, 0.248554]"
1610,53.666666666666664,00:00:53.66,3,,"[0.560923, 0.528911, 0.113421, 0.247064]"
1611,53.7,00:00:53.70,3,,"[0.561217, 0.528095, 0.112702, 0.248749]"
1612,53.733333333333334,00:00:53.73,3,,"[0.561594, 0.526919, 0.112574, 0.251018]"
1613,53.766666666666666,00:00:53.76,3,,"[0.561456, 0.524922, 0.114006, 0.256162]"
1614,53.8,00:00:53.79,3,,"[0.562179, 0.523129, 0.11076, 0.258203]"
1615,53.833333333333336,00:00:53.83,3,,"[0.563008, 0.521551, 0.110806, 0.261372]"
1616,53.86666666666667,00:00:53.86,3,,"[0.564398, 0.519692, 0.108628, 0.265581]"
1617,53.9,00:00:53.89,3,,"[0.565048, 0.518337, 0.107768, 0.267796]"
1618,53.93333333333333,00:00:53.93,3,,"[0.565071, 0.51679, 0.108712, 0.271168]"
1619,53.96666666666667,00:00:53.96,3,,"[0.565316, 0.51632, 0.109516, 0.27319]"
1620,54.0,00:00:54.00,3,,"[0.565282, 0.516091, 0.109275, 0.273395]"
1621,54.03333333333333,00:00:54.03,3,,"[0.565547, 0.515032, 0.108789, 0.27601]"
1622,54.06666666666667,00:00:54.06,3,,"[0.566394, 0.514742, 0.109071, 0.273912]"
1623,54.1,00:00:54.10,3,,"[0.566552, 0.512558, 0.108341, 0.278264]"
1624,54.13333333333333,00:00:54.13,3,,"[0.567484, 0.511882, 0.105875, 0.279608]"
1625,54.166666666666664,00:00:54.16,3,,"[0.567756, 0.510819, 0.104636, 0.281828]"
1626,54.2,00:00:54.20,3,,"[0.568925, 0.51059, 0.10164, 0.282015]"
1627,54.233333333333334,00:00:54.23,3,,"[0.569149, 0.509667, 0.100783, 0.283311]"
1628,54.266666666666666,00:00:54.26,3,,"[0.569899, 0.509941, 0.0997194, 0.282972]"
1629,54.3,00:00:54.29,3,,"[0.570656, 0.509387, 0.0977184, 0.283616]"
1630,54.333333333333336,00:00:54.33,3,,"[0.570905, 0.508869, 0.096646, 0.284162]"
1631,54.36666666666667,00:00:54.36,3,,"[0.571688, 0.508646, 0.0956817, 0.284024]"
1632,54.4,00:00:54.39,3,,"[0.572132, 0.50844, 0.0951918, 0.284226]"
1633,54.43333333333333,00:00:54.43,3,,"[0.572904, 0.50998, 0.0937393, 0.280879]"
1634,54.46666666666667,00:00:54.46,3,,"[0.573206, 0.509893, 0.0942087, 0.281665]"
1635,54.5,00:00:54.50,3,,"[0.574004, 0.509636, 0.0925102, 0.282113]"
1636,54.53333333333333,00:00:54.53,3,,"[0.573874, 0.509495, 0.0926911, 0.281598]"
1637,54.56666666666667,00:00:54.56,3,,"[0.574138, 0.511647, 0.0915374, 0.276959]"
1638,54.6,00:00:54.60,3,,"[0.574578, 0.511842, 0.0908415, 0.276215]"
1639,54.63333333333333,00:00:54.63,3,,"[0.574207, 0.512396, 0.091297, 0.275409]"
1640,54.666666666666664,00:00:54.66,3,,"[0.574546, 0.510835, 0.0908945, 0.278454]"
1641,54.7,00:00:54.70,3,,"[0.575136, 0.51095, 0.0906803, 0.277963]"
1642,54.733333333333334,00:00:54.73,3,,"[0.57486, 0.510679, 0.0913311, 0.278191]"
1643,54.766666666666666,00:00:54.76,3,,"[0.575271, 0.511436, 0.0906218, 0.27645]"
1644,54.8,00:00:54.79,3,,"[0.576162, 0.513813, 0.0886115, 0.273298]"
1645,54.833333333333336,00:00:54.83,3,,"[0.576092, 0.513565, 0.0891866, 0.273862]"
1646,54.86666666666667,00:00:54.86,3,,"[0.576101, 0.513805, 0.0895937, 0.273447]"
1647,54.9,00:00:54.89,3,,"[0.576049, 0.512927, 0.0896978, 0.274388]"
1648,54.93333333333333,00:00:54.93,3,,"[0.576071, 0.514002, 0.0897278, 0.272313]"
1649,54.96666666666667,00:00:54.96,3,,"[0.575882, 0.514859, 0.0901405, 0.271868]"
1650,55.0,00:00:55.00,3,,"[0.575832, 0.514781, 0.0899265, 0.271855]"
1651,55.03333333333333,00:00:55.03,3,,"[0.576068, 0.513921, 0.0894997, 0.273778]"
1652,55.06666666666667,00:00:55.06,3,,"[0.576148, 0.513045, 0.0903034, 0.275003]"
1653,55.1,00:00:55.10,3,,"[0.576506, 0.513408, 0.0903746, 0.27455]"
1654,55.13333333333333,00:00:55.13,3,,"[0.576669, 0.512814, 0.0897917, 0.275177]"
1655,55.166666666666664,00:00:55.16,3,,"[0.576352, 0.513449, 0.0898087, 0.274746]"
1656,55.2,00:00:55.20,3,,"[0.57617, 0.512262, 0.0898098, 0.27709]"
1657,55.233333333333334,00:00:55.23,3,,"[0.575563, 0.512336, 0.090405, 0.276806]"
1658,55.266666666666666,00:00:55.26,3,,"[0.575761, 0.51159, 0.0900024, 0.278213]"
1659,55.3,00:00:55.29,3,,"[0.575367, 0.513017, 0.0890238, 0.275495]"
1660,55.333333333333336,00:00:55.33,3,,"[0.575905, 0.514515, 0.0882826, 0.27352]"
1661,55.36666666666667,00:00:55.36,3,,"[0.576396, 0.518291, 0.0887663, 0.267662]"
1662,55.4,00:00:55.39,3,,"[0.576306, 0.51786, 0.0895, 0.268216]"
1663,55.43333333333333,00:00:55.43,3,,"[0.575759, 0.516635, 0.0902607, 0.270535]"
1664,55.46666666666667,00:00:55.46,3,,"[0.575696, 0.51663, 0.0902473, 0.270865]"
1665,55.5,00:00:55.50,3,,"[0.57528, 0.517462, 0.0911277, 0.269399]"
1666,55.53333333333333,00:00:55.53,3,,"[0.574592, 0.516499, 0.0938101, 0.269775]"
1667,55.56666666666667,00:00:55.56,3,,"[0.57424, 0.516651, 0.0944026, 0.269859]"
1668,55.6,00:00:55.60,3,,"[0.574276, 0.516873, 0.0956475, 0.269372]"
1669,55.63333333333333,00:00:55.63,3,,"[0.574329, 0.517068, 0.0959423, 0.269469]"
1670,55.666666666666664,00:00:55.66,3,,"[0.573426, 0.516481, 0.0960369, 0.270953]"
1671,55.7,00:00:55.70,3,,"[0.572823, 0.514976, 0.0964715, 0.273259]"
1672,55.733333333333334,00:00:55.73,3,,"[0.57276, 0.515764, 0.0962035, 0.270969]"
1673,55.766666666666666,00:00:55.76,3,,"[0.572495, 0.515456, 0.0965231, 0.271657]"
1674,55.8,00:00:55.79,3,,"[0.570732, 0.514258, 0.0984453, 0.276533]"
1675,55.833333333333336,00:00:55.83,3,,"[0.570192, 0.514379, 0.0991443, 0.27645]"
1676,55.86666666666667,00:00:55.86,3,,"[0.569661, 0.514918, 0.0993076, 0.275393]"
1677,55.9,00:00:55.89,3,,"[0.569647, 0.515275, 0.099313, 0.275051]"
1678,55.93333333333333,00:00:55.93,3,,"[0.5695, 0.514158, 0.0996948, 0.277327]"
1679,55.96666666666667,00:00:55.96,3,,"[0.569261, 0.514317, 0.100127, 0.276203]"
1680,56.0,00:00:56.00,3,,"[0.56952, 0.51493, 0.0997034, 0.27458]"
1681,56.03333333333333,00:00:56.03,3,,"[0.569719, 0.515168, 0.0994074, 0.27421]"
1682,56.06666666666667,00:00:56.06,3,,"[0.569513, 0.515356, 0.0999703, 0.273983]"
1683,56.1,00:00:56.10,3,,"[0.569433, 0.515762, 0.100069, 0.273341]"
1684,56.13333333333333,00:00:56.13,3,,"[0.569597, 0.517081, 0.0995373, 0.271153]"
1685,56.166666666666664,00:00:56.16,3,,"[0.570183, 0.518085, 0.100036, 0.267616]"
1686,56.2,00:00:56.20,3,,"[0.568826, 0.517369, 0.100757, 0.270546]"
1687,56.233333333333334,00:00:56.23,3,,"[0.56885, 0.517415, 0.100652, 0.270611]"
1688,56.266666666666666,00:00:56.26,3,,"[0.568642, 0.517195, 0.101222, 0.271175]"
1689,56.3,00:00:56.29,3,,"[0.56851, 0.517147, 0.101187, 0.271082]"
1690,56.333333333333336,00:00:56.33,3,,"[0.568594, 0.517021, 0.101209, 0.271406]"
1691,56.36666666666667,00:00:56.36,3,,"[0.56867, 0.517745, 0.101215, 0.270557]"
1692,56.4,00:00:56.39,3,,"[0.568874, 0.517599, 0.101193, 0.270931]"
1693,56.43333333333333,00:00:56.43,3,,"[0.568976, 0.517513, 0.101292, 0.271521]"
1694,56.46666666666667,00:00:56.46,3,,"[0.568867, 0.517348, 0.101508, 0.271863]"
1695,56.5,00:00:56.50,3,,"[0.568918, 0.517361, 0.101696, 0.271778]"
1696,56.53333333333333,00:00:56.53,3,,"[0.569007, 0.517533, 0.101603, 0.2715]"
1697,56.56666666666667,00:00:56.56,3,,"[0.568979, 0.517956, 0.101126, 0.270793]"
1698,56.6,00:00:56.60,3,,"[0.568885, 0.517824, 0.101307, 0.270879]"
1699,56.63333333333333,00:00:56.63,3,,"[0.568932, 0.518009, 0.101369, 0.270515]"
1700,56.666666666666664,00:00:56.66,3,,"[0.568897, 0.51808, 0.101465, 0.270388]"
1701,56.7,00:00:56.70,3,,"[0.569136, 0.518315, 0.100917, 0.269852]"
1702,56.733333333333334,00:00:56.73,3,,"[0.569172, 0.51875, 0.100819, 0.269387]"
1703,56.766666666666666,00:00:56.76,3,,"[0.569197, 0.51883, 0.101043, 0.268879]"
1704,56.8,00:00:56.79,3,,"[0.569285, 0.518987, 0.101034, 0.268752]"
1705,56.833333333333336,00:00:56.83,3,,"[0.569231, 0.518782, 0.101247, 0.268944]"
1706,56.86666666666667,00:00:56.86,3,,"[0.569064, 0.519046, 0.101418, 0.268654]"
1707,56.9,00:00:56.89,3,,"[0.568906, 0.518441, 0.101448, 0.269359]"
1708,56.93333333333333,00:00:56.93,3,,"[0.568847, 0.518495, 0.101641, 0.269275]"
1709,56.96666666666667,00:00:56.96,3,,"[0.568813, 0.518455, 0.101644, 0.268984]"
1710,57.0,00:00:57.00,3,,"[0.56888, 0.518689, 0.101783, 0.268777]"
1711,57.03333333333333,00:00:57.03,3,,"[0.568915, 0.51858, 0.101786, 0.268813]"
1712,57.06666666666667,00:00:57.06,3,,"[0.569018, 0.518748, 0.101587, 0.26858]"
1713,57.1,00:00:57.10,3,,"[0.569136, 0.518685, 0.101454, 0.268515]"
1714,57.13333333333333,00:00:57.13,3,,"[0.569123, 0.519081, 0.101539, 0.268019]"
1715,57.166666666666664,00:00:57.16,3,,"[0.569258, 0.518994, 0.10165, 0.268231]"
1716,57.2,00:00:57.20,3,,"[0.569266, 0.51907, 0.101802, 0.268143]"
1717,57.233333333333334,00:00:57.23,3,,"[0.569136, 0.518917, 0.102081, 0.268565]"
1718,57.266666666666666,00:00:57.26,3,,"[0.569245, 0.518924, 0.101688, 0.268037]"
1719,57.3,00:00:57.29,3,,"[0.569156, 0.518584, 0.101405, 0.268927]"
1720,57.333333333333336,00:00:57.33,3,,"[0.569264, 0.518517, 0.101013, 0.268845]"
1721,57.36666666666667,00:00:57.36,3,,"[0.56941, 0.518316, 0.100863, 0.269359]"
1722,57.4,00:00:57.39,3,,"[0.569375, 0.518216, 0.101015, 0.269922]"
1723,57.43333333333333,00:00:57.43,3,,"[0.569213, 0.517955, 0.101362, 0.270268]"
1724,57.46666666666667,00:00:57.46,3,,"[0.56908, 0.518107, 0.101814, 0.269847]"
1725,57.5,00:00:57.50,3,,"[0.568958, 0.518249, 0.101583, 0.269234]"
1726,57.53333333333333,00:00:57.53,3,,"[0.568872, 0.518274, 0.101888, 0.269128]"
1727,57.56666666666667,00:00:57.56,3,,"[0.568949, 0.518305, 0.101929, 0.269231]"
1728,57.6,00:00:57.60,3,,"[0.568852, 0.518282, 0.102186, 0.269127]"
1729,57.63333333333333,00:00:57.63,3,,"[0.568749, 0.51815, 0.102312, 0.26937]"
1730,57.666666666666664,00:00:57.66,3,,"[0.568423, 0.518075, 0.103183, 0.269625]"
1731,57.7,00:00:57.70,3,,"[0.568665, 0.518883, 0.102586, 0.267879]"
1732,57.733333333333334,00:00:57.73,3,,"[0.568576, 0.51851, 0.102873, 0.268585]"
1733,57.766666666666666,00:00:57.76,3,,"[0.568089, 0.518442, 0.103792, 0.268656]"
1734,57.8,00:00:57.79,3,,"[0.567981, 0.51885, 0.103749, 0.267464]"
1735,57.833333333333336,00:00:57.83,3,,"[0.568003, 0.519308, 0.104057, 0.266678]"
1736,57.86666666666667,00:00:57.86,3,,"[0.567757, 0.519182, 0.104311, 0.266616]"
1737,57.9,00:00:57.89,3,,"[0.567621, 0.519046, 0.104441, 0.266804]"
1738,57.93333333333333,00:00:57.93,3,,"[0.567364, 0.518844, 0.104392, 0.267034]"
1739,57.96666666666667,00:00:57.96,3,,"[0.567412, 0.51886, 0.104599, 0.267017]"
1740,58.0,00:00:58.00,3,,"[0.567296, 0.518889, 0.104672, 0.267043]"
1741,58.03333333333333,00:00:58.03,3,,"[0.567355, 0.518866, 0.104373, 0.266733]"
1742,58.06666666666667,00:00:58.06,3,,"[0.567089, 0.518268, 0.104413, 0.267782]"
1743,58.1,00:00:58.10,3,,"[0.566882, 0.518591, 0.10465, 0.26729]"
1744,58.13333333333333,00:00:58.13,3,,"[0.566207, 0.518083, 0.105397, 0.267973]"
1745,58.166666666666664,00:00:58.16,3,,"[0.565836, 0.51774, 0.105268, 0.268287]"
1746,58.2,00:00:58.20,3,,"[0.565633, 0.51833, 0.105516, 0.266809]"
1747,58.233333333333334,00:00:58.23,3,,"[0.565574, 0.518968, 0.106462, 0.265942]"
1748,58.266666666666666,00:00:58.26,3,,"[0.565353, 0.519161, 0.106293, 0.265725]"
1749,58.3,00:00:58.29,3,,"[0.565114, 0.519711, 0.10677, 0.264371]"
1750,58.333333333333336,00:00:58.33,3,,"[0.56476, 0.520339, 0.106898, 0.262782]"
1751,58.36666666666667,00:00:58.36,3,,"[0.564777, 0.521592, 0.106793, 0.260431]"
1752,58.4,00:00:58.39,3,,"[0.564474, 0.521781, 0.107093, 0.26017]"
1753,58.43333333333333,00:00:58.43,3,,"[0.564479, 0.522588, 0.107208, 0.258963]"
1754,58.46666666666667,00:00:58.46,3,,"[0.564218, 0.522737, 0.106726, 0.258084]"
1755,58.5,00:00:58.50,3,,"[0.564269, 0.523022, 0.107009, 0.257726]"
1756,58.53333333333333,00:00:58.53,3,,"[0.563992, 0.522858, 0.106522, 0.258007]"
1757,58.56666666666667,00:00:58.56,3,,"[0.563944, 0.523511, 0.106748, 0.257099]"
1758,58.6,00:00:58.60,3,,"[0.563983, 0.523531, 0.106952, 0.257076]"
1759,58.63333333333333,00:00:58.63,3,,"[0.564043, 0.52382, 0.107171, 0.256736]"
1760,58.666666666666664,00:00:58.66,3,,"[0.56404, 0.525915, 0.106718, 0.25271]"
1761,58.7,00:00:58.70,3,,"[0.563355, 0.526118, 0.107748, 0.2515]"
1762,58.733333333333334,00:00:58.73,3,,"[0.562878, 0.527584, 0.108578, 0.248939]"
1763,58.766666666666666,00:00:58.76,3,,"[0.562476, 0.527466, 0.109878, 0.249566]"
1764,58.8,00:00:58.79,3,,"[0.562352, 0.527265, 0.109317, 0.249847]"
1765,58.833333333333336,00:00:58.83,3,,"[0.561608, 0.526233, 0.109643, 0.251064]"
1766,58.86666666666667,00:00:58.86,3,,"[0.561292, 0.524648, 0.111383, 0.254538]"
1767,58.9,00:00:58.89,3,,"[0.560641, 0.522595, 0.111804, 0.258244]"
1768,58.93333333333333,00:00:58.93,3,,"[0.56127, 0.522174, 0.112432, 0.259499]"
1769,58.96666666666667,00:00:58.96,3,,"[0.561545, 0.522322, 0.11235, 0.259268]"
1770,59.0,00:00:59.00,3,,"[0.561644, 0.520768, 0.112991, 0.262682]"
1771,59.03333333333333,00:00:59.03,3,,"[0.562238, 0.520208, 0.110224, 0.263286]"
1772,59.06666666666667,00:00:59.06,3,,"[0.563631, 0.519098, 0.107973, 0.265379]"
1773,59.1,00:00:59.10,3,,"[0.563667, 0.517707, 0.10765, 0.267514]"
1774,59.13333333333333,00:00:59.13,3,,"[0.564508, 0.51636, 0.106826, 0.268237]"
1775,59.166666666666664,00:00:59.16,3,,"[0.564506, 0.514634, 0.1067, 0.27117]"
1776,59.2,00:00:59.20,3,,"[0.564881, 0.513186, 0.106696, 0.274561]"
1777,59.233333333333334,00:00:59.23,3,,"[0.5651, 0.512578, 0.107235, 0.276866]"
1778,59.266666666666666,00:00:59.26,3,,"[0.564885, 0.511644, 0.10761, 0.278831]"
1779,59.3,00:00:59.29,3,,"[0.564599, 0.510695, 0.108437, 0.28101]"
1780,59.333333333333336,00:00:59.33,3,,"[0.564684, 0.510325, 0.107963, 0.281747]"
1781,59.36666666666667,00:00:59.36,3,,"[0.56466, 0.509845, 0.107424, 0.282428]"
1782,59.4,00:00:59.39,3,,"[0.564765, 0.50942, 0.106785, 0.283728]"
1783,59.43333333333333,00:00:59.43,3,,"[0.564944, 0.508955, 0.107038, 0.284695]"
1784,59.46666666666667,00:00:59.46,3,,"[0.565103, 0.508732, 0.106659, 0.285359]"
1785,59.5,00:00:59.50,3,,"[0.565766, 0.508982, 0.105816, 0.285533]"
1786,59.53333333333333,00:00:59.53,3,,"[0.566518, 0.50952, 0.105448, 0.284782]"
1787,59.56666666666667,00:00:59.56,3,,"[0.567202, 0.511236, 0.104222, 0.280755]"
1788,59.6,00:00:59.60,3,,"[0.567681, 0.512891, 0.104058, 0.277512]"
1789,59.63333333333333,00:00:59.63,3,,"[0.567033, 0.513188, 0.103691, 0.276912]"
1790,59.666666666666664,00:00:59.66,3,,"[0.5671, 0.513441, 0.103122, 0.27638]"
1791,59.7,00:00:59.70,3,,"[0.567488, 0.51276, 0.102831, 0.277972]"
1792,59.733333333333334,00:00:59.73,3,,"[0.567655, 0.51186, 0.102829, 0.279802]"
1793,59.766666666666666,00:00:59.76,3,,"[0.568478, 0.511455, 0.101535, 0.280764]"
1794,59.8,00:00:59.79,3,,"[0.568887, 0.511595, 0.100367, 0.280296]"
1795,59.833333333333336,00:00:59.83,3,,"[0.568534, 0.510126, 0.099751, 0.284326]"
1796,59.86666666666667,00:00:59.86,3,,"[0.568996, 0.511374, 0.0992739, 0.281683]"
1797,59.9,00:00:59.89,3,,"[0.570015, 0.511993, 0.0982801, 0.280873]"
1798,59.93333333333333,00:00:59.93,3,,"[0.570581, 0.512845, 0.097513, 0.279259]"
1799,59.96666666666667,00:00:59.96,3,,"[0.571702, 0.514311, 0.0950108, 0.276532]"
1800,60.0,00:01:00.00,3,,"[0.572392, 0.515279, 0.0930312, 0.273974]"
1801,60.03333333333333,00:01:00.03,3,,"[0.571778, 0.516237, 0.0945825, 0.272023]"
1802,60.06666666666667,00:01:00.06,3,,"[0.571422, 0.517057, 0.095164, 0.270355]"
1803,60.1,00:01:00.10,3,,"[0.569821, 0.516953, 0.0983923, 0.270808]"
1804,60.13333333333333,00:01:00.13,3,,"[0.569084, 0.518412, 0.0995486, 0.268143]"
1805,60.166666666666664,00:01:00.16,3,,"[0.569221, 0.519008, 0.0981872, 0.26711]"
1806,60.2,00:01:00.20,3,,"[0.56834, 0.518401, 0.0999716, 0.268196]"
1807,60.233333333333334,00:01:00.23,3,,"[0.568192, 0.518852, 0.0997736, 0.267407]"
1808,60.266666666666666,00:01:00.26,3,,"[0.567171, 0.518818, 0.101122, 0.267207]"
1809,60.3,00:01:00.29,3,,"[0.56614, 0.518959, 0.101592, 0.26656]"
1810,60.333333333333336,00:01:00.33,3,,"[0.565157, 0.520509, 0.102595, 0.263454]"
1811,60.36666666666667,00:01:00.36,3,,"[0.564005, 0.521701, 0.103265, 0.260766]"
1812,60.4,00:01:00.39,3,,"[0.563368, 0.522264, 0.103594, 0.259872]"
1813,60.43333333333333,00:01:00.43,3,,"[0.561566, 0.523116, 0.103821, 0.257971]"
1814,60.46666666666667,00:01:00.46,3,,"[0.560605, 0.523378, 0.10451, 0.256724]"
1815,60.5,00:01:00.50,3,,"[0.559326, 0.524483, 0.10506, 0.254345]"
1816,60.53333333333333,00:01:00.53,3,,"[0.558842, 0.526642, 0.107584, 0.251261]"
1817,60.56666666666667,00:01:00.56,3,,"[0.556344, 0.528554, 0.110452, 0.247444]"
1818,60.6,00:01:00.60,3,,"[0.554692, 0.530266, 0.113308, 0.245546]"
1819,60.63333333333333,00:01:00.63,3,,"[0.552596, 0.532072, 0.114484, 0.242802]"
1820,60.666666666666664,00:01:00.66,3,,"[0.550337, 0.534002, 0.118473, 0.23948]"
1821,60.7,00:01:00.70,3,,"[0.549757, 0.53511, 0.11977, 0.237037]"
1822,60.733333333333334,00:01:00.73,3,,"[0.550006, 0.535927, 0.124062, 0.234804]"
1823,60.766666666666666,00:01:00.76,3,,"[0.549852, 0.537783, 0.125364, 0.231488]"
1824,60.8,00:01:00.79,3,,"[0.549617, 0.539265, 0.125478, 0.228962]"
1825,60.833333333333336,00:01:00.83,3,,"[0.549507, 0.539881, 0.127382, 0.227284]"
1826,60.86666666666667,00:01:00.86,3,,"[0.548148, 0.539003, 0.129292, 0.229325]"
1827,60.9,00:01:00.89,3,,"[0.547522, 0.537504, 0.131179, 0.232349]"
1828,60.93333333333333,00:01:00.93,3,,"[0.546787, 0.53752, 0.13326, 0.232539]"
1829,60.96666666666667,00:01:00.96,3,,"[0.545295, 0.536536, 0.132922, 0.236384]"
1830,61.0,00:01:01.00,3,,"[0.545834, 0.535608, 0.132597, 0.237806]"
1831,61.03333333333333,00:01:01.03,3,,"[0.546076, 0.534174, 0.133337, 0.241635]"
1832,61.06666666666667,00:01:01.06,3,,"[0.546566, 0.532329, 0.131533, 0.242843]"
1833,61.1,00:01:01.10,3,,"[0.549401, 0.531805, 0.129896, 0.241472]"
1834,61.13333333333333,00:01:01.13,3,,"[0.55075, 0.532037, 0.128557, 0.240477]"
1835,61.166666666666664,00:01:01.16,3,,"[0.551997, 0.531789, 0.125217, 0.240418]"
1836,61.2,00:01:01.20,3,,"[0.552263, 0.531999, 0.12326, 0.239475]"
1837,61.233333333333334,00:01:01.23,3,,"[0.554318, 0.533198, 0.123064, 0.238492]"
1838,61.266666666666666,00:01:01.26,3,,"[0.55431, 0.533883, 0.122162, 0.237851]"
1839,61.3,00:01:01.29,3,,"[0.554289, 0.533841, 0.12132, 0.237647]"
1840,61.333333333333336,00:01:01.33,3,,"[0.554551, 0.534231, 0.122421, 0.23676]"
1841,61.36666666666667,00:01:01.36,3,,"[0.554791, 0.53546, 0.120685, 0.234036]"
1842,61.4,00:01:01.39,3,,"[0.554212, 0.534143, 0.125258, 0.237194]"
1843,61.43333333333333,00:01:01.43,3,,"[0.55255, 0.533761, 0.12771, 0.238762]"
1844,61.46666666666667,00:01:01.46,3,,"[0.552334, 0.534312, 0.127768, 0.237281]"
1845,61.5,00:01:01.50,3,,"[0.552489, 0.536055, 0.12764, 0.233996]"
1846,61.53333333333333,00:01:01.53,3,,"[0.552166, 0.535073, 0.127949, 0.236332]"
1847,61.56666666666667,00:01:01.56,3,,"[0.552066, 0.534396, 0.129185, 0.238213]"
1848,61.6,00:01:01.60,3,,"[0.552435, 0.533131, 0.130878, 0.240908]"
1849,61.63333333333333,00:01:01.63,3,,"[0.552624, 0.533033, 0.131385, 0.241]"
1850,61.666666666666664,00:01:01.66,3,,"[0.551913, 0.533572, 0.128432, 0.239448]"
1851,61.7,00:01:01.70,3,,"[0.551527, 0.533666, 0.129459, 0.239025]"
1852,61.733333333333334,00:01:01.73,3,,"[0.551473, 0.533711, 0.131473, 0.239418]"
1853,61.766666666666666,00:01:01.76,3,,"[0.550823, 0.534043, 0.134025, 0.239572]"
1854,61.8,00:01:01.79,3,,"[0.550996, 0.532623, 0.134322, 0.242049]"
1855,61.833333333333336,00:01:01.83,3,,"[0.55036, 0.533063, 0.135732, 0.241819]"
1856,61.86666666666667,00:01:01.86,3,,"[0.551361, 0.53468, 0.133745, 0.238731]"
1857,61.9,00:01:01.89,3,,"[0.552277, 0.536462, 0.132821, 0.235241]"
1858,61.93333333333333,00:01:01.93,3,,"[0.552829, 0.538009, 0.131289, 0.232615]"
1859,61.96666666666667,00:01:01.96,3,,"[0.553845, 0.540369, 0.129496, 0.227435]"
1860,62.0,00:01:02.00,3,,"[0.554472, 0.541681, 0.128723, 0.22436]"
1861,62.03333333333333,00:01:02.03,3,,"[0.55447, 0.542139, 0.128179, 0.22415]"
1862,62.06666666666667,00:01:02.06,3,,"[0.555859, 0.542593, 0.127609, 0.22343]"
1863,62.1,00:01:02.10,3,,"[0.55579, 0.542605, 0.127401, 0.223466]"
1864,62.13333333333333,00:01:02.13,3,,"[0.555409, 0.54293, 0.127102, 0.223255]"
1865,62.166666666666664,00:01:02.16,3,,"[0.555458, 0.542694, 0.127785, 0.223667]"
1866,62.2,00:01:02.20,3,,"[0.555572, 0.543528, 0.127829, 0.222529]"
1867,62.233333333333334,00:01:02.23,3,,"[0.554995, 0.545107, 0.126818, 0.221337]"
1868,62.266666666666666,00:01:02.26,3,,"[0.555432, 0.545734, 0.127037, 0.2205]"
1869,62.3,00:01:02.29,3,,"[0.55534, 0.545488, 0.126747, 0.220978]"
1870,62.333333333333336,00:01:02.33,3,,"[0.555366, 0.545369, 0.127143, 0.220983]"
1871,62.36666666666667,00:01:02.36,3,,"[0.555278, 0.545063, 0.129088, 0.221959]"
1872,62.4,00:01:02.39,3,,"[0.554738, 0.545064, 0.130448, 0.22243]"
1873,62.43333333333333,00:01:02.43,3,,"[0.554386, 0.545577, 0.132383, 0.22139]"
1874,62.46666666666667,00:01:02.46,3,,"[0.551881, 0.544128, 0.135811, 0.221511]"
1875,62.5,00:01:02.50,3,,"[0.550051, 0.544235, 0.139484, 0.22283]"
1876,62.53333333333333,00:01:02.53,3,,"[0.549685, 0.543569, 0.141572, 0.22302]"
1877,62.56666666666667,00:01:02.56,3,,"[0.547603, 0.543111, 0.142554, 0.223818]"
1878,62.6,00:01:02.60,3,,"[0.547532, 0.544507, 0.143695, 0.221618]"
1879,62.63333333333333,00:01:02.63,3,,"[0.546969, 0.544044, 0.144976, 0.223302]"
1880,62.666666666666664,00:01:02.66,3,,"[0.547183, 0.541318, 0.143551, 0.227789]"
1881,62.7,00:01:02.70,3,,"[0.548118, 0.540269, 0.143946, 0.23275]"
1882,62.733333333333334,00:01:02.73,3,,"[0.547528, 0.535424, 0.145322, 0.242565]"
1883,62.766666666666666,00:01:02.76,3,,"[0.546497, 0.532186, 0.147423, 0.248435]"
1884,62.8,00:01:02.79,3,,"[0.547924, 0.529314, 0.145612, 0.251222]"
1885,62.833333333333336,00:01:02.83,3,,"[0.547939, 0.528811, 0.145136, 0.250874]"
1886,62.86666666666667,00:01:02.86,3,,"[0.546797, 0.526804, 0.146192, 0.254801]"
1887,62.9,00:01:02.89,3,,"[0.546366, 0.526052, 0.145419, 0.255641]"
1888,62.93333333333333,00:01:02.93,3,,"[0.547213, 0.52829, 0.144462, 0.251332]"
1889,62.96666666666667,00:01:02.96,3,,"[0.546444, 0.526105, 0.144268, 0.254842]"
1890,63.0,00:01:03.00,3,,"[0.546102, 0.526563, 0.144668, 0.254175]"
1891,63.03333333333333,00:01:03.03,3,,"[0.546086, 0.526801, 0.142338, 0.253656]"
1892,63.06666666666667,00:01:03.06,3,,"[0.545568, 0.526787, 0.141695, 0.253104]"
1893,63.1,00:01:03.10,3,,"[0.54586, 0.526955, 0.142458, 0.252849]"
1894,63.13333333333333,00:01:03.13,3,,"[0.54694, 0.528154, 0.141992, 0.250526]"
1895,63.166666666666664,00:01:03.16,3,,"[0.546714, 0.52795, 0.142109, 0.250928]"
1896,63.2,00:01:03.20,3,,"[0.546507, 0.528386, 0.1412, 0.250537]"
1897,63.233333333333334,00:01:03.23,3,,"[0.546879, 0.52796, 0.14153, 0.252088]"
1898,63.266666666666666,00:01:03.26,3,,"[0.545895, 0.526571, 0.14026, 0.25374]"
1899,63.3,00:01:03.29,3,,"[0.545975, 0.525667, 0.14062, 0.255313]"
1900,63.333333333333336,00:01:03.33,3,,"[0.546103, 0.525937, 0.14022, 0.255319]"
1901,63.36666666666667,00:01:03.36,3,,"[0.546942, 0.526665, 0.141335, 0.254405]"
1902,63.4,00:01:03.39,3,,"[0.547263, 0.527205, 0.141444, 0.253391]"
1903,63.43333333333333,00:01:03.43,3,,"[0.546898, 0.528685, 0.14166, 0.250079]"
1904,63.46666666666667,00:01:03.46,3,,"[0.545442, 0.528359, 0.145487, 0.251709]"
1905,63.5,00:01:03.50,3,,"[0.542085, 0.527743, 0.147201, 0.252576]"
1906,63.53333333333333,00:01:03.53,3,,"[0.54114, 0.525118, 0.152568, 0.257017]"
1907,63.56666666666667,00:01:03.56,3,,"[0.530663, 0.52229, 0.149992, 0.252012]"
1908,63.6,00:01:03.60,3,,"[0.522935, 0.517258, 0.161555, 0.264511]"
1909,63.63333333333333,00:01:03.63,3,,"[0.514893, 0.515196, 0.170251, 0.2608]"
1911,63.7,00:01:03.70,3,,"[0.484255, 0.500329, 0.160884, 0.244019]"
2485,82.83333333333333,00:01:22.83,1,,"[0.530858, 0.523295, 0.138206, 0.0840647]"
2486,82.86666666666666,00:01:22.86,1,,"[0.536005, 0.537451, 0.1342, 0.107141]"
2487,82.9,00:01:22.90,1,,"[0.54597, 0.561432, 0.150104, 0.153503]"
2488,82.93333333333334,00:01:22.93,1,,"[0.548386, 0.565046, 0.152016, 0.150034]"
2489,82.96666666666667,00:01:22.96,1,,"[0.551264, 0.56715, 0.151087, 0.145102]"
2490,83.0,00:01:23.00,1,,"[0.552568, 0.573038, 0.150035, 0.147063]"
2491,83.03333333333333,00:01:23.03,1,,"[0.552535, 0.575508, 0.149131, 0.144204]"
2492,83.06666666666666,00:01:23.06,1,,"[0.552794, 0.576158, 0.147795, 0.143516]"
2493,83.1,00:01:23.09,1,,"[0.552677, 0.576192, 0.147747, 0.142833]"
2494,83.13333333333334,00:01:23.13,1,,"[0.552664, 0.576658, 0.147447, 0.141381]"
2495,83.16666666666667,00:01:23.16,1,,"[0.552684, 0.577697, 0.14733, 0.13923]"
2496,83.2,00:01:23.20,1,,"[0.552874, 0.578041, 0.147395, 0.139657]"
2497,83.23333333333333,00:01:23.23,1,,"[0.551441, 0.577337, 0.146068, 0.139505]"
2498,83.26666666666667,00:01:23.26,1,,"[0.551187, 0.577697, 0.147864, 0.139629]"
2499,83.3,00:01:23.29,1,,"[0.551448, 0.577928, 0.145712, 0.138547]"
2500,83.33333333333333,00:01:23.33,1,,"[0.549553, 0.580332, 0.151643, 0.139237]"
2501,83.36666666666666,00:01:23.36,1,,"[0.548198, 0.58135, 0.14669, 0.137897]"
2502,83.4,00:01:23.40,1,,"[0.548168, 0.583707, 0.143207, 0.131609]"
2503,83.43333333333334,00:01:23.43,1,,"[0.546867, 0.585425, 0.144356, 0.130573]"
2504,83.46666666666667,00:01:23.46,1,,"[0.546881, 0.585474, 0.144258, 0.130461]"
2505,83.5,00:01:23.50,1,,"[0.548429, 0.58615, 0.141018, 0.129238]"
2506,83.53333333333333,00:01:23.53,1,,"[0.548041, 0.58627, 0.139795, 0.128525]"
2507,83.56666666666666,00:01:23.56,1,,"[0.548164, 0.586098, 0.138397, 0.128174]"
2508,83.6,00:01:23.59,1,,"[0.546879, 0.585888, 0.141375, 0.130342]"
2509,83.63333333333334,00:01:23.63,1,,"[0.547883, 0.583927, 0.140073, 0.136577]"
2510,83.66666666666667,00:01:23.66,1,,"[0.550548, 0.579883, 0.133206, 0.143346]"
2511,83.7,00:01:23.70,1,,"[0.554946, 0.576254, 0.127661, 0.151821]"
2512,83.73333333333333,00:01:23.73,1,,"[0.557436, 0.574102, 0.122002, 0.155912]"
2513,83.76666666666667,00:01:23.76,1,,"[0.560489, 0.569402, 0.116593, 0.163603]"
2514,83.8,00:01:23.79,1,,"[0.562799, 0.566915, 0.113091, 0.169083]"
2515,83.83333333333333,00:01:23.83,1,,"[0.565219, 0.565237, 0.108777, 0.171853]"
2516,83.86666666666666,00:01:23.86,1,,"[0.566524, 0.562758, 0.1056, 0.176477]"
2517,83.9,00:01:23.90,1,,"[0.568899, 0.561209, 0.101616, 0.179593]"
2518,83.93333333333334,00:01:23.93,1,,"[0.570798, 0.559544, 0.0970678, 0.181775]"
2519,83.96666666666667,00:01:23.96,1,,"[0.573212, 0.55715, 0.0953966, 0.188504]"
2520,84.0,00:01:24.00,1,,"[0.57583, 0.556456, 0.0904303, 0.189681]"
2521,84.03333333333333,00:01:24.03,1,,"[0.577608, 0.556939, 0.0873575, 0.187401]"
2522,84.06666666666666,00:01:24.06,1,,"[0.578996, 0.558342, 0.0852272, 0.183963]"
2523,84.1,00:01:24.09,1,,"[0.579296, 0.558891, 0.0851711, 0.18326]"
2524,84.13333333333334,00:01:24.13,1,,"[0.579299, 0.560032, 0.0854734, 0.181345]"
2525,84.16666666666667,00:01:24.16,1,,"[0.579295, 0.56129, 0.085037, 0.178923]"
2526,84.2,00:01:24.20,1,,"[0.579288, 0.563227, 0.0835723, 0.173706]"
2527,84.23333333333333,00:01:24.23,1,,"[0.579411, 0.563812, 0.0841934, 0.172396]"
2528,84.26666666666667,00:01:24.26,1,,"[0.579799, 0.563604, 0.0837453, 0.173092]"
2529,84.3,00:01:24.29,1,,"[0.580407, 0.563803, 0.0828039, 0.173007]"
2530,84.33333333333333,00:01:24.33,1,,"[0.580627, 0.563985, 0.0815203, 0.173266]"
2531,84.36666666666666,00:01:24.36,1,,"[0.580793, 0.564036, 0.0803642, 0.17287]"
2532,84.4,00:01:24.40,1,,"[0.582481, 0.565477, 0.0779423, 0.171537]"
2533,84.43333333333334,00:01:24.43,1,,"[0.583682, 0.566719, 0.0764462, 0.169365]"
2534,84.46666666666667,00:01:24.46,1,,"[0.584279, 0.566926, 0.0757364, 0.169998]"
2535,84.5,00:01:24.50,1,,"[0.585042, 0.566393, 0.073845, 0.171898]"
2536,84.53333333333333,00:01:24.53,1,,"[0.586063, 0.565734, 0.0722408, 0.172631]"
2537,84.56666666666666,00:01:24.56,1,,"[0.586725, 0.565438, 0.071595, 0.175174]"
2538,84.6,00:01:24.59,1,,"[0.587702, 0.564594, 0.069754, 0.176408]"
2539,84.63333333333334,00:01:24.63,1,,"[0.589407, 0.564844, 0.0675347, 0.176807]"
2540,84.66666666666667,00:01:24.66,1,,"[0.590181, 0.565919, 0.0669224, 0.175665]"
2541,84.7,00:01:24.70,1,,"[0.589823, 0.56696, 0.0672906, 0.176262]"
2542,84.73333333333333,00:01:24.73,1,,"[0.589544, 0.566801, 0.0679599, 0.176836]"
2543,84.76666666666667,00:01:24.76,1,,"[0.589777, 0.566629, 0.0677063, 0.174582]"
2544,84.8,00:01:24.79,1,,"[0.588859, 0.567112, 0.0692516, 0.171824]"
2545,84.83333333333333,00:01:24.83,1,,"[0.587019, 0.56837, 0.0731415, 0.169054]"
2546,84.86666666666666,00:01:24.86,1,,"[0.584533, 0.569116, 0.0775905, 0.165322]"
2547,84.9,00:01:24.90,1,,"[0.582087, 0.568913, 0.0796045, 0.163942]"
2548,84.93333333333334,00:01:24.93,1,,"[0.580459, 0.56979, 0.0828652, 0.162269]"
2549,84.96666666666667,00:01:24.96,1,,"[0.578857, 0.570559, 0.0858973, 0.161369]"
2550,85.0,00:01:25.00,1,,"[0.575773, 0.569177, 0.0912565, 0.161855]"
2551,85.03333333333333,00:01:25.03,1,,"[0.574606, 0.568756, 0.0934921, 0.161121]"
2552,85.06666666666666,00:01:25.06,1,,"[0.574454, 0.568323, 0.0936943, 0.16115]"
2553,85.1,00:01:25.09,1,,"[0.573453, 0.56943, 0.0948046, 0.158002]"
2554,85.13333333333334,00:01:25.13,1,,"[0.572636, 0.570548, 0.0954528, 0.155146]"
2555,85.16666666666667,00:01:25.16,1,,"[0.572423, 0.570369, 0.0950897, 0.157122]"
2556,85.2,00:01:25.20,1,,"[0.573177, 0.569331, 0.0944879, 0.160512]"
2557,85.23333333333333,00:01:25.23,1,,"[0.57493, 0.56902, 0.0915606, 0.160925]"
2558,85.26666666666667,00:01:25.26,1,,"[0.57529, 0.569884, 0.09118, 0.160712]"
2559,85.3,00:01:25.29,1,,"[0.575384, 0.56959, 0.0909626, 0.160836]"
2560,85.33333333333333,00:01:25.33,1,,"[0.575646, 0.56941, 0.0905525, 0.161951]"
2561,85.36666666666666,00:01:25.36,1,,"[0.575807, 0.568582, 0.0906429, 0.163343]"
2562,85.4,00:01:25.40,1,,"[0.576429, 0.568479, 0.0899876, 0.163717]"
2563,85.43333333333334,00:01:25.43,1,,"[0.578798, 0.56982, 0.08608, 0.162578]"
2564,85.46666666666667,00:01:25.46,1,,"[0.58022, 0.570483, 0.0837512, 0.161447]"
2565,85.5,00:01:25.50,1,,"[0.579906, 0.57108, 0.0840704, 0.160803]"
2566,85.53333333333333,00:01:25.53,1,,"[0.579464, 0.571455, 0.0848794, 0.16]"
2567,85.56666666666666,00:01:25.56,1,,"[0.579551, 0.571688, 0.0847785, 0.160198]"
2568,85.6,00:01:25.59,1,,"[0.580362, 0.571835, 0.0834016, 0.160789]"
2569,85.63333333333334,00:01:25.63,1,,"[0.581125, 0.572102, 0.0814116, 0.160766]"
2570,85.66666666666667,00:01:25.66,1,,"[0.581404, 0.572783, 0.0810099, 0.159456]"
2571,85.7,00:01:25.70,1,,"[0.581183, 0.573119, 0.0816749, 0.158744]"
2572,85.73333333333333,00:01:25.73,1,,"[0.580324, 0.573844, 0.083225, 0.157837]"
2573,85.76666666666667,00:01:25.76,1,,"[0.579501, 0.57595, 0.0844672, 0.153772]"
2574,85.8,00:01:25.79,1,,"[0.577467, 0.576448, 0.0878909, 0.152058]"
2575,85.83333333333333,00:01:25.83,1,,"[0.576405, 0.576868, 0.0897883, 0.151]"
2576,85.86666666666666,00:01:25.86,1,,"[0.575931, 0.576531, 0.0908737, 0.150995]"
2577,85.9,00:01:25.90,1,,"[0.57472, 0.576813, 0.0928005, 0.149778]"
2578,85.93333333333334,00:01:25.93,1,,"[0.573602, 0.578785, 0.0932612, 0.143495]"
2579,85.96666666666667,00:01:25.96,1,,"[0.57269, 0.578797, 0.0946547, 0.142721]"
2580,86.0,00:01:26.00,1,,"[0.571926, 0.580642, 0.0951622, 0.140985]"
2581,86.03333333333333,00:01:26.03,1,,"[0.570449, 0.582115, 0.097083, 0.13766]"
2582,86.06666666666666,00:01:26.06,1,,"[0.569637, 0.584075, 0.0979565, 0.134948]"
2583,86.1,00:01:26.09,1,,"[0.569133, 0.586438, 0.0980133, 0.130733]"
2584,86.13333333333334,00:01:26.13,1,,"[0.569274, 0.590223, 0.100879, 0.124983]"
2585,86.16666666666667,00:01:26.16,1,,"[0.569373, 0.592124, 0.101488, 0.122384]"
2586,86.2,00:01:26.20,1,,"[0.567317, 0.593773, 0.104274, 0.120464]"
2587,86.23333333333333,00:01:26.23,1,,"[0.565447, 0.595305, 0.107646, 0.118079]"
2588,86.26666666666667,00:01:26.26,1,,"[0.564827, 0.596392, 0.109163, 0.115088]"
2589,86.3,00:01:26.29,1,,"[0.563455, 0.596828, 0.111862, 0.114129]"
2590,86.33333333333333,00:01:26.33,1,,"[0.563386, 0.598652, 0.112113, 0.111494]"
2591,86.36666666666666,00:01:26.36,1,,"[0.563359, 0.598724, 0.112483, 0.112362]"
2592,86.4,00:01:26.40,1,,"[0.563849, 0.596439, 0.110962, 0.115959]"
2593,86.43333333333334,00:01:26.43,1,,"[0.567693, 0.593772, 0.10331, 0.12067]"
2594,86.46666666666667,00:01:26.46,1,,"[0.56856, 0.591191, 0.10317, 0.124657]"
2595,86.5,00:01:26.50,1,,"[0.567652, 0.58512, 0.103106, 0.136143]"
2596,86.53333333333333,00:01:26.53,1,,"[0.569808, 0.582381, 0.0990279, 0.142516]"
2597,86.56666666666666,00:01:26.56,1,,"[0.571055, 0.578428, 0.0976313, 0.148158]"
2598,86.6,00:01:26.59,1,,"[0.572638, 0.57717, 0.095017, 0.151058]"
2599,86.63333333333334,00:01:26.63,1,,"[0.574192, 0.57637, 0.0908757, 0.151998]"
2600,86.66666666666667,00:01:26.66,1,,"[0.574994, 0.575792, 0.0909376, 0.153089]"
2601,86.7,00:01:26.70,1,,"[0.575623, 0.576048, 0.0902103, 0.152938]"
2602,86.73333333333333,00:01:26.73,1,,"[0.576064, 0.575795, 0.0893382, 0.153324]"
2603,86.76666666666667,00:01:26.76,1,,"[0.577095, 0.574987, 0.0877373, 0.155538]"
2604,86.8,00:01:26.79,1,,"[0.577731, 0.57306, 0.0864655, 0.159885]"
2605,86.83333333333333,00:01:26.83,1,,"[0.579495, 0.572019, 0.082613, 0.160843]"
2606,86.86666666666666,00:01:26.86,1,,"[0.581356, 0.572552, 0.0794098, 0.161046]"
2607,86.9,00:01:26.90,1,,"[0.582492, 0.573655, 0.0776279, 0.159783]"
2608,86.93333333333334,00:01:26.93,1,,"[0.58313, 0.57489, 0.0762966, 0.158847]"
2609,86.96666666666667,00:01:26.96,1,,"[0.583062, 0.574544, 0.0764921, 0.160146]"
2610,87.0,00:01:27.00,1,,"[0.583383, 0.573944, 0.0762479, 0.161024]"
2611,87.03333333333333,00:01:27.03,1,,"[0.583785, 0.572972, 0.0760276, 0.161766]"
2612,87.06666666666666,00:01:27.06,1,,"[0.584005, 0.571795, 0.0759541, 0.164048]"
2613,87.1,00:01:27.09,1,,"[0.584475, 0.570764, 0.0755024, 0.164869]"
2614,87.13333333333334,00:01:27.13,1,,"[0.585419, 0.571173, 0.0735412, 0.164916]"
2615,87.16666666666667,00:01:27.16,1,,"[0.586021, 0.570797, 0.0727064, 0.164996]"
2616,87.2,00:01:27.20,1,,"[0.586321, 0.570971, 0.072111, 0.166053]"
2617,87.23333333333333,00:01:27.23,1,,"[0.586783, 0.570941, 0.0720893, 0.166527]"
2618,87.26666666666667,00:01:27.26,1,,"[0.587154, 0.571365, 0.0707445, 0.166602]"
2619,87.3,00:01:27.29,1,,"[0.587742, 0.570582, 0.0698723, 0.167573]"
2620,87.33333333333333,00:01:27.33,1,,"[0.58813, 0.569841, 0.0696769, 0.168649]"
2621,87.36666666666666,00:01:27.36,1,,"[0.587685, 0.568405, 0.0708065, 0.171773]"
2622,87.4,00:01:27.40,1,,"[0.588331, 0.567303, 0.0699673, 0.174415]"
2623,87.43333333333334,00:01:27.43,1,,"[0.58856, 0.566115, 0.0694424, 0.175021]"
2624,87.46666666666667,00:01:27.46,1,,"[0.589113, 0.566269, 0.0686955, 0.175994]"
2625,87.5,00:01:27.50,1,,"[0.589502, 0.566226, 0.0673168, 0.176108]"
2626,87.53333333333333,00:01:27.53,1,,"[0.589722, 0.565901, 0.066956, 0.175738]"
2627,87.56666666666666,00:01:27.56,1,,"[0.589819, 0.566026, 0.0664857, 0.176197]"
2628,87.6,00:01:27.59,1,,"[0.589705, 0.566435, 0.0670387, 0.177974]"
2629,87.63333333333334,00:01:27.63,1,,"[0.59025, 0.567122, 0.0664904, 0.177641]"
2630,87.66666666666667,00:01:27.66,1,,"[0.591387, 0.568257, 0.0639006, 0.177992]"
2631,87.7,00:01:27.70,1,,"[0.592663, 0.567644, 0.0618247, 0.178908]"
2632,87.73333333333333,00:01:27.73,1,,"[0.593319, 0.567561, 0.0608772, 0.179438]"
2633,87.76666666666667,00:01:27.76,1,,"[0.593656, 0.567497, 0.0602961, 0.180142]"
2634,87.8,00:01:27.79,1,,"[0.594115, 0.56829, 0.060288, 0.178573]"
2635,87.83333333333333,00:01:27.83,1,,"[0.594179, 0.568594, 0.0600835, 0.177962]"
2636,87.86666666666666,00:01:27.86,1,,"[0.594595, 0.569583, 0.0596724, 0.176198]"
2637,87.9,00:01:27.90,1,,"[0.593826, 0.569816, 0.0598249, 0.174809]"
2638,87.93333333333334,00:01:27.93,1,,"[0.592925, 0.569919, 0.0616346, 0.174345]"
2639,87.96666666666667,00:01:27.96,1,,"[0.591403, 0.570909, 0.0641275, 0.171613]"
2640,88.0,00:01:28.00,1,,"[0.590097, 0.570903, 0.0669712, 0.168636]"
2641,88.03333333333333,00:01:28.03,1,,"[0.588668, 0.571698, 0.0686992, 0.165126]"
2642,88.06666666666666,00:01:28.06,1,,"[0.586557, 0.571574, 0.0724729, 0.164729]"
2643,88.1,00:01:28.09,1,,"[0.58462, 0.572861, 0.0771742, 0.162735]"
2644,88.13333333333334,00:01:28.13,1,,"[0.583063, 0.573178, 0.0786791, 0.16093]"
2645,88.16666666666667,00:01:28.16,1,,"[0.581806, 0.573428, 0.0796689, 0.159671]"
2646,88.2,00:01:28.20,1,,"[0.580949, 0.57494, 0.0808849, 0.154257]"
2647,88.23333333333333,00:01:28.23,1,,"[0.580058, 0.576707, 0.0818737, 0.153156]"
2648,88.26666666666667,00:01:28.26,1,,"[0.578291, 0.577378, 0.084692, 0.152062]"
2649,88.3,00:01:28.29,1,,"[0.57615, 0.577791, 0.0871037, 0.150811]"
2650,88.33333333333333,00:01:28.33,1,,"[0.574642, 0.57922, 0.0891315, 0.146174]"
2651,88.36666666666666,00:01:28.36,1,,"[0.573577, 0.580273, 0.0903734, 0.143205]"
2652,88.4,00:01:28.40,1,,"[0.571446, 0.581683, 0.0901895, 0.142054]"
2653,88.43333333333334,00:01:28.43,1,,"[0.571196, 0.58402, 0.091229, 0.138736]"
2654,88.46666666666667,00:01:28.46,1,,"[0.570635, 0.585633, 0.0912757, 0.136384]"
2655,88.5,00:01:28.50,1,,"[0.569816, 0.58804, 0.0911307, 0.132709]"
2656,88.53333333333333,00:01:28.53,1,,"[0.5687, 0.589746, 0.0941518, 0.129401]"
2657,88.56666666666666,00:01:28.56,1,,"[0.567598, 0.590644, 0.0954687, 0.128594]"
2658,88.6,00:01:28.59,1,,"[0.56661, 0.592083, 0.0972425, 0.125757]"
2659,88.63333333333334,00:01:28.63,1,,"[0.564992, 0.593647, 0.0993544, 0.121994]"
2660,88.66666666666667,00:01:28.66,1,,"[0.564473, 0.594419, 0.101698, 0.120753]"
2661,88.7,00:01:28.70,1,,"[0.563253, 0.595142, 0.102729, 0.119009]"
2662,88.73333333333333,00:01:28.73,1,,"[0.562592, 0.596709, 0.105103, 0.115949]"
2663,88.76666666666667,00:01:28.76,1,,"[0.562058, 0.596816, 0.10814, 0.116686]"
2664,88.8,00:01:28.79,1,,"[0.562756, 0.595715, 0.108044, 0.119443]"
2665,88.83333333333333,00:01:28.83,1,,"[0.56285, 0.595046, 0.109135, 0.121169]"
2666,88.86666666666666,00:01:28.86,1,,"[0.564341, 0.593992, 0.106406, 0.12209]"
2667,88.9,00:01:28.90,1,,"[0.563685, 0.591815, 0.106491, 0.125815]"
2668,88.93333333333334,00:01:28.93,1,,"[0.564737, 0.592301, 0.103357, 0.125121]"
2669,88.96666666666667,00:01:28.96,1,,"[0.56726, 0.588583, 0.103375, 0.131639]"
2670,89.0,00:01:29.00,1,,"[0.566321, 0.583847, 0.103957, 0.140467]"
2671,89.03333333333333,00:01:29.03,1,,"[0.569008, 0.579791, 0.0980621, 0.148607]"
2672,89.06666666666666,00:01:29.06,1,,"[0.570205, 0.578791, 0.0964281, 0.149502]"
2673,89.1,00:01:29.09,1,,"[0.571266, 0.578004, 0.095067, 0.150908]"
2674,89.13333333333334,00:01:29.13,1,,"[0.571665, 0.577503, 0.0946417, 0.151297]"
2675,89.16666666666667,00:01:29.16,1,,"[0.572071, 0.576982, 0.0925849, 0.151981]"
2676,89.2,00:01:29.20,1,,"[0.572176, 0.576158, 0.0931987, 0.153225]"
2677,89.23333333333333,00:01:29.23,1,,"[0.573088, 0.574727, 0.0917311, 0.155882]"
2678,89.26666666666667,00:01:29.26,1,,"[0.574461, 0.572526, 0.0905621, 0.158466]"
2679,89.3,00:01:29.29,1,,"[0.575763, 0.571669, 0.0881745, 0.160324]"
2680,89.33333333333333,00:01:29.33,1,,"[0.576811, 0.571382, 0.0865781, 0.162128]"
2681,89.36666666666666,00:01:29.36,1,,"[0.576923, 0.571112, 0.0868345, 0.163309]"
2682,89.4,00:01:29.40,1,,"[0.576965, 0.571036, 0.0862503, 0.162242]"
2683,89.43333333333334,00:01:29.43,1,,"[0.576719, 0.571214, 0.0868701, 0.162047]"
2684,89.46666666666667,00:01:29.46,1,,"[0.577028, 0.571062, 0.0864349, 0.162346]"
2685,89.5,00:01:29.50,1,,"[0.578331, 0.570916, 0.0841396, 0.162694]"
2686,89.53333333333333,00:01:29.53,1,,"[0.579329, 0.571266, 0.0831973, 0.162389]"
2687,89.56666666666666,00:01:29.56,1,,"[0.579793, 0.571291, 0.0823721, 0.163112]"
2688,89.6,00:01:29.59,1,,"[0.579469, 0.570389, 0.0830463, 0.163516]"
2689,89.63333333333334,00:01:29.63,1,,"[0.58047, 0.570699, 0.0821027, 0.162852]"
2690,89.66666666666667,00:01:29.66,1,,"[0.580563, 0.570414, 0.0814613, 0.162881]"
2691,89.7,00:01:29.70,1,,"[0.580761, 0.571442, 0.0808262, 0.161307]"
2692,89.73333333333333,00:01:29.73,1,,"[0.580407, 0.571987, 0.081599, 0.160514]"
2693,89.76666666666667,00:01:29.76,1,,"[0.580657, 0.572099, 0.0811793, 0.160674]"
2694,89.8,00:01:29.79,1,,"[0.580638, 0.571789, 0.0811392, 0.161071]"
2695,89.83333333333333,00:01:29.83,1,,"[0.580709, 0.572123, 0.0811163, 0.16081]"
2696,89.86666666666666,00:01:29.86,1,,"[0.580253, 0.572621, 0.0819899, 0.160086]"
2697,89.9,00:01:29.90,1,,"[0.579655, 0.572686, 0.0827385, 0.160302]"
2698,89.93333333333334,00:01:29.93,1,,"[0.579431, 0.573328, 0.0836597, 0.159434]"
2699,89.96666666666667,00:01:29.96,1,,"[0.579707, 0.575697, 0.0831902, 0.15541]"
2700,90.0,00:01:30.00,1,,"[0.57945, 0.573799, 0.0837111, 0.159112]"
2701,90.03333333333333,00:01:30.03,1,,"[0.57945, 0.572412, 0.0841427, 0.161174]"
2702,90.06666666666666,00:01:30.06,1,,"[0.580031, 0.571467, 0.0834572, 0.162485]"
2703,90.1,00:01:30.09,1,,"[0.580097, 0.57027, 0.0841391, 0.165776]"
2704,90.13333333333334,00:01:30.13,1,,"[0.580159, 0.568766, 0.084629, 0.169569]"
2705,90.16666666666667,00:01:30.16,1,,"[0.580173, 0.567787, 0.0841379, 0.170964]"
2706,90.2,00:01:30.20,1,,"[0.580685, 0.568499, 0.0831844, 0.170283]"
2707,90.23333333333333,00:01:30.23,1,,"[0.580762, 0.56806, 0.0837345, 0.171096]"
2708,90.26666666666667,00:01:30.26,1,,"[0.58047, 0.568266, 0.0841881, 0.170669]"
2709,90.3,00:01:30.29,1,,"[0.580682, 0.568531, 0.0845293, 0.170421]"
2710,90.33333333333333,00:01:30.33,1,,"[0.580691, 0.568561, 0.0846457, 0.16999]"
2711,90.36666666666666,00:01:30.36,1,,"[0.580693, 0.568301, 0.0847319, 0.170139]"
2712,90.4,00:01:30.40,1,,"[0.580732, 0.567874, 0.0842516, 0.171405]"
2713,90.43333333333334,00:01:30.43,1,,"[0.580775, 0.567519, 0.0835293, 0.171546]"
2714,90.46666666666667,00:01:30.46,1,,"[0.581249, 0.566692, 0.0828377, 0.17327]"
2715,90.5,00:01:30.50,1,,"[0.581462, 0.564884, 0.082797, 0.175177]"
2716,90.53333333333333,00:01:30.53,1,,"[0.582001, 0.564882, 0.0820093, 0.176076]"
2717,90.56666666666666,00:01:30.56,1,,"[0.582775, 0.564646, 0.0802983, 0.177553]"
2718,90.6,00:01:30.59,1,,"[0.584191, 0.564896, 0.0776955, 0.178335]"
2719,90.63333333333334,00:01:30.63,1,,"[0.585028, 0.563423, 0.0751794, 0.180523]"
2720,90.66666666666667,00:01:30.66,1,,"[0.585589, 0.561613, 0.0701348, 0.183457]"
2721,90.7,00:01:30.70,1,,"[0.586235, 0.560689, 0.0696525, 0.185987]"
2722,90.73333333333333,00:01:30.73,1,,"[0.588585, 0.55951, 0.0662249, 0.189353]"
2723,90.76666666666667,00:01:30.76,1,,"[0.589993, 0.56017, 0.0648761, 0.190252]"
2724,90.8,00:01:30.79,1,,"[0.589944, 0.559568, 0.0650545, 0.191306]"
2725,90.83333333333333,00:01:30.83,1,,"[0.589807, 0.560783, 0.0660055, 0.187286]"
2726,90.86666666666666,00:01:30.86,1,,"[0.588512, 0.560728, 0.0675861, 0.186424]"
2727,90.9,00:01:30.90,1,,"[0.58731, 0.561271, 0.0711025, 0.18549]"
2728,90.93333333333334,00:01:30.93,1,,"[0.586679, 0.561133, 0.0719004, 0.185973]"
2729,90.96666666666667,00:01:30.96,1,,"[0.58643, 0.561736, 0.072773, 0.185486]"
2730,91.0,00:01:31.00,1,,"[0.585853, 0.562357, 0.0731125, 0.185006]"
2731,91.03333333333333,00:01:31.03,1,,"[0.585423, 0.562077, 0.0738312, 0.18437]"
2732,91.06666666666666,00:01:31.06,1,,"[0.584952, 0.562551, 0.0748074, 0.181943]"
2733,91.1,00:01:31.09,1,,"[0.584386, 0.563012, 0.0759331, 0.180755]"
2734,91.13333333333334,00:01:31.13,1,,"[0.582924, 0.564154, 0.0790207, 0.178789]"
2735,91.16666666666667,00:01:31.16,1,,"[0.581123, 0.563852, 0.082207, 0.174306]"
2736,91.2,00:01:31.20,1,,"[0.579938, 0.565257, 0.084823, 0.171903]"
2737,91.23333333333333,00:01:31.23,1,,"[0.57968, 0.565435, 0.0856337, 0.170392]"
2738,91.26666666666667,00:01:31.26,1,,"[0.579792, 0.566371, 0.0845968, 0.168462]"
2739,91.3,00:01:31.29,1,,"[0.579594, 0.566995, 0.0842029, 0.169524]"
2740,91.33333333333333,00:01:31.33,1,,"[0.579805, 0.567682, 0.0838247, 0.168994]"
2741,91.36666666666666,00:01:31.36,1,,"[0.580269, 0.569628, 0.0827229, 0.165488]"
2742,91.4,00:01:31.40,1,,"[0.580535, 0.570648, 0.0820215, 0.163301]"
2743,91.43333333333334,00:01:31.43,1,,"[0.580636, 0.570595, 0.0819081, 0.163559]"
2744,91.46666666666667,00:01:31.46,1,,"[0.580626, 0.570447, 0.0817407, 0.163833]"
2745,91.5,00:01:31.50,1,,"[0.581225, 0.57074, 0.080191, 0.163543]"
2746,91.53333333333333,00:01:31.53,1,,"[0.581494, 0.570853, 0.0792534, 0.163663]"
2747,91.56666666666666,00:01:31.56,1,,"[0.582748, 0.57172, 0.0775993, 0.16265]"
2748,91.6,00:01:31.59,1,,"[0.583594, 0.572219, 0.0757635, 0.160932]"
2749,91.63333333333334,00:01:31.63,1,,"[0.58349, 0.572776, 0.0759668, 0.159767]"
2750,91.66666666666667,00:01:31.66,1,,"[0.583517, 0.573484, 0.0758964, 0.159828]"
2751,91.7,00:01:31.70,1,,"[0.582976, 0.573487, 0.0765783, 0.160458]"
2752,91.73333333333333,00:01:31.73,1,,"[0.582709, 0.573923, 0.0770248, 0.160316]"
2753,91.76666666666667,00:01:31.76,1,,"[0.582184, 0.573881, 0.0778417, 0.159888]"
2754,91.8,00:01:31.79,1,,"[0.581026, 0.573206, 0.0801436, 0.160936]"
2755,91.83333333333333,00:01:31.83,1,,"[0.580576, 0.573302, 0.0809094, 0.160398]"
2756,91.86666666666666,00:01:31.86,1,,"[0.580292, 0.573599, 0.0815633, 0.159404]"
2757,91.9,00:01:31.90,1,,"[0.580035, 0.573507, 0.0815983, 0.159647]"
2758,91.93333333333334,00:01:31.93,1,,"[0.579808, 0.573309, 0.0820679, 0.160121]"
2759,91.96666666666667,00:01:31.96,1,,"[0.579795, 0.573278, 0.0818001, 0.160806]"
2760,92.0,00:01:32.00,1,,"[0.579792, 0.572777, 0.0820953, 0.162048]"
2761,92.03333333333333,00:01:32.03,1,,"[0.57974, 0.572601, 0.0822062, 0.161751]"
2762,92.06666666666666,00:01:32.06,1,,"[0.579631, 0.572628, 0.0820452, 0.161534]"
2763,92.1,00:01:32.09,1,,"[0.579596, 0.572573, 0.0817044, 0.161506]"
2764,92.13333333333334,00:01:32.13,1,,"[0.57965, 0.572632, 0.0816837, 0.161555]"
2765,92.16666666666667,00:01:32.16,1,,"[0.579416, 0.572514, 0.0814995, 0.161652]"
2766,92.2,00:01:32.20,1,,"[0.579346, 0.57264, 0.0813708, 0.161713]"
2767,92.23333333333333,00:01:32.23,1,,"[0.57936, 0.572477, 0.0808741, 0.161894]"
2768,92.26666666666667,00:01:32.26,1,,"[0.579279, 0.572461, 0.0807934, 0.162079]"
2769,92.3,00:01:32.29,1,,"[0.57931, 0.572548, 0.0807547, 0.16209]"
2770,92.33333333333333,00:01:32.33,1,,"[0.579229, 0.572561, 0.0816029, 0.162478]"
2771,92.36666666666666,00:01:32.36,1,,"[0.578162, 0.572995, 0.082619, 0.161323]"
2772,92.4,00:01:32.40,1,,"[0.577916, 0.574461, 0.0821331, 0.15831]"
2773,92.43333333333334,00:01:32.43,1,,"[0.577777, 0.576183, 0.0849342, 0.155528]"
2774,92.46666666666667,00:01:32.46,1,,"[0.577436, 0.576334, 0.0856677, 0.155097]"
2775,92.5,00:01:32.50,1,,"[0.576985, 0.576355, 0.0864792, 0.154708]"
2776,92.53333333333333,00:01:32.53,1,,"[0.576495, 0.576571, 0.0858383, 0.153287]"
2777,92.56666666666666,00:01:32.56,1,,"[0.576506, 0.576953, 0.086887, 0.153087]"
2778,92.6,00:01:32.59,1,,"[0.575569, 0.576688, 0.0874363, 0.152706]"
2779,92.63333333333334,00:01:32.63,1,,"[0.575583, 0.577449, 0.089036, 0.152447]"
2780,92.66666666666667,00:01:32.66,1,,"[0.575018, 0.576862, 0.0889812, 0.151176]"
2781,92.7,00:01:32.70,1,,"[0.574053, 0.578406, 0.0881637, 0.147983]"
2782,92.73333333333333,00:01:32.73,1,,"[0.574355, 0.57777, 0.0887951, 0.150259]"
2783,92.76666666666667,00:01:32.76,1,,"[0.573674, 0.579005, 0.0888724, 0.147438]"
2784,92.8,00:01:32.79,1,,"[0.572967, 0.579467, 0.0890803, 0.147607]"
2785,92.83333333333333,00:01:32.83,1,,"[0.573177, 0.57845, 0.0898862, 0.148079]"
2786,92.86666666666666,00:01:32.86,1,,"[0.572875, 0.579618, 0.0893109, 0.146646]"
2787,92.9,00:01:32.90,1,,"[0.573313, 0.578409, 0.0903168, 0.148268]"
2788,92.93333333333334,00:01:32.93,1,,"[0.573184, 0.579324, 0.0889619, 0.147617]"
2789,92.96666666666667,00:01:32.96,1,,"[0.57343, 0.57703, 0.0898859, 0.151502]"
2790,93.0,00:01:33.00,1,,"[0.574287, 0.577163, 0.0875849, 0.151526]"
2791,93.03333333333333,00:01:33.03,1,,"[0.57518, 0.576059, 0.0867684, 0.154025]"
2792,93.06666666666666,00:01:33.06,1,,"[0.575976, 0.576775, 0.0854115, 0.15351]"
2793,93.1,00:01:33.09,1,,"[0.575917, 0.576659, 0.0863604, 0.154186]"
2794,93.13333333333334,00:01:33.13,1,,"[0.574598, 0.577159, 0.0855587, 0.152539]"
2795,93.16666666666667,00:01:33.16,1,,"[0.572143, 0.580234, 0.0895424, 0.147187]"
2796,93.2,00:01:33.20,1,,"[0.570387, 0.582798, 0.0899036, 0.143175]"
2797,93.23333333333333,00:01:33.23,1,,"[0.56945, 0.58513, 0.0921725, 0.140812]"
2798,93.26666666666667,00:01:33.26,1,,"[0.568137, 0.586877, 0.095183, 0.137014]"
2799,93.3,00:01:33.29,1,,"[0.568244, 0.587615, 0.0946315, 0.135806]"
2800,93.33333333333333,00:01:33.33,1,,"[0.567185, 0.588272, 0.0940945, 0.134531]"
2801,93.36666666666666,00:01:33.36,1,,"[0.566946, 0.588804, 0.0947387, 0.133374]"
2802,93.4,00:01:33.40,1,,"[0.566724, 0.589049, 0.0949128, 0.133296]"
2803,93.43333333333334,00:01:33.43,1,,"[0.566613, 0.589054, 0.0945721, 0.132841]"
2804,93.46666666666667,00:01:33.46,1,,"[0.565942, 0.588182, 0.0925638, 0.131945]"
2805,93.5,00:01:33.50,1,,"[0.566335, 0.588372, 0.093347, 0.13275]"
2806,93.53333333333333,00:01:33.53,1,,"[0.566299, 0.588788, 0.0940855, 0.132345]"
2807,93.56666666666666,00:01:33.56,1,,"[0.566393, 0.589131, 0.0933318, 0.130516]"
2808,93.6,00:01:33.59,1,,"[0.566244, 0.589603, 0.0931822, 0.131083]"
2809,93.63333333333334,00:01:33.63,1,,"[0.566334, 0.589073, 0.0937628, 0.132496]"
2810,93.66666666666667,00:01:33.66,1,,"[0.566056, 0.589582, 0.0918518, 0.131932]"
2811,93.7,00:01:33.70,1,,"[0.565876, 0.589361, 0.0922654, 0.13221]"
2812,93.73333333333333,00:01:33.73,1,,"[0.566129, 0.58948, 0.0930538, 0.131941]"
2813,93.76666666666667,00:01:33.76,1,,"[0.565814, 0.587215, 0.0933947, 0.136352]"
2814,93.8,00:01:33.79,1,,"[0.567562, 0.584063, 0.0938473, 0.144002]"
2815,93.83333333333333,00:01:33.83,1,,"[0.569108, 0.581183, 0.0899759, 0.149429]"
2816,93.86666666666666,00:01:33.86,1,,"[0.570834, 0.580385, 0.0884632, 0.14803]"
2817,93.9,00:01:33.90,1,,"[0.570735, 0.580634, 0.0894592, 0.148364]"
2818,93.93333333333334,00:01:33.93,1,,"[0.570867, 0.582084, 0.0897823, 0.14591]"
2819,93.96666666666667,00:01:33.96,1,,"[0.570844, 0.582847, 0.0897066, 0.143785]"
2820,94.0,00:01:34.00,1,,"[0.570804, 0.584379, 0.0897866, 0.141162]"
2821,94.03333333333333,00:01:34.03,1,,"[0.570216, 0.583388, 0.0902035, 0.142376]"
2822,94.06666666666666,00:01:34.06,1,,"[0.569688, 0.583468, 0.0914756, 0.141379]"
2823,94.1,00:01:34.09,1,,"[0.568909, 0.583867, 0.0921801, 0.140802]"
2824,94.13333333333334,00:01:34.13,1,,"[0.568298, 0.584729, 0.0929961, 0.140209]"
2825,94.16666666666667,00:01:34.16,1,,"[0.567846, 0.585185, 0.0945412, 0.139014]"
2826,94.2,00:01:34.20,1,,"[0.567201, 0.585904, 0.0951024, 0.137252]"
2827,94.23333333333333,00:01:34.23,1,,"[0.566708, 0.587113, 0.0949247, 0.134577]"
2828,94.26666666666667,00:01:34.26,1,,"[0.566782, 0.58721, 0.0973724, 0.134213]"
2829,94.3,00:01:34.29,1,,"[0.565768, 0.587493, 0.0990777, 0.132866]"
2830,94.33333333333333,00:01:34.33,1,,"[0.565911, 0.587181, 0.0992023, 0.134598]"
2831,94.36666666666666,00:01:34.36,1,,"[0.565859, 0.586461, 0.100199, 0.136466]"
2832,94.4,00:01:34.40,1,,"[0.565423, 0.586435, 0.101989, 0.135937]"
2833,94.43333333333334,00:01:34.43,1,,"[0.565397, 0.586533, 0.10224, 0.135905]"
2834,94.46666666666667,00:01:34.46,1,,"[0.565112, 0.586767, 0.10316, 0.134452]"
2835,94.5,00:01:34.50,1,,"[0.564859, 0.586629, 0.103172, 0.134597]"
2836,94.53333333333333,00:01:34.53,1,,"[0.565062, 0.587857, 0.102123, 0.130988]"
2837,94.56666666666666,00:01:34.56,1,,"[0.565487, 0.587828, 0.102654, 0.132037]"
2838,94.6,00:01:34.59,1,,"[0.566258, 0.589469, 0.102074, 0.128799]"
2839,94.63333333333334,00:01:34.63,1,,"[0.566837, 0.591039, 0.10167, 0.124283]"
2840,94.66666666666667,00:01:34.66,1,,"[0.566754, 0.592382, 0.101984, 0.122045]"
2841,94.7,00:01:34.70,1,,"[0.5658, 0.593197, 0.104997, 0.120702]"
2842,94.73333333333333,00:01:34.73,1,,"[0.565214, 0.594389, 0.106503, 0.119002]"
2843,94.76666666666667,00:01:34.76,1,,"[0.564826, 0.594871, 0.10682, 0.117975]"
2844,94.8,00:01:34.79,1,,"[0.564474, 0.595044, 0.106619, 0.118172]"
2845,94.83333333333333,00:01:34.83,1,,"[0.564514, 0.595819, 0.106749, 0.116527]"
2846,94.86666666666666,00:01:34.86,1,,"[0.564589, 0.59376, 0.107222, 0.120812]"
2847,94.9,00:01:34.90,1,,"[0.564205, 0.592402, 0.106237, 0.122041]"
2848,94.93333333333334,00:01:34.93,1,,"[0.56539, 0.593557, 0.106787, 0.119908]"
2849,94.96666666666667,00:01:34.96,1,,"[0.565113, 0.592907, 0.107989, 0.121097]"
2850,95.0,00:01:35.00,1,,"[0.564266, 0.594857, 0.108229, 0.117329]"
2851,95.03333333333333,00:01:35.03,1,,"[0.564153, 0.596823, 0.106375, 0.114278]"
2852,95.06666666666666,00:01:35.06,1,,"[0.563534, 0.598441, 0.108153, 0.112763]"
2853,95.1,00:01:35.09,1,,"[0.562316, 0.598439, 0.105235, 0.11274]"
2854,95.13333333333334,00:01:35.13,1,,"[0.561757, 0.59785, 0.108091, 0.114157]"
2855,95.16666666666667,00:01:35.16,1,,"[0.561534, 0.59778, 0.107957, 0.114192]"
2856,95.2,00:01:35.20,1,,"[0.560847, 0.598142, 0.108599, 0.113235]"
2857,95.23333333333333,00:01:35.23,1,,"[0.560713, 0.598525, 0.109492, 0.112701]"
2858,95.26666666666667,00:01:35.26,1,,"[0.560608, 0.598512, 0.109609, 0.112671]"
2859,95.3,00:01:35.29,1,,"[0.560329, 0.598374, 0.109787, 0.112544]"
2860,95.33333333333333,00:01:35.33,1,,"[0.560835, 0.598387, 0.108571, 0.112807]"
2861,95.36666666666666,00:01:35.36,1,,"[0.560969, 0.598476, 0.108806, 0.112994]"
2862,95.4,00:01:35.40,1,,"[0.561096, 0.598247, 0.109066, 0.113266]"
2863,95.43333333333334,00:01:35.43,1,,"[0.561075, 0.598186, 0.108917, 0.113234]"
2864,95.46666666666667,00:01:35.46,1,,"[0.560954, 0.598391, 0.109777, 0.112387]"
2865,95.5,00:01:35.50,1,,"[0.560993, 0.598665, 0.109929, 0.111722]"
2866,95.53333333333333,00:01:35.53,1,,"[0.561053, 0.598534, 0.109907, 0.111646]"
2867,95.56666666666666,00:01:35.56,1,,"[0.561036, 0.598368, 0.109749, 0.111934]"
2868,95.6,00:01:35.59,1,,"[0.560769, 0.598088, 0.109123, 0.112379]"
2869,95.63333333333334,00:01:35.63,1,,"[0.561186, 0.597812, 0.109766, 0.113225]"
2870,95.66666666666667,00:01:35.66,1,,"[0.56131, 0.597611, 0.109418, 0.113522]"
2871,95.7,00:01:35.70,1,,"[0.561296, 0.597665, 0.109444, 0.11343]"
2872,95.73333333333333,00:01:35.73,1,,"[0.561139, 0.59748, 0.109426, 0.113952]"
2873,95.76666666666667,00:01:35.76,1,,"[0.561378, 0.597919, 0.1086, 0.114035]"
2874,95.8,00:01:35.79,1,,"[0.56195, 0.598069, 0.107347, 0.114026]"
2875,95.83333333333333,00:01:35.83,1,,"[0.562658, 0.598399, 0.106884, 0.114409]"
2876,95.86666666666666,00:01:35.86,1,,"[0.562337, 0.597802, 0.107411, 0.115074]"
2877,95.9,00:01:35.90,1,,"[0.562523, 0.598008, 0.106864, 0.115417]"
2878,95.93333333333334,00:01:35.93,1,,"[0.562613, 0.597989, 0.107205, 0.115399]"
2879,95.96666666666667,00:01:35.96,1,,"[0.562715, 0.598149, 0.106506, 0.114822]"
2880,96.0,00:01:36.00,1,,"[0.562453, 0.597671, 0.107674, 0.115775]"
2881,96.03333333333333,00:01:36.03,1,,"[0.562279, 0.597578, 0.108355, 0.115677]"
2882,96.06666666666666,00:01:36.06,1,,"[0.562254, 0.597433, 0.108832, 0.115666]"
2883,96.1,00:01:36.09,1,,"[0.562124, 0.596955, 0.108964, 0.117087]"
2884,96.13333333333334,00:01:36.13,1,,"[0.562075, 0.596904, 0.109162, 0.117042]"
2885,96.16666666666667,00:01:36.16,1,,"[0.562055, 0.596825, 0.109004, 0.116915]"
2886,96.2,00:01:36.20,1,,"[0.56225, 0.596707, 0.10843, 0.117182]"
2887,96.23333333333333,00:01:36.23,1,,"[0.562703, 0.597066, 0.107315, 0.116958]"
2888,96.26666666666667,00:01:36.26,1,,"[0.56255, 0.596732, 0.107681, 0.117296]"
2889,96.3,00:01:36.29,1,,"[0.56279, 0.59665, 0.107355, 0.117697]"
2890,96.33333333333333,00:01:36.33,1,,"[0.562807, 0.596704, 0.107632, 0.117679]"
2891,96.36666666666666,00:01:36.36,1,,"[0.563024, 0.596677, 0.107628, 0.117642]"
2892,96.4,00:01:36.40,1,,"[0.563014, 0.596714, 0.107536, 0.11756]"
2893,96.43333333333334,00:01:36.43,1,,"[0.562953, 0.596536, 0.107628, 0.117755]"
2894,96.46666666666667,00:01:36.46,1,,"[0.563008, 0.596591, 0.107744, 0.117253]"
2895,96.5,00:01:36.50,1,,"[0.563037, 0.596467, 0.107879, 0.117926]"
2896,96.53333333333333,00:01:36.53,1,,"[0.56296, 0.596489, 0.107712, 0.117541]"
2897,96.56666666666666,00:01:36.56,1,,"[0.56294, 0.596305, 0.107956, 0.11748]"
2898,96.6,00:01:36.59,1,,"[0.562946, 0.596251, 0.107554, 0.117187]"
2899,96.63333333333334,00:01:36.63,1,,"[0.562939, 0.596293, 0.107498, 0.116787]"
2900,96.66666666666667,00:01:36.66,1,,"[0.562951, 0.596325, 0.107309, 0.116875]"
2901,96.7,00:01:36.70,1,,"[0.562898, 0.596487, 0.107097, 0.116367]"
2902,96.73333333333333,00:01:36.73,1,,"[0.562904, 0.596429, 0.107102, 0.11649]"
2903,96.76666666666667,00:01:36.76,1,,"[0.562749, 0.59644, 0.107278, 0.116329]"
2904,96.8,00:01:36.79,1,,"[0.562733, 0.596334, 0.108025, 0.116418]"
2905,96.83333333333333,00:01:36.83,1,,"[0.562758, 0.596499, 0.107829, 0.116745]"
2906,96.86666666666666,00:01:36.86,1,,"[0.562755, 0.596559, 0.107981, 0.11679]"
2907,96.9,00:01:36.90,1,,"[0.562743, 0.59639, 0.107919, 0.116847]"
2908,96.93333333333334,00:01:36.93,1,,"[0.563764, 0.597863, 0.107716, 0.114154]"
2909,96.96666666666667,00:01:36.96,1,,"[0.563006, 0.596939, 0.106862, 0.115995]"
2910,97.0,00:01:37.00,1,,"[0.564106, 0.598439, 0.107323, 0.113018]"
2911,97.03333333333333,00:01:37.03,1,,"[0.563951, 0.598368, 0.107412, 0.112775]"
2912,97.06666666666666,00:01:37.06,1,,"[0.563779, 0.598526, 0.10802, 0.112897]"
2913,97.1,00:01:37.09,1,,"[0.563993, 0.598663, 0.109082, 0.113529]"
2914,97.13333333333334,00:01:37.13,1,,"[0.564178, 0.598813, 0.109123, 0.112819]"
2915,97.16666666666667,00:01:37.16,1,,"[0.562895, 0.597216, 0.108096, 0.115381]"
2916,97.2,00:01:37.20,1,,"[0.562923, 0.597505, 0.108254, 0.115047]"
2917,97.23333333333333,00:01:37.23,1,,"[0.562817, 0.597794, 0.108459, 0.114386]"
2918,97.26666666666667,00:01:37.26,1,,"[0.56269, 0.597702, 0.108321, 0.114405]"
2919,97.3,00:01:37.29,1,,"[0.563013, 0.598119, 0.107738, 0.113588]"
2920,97.33333333333333,00:01:37.33,1,,"[0.5631, 0.597949, 0.10689, 0.11319]"
2921,97.36666666666666,00:01:37.36,1,,"[0.563008, 0.597935, 0.107665, 0.113741]"
2922,97.4,00:01:37.40,1,,"[0.562985, 0.598196, 0.106993, 0.113273]"
2923,97.43333333333334,00:01:37.43,1,,"[0.563029, 0.598079, 0.106469, 0.113426]"
2924,97.46666666666667,00:01:37.46,1,,"[0.562712, 0.59795, 0.106764, 0.113327]"
2925,97.5,00:01:37.50,1,,"[0.562743, 0.597926, 0.106452, 0.113275]"
2926,97.53333333333333,00:01:37.53,1,,"[0.562802, 0.59803, 0.106783, 0.11259]"
2927,97.56666666666666,00:01:37.56,1,,"[0.562612, 0.598195, 0.106945, 0.112426]"
2928,97.6,00:01:37.59,1,,"[0.562478, 0.597847, 0.106665, 0.112777]"
2929,97.63333333333334,00:01:37.63,1,,"[0.562527, 0.598032, 0.10637, 0.112739]"
2930,97.66666666666667,00:01:37.66,1,,"[0.5626, 0.598341, 0.106939, 0.112353]"
2931,97.7,00:01:37.70,1,,"[0.562317, 0.597782, 0.106759, 0.112749]"
2932,97.73333333333333,00:01:37.73,1,,"[0.561826, 0.597538, 0.107733, 0.113301]"
2933,97.76666666666667,00:01:37.76,1,,"[0.56204, 0.597688, 0.107514, 0.11364]"
2934,97.8,00:01:37.79,1,,"[0.561955, 0.597756, 0.107491, 0.113541]"
2935,97.83333333333333,00:01:37.83,1,,"[0.561934, 0.597688, 0.10805, 0.113925]"
2936,97.86666666666666,00:01:37.86,1,,"[0.561832, 0.597589, 0.10797, 0.113172]"
2937,97.9,00:01:37.90,1,,"[0.561803, 0.59773, 0.107994, 0.113182]"
2938,97.93333333333334,00:01:37.93,1,,"[0.561735, 0.598107, 0.10785, 0.112386]"
2939,97.96666666666667,00:01:37.96,1,,"[0.561837, 0.598291, 0.107512, 0.111828]"
2940,98.0,00:01:38.00,1,,"[0.561856, 0.598262, 0.10778, 0.111904]"
2941,98.03333333333333,00:01:38.03,1,,"[0.561903, 0.598558, 0.10779, 0.111387]"
2942,98.06666666666666,00:01:38.06,1,,"[0.562097, 0.598987, 0.107407, 0.110736]"
2943,98.1,00:01:38.09,1,,"[0.562011, 0.599169, 0.108503, 0.110801]"
2944,98.13333333333334,00:01:38.13,1,,"[0.561893, 0.599786, 0.108305, 0.109869]"
2945,98.16666666666667,00:01:38.16,1,,"[0.561979, 0.599865, 0.108746, 0.109704]"
2946,98.2,00:01:38.20,1,,"[0.561787, 0.599934, 0.108951, 0.109424]"
2947,98.23333333333333,00:01:38.23,1,,"[0.561276, 0.599639, 0.10957, 0.109874]"
2948,98.26666666666667,00:01:38.26,1,,"[0.561209, 0.599598, 0.109856, 0.110117]"
2949,98.3,00:01:38.29,1,,"[0.561332, 0.599804, 0.109647, 0.109803]"
2950,98.33333333333333,00:01:38.33,1,,"[0.5615, 0.600029, 0.109096, 0.10926]"
2951,98.36666666666666,00:01:38.36,1,,"[0.561374, 0.600032, 0.108466, 0.108493]"
2952,98.4,00:01:38.40,1,,"[0.561976, 0.600716, 0.11059, 0.107853]"
2953,98.43333333333334,00:01:38.43,1,,"[0.562088, 0.601079, 0.110459, 0.107114]"
2954,98.46666666666667,00:01:38.46,1,,"[0.562114, 0.601067, 0.110728, 0.107477]"
2955,98.5,00:01:38.50,1,,"[0.562088, 0.601129, 0.110764, 0.107141]"
2956,98.53333333333333,00:01:38.53,1,,"[0.562085, 0.601176, 0.110353, 0.106991]"
2957,98.56666666666666,00:01:38.56,1,,"[0.562182, 0.601253, 0.110517, 0.10664]"
2958,98.6,00:01:38.59,1,,"[0.562119, 0.601402, 0.110623, 0.106645]"
2959,98.63333333333334,00:01:38.63,1,,"[0.561582, 0.600797, 0.10931, 0.107141]"
2960,98.66666666666667,00:01:38.66,1,,"[0.561671, 0.600934, 0.108829, 0.10741]"
2961,98.7,00:01:38.70,1,,"[0.562405, 0.600781, 0.108243, 0.107477]"
2962,98.73333333333333,00:01:38.73,1,,"[0.562464, 0.600368, 0.108137, 0.108771]"
2963,98.76666666666667,00:01:38.76,1,,"[0.562428, 0.599981, 0.107656, 0.110724]"
2964,98.8,00:01:38.79,1,,"[0.563255, 0.597805, 0.105981, 0.113912]"
2965,98.83333333333333,00:01:38.83,1,,"[0.563956, 0.593543, 0.106615, 0.122259]"
2966,98.86666666666666,00:01:38.86,1,,"[0.5637, 0.591906, 0.108473, 0.124827]"
2967,98.9,00:01:38.90,1,,"[0.562568, 0.589391, 0.109735, 0.127212]"
2968,98.93333333333334,00:01:38.93,1,,"[0.562722, 0.587991, 0.10979, 0.131023]"
2969,98.96666666666667,00:01:38.96,1,,"[0.562872, 0.582871, 0.107445, 0.139156]"
2970,99.0,00:01:39.00,1,,"[0.563278, 0.576617, 0.104315, 0.149402]"
2971,99.03333333333333,00:01:39.03,1,,"[0.565229, 0.574965, 0.102027, 0.151027]"
2972,99.06666666666666,00:01:39.06,1,,"[0.566485, 0.575519, 0.100758, 0.150311]"
2973,99.1,00:01:39.09,1,,"[0.567671, 0.574771, 0.0991676, 0.151826]"
2974,99.13333333333334,00:01:39.13,1,,"[0.568304, 0.574851, 0.097835, 0.152089]"
2975,99.16666666666667,00:01:39.16,1,,"[0.568486, 0.575097, 0.0971904, 0.150804]"
2976,99.2,00:01:39.20,1,,"[0.568974, 0.574933, 0.0961227, 0.151224]"
2977,99.23333333333333,00:01:39.23,1,,"[0.569358, 0.575466, 0.0956411, 0.150882]"
2978,99.26666666666667,00:01:39.26,1,,"[0.569346, 0.57531, 0.0954392, 0.150616]"
2979,99.3,00:01:39.29,1,,"[0.569624, 0.575272, 0.0951452, 0.150652]"
2980,99.33333333333333,00:01:39.33,1,,"[0.569778, 0.57508, 0.0943891, 0.150754]"
2981,99.36666666666666,00:01:39.36,1,,"[0.570906, 0.575762, 0.0935043, 0.150721]"
2982,99.4,00:01:39.40,1,,"[0.571519, 0.575808, 0.0937289, 0.151591]"
2983,99.43333333333334,00:01:39.43,1,,"[0.571729, 0.576822, 0.0937189, 0.15083]"
2984,99.46666666666667,00:01:39.46,1,,"[0.5723, 0.57761, 0.0934568, 0.149741]"
2985,99.5,00:01:39.50,1,,"[0.572712, 0.578134, 0.0921507, 0.147938]"
2986,99.53333333333333,00:01:39.53,1,,"[0.573012, 0.579184, 0.0923305, 0.147222]"
2987,99.56666666666666,00:01:39.56,1,,"[0.572876, 0.579649, 0.0919992, 0.146788]"
2988,99.6,00:01:39.59,1,,"[0.57255, 0.579384, 0.092495, 0.147041]"
2989,99.63333333333334,00:01:39.63,1,,"[0.572687, 0.57935, 0.0919883, 0.147512]"
2990,99.66666666666667,00:01:39.66,1,,"[0.572915, 0.578707, 0.0920135, 0.147355]"
2991,99.7,00:01:39.70,1,,"[0.572945, 0.577006, 0.0918944, 0.149476]"
2992,99.73333333333333,00:01:39.73,1,,"[0.574228, 0.575824, 0.0908048, 0.152369]"
2993,99.76666666666667,00:01:39.76,1,,"[0.574971, 0.576224, 0.0888117, 0.151205]"
2994,99.8,00:01:39.79,1,,"[0.575838, 0.575536, 0.0892398, 0.154464]"
2995,99.83333333333333,00:01:39.83,1,,"[0.576406, 0.576049, 0.0883644, 0.153236]"
2996,99.86666666666666,00:01:39.86,1,,"[0.576357, 0.577004, 0.0884968, 0.151784]"
2997,99.9,00:01:39.90,1,,"[0.576486, 0.576992, 0.0883191, 0.151703]"
2998,99.93333333333334,00:01:39.93,1,,"[0.57659, 0.577426, 0.0881324, 0.150456]"
2999,99.96666666666667,00:01:39.96,1,,"[0.576838, 0.578122, 0.0882256, 0.149462]"
3000,100.0,00:01:40.00,1,,"[0.576614, 0.578073, 0.0882765, 0.149692]"
3001,100.03333333333333,00:01:40.03,1,,"[0.576009, 0.577633, 0.0892126, 0.150048]"
3002,100.06666666666666,00:01:40.06,1,,"[0.575091, 0.577732, 0.0892334, 0.147895]"
3003,100.1,00:01:40.09,1,,"[0.573123, 0.57849, 0.0925391, 0.146119]"
3004,100.13333333333334,00:01:40.13,1,,"[0.570892, 0.581551, 0.0971409, 0.141984]"
3005,100.16666666666667,00:01:40.16,1,,"[0.568566, 0.583943, 0.0984073, 0.137385]"
3006,100.2,00:01:40.20,1,,"[0.566802, 0.585529, 0.101731, 0.135544]"
3007,100.23333333333333,00:01:40.23,1,,"[0.566971, 0.585762, 0.102094, 0.135845]"
3008,100.26666666666667,00:01:40.26,1,,"[0.568195, 0.582455, 0.100904, 0.140797]"
3009,100.3,00:01:40.29,1,,"[0.568729, 0.578392, 0.0996828, 0.148789]"
3010,100.33333333333333,00:01:40.33,1,,"[0.57, 0.574659, 0.0962765, 0.154641]"
3011,100.36666666666666,00:01:40.36,1,,"[0.571435, 0.572416, 0.0945095, 0.160025]"
3012,100.4,00:01:40.40,1,,"[0.573131, 0.571759, 0.0915467, 0.162333]"
3013,100.43333333333334,00:01:40.43,1,,"[0.574352, 0.571464, 0.0907397, 0.163914]"
3014,100.46666666666667,00:01:40.46,1,,"[0.574519, 0.57218, 0.0903434, 0.163221]"
3015,100.5,00:01:40.50,1,,"[0.574226, 0.571896, 0.0907229, 0.162737]"
3016,100.53333333333333,00:01:40.53,1,,"[0.57382, 0.571881, 0.0913811, 0.163286]"
3017,100.56666666666666,00:01:40.56,1,,"[0.573668, 0.571808, 0.0916026, 0.162907]"
3018,100.6,00:01:40.59,1,,"[0.573451, 0.5718, 0.0917563, 0.162582]"
3019,100.63333333333334,00:01:40.63,1,,"[0.573529, 0.571516, 0.0914571, 0.162358]"
3020,100.66666666666667,00:01:40.66,1,,"[0.573077, 0.571165, 0.091033, 0.16057]"
3021,100.7,00:01:40.70,1,,"[0.572509, 0.571545, 0.0917722, 0.158799]"
3022,100.73333333333333,00:01:40.73,1,,"[0.572532, 0.572597, 0.0926207, 0.157569]"
3023,100.76666666666667,00:01:40.76,1,,"[0.571175, 0.574964, 0.0956353, 0.153249]"
3024,100.8,00:01:40.79,1,,"[0.569695, 0.575056, 0.0973299, 0.15203]"
3025,100.83333333333333,00:01:40.83,1,,"[0.569133, 0.576621, 0.0980638, 0.149239]"
3026,100.86666666666666,00:01:40.86,1,,"[0.568665, 0.57658, 0.0981632, 0.149526]"
3027,100.9,00:01:40.90,1,,"[0.568929, 0.576743, 0.0985224, 0.149845]"
3028,100.93333333333334,00:01:40.93,1,,"[0.568737, 0.575889, 0.0984736, 0.150052]"
3029,100.96666666666667,00:01:40.96,1,,"[0.568775, 0.575754, 0.0997786, 0.15105]"
3030,101.0,00:01:41.00,1,,"[0.568556, 0.576311, 0.100978, 0.150081]"
3031,101.03333333333333,00:01:41.03,1,,"[0.568779, 0.577239, 0.100513, 0.14797]"
3032,101.06666666666666,00:01:41.06,1,,"[0.56899, 0.578674, 0.100014, 0.14589]"
3033,101.1,00:01:41.09,1,,"[0.568589, 0.579003, 0.10059, 0.145072]"
3034,101.13333333333334,00:01:41.13,1,,"[0.568349, 0.57984, 0.100708, 0.142639]"
3035,101.16666666666667,00:01:41.16,1,,"[0.568425, 0.580736, 0.100965, 0.141542]"
3036,101.2,00:01:41.20,1,,"[0.56741, 0.582081, 0.102841, 0.139539]"
3037,101.23333333333333,00:01:41.23,1,,"[0.567037, 0.584372, 0.103599, 0.135794]"
3038,101.26666666666667,00:01:41.26,1,,"[0.566467, 0.586306, 0.10377, 0.132004]"
3039,101.3,00:01:41.29,1,,"[0.565929, 0.588165, 0.104759, 0.128189]"
3040,101.33333333333333,00:01:41.33,1,,"[0.565203, 0.588575, 0.106732, 0.126804]"
3041,101.36666666666666,00:01:41.36,1,,"[0.564724, 0.589307, 0.107722, 0.125928]"
3042,101.4,00:01:41.40,1,,"[0.563859, 0.590865, 0.109302, 0.124159]"
3043,101.43333333333334,00:01:41.43,1,,"[0.56336, 0.592612, 0.111034, 0.12136]"
3044,101.46666666666667,00:01:41.46,1,,"[0.562646, 0.597103, 0.111588, 0.112576]"
3045,101.5,00:01:41.50,1,,"[0.560603, 0.598802, 0.110612, 0.109736]"
3046,101.53333333333333,00:01:41.53,1,,"[0.560749, 0.599511, 0.112973, 0.10728]"
3047,101.56666666666666,00:01:41.56,1,,"[0.560153, 0.600438, 0.114597, 0.105127]"
3048,101.6,00:01:41.59,1,,"[0.560545, 0.601084, 0.11371, 0.103497]"
3049,101.63333333333334,00:01:41.63,1,,"[0.559437, 0.602667, 0.115599, 0.100216]"
3050,101.66666666666667,00:01:41.66,1,,"[0.559708, 0.604241, 0.115116, 0.097683]"
3051,101.7,00:01:41.70,1,,"[0.559495, 0.605068, 0.116336, 0.0970017]"
3052,101.73333333333333,00:01:41.73,1,,"[0.559133, 0.607325, 0.117999, 0.0935302]"
3053,101.76666666666667,00:01:41.76,1,,"[0.559015, 0.608106, 0.118702, 0.0931487]"
3054,101.8,00:01:41.79,1,,"[0.558978, 0.608323, 0.119031, 0.0928162]"
3055,101.83333333333333,00:01:41.83,1,,"[0.559066, 0.608536, 0.11913, 0.0923945]"
3056,101.86666666666666,00:01:41.86,1,,"[0.559105, 0.609489, 0.119106, 0.090801]"
3059,101.96666666666667,00:01:41.96,1,,"[0.556272, 0.607926, 0.123384, 0.0937564]"
3060,102.0,00:01:42.00,1,,"[0.55672, 0.605243, 0.122396, 0.0975399]"
3061,102.03333333333333,00:01:42.03,1,,"[0.5568, 0.603566, 0.119569, 0.101399]"
3062,102.06666666666666,00:01:42.06,1,,"[0.558348, 0.602403, 0.117494, 0.104828]"
3063,102.1,00:01:42.09,1,,"[0.559995, 0.599604, 0.113769, 0.110584]"
3064,102.13333333333334,00:01:42.13,1,,"[0.560195, 0.597111, 0.113318, 0.111725]"
3065,102.16666666666667,00:01:42.16,1,,"[0.561651, 0.595428, 0.110953, 0.115968]"
3066,102.2,00:01:42.20,1,,"[0.560861, 0.593588, 0.111435, 0.120111]"
3067,102.23333333333333,00:01:42.23,1,,"[0.561934, 0.593844, 0.113971, 0.121993]"
3068,102.26666666666667,00:01:42.26,1,,"[0.560324, 0.592123, 0.112415, 0.12329]"
3069,102.3,00:01:42.29,1,,"[0.559413, 0.591112, 0.114033, 0.124958]"
3070,102.33333333333333,00:01:42.33,1,,"[0.559739, 0.589631, 0.113594, 0.127685]"
3071,102.36666666666666,00:01:42.36,1,,"[0.558622, 0.589326, 0.117149, 0.128821]"
3072,102.4,00:01:42.40,1,,"[0.554787, 0.58356, 0.122982, 0.129493]"
3073,102.43333333333334,00:01:42.43,1,,"[0.549692, 0.577459, 0.129811, 0.13958]"
3074,102.46666666666667,00:01:42.46,1,,"[0.546389, 0.567582, 0.134332, 0.150114]"
3076,102.53333333333333,00:01:42.53,1,,"[0.529366, 0.537495, 0.144312, 0.13718]"
3077,102.56666666666666,00:01:42.56,1,,"[0.521987, 0.525823, 0.134575, 0.122819]"
3078,102.6,00:01:42.59,1,,"[0.5164, 0.51582, 0.140366, 0.107375]"
3079,102.63333333333334,00:01:42.63,1,,"[0.513565, 0.512709, 0.145169, 0.104648]"
3337,111.23333333333333,00:01:51.23,1,,"[0.584187, 0.555931, 0.0704453, 0.19163]"
3339,111.3,00:01:51.29,1,,"[0.585745, 0.563698, 0.0704358, 0.1781]"
3349,111.63333333333334,00:01:51.63,1,,"[0.598565, 0.576, 0.0489304, 0.156826]"
3350,111.66666666666667,00:01:51.66,1,,"[0.600185, 0.578062, 0.0462641, 0.153818]"
3351,111.7,00:01:51.70,1,,"[0.601651, 0.579209, 0.0441659, 0.152949]"
3358,111.93333333333334,00:01:51.93,4,,"[0.598951, 0.583585, 0.0478597, 0.144208]"
3359,111.96666666666667,00:01:51.96,4,,"[0.598703, 0.584119, 0.0478985, 0.142919]"
3360,112.0,00:01:52.00,4,,"[0.598596, 0.583548, 0.0477308, 0.145608]"
3361,112.03333333333333,00:01:52.03,4,,"[0.598747, 0.585183, 0.0487851, 0.142024]"
3362,112.06666666666666,00:01:52.06,4,,"[0.598626, 0.582206, 0.0498016, 0.148791]"
3363,112.1,00:01:52.09,4,,"[0.597441, 0.573492, 0.0497879, 0.167046]"
3364,112.13333333333334,00:01:52.13,4,,"[0.598917, 0.584148, 0.0496648, 0.146679]"
3365,112.16666666666667,00:01:52.16,4,,"[0.598559, 0.586367, 0.0488996, 0.142806]"
3366,112.2,00:01:52.20,4,,"[0.598367, 0.588586, 0.0491781, 0.138702]"
3367,112.23333333333333,00:01:52.23,4,,"[0.595723, 0.577388, 0.0533123, 0.162035]"
3368,112.26666666666667,00:01:52.26,4,,"[0.595359, 0.577237, 0.0542433, 0.162411]"
3369,112.3,00:01:52.29,4,,"[0.59495, 0.576006, 0.0558764, 0.165084]"
3370,112.33333333333333,00:01:52.33,4,,"[0.594299, 0.574926, 0.0574318, 0.167728]"
3371,112.36666666666666,00:01:52.36,4,,"[0.594226, 0.573186, 0.0577354, 0.171264]"
3372,112.4,00:01:52.40,4,,"[0.593947, 0.573781, 0.0580406, 0.169965]"
3373,112.43333333333334,00:01:52.43,4,,"[0.593583, 0.572873, 0.0588807, 0.172333]"
3374,112.46666666666667,00:01:52.46,4,,"[0.594283, 0.57344, 0.0587671, 0.169992]"
3375,112.5,00:01:52.50,4,,"[0.593716, 0.572701, 0.0593197, 0.16961]"
3376,112.53333333333333,00:01:52.53,4,,"[0.593342, 0.570038, 0.0593617, 0.175089]"
3377,112.56666666666666,00:01:52.56,4,,"[0.593149, 0.569764, 0.0590136, 0.175852]"
3378,112.6,00:01:52.59,4,,"[0.594017, 0.571815, 0.0585744, 0.174198]"
3379,112.63333333333334,00:01:52.63,4,,"[0.593358, 0.569722, 0.0588402, 0.176482]"
3380,112.66666666666667,00:01:52.66,4,,"[0.593467, 0.570092, 0.0585838, 0.17544]"
3381,112.7,00:01:52.70,4,,"[0.595506, 0.578688, 0.0560925, 0.159642]"
3382,112.73333333333333,00:01:52.73,4,,"[0.592847, 0.574519, 0.060403, 0.166506]"
3383,112.76666666666667,00:01:52.76,4,,"[0.592156, 0.574931, 0.0608643, 0.165578]"
3384,112.8,00:01:52.79,4,,"[0.592083, 0.574762, 0.0611012, 0.167648]"
3385,112.83333333333333,00:01:52.83,4,,"[0.593075, 0.576998, 0.0590501, 0.163485]"
3386,112.86666666666666,00:01:52.86,4,,"[0.593938, 0.579386, 0.05849, 0.15857]"
3387,112.9,00:01:52.90,4,,"[0.595297, 0.585083, 0.0549713, 0.144732]"
3388,112.93333333333334,00:01:52.93,4,,"[0.595441, 0.584598, 0.0554679, 0.148325]"
3389,112.96666666666667,00:01:52.96,4,,"[0.59485, 0.580912, 0.0562991, 0.155371]"
3390,113.0,00:01:53.00,4,,"[0.596341, 0.58591, 0.0530338, 0.146217]"
3391,113.03333333333333,00:01:53.03,4,,"[0.595152, 0.580365, 0.0557886, 0.158289]"
3392,113.06666666666666,00:01:53.06,4,,"[0.594595, 0.579929, 0.0573483, 0.160874]"
3393,113.1,00:01:53.09,4,,"[0.594206, 0.582408, 0.0580044, 0.154692]"
3394,113.13333333333334,00:01:53.13,4,,"[0.595303, 0.586414, 0.05567, 0.146327]"
3395,113.16666666666667,00:01:53.16,4,,"[0.593224, 0.580389, 0.0600403, 0.15721]"
3396,113.2,00:01:53.20,4,,"[0.592375, 0.579746, 0.0616722, 0.157954]"
3397,113.23333333333333,00:01:53.23,4,,"[0.592774, 0.581765, 0.0610022, 0.155098]"
3398,113.26666666666667,00:01:53.26,4,,"[0.592812, 0.584359, 0.0613853, 0.15047]"
3399,113.3,00:01:53.29,4,,"[0.591706, 0.582773, 0.0632704, 0.151231]"
3400,113.33333333333333,00:01:53.33,4,,"[0.591812, 0.582643, 0.0633959, 0.153258]"
3401,113.36666666666666,00:01:53.36,4,,"[0.591963, 0.586264, 0.0630219, 0.148698]"
3402,113.4,00:01:53.40,4,,"[0.592484, 0.590459, 0.062333, 0.14001]"
3403,113.43333333333334,00:01:53.43,4,,"[0.591222, 0.588321, 0.0648498, 0.144051]"
3404,113.46666666666667,00:01:53.46,4,,"[0.590877, 0.585829, 0.0653362, 0.149001]"
3405,113.5,00:01:53.50,4,,"[0.591447, 0.586734, 0.0645596, 0.147603]"
3406,113.53333333333333,00:01:53.53,4,,"[0.591523, 0.5928, 0.0645427, 0.135854]"
3407,113.56666666666666,00:01:53.56,4,,"[0.592025, 0.593725, 0.0635357, 0.133749]"
3408,113.6,00:01:53.59,4,,"[0.59206, 0.597699, 0.0638733, 0.125969]"
3409,113.63333333333334,00:01:53.63,4,,"[0.591771, 0.598179, 0.0642574, 0.125572]"
3410,113.66666666666667,00:01:53.66,4,,"[0.593298, 0.602915, 0.0607788, 0.11549]"
3411,113.7,00:01:53.70,4,,"[0.592165, 0.599223, 0.0626389, 0.123352]"
3412,113.73333333333333,00:01:53.73,4,,"[0.589279, 0.593606, 0.068432, 0.135524]"
3413,113.76666666666667,00:01:53.76,4,,"[0.590391, 0.59633, 0.0661282, 0.130495]"
3414,113.8,00:01:53.79,4,,"[0.586453, 0.592142, 0.0750218, 0.138243]"
3415,113.83333333333333,00:01:53.83,4,,"[0.588248, 0.594611, 0.071506, 0.132872]"
3416,113.86666666666666,00:01:53.86,4,,"[0.588948, 0.596387, 0.0697388, 0.128994]"
3417,113.9,00:01:53.90,4,,"[0.587196, 0.594684, 0.0728532, 0.131595]"
3418,113.93333333333334,00:01:53.93,4,,"[0.586188, 0.592779, 0.074678, 0.134289]"
3419,113.96666666666667,00:01:53.96,4,,"[0.584143, 0.589459, 0.0788024, 0.140554]"
3420,114.0,00:01:54.00,4,,"[0.586825, 0.594254, 0.0730615, 0.130519]"
3421,114.03333333333333,00:01:54.03,4,,"[0.585227, 0.591143, 0.076314, 0.136352]"
3422,114.06666666666666,00:01:54.06,4,,"[0.584689, 0.591574, 0.0773708, 0.135252]"
3423,114.1,00:01:54.09,4,,"[0.585958, 0.593584, 0.073808, 0.128943]"
3424,114.13333333333334,00:01:54.13,4,,"[0.584239, 0.591144, 0.0774007, 0.133173]"
3425,114.16666666666667,00:01:54.16,4,,"[0.582656, 0.589934, 0.0803715, 0.134485]"
3426,114.2,00:01:54.20,4,,"[0.58407, 0.59444, 0.0763589, 0.126185]"
3427,114.23333333333333,00:01:54.23,4,,"[0.582264, 0.590945, 0.0801571, 0.132519]"
3428,114.26666666666667,00:01:54.26,4,,"[0.581322, 0.587765, 0.0820614, 0.137852]"
3429,114.3,00:01:54.29,4,,"[0.582247, 0.589609, 0.0805176, 0.1356]"
3430,114.33333333333333,00:01:54.33,4,,"[0.581757, 0.590648, 0.0818396, 0.133841]"
3431,114.36666666666666,00:01:54.36,4,,"[0.579782, 0.589617, 0.0856726, 0.136137]"
3432,114.4,00:01:54.40,4,,"[0.581885, 0.593377, 0.0809502, 0.130537]"
3433,114.43333333333334,00:01:54.43,4,,"[0.581481, 0.593548, 0.0822217, 0.130564]"
3434,114.46666666666667,00:01:54.46,4,,"[0.583351, 0.594799, 0.0780431, 0.12943]"
3435,114.5,00:01:54.50,4,,"[0.58182, 0.592029, 0.0810782, 0.134408]"
3436,114.53333333333333,00:01:54.53,4,,"[0.583289, 0.595737, 0.0780411, 0.126824]"
3437,114.56666666666666,00:01:54.56,4,,"[0.584435, 0.59606, 0.0764734, 0.126775]"
3438,114.6,00:01:54.59,4,,"[0.584027, 0.588458, 0.0771409, 0.141217]"
3439,114.63333333333334,00:01:54.63,4,,"[0.5826, 0.584368, 0.0802647, 0.148668]"
3440,114.66666666666667,00:01:54.66,4,,"[0.583794, 0.586915, 0.0776867, 0.144146]"
3441,114.7,00:01:54.70,4,,"[0.585202, 0.587137, 0.0742432, 0.142298]"
3442,114.73333333333333,00:01:54.73,4,,"[0.585415, 0.584992, 0.0742077, 0.138572]"
3443,114.76666666666667,00:01:54.76,4,,"[0.583543, 0.581107, 0.077273, 0.147143]"
3444,114.8,00:01:54.79,4,,"[0.586092, 0.583629, 0.0724674, 0.142455]"
3445,114.83333333333333,00:01:54.83,4,,"[0.584972, 0.583099, 0.0742289, 0.142692]"
3446,114.86666666666666,00:01:54.86,4,,"[0.586686, 0.584378, 0.0706823, 0.150106]"
3447,114.9,00:01:54.90,4,,"[0.584958, 0.579631, 0.0747997, 0.160107]"
3448,114.93333333333334,00:01:54.93,4,,"[0.584296, 0.576231, 0.0769273, 0.160059]"
3449,114.96666666666667,00:01:54.96,4,,"[0.583766, 0.575495, 0.0796749, 0.158404]"
3450,115.0,00:01:55.00,4,,"[0.584716, 0.577098, 0.0770695, 0.154709]"
3451,115.03333333333333,00:01:55.03,4,,"[0.585095, 0.578927, 0.0758011, 0.150704]"
3452,115.06666666666666,00:01:55.06,4,,"[0.589367, 0.590721, 0.0666478, 0.133263]"
3453,115.1,00:01:55.09,4,,"[0.58251, 0.579859, 0.0814266, 0.145535]"
3454,115.13333333333334,00:01:55.13,4,,"[0.581391, 0.578561, 0.0836596, 0.147501]"
3455,115.16666666666667,00:01:55.16,4,,"[0.581801, 0.579271, 0.0831113, 0.145836]"
3456,115.2,00:01:55.20,4,,"[0.581235, 0.578563, 0.084614, 0.148319]"
3457,115.23333333333333,00:01:55.23,4,,"[0.582182, 0.580161, 0.0828515, 0.144954]"
3458,115.26666666666667,00:01:55.26,4,,"[0.581343, 0.579334, 0.0843994, 0.14644]"
3459,115.3,00:01:55.29,4,,"[0.585244, 0.587367, 0.0759273, 0.1394]"
3460,115.33333333333333,00:01:55.33,4,,"[0.583033, 0.58374, 0.0805843, 0.146454]"
3461,115.36666666666666,00:01:55.36,4,,"[0.580467, 0.577943, 0.0863688, 0.149597]"
3462,115.4,00:01:55.40,4,,"[0.58154, 0.579886, 0.0838387, 0.146162]"
3463,115.43333333333334,00:01:55.43,4,,"[0.582343, 0.580606, 0.0826115, 0.145595]"
3464,115.46666666666667,00:01:55.46,4,,"[0.5815, 0.579264, 0.0845671, 0.148197]"
3465,115.5,00:01:55.50,4,,"[0.582068, 0.57939, 0.0838005, 0.147262]"
3466,115.53333333333333,00:01:55.53,4,,"[0.581943, 0.579375, 0.0839499, 0.148149]"
3467,115.56666666666666,00:01:55.56,4,,"[0.584934, 0.584632, 0.0765848, 0.146856]"
3468,115.6,00:01:55.59,4,,"[0.587057, 0.590608, 0.0715574, 0.136505]"
3469,115.63333333333334,00:01:55.63,4,,"[0.588622, 0.594593, 0.0683807, 0.129653]"
3470,115.66666666666667,00:01:55.66,4,,"[0.588901, 0.595208, 0.0667141, 0.128326]"
3471,115.7,00:01:55.70,4,,"[0.587436, 0.586396, 0.0692567, 0.147113]"
3472,115.73333333333333,00:01:55.73,4,,"[0.585429, 0.580779, 0.0734859, 0.159518]"
3473,115.76666666666667,00:01:55.76,4,,"[0.584157, 0.578953, 0.0763242, 0.162083]"
3474,115.8,00:01:55.79,4,,"[0.584193, 0.579936, 0.0773823, 0.159712]"
3475,115.83333333333333,00:01:55.83,4,,"[0.584682, 0.585975, 0.0763759, 0.147484]"
3476,115.86666666666666,00:01:55.86,4,,"[0.588648, 0.592938, 0.0677692, 0.133516]"
3477,115.9,00:01:55.90,4,,"[0.587392, 0.589304, 0.0704888, 0.14148]"
3478,115.93333333333334,00:01:55.93,4,,"[0.588494, 0.588276, 0.0680428, 0.144469]"
3479,115.96666666666667,00:01:55.96,4,,"[0.588877, 0.588168, 0.0671843, 0.144589]"
3480,116.0,00:01:56.00,4,,"[0.588958, 0.594745, 0.0668648, 0.129864]"
3481,116.03333333333333,00:01:56.03,4,,"[0.585651, 0.590661, 0.0738902, 0.138864]"
3482,116.06666666666666,00:01:56.06,4,,"[0.588834, 0.596139, 0.0684224, 0.129528]"
3483,116.1,00:01:56.09,4,,"[0.587908, 0.594972, 0.0704845, 0.132427]"
3484,116.13333333333334,00:01:56.13,4,,"[0.585885, 0.586621, 0.0737545, 0.147732]"
3485,116.16666666666667,00:01:56.16,4,,"[0.58364, 0.58286, 0.0785685, 0.154101]"
3486,116.2,00:01:56.20,4,,"[0.583064, 0.581263, 0.0803274, 0.150731]"
3487,116.23333333333333,00:01:56.23,4,,"[0.587524, 0.591456, 0.0710287, 0.138671]"
3488,116.26666666666667,00:01:56.26,4,,"[0.585528, 0.587278, 0.0738366, 0.146103]"
3489,116.3,00:01:56.29,4,,"[0.585802, 0.587407, 0.0728128, 0.146499]"
3490,116.33333333333333,00:01:56.33,4,,"[0.581875, 0.583531, 0.0814119, 0.153549]"
3491,116.36666666666666,00:01:56.36,4,,"[0.582201, 0.584438, 0.080873, 0.151357]"
3492,116.4,00:01:56.40,4,,"[0.582273, 0.585091, 0.0804264, 0.150758]"
3493,116.43333333333334,00:01:56.43,4,,"[0.585135, 0.588498, 0.0747337, 0.143839]"
3494,116.46666666666667,00:01:56.46,4,,"[0.588936, 0.598265, 0.067709, 0.125106]"
3496,116.53333333333333,00:01:56.53,4,,"[0.591738, 0.595001, 0.0607042, 0.129551]"
3497,116.56666666666666,00:01:56.56,4,,"[0.59246, 0.589864, 0.0590761, 0.13702]"
3498,116.6,00:01:56.59,4,,"[0.593641, 0.590262, 0.0574828, 0.136598]"
3499,116.63333333333334,00:01:56.63,4,,"[0.593484, 0.585822, 0.0593361, 0.144745]"
3500,116.66666666666667,00:01:56.66,4,,"[0.593892, 0.575799, 0.0590056, 0.166563]"
3501,116.7,00:01:56.70,4,,"[0.593433, 0.572789, 0.0596347, 0.170622]"
3502,116.73333333333333,00:01:56.73,4,,"[0.593397, 0.571935, 0.0597687, 0.172311]"
3503,116.76666666666667,00:01:56.76,4,,"[0.592548, 0.572008, 0.0614203, 0.171461]"
3504,116.8,00:01:56.79,4,,"[0.592433, 0.571427, 0.0618736, 0.172128]"
3505,116.83333333333333,00:01:56.83,4,,"[0.592507, 0.571502, 0.0617064, 0.172017]"
3506,116.86666666666666,00:01:56.86,4,,"[0.592405, 0.572122, 0.0617474, 0.170247]"
3507,116.9,00:01:56.90,4,,"[0.59293, 0.572612, 0.0610889, 0.169939]"
3508,116.93333333333334,00:01:56.93,4,,"[0.592382, 0.570866, 0.0622911, 0.173693]"
3509,116.96666666666667,00:01:56.96,4,,"[0.592856, 0.571624, 0.0624582, 0.171764]"
3510,117.0,00:01:57.00,4,,"[0.591453, 0.572033, 0.0641411, 0.169805]"
3511,117.03333333333333,00:01:57.03,4,,"[0.591192, 0.571459, 0.0642605, 0.170873]"
3512,117.06666666666666,00:01:57.06,4,,"[0.591114, 0.572452, 0.0638653, 0.168497]"
3513,117.1,00:01:57.09,4,,"[0.591195, 0.570929, 0.0634083, 0.171748]"
3514,117.13333333333334,00:01:57.13,4,,"[0.592116, 0.576403, 0.062518, 0.16176]"
3515,117.16666666666667,00:01:57.16,4,,"[0.592662, 0.579799, 0.0622322, 0.156267]"
3516,117.2,00:01:57.20,4,,"[0.591435, 0.576469, 0.0644496, 0.163863]"
3517,117.23333333333333,00:01:57.23,4,,"[0.590356, 0.575237, 0.0667965, 0.167414]"
3518,117.26666666666667,00:01:57.26,4,,"[0.58971, 0.574628, 0.068228, 0.16852]"
3519,117.3,00:01:57.29,4,,"[0.589624, 0.575053, 0.0686184, 0.167728]"
3520,117.33333333333333,00:01:57.33,4,,"[0.591681, 0.580902, 0.0634263, 0.156092]"
3521,117.36666666666666,00:01:57.36,4,,"[0.590845, 0.579737, 0.0646079, 0.157745]"
3522,117.4,00:01:57.40,4,,"[0.589673, 0.577385, 0.0676819, 0.163236]"
3523,117.43333333333334,00:01:57.43,4,,"[0.589155, 0.576957, 0.068819, 0.164005]"
3524,117.46666666666667,00:01:57.46,4,,"[0.590989, 0.579446, 0.064953, 0.157786]"
3525,117.5,00:01:57.50,4,,"[0.591145, 0.580328, 0.0647586, 0.1561]"
3526,117.53333333333333,00:01:57.53,4,,"[0.590283, 0.577317, 0.06654, 0.162293]"
3527,117.56666666666666,00:01:57.56,4,,"[0.58903, 0.576147, 0.0688327, 0.16459]"
3528,117.6,00:01:57.59,4,,"[0.588652, 0.575636, 0.0697091, 0.165926]"
3529,117.63333333333334,00:01:57.63,4,,"[0.588259, 0.575197, 0.0702352, 0.166302]"
3530,117.66666666666667,00:01:57.66,4,,"[0.588234, 0.575407, 0.0697947, 0.166358]"
3531,117.7,00:01:57.70,4,,"[0.589071, 0.57616, 0.0680765, 0.164592]"
3532,117.73333333333333,00:01:57.73,4,,"[0.590229, 0.579453, 0.0660948, 0.157359]"
3533,117.76666666666667,00:01:57.76,4,,"[0.588506, 0.576223, 0.0698889, 0.164388]"
3534,117.8,00:01:57.79,4,,"[0.588723, 0.576654, 0.0696639, 0.164086]"
3535,117.83333333333333,00:01:57.83,4,,"[0.588519, 0.576582, 0.0700336, 0.164957]"
3536,117.86666666666666,00:01:57.86,4,,"[0.589107, 0.576115, 0.0689701, 0.16557]"
3537,117.9,00:01:57.90,4,,"[0.588804, 0.576503, 0.0695019, 0.163904]"
3538,117.93333333333334,00:01:57.93,4,,"[0.58889, 0.577651, 0.06936, 0.161384]"
3539,117.96666666666667,00:01:57.96,4,,"[0.587652, 0.576353, 0.0718408, 0.163815]"
3540,118.0,00:01:58.00,4,,"[0.586936, 0.575611, 0.0729907, 0.16505]"
3541,118.03333333333333,00:01:58.03,4,,"[0.588622, 0.577849, 0.0694714, 0.160018]"
3542,118.06666666666666,00:01:58.06,4,,"[0.588647, 0.578825, 0.0691064, 0.157629]"
3543,118.1,00:01:58.09,4,,"[0.587141, 0.578055, 0.0714886, 0.159694]"
3544,118.13333333333334,00:01:58.13,4,,"[0.587451, 0.578537, 0.0710148, 0.1596]"
3545,118.16666666666667,00:01:58.16,4,,"[0.586698, 0.578697, 0.0719403, 0.159411]"
3546,118.2,00:01:58.20,4,,"[0.586998, 0.578631, 0.0712711, 0.159837]"
3547,118.23333333333333,00:01:58.23,4,,"[0.58571, 0.576513, 0.0743935, 0.16408]"
3548,118.26666666666667,00:01:58.26,4,,"[0.585793, 0.57666, 0.0744419, 0.16377]"
3549,118.3,00:01:58.29,4,,"[0.585699, 0.576978, 0.0743514, 0.163309]"
3550,118.33333333333333,00:01:58.33,4,,"[0.586573, 0.577691, 0.0721231, 0.161436]"
3551,118.36666666666666,00:01:58.36,4,,"[0.586249, 0.576907, 0.0728817, 0.162667]"
3552,118.4,00:01:58.40,4,,"[0.586653, 0.57626, 0.0726582, 0.162908]"
3553,118.43333333333334,00:01:58.43,4,,"[0.587529, 0.576507, 0.0709408, 0.16229]"
3554,118.46666666666667,00:01:58.46,4,,"[0.587736, 0.576503, 0.0707154, 0.162619]"
3555,118.5,00:01:58.50,4,,"[0.58662, 0.574674, 0.0726931, 0.166129]"
3556,118.53333333333333,00:01:58.53,4,,"[0.587647, 0.578341, 0.071131, 0.158151]"
3557,118.56666666666666,00:01:58.56,4,,"[0.591683, 0.593637, 0.0623939, 0.131173]"
3563,118.76666666666667,00:01:58.76,4,,"[0.593709, 0.595173, 0.056893, 0.126235]"
3564,118.8,00:01:58.79,4,,"[0.594186, 0.592889, 0.0562945, 0.130675]"
3565,118.83333333333333,00:01:58.83,4,,"[0.594553, 0.592025, 0.0564146, 0.132944]"
3566,118.86666666666666,00:01:58.86,4,,"[0.594821, 0.592526, 0.0564493, 0.131894]"
3567,118.9,00:01:58.90,4,,"[0.595174, 0.591621, 0.0552782, 0.134612]"
3568,118.93333333333334,00:01:58.93,4,,"[0.595179, 0.590998, 0.055624, 0.135119]"
3569,118.96666666666667,00:01:58.96,4,,"[0.596311, 0.591271, 0.0524797, 0.134856]"
3570,119.0,00:01:59.00,4,,"[0.597054, 0.589944, 0.0517475, 0.137898]"
3571,119.03333333333333,00:01:59.03,4,,"[0.598735, 0.590022, 0.0482262, 0.138619]"
3572,119.06666666666666,00:01:59.06,4,,"[0.600452, 0.590885, 0.0448626, 0.137431]"
3573,119.1,00:01:59.09,4,,"[0.601021, 0.590643, 0.0433866, 0.138743]"
3574,119.13333333333334,00:01:59.13,4,,"[0.601505, 0.585853, 0.0422403, 0.142959]"
3575,119.16666666666667,00:01:59.16,4,,"[0.601708, 0.586073, 0.0419373, 0.142073]"
3576,119.2,00:01:59.20,4,,"[0.601489, 0.588242, 0.0430398, 0.142139]"
3577,119.23333333333333,00:01:59.23,4,,"[0.601764, 0.585974, 0.0418858, 0.141109]"
3578,119.26666666666667,00:01:59.26,4,,"[0.601829, 0.587209, 0.0418526, 0.138346]"
3579,119.3,00:01:59.29,4,,"[0.601002, 0.590202, 0.0438972, 0.137534]"
3580,119.33333333333333,00:01:59.33,4,,"[0.599342, 0.585018, 0.0470526, 0.142755]"
3581,119.36666666666666,00:01:59.36,4,,"[0.599351, 0.584062, 0.0480682, 0.145138]"
3582,119.4,00:01:59.40,4,,"[0.597837, 0.564529, 0.0508089, 0.18594]"
3583,119.43333333333334,00:01:59.43,4,,"[0.599369, 0.575166, 0.0489369, 0.16427]"
3584,119.46666666666667,00:01:59.46,4,,"[0.598728, 0.568203, 0.0501642, 0.179134]"
3585,119.5,00:01:59.50,4,,"[0.597919, 0.563763, 0.0509972, 0.187454]"
3586,119.53333333333333,00:01:59.53,4,,"[0.599787, 0.571284, 0.0489691, 0.171951]"
3587,119.56666666666666,00:01:59.56,4,,"[0.599141, 0.565225, 0.049957, 0.186455]"
3588,119.6,00:01:59.59,4,,"[0.602191, 0.577992, 0.0444323, 0.159164]"
3589,119.63333333333334,00:01:59.63,4,,"[0.600668, 0.566883, 0.0479017, 0.182675]"
3590,119.66666666666667,00:01:59.66,4,,"[0.601874, 0.5768, 0.0459114, 0.162428]"
3591,119.7,00:01:59.70,4,,"[0.600366, 0.572556, 0.0479513, 0.173369]"
3592,119.73333333333333,00:01:59.73,4,,"[0.601467, 0.58122, 0.0449978, 0.156131]"
3593,119.76666666666667,00:01:59.76,4,,"[0.599141, 0.574811, 0.0489325, 0.17037]"
3594,119.8,00:01:59.79,4,,"[0.598557, 0.576355, 0.0485436, 0.168583]"
3595,119.83333333333333,00:01:59.83,4,,"[0.59845, 0.578188, 0.0492569, 0.165146]"
3596,119.86666666666666,00:01:59.86,4,,"[0.598323, 0.580135, 0.0491726, 0.161098]"
3597,119.9,00:01:59.90,4,,"[0.596769, 0.57363, 0.0520712, 0.174316]"
3598,119.93333333333334,00:01:59.93,4,,"[0.596796, 0.575665, 0.0516827, 0.169903]"
3599,119.96666666666667,00:01:59.96,4,,"[0.597454, 0.578579, 0.0508497, 0.164189]"
3600,120.0,00:02:00.00,4,,"[0.596536, 0.576559, 0.052298, 0.168664]"
3601,120.03333333333333,00:02:00.03,4,,"[0.596146, 0.578171, 0.0533073, 0.166864]"
3602,120.06666666666666,00:02:00.06,4,,"[0.595462, 0.578175, 0.0539949, 0.167958]"
3603,120.1,00:02:00.09,4,,"[0.594475, 0.576645, 0.0560767, 0.171432]"
3604,120.13333333333334,00:02:00.13,4,,"[0.595579, 0.579955, 0.0541256, 0.164121]"
3605,120.16666666666667,00:02:00.16,4,,"[0.594269, 0.577502, 0.0566332, 0.167728]"
3606,120.2,00:02:00.20,4,,"[0.59443, 0.577456, 0.056698, 0.167656]"
3607,120.23333333333333,00:02:00.23,4,,"[0.593437, 0.577057, 0.0582777, 0.166745]"
3608,120.26666666666667,00:02:00.26,4,,"[0.59275, 0.576768, 0.0593249, 0.167798]"
3609,120.3,00:02:00.29,4,,"[0.592449, 0.576232, 0.0600401, 0.168798]"
3610,120.33333333333333,00:02:00.33,4,,"[0.592513, 0.576426, 0.0599998, 0.16778]"
3611,120.36666666666666,00:02:00.36,4,,"[0.592144, 0.576733, 0.0614582, 0.166377]"
3612,120.4,00:02:00.40,4,,"[0.591071, 0.576336, 0.0625359, 0.166325]"
3613,120.43333333333334,00:02:00.43,4,,"[0.591197, 0.577137, 0.062041, 0.16563]"
3614,120.46666666666667,00:02:00.46,4,,"[0.591247, 0.57754, 0.0621277, 0.164264]"
3615,120.5,00:02:00.50,4,,"[0.591285, 0.57807, 0.0624151, 0.163718]"
3616,120.53333333333333,00:02:00.53,4,,"[0.591427, 0.579282, 0.0633752, 0.162625]"
3617,120.56666666666666,00:02:00.56,4,,"[0.589818, 0.57897, 0.0663251, 0.16461]"
3618,120.6,00:02:00.59,4,,"[0.590331, 0.580084, 0.064444, 0.16179]"
3619,120.63333333333334,00:02:00.63,4,,"[0.590516, 0.582578, 0.0632525, 0.156849]"
3620,120.66666666666667,00:02:00.66,4,,"[0.588299, 0.580775, 0.0669508, 0.160175]"
3621,120.7,00:02:00.70,4,,"[0.587863, 0.580402, 0.0676058, 0.161571]"
3622,120.73333333333333,00:02:00.73,4,,"[0.588011, 0.580498, 0.0679703, 0.162547]"
3623,120.76666666666667,00:02:00.76,4,,"[0.58935, 0.581283, 0.065169, 0.161049]"
3624,120.8,00:02:00.79,4,,"[0.589357, 0.580456, 0.0655682, 0.162977]"
3625,120.83333333333333,00:02:00.83,4,,"[0.590147, 0.58179, 0.0640753, 0.160153]"
3626,120.86666666666666,00:02:00.86,4,,"[0.590979, 0.582485, 0.0629656, 0.159267]"
3627,120.9,00:02:00.90,4,,"[0.591223, 0.580471, 0.0620819, 0.163483]"
3628,120.93333333333334,00:02:00.93,4,,"[0.591336, 0.579965, 0.0615627, 0.165947]"
3629,120.96666666666667,00:02:00.96,4,,"[0.591134, 0.580078, 0.0620432, 0.164627]"
3630,121.0,00:02:01.00,4,,"[0.59093, 0.580415, 0.0622204, 0.162757]"
3631,121.03333333333333,00:02:01.03,4,,"[0.590423, 0.578519, 0.062994, 0.166039]"
3632,121.06666666666666,00:02:01.06,4,,"[0.591868, 0.579557, 0.0598348, 0.163773]"
3633,121.1,00:02:01.09,4,,"[0.59201, 0.578578, 0.0590147, 0.166659]"
3634,121.13333333333334,00:02:01.13,4,,"[0.592449, 0.578849, 0.0581949, 0.167068]"
3635,121.16666666666667,00:02:01.16,4,,"[0.592986, 0.579688, 0.0576078, 0.165431]"
3636,121.2,00:02:01.20,4,,"[0.593315, 0.578445, 0.0563112, 0.167923]"
3637,121.23333333333333,00:02:01.23,4,,"[0.594783, 0.581891, 0.053657, 0.160436]"
3638,121.26666666666667,00:02:01.26,4,,"[0.594864, 0.580684, 0.0539811, 0.163171]"
3639,121.3,00:02:01.29,4,,"[0.594718, 0.577833, 0.0546112, 0.168383]"
3640,121.33333333333333,00:02:01.33,4,,"[0.595159, 0.578183, 0.0542475, 0.166857]"
3641,121.36666666666666,00:02:01.36,4,,"[0.594835, 0.577534, 0.0541264, 0.167815]"
3642,121.4,00:02:01.40,4,,"[0.595077, 0.577731, 0.0534189, 0.167783]"
3643,121.43333333333334,00:02:01.43,4,,"[0.595329, 0.577543, 0.0534387, 0.166923]"
3644,121.46666666666667,00:02:01.46,4,,"[0.595772, 0.57809, 0.0526287, 0.166332]"
3645,121.5,00:02:01.50,4,,"[0.597576, 0.581868, 0.0494321, 0.158493]"
3646,121.53333333333333,00:02:01.53,4,,"[0.597535, 0.580366, 0.0492578, 0.160829]"
3647,121.56666666666666,00:02:01.56,4,,"[0.597353, 0.579664, 0.0496478, 0.161945]"
3648,121.6,00:02:01.59,4,,"[0.598502, 0.58039, 0.0477975, 0.161172]"
3649,121.63333333333334,00:02:01.63,4,,"[0.598818, 0.580946, 0.0468264, 0.160037]"
3650,121.66666666666667,00:02:01.66,4,,"[0.59938, 0.581317, 0.0456535, 0.159038]"
3651,121.7,00:02:01.70,4,,"[0.600419, 0.579774, 0.044516, 0.163154]"
3652,121.73333333333333,00:02:01.73,4,,"[0.600397, 0.580235, 0.0445438, 0.162521]"
3653,121.76666666666667,00:02:01.76,4,,"[0.600485, 0.579412, 0.0446613, 0.164761]"
3654,121.8,00:02:01.79,4,,"[0.602861, 0.580421, 0.0404737, 0.162259]"
3655,121.83333333333333,00:02:01.83,4,,"[0.597294, 0.580117, 0.0498234, 0.161191]"
3656,121.86666666666666,00:02:01.86,4,,"[0.595889, 0.580514, 0.0526638, 0.161874]"
3657,121.9,00:02:01.90,4,,"[0.592939, 0.579414, 0.0584068, 0.164473]"
3658,121.93333333333334,00:02:01.93,4,,"[0.591394, 0.578712, 0.0605625, 0.167943]"
3659,121.96666666666667,00:02:01.96,4,,"[0.591655, 0.578634, 0.0601802, 0.168055]"
3660,122.0,00:02:02.00,4,,"[0.592219, 0.577692, 0.0592255, 0.169165]"
3661,122.03333333333333,00:02:02.03,4,,"[0.59194, 0.577981, 0.0596741, 0.167928]"
3662,122.06666666666666,00:02:02.06,4,,"[0.590821, 0.577169, 0.061568, 0.167704]"
3663,122.1,00:02:02.09,4,,"[0.592975, 0.58424, 0.0576658, 0.151378]"
3664,122.13333333333334,00:02:02.13,4,,"[0.590908, 0.581918, 0.0610214, 0.154939]"
3665,122.16666666666667,00:02:02.16,4,,"[0.58912, 0.578663, 0.064138, 0.162302]"
3666,122.2,00:02:02.20,4,,"[0.588082, 0.578065, 0.0663569, 0.16321]"
3667,122.23333333333333,00:02:02.23,4,,"[0.589547, 0.582217, 0.0632029, 0.154502]"
3668,122.26666666666667,00:02:02.26,4,,"[0.587591, 0.580318, 0.0670786, 0.159581]"
3669,122.3,00:02:02.29,4,,"[0.587457, 0.582782, 0.0676613, 0.154885]"
3670,122.33333333333333,00:02:02.33,4,,"[0.588028, 0.584078, 0.066515, 0.153188]"
3671,122.36666666666666,00:02:02.36,4,,"[0.587934, 0.588386, 0.0668776, 0.144452]"
3672,122.4,00:02:02.40,4,,"[0.585497, 0.586312, 0.0715715, 0.149963]"
3673,122.43333333333334,00:02:02.43,4,,"[0.586473, 0.587746, 0.0694172, 0.14651]"
3674,122.46666666666667,00:02:02.46,4,,"[0.585647, 0.583153, 0.0725737, 0.149559]"
3675,122.5,00:02:02.50,4,,"[0.586135, 0.588762, 0.0698597, 0.143107]"
3676,122.53333333333333,00:02:02.53,4,,"[0.584326, 0.582892, 0.0750407, 0.151348]"
3677,122.56666666666666,00:02:02.56,4,,"[0.58483, 0.584136, 0.0743807, 0.148773]"
3678,122.6,00:02:02.59,4,,"[0.5841, 0.5801, 0.0760953, 0.157217]"
3679,122.63333333333334,00:02:02.63,4,,"[0.585563, 0.588323, 0.0708625, 0.144685]"
3680,122.66666666666667,00:02:02.66,4,,"[0.586467, 0.584216, 0.0701442, 0.146593]"
3681,122.7,00:02:02.70,4,,"[0.5872, 0.581899, 0.0686253, 0.150043]"
3682,122.73333333333333,00:02:02.73,4,,"[0.586352, 0.579559, 0.0703199, 0.155908]"
3683,122.76666666666667,00:02:02.76,4,,"[0.586836, 0.580658, 0.0698078, 0.153371]"
3684,122.8,00:02:02.79,4,,"[0.586287, 0.577861, 0.0710892, 0.158479]"
3685,122.83333333333333,00:02:02.83,4,,"[0.590393, 0.588662, 0.0625064, 0.140409]"
3686,122.86666666666666,00:02:02.86,4,,"[0.591706, 0.589499, 0.0599732, 0.13746]"
3687,122.9,00:02:02.90,4,,"[0.592547, 0.58952, 0.0580422, 0.138225]"
3688,122.93333333333334,00:02:02.93,4,,"[0.59249, 0.589652, 0.0580348, 0.137902]"
3689,122.96666666666667,00:02:02.96,4,,"[0.594456, 0.588816, 0.0543926, 0.139715]"
3690,123.0,00:02:03.00,4,,"[0.590967, 0.579684, 0.0615477, 0.159064]"
3691,123.03333333333333,00:02:03.03,4,,"[0.589125, 0.565446, 0.064431, 0.18765]"
3692,123.06666666666666,00:02:03.06,4,,"[0.590463, 0.56765, 0.062096, 0.182965]"
3693,123.1,00:02:03.09,4,,"[0.59079, 0.568468, 0.0616375, 0.181468]"
3694,123.13333333333334,00:02:03.13,4,,"[0.5915, 0.571922, 0.0604736, 0.174137]"
3695,123.16666666666667,00:02:03.16,4,,"[0.591586, 0.573586, 0.0598221, 0.171192]"
3696,123.2,00:02:03.20,4,,"[0.591791, 0.573901, 0.05998, 0.171096]"
3697,123.23333333333333,00:02:03.23,4,,"[0.591932, 0.576567, 0.0602856, 0.164526]"
3698,123.26666666666667,00:02:03.26,4,,"[0.594336, 0.579744, 0.0557791, 0.158007]"
3699,123.3,00:02:03.29,4,,"[0.59377, 0.572791, 0.05732, 0.17208]"
3700,123.33333333333333,00:02:03.33,4,,"[0.593292, 0.566881, 0.0596254, 0.183541]"
3701,123.36666666666666,00:02:03.36,4,,"[0.591254, 0.564239, 0.0627352, 0.190206]"
3702,123.4,00:02:03.40,4,,"[0.591718, 0.564105, 0.0617376, 0.191053]"
3703,123.43333333333334,00:02:03.43,4,,"[0.592344, 0.567499, 0.0602989, 0.184292]"
3704,123.46666666666667,00:02:03.46,4,,"[0.592297, 0.568611, 0.060141, 0.181727]"
3705,123.5,00:02:03.50,4,,"[0.592032, 0.570188, 0.060397, 0.178699]"
3706,123.53333333333333,00:02:03.53,4,,"[0.592191, 0.571284, 0.0605207, 0.177188]"
3707,123.56666666666666,00:02:03.56,4,,"[0.592301, 0.571832, 0.0602739, 0.176283]"
3708,123.6,00:02:03.59,4,,"[0.59194, 0.573457, 0.0605318, 0.17313]"
3709,123.63333333333334,00:02:03.63,4,,"[0.591842, 0.574718, 0.0605941, 0.169444]"
3710,123.66666666666667,00:02:03.66,4,,"[0.591729, 0.573728, 0.061129, 0.173817]"
3711,123.7,00:02:03.70,4,,"[0.592537, 0.576637, 0.0610011, 0.167361]"
3712,123.73333333333333,00:02:03.73,4,,"[0.592542, 0.577099, 0.0606635, 0.166927]"
3713,123.76666666666667,00:02:03.76,4,,"[0.592853, 0.578332, 0.0601175, 0.165295]"
3714,123.8,00:02:03.79,4,,"[0.591681, 0.576769, 0.0623468, 0.167935]"
3715,123.83333333333333,00:02:03.83,4,,"[0.591867, 0.577516, 0.0623854, 0.166346]"
3716,123.86666666666666,00:02:03.86,4,,"[0.591321, 0.577835, 0.0632133, 0.165266]"
3717,123.9,00:02:03.90,4,,"[0.591115, 0.578732, 0.0638098, 0.164029]"
3718,123.93333333333334,00:02:03.93,4,,"[0.590658, 0.579308, 0.0640586, 0.161235]"
3719,123.96666666666667,00:02:03.96,4,,"[0.58992, 0.57852, 0.0655082, 0.162373]"
3720,124.0,00:02:04.00,4,,"[0.590424, 0.580202, 0.0645894, 0.159411]"
3721,124.03333333333333,00:02:04.03,4,,"[0.588482, 0.578333, 0.0686121, 0.163244]"
3722,124.06666666666666,00:02:04.06,4,,"[0.590016, 0.581397, 0.0652892, 0.156703]"
3723,124.1,00:02:04.09,4,,"[0.588731, 0.580935, 0.0669746, 0.157993]"
3724,124.13333333333334,00:02:04.13,4,,"[0.588252, 0.58054, 0.0680475, 0.158272]"
3725,124.16666666666667,00:02:04.16,4,,"[0.588423, 0.580616, 0.0681154, 0.158184]"
3726,124.2,00:02:04.20,4,,"[0.588427, 0.580698, 0.0679558, 0.158525]"
3727,124.23333333333333,00:02:04.23,4,,"[0.588459, 0.581286, 0.0677778, 0.157882]"
3728,124.26666666666667,00:02:04.26,4,,"[0.587634, 0.5804, 0.0698039, 0.15938]"
3729,124.3,00:02:04.29,4,,"[0.586724, 0.580429, 0.0710854, 0.160448]"
3730,124.33333333333333,00:02:04.33,4,,"[0.587381, 0.581477, 0.0698847, 0.158539]"
3731,124.36666666666666,00:02:04.36,4,,"[0.586173, 0.579892, 0.0721421, 0.161766]"
3732,124.4,00:02:04.40,4,,"[0.586203, 0.58017, 0.0723339, 0.16143]"
3733,124.43333333333334,00:02:04.43,4,,"[0.586053, 0.579687, 0.0726353, 0.162899]"
3734,124.46666666666667,00:02:04.46,4,,"[0.586996, 0.581028, 0.0713882, 0.160277]"
3735,124.5,00:02:04.50,4,,"[0.587264, 0.581598, 0.0707746, 0.159262]"
3736,124.53333333333333,00:02:04.53,4,,"[0.586959, 0.580534, 0.0715474, 0.160841]"
3737,124.56666666666666,00:02:04.56,4,,"[0.587451, 0.579952, 0.070638, 0.161545]"
3738,124.6,00:02:04.59,4,,"[0.586902, 0.581478, 0.0719898, 0.158336]"
3739,124.63333333333334,00:02:04.63,4,,"[0.586346, 0.581542, 0.072514, 0.158068]"
3740,124.66666666666667,00:02:04.66,4,,"[0.586727, 0.583436, 0.0714539, 0.154326]"
3741,124.7,00:02:04.70,4,,"[0.585283, 0.581379, 0.0728044, 0.159447]"
3742,124.73333333333333,00:02:04.73,4,,"[0.585073, 0.580781, 0.073534, 0.160739]"
3743,124.76666666666667,00:02:04.76,4,,"[0.584917, 0.580877, 0.0736599, 0.160787]"
3744,124.8,00:02:04.79,4,,"[0.585337, 0.582832, 0.0726761, 0.156497]"
3745,124.83333333333333,00:02:04.83,4,,"[0.585773, 0.584714, 0.0716234, 0.152222]"
3746,124.86666666666666,00:02:04.86,4,,"[0.585598, 0.584995, 0.0716374, 0.151932]"
3747,124.9,00:02:04.90,4,,"[0.585545, 0.584971, 0.0713263, 0.151786]"
3748,124.93333333333334,00:02:04.93,4,,"[0.58542, 0.585062, 0.0717118, 0.151491]"
3749,124.96666666666667,00:02:04.96,4,,"[0.585293, 0.584601, 0.072221, 0.152805]"
3750,125.0,00:02:05.00,4,,"[0.584662, 0.58264, 0.0736212, 0.156476]"
3751,125.03333333333333,00:02:05.03,4,,"[0.586199, 0.582902, 0.0705017, 0.155045]"
3752,125.06666666666666,00:02:05.06,4,,"[0.585979, 0.580855, 0.0718825, 0.159569]"
3753,125.1,00:02:05.09,4,,"[0.586392, 0.580992, 0.0713626, 0.159967]"
3754,125.13333333333334,00:02:05.13,4,,"[0.588567, 0.581425, 0.0669849, 0.158441]"
3755,125.16666666666667,00:02:05.16,4,,"[0.588682, 0.58096, 0.0669987, 0.158285]"
3756,125.2,00:02:05.20,4,,"[0.588358, 0.579259, 0.0677526, 0.161686]"
3757,125.23333333333333,00:02:05.23,4,,"[0.588475, 0.578728, 0.0676086, 0.161674]"
3758,125.26666666666667,00:02:05.26,4,,"[0.59041, 0.580087, 0.0635601, 0.156622]"
3759,125.3,00:02:05.29,4,,"[0.590228, 0.576592, 0.062629, 0.162769]"
3760,125.33333333333333,00:02:05.33,4,,"[0.589687, 0.574974, 0.0638364, 0.166124]"
3761,125.36666666666666,00:02:05.36,4,,"[0.589801, 0.574723, 0.0639576, 0.166435]"
3762,125.4,00:02:05.40,4,,"[0.589853, 0.574948, 0.0635695, 0.166043]"
3763,125.43333333333334,00:02:05.43,4,,"[0.590068, 0.574963, 0.0638288, 0.166017]"
3764,125.46666666666667,00:02:05.46,4,,"[0.590266, 0.575232, 0.063623, 0.16593]"
3765,125.5,00:02:05.50,4,,"[0.590459, 0.575564, 0.0638373, 0.164476]"
3766,125.53333333333333,00:02:05.53,4,,"[0.590644, 0.576657, 0.0634447, 0.16229]"
3767,125.56666666666666,00:02:05.56,4,,"[0.590615, 0.576198, 0.0636932, 0.162583]"
3768,125.6,00:02:05.59,4,,"[0.590423, 0.575479, 0.063848, 0.163972]"
3769,125.63333333333334,00:02:05.63,4,,"[0.590489, 0.575606, 0.0639673, 0.163794]"
3770,125.66666666666667,00:02:05.66,4,,"[0.590178, 0.57541, 0.0644306, 0.164543]"
3771,125.7,00:02:05.70,4,,"[0.589916, 0.575259, 0.065354, 0.16455]"
3772,125.73333333333333,00:02:05.73,4,,"[0.589546, 0.57489, 0.066034, 0.16553]"
3773,125.76666666666667,00:02:05.76,4,,"[0.588792, 0.574923, 0.0677425, 0.165325]"
3774,125.8,00:02:05.79,4,,"[0.588721, 0.575321, 0.068022, 0.165011]"
3775,125.83333333333333,00:02:05.83,4,,"[0.588641, 0.57518, 0.0684111, 0.165914]"
3776,125.86666666666666,00:02:05.86,4,,"[0.588649, 0.575272, 0.0681004, 0.165434]"
3777,125.9,00:02:05.90,4,,"[0.588546, 0.57536, 0.0688173, 0.165396]"
3778,125.93333333333334,00:02:05.93,4,,"[0.588641, 0.575398, 0.0687517, 0.165483]"
3779,125.96666666666667,00:02:05.96,4,,"[0.588035, 0.574798, 0.0699086, 0.167276]"
3780,126.0,00:02:06.00,4,,"[0.588085, 0.575511, 0.0697502, 0.165231]"
3781,126.03333333333333,00:02:06.03,4,,"[0.58784, 0.574196, 0.0700995, 0.167849]"
3782,126.06666666666666,00:02:06.06,4,,"[0.587875, 0.574734, 0.0701849, 0.166652]"
3783,126.1,00:02:06.09,4,,"[0.588266, 0.575655, 0.0699854, 0.163964]"
3784,126.13333333333334,00:02:06.13,4,,"[0.588628, 0.575692, 0.0692257, 0.163919]"
3785,126.16666666666667,00:02:06.16,4,,"[0.588449, 0.575864, 0.0696014, 0.16342]"
3786,126.2,00:02:06.20,4,,"[0.588584, 0.57617, 0.0692504, 0.163107]"
3787,126.23333333333333,00:02:06.23,4,,"[0.588104, 0.575613, 0.070253, 0.164]"
3788,126.26666666666667,00:02:06.26,4,,"[0.58838, 0.575615, 0.0697043, 0.164451]"
3789,126.3,00:02:06.29,4,,"[0.588067, 0.57545, 0.070424, 0.164844]"
3790,126.33333333333333,00:02:06.33,4,,"[0.591187, 0.586172, 0.0640267, 0.143587]"
3791,126.36666666666666,00:02:06.36,4,,"[0.596734, 0.598874, 0.0524162, 0.120748]"
3792,126.4,00:02:06.40,4,,"[0.592162, 0.581739, 0.0623664, 0.153635]"
3793,126.43333333333334,00:02:06.43,4,,"[0.5919, 0.581177, 0.0628868, 0.156217]"
3794,126.46666666666667,00:02:06.46,4,,"[0.59549, 0.596109, 0.0550197, 0.12917]"
3795,126.5,00:02:06.50,4,,"[0.596894, 0.597983, 0.0520543, 0.125903]"
3796,126.53333333333333,00:02:06.53,4,,"[0.59389, 0.588795, 0.0585994, 0.143245]"
3797,126.56666666666666,00:02:06.56,4,,"[0.59203, 0.586553, 0.0626488, 0.147613]"
3798,126.6,00:02:06.59,4,,"[0.590997, 0.582602, 0.0648735, 0.155095]"
3799,126.63333333333334,00:02:06.63,4,,"[0.592599, 0.584583, 0.0617657, 0.151361]"
3800,126.66666666666667,00:02:06.66,4,,"[0.592364, 0.585657, 0.0623604, 0.149193]"
3801,126.7,00:02:06.70,4,,"[0.590041, 0.578401, 0.0674305, 0.162838]"
3802,126.73333333333333,00:02:06.73,4,,"[0.592118, 0.590883, 0.0630198, 0.137715]"
3803,126.76666666666667,00:02:06.76,4,,"[0.591721, 0.587964, 0.0637309, 0.143236]"
3804,126.8,00:02:06.79,4,,"[0.591508, 0.584292, 0.0637829, 0.149512]"
3805,126.83333333333333,00:02:06.83,4,,"[0.589626, 0.587466, 0.0676939, 0.142776]"
3806,126.86666666666666,00:02:06.86,4,,"[0.590131, 0.596258, 0.0664715, 0.125581]"
3807,126.9,00:02:06.90,4,,"[0.58848, 0.580891, 0.0695717, 0.156792]"
3808,126.93333333333334,00:02:06.93,4,,"[0.58801, 0.579567, 0.0702906, 0.160147]"
3809,126.96666666666667,00:02:06.96,4,,"[0.588273, 0.580898, 0.0696529, 0.157496]"
3810,127.0,00:02:07.00,4,,"[0.586536, 0.577989, 0.0728812, 0.163076]"
3811,127.03333333333333,00:02:07.03,4,,"[0.587051, 0.579789, 0.072349, 0.160083]"
3812,127.06666666666666,00:02:07.06,4,,"[0.586371, 0.578508, 0.0734385, 0.163528]"
3813,127.1,00:02:07.09,4,,"[0.58644, 0.578631, 0.0732964, 0.163432]"
3814,127.13333333333334,00:02:07.13,4,,"[0.586353, 0.578882, 0.0732592, 0.163209]"
3815,127.16666666666667,00:02:07.16,4,,"[0.586413, 0.579187, 0.0730257, 0.162923]"
3816,127.2,00:02:07.20,4,,"[0.586401, 0.579982, 0.0729488, 0.16162]"
3817,127.23333333333333,00:02:07.23,4,,"[0.587086, 0.591452, 0.0720592, 0.134092]"
3818,127.26666666666667,00:02:07.26,4,,"[0.585409, 0.577652, 0.0760584, 0.157264]"
3819,127.3,00:02:07.29,4,,"[0.587701, 0.585875, 0.071307, 0.14256]"
3820,127.33333333333333,00:02:07.33,4,,"[0.587786, 0.577584, 0.072116, 0.160798]"
3821,127.36666666666666,00:02:07.36,4,,"[0.588756, 0.579288, 0.0707054, 0.156633]"
3822,127.4,00:02:07.40,4,,"[0.587547, 0.578162, 0.0739699, 0.15861]"
3823,127.43333333333334,00:02:07.43,4,,"[0.586375, 0.577942, 0.0737813, 0.161209]"
3824,127.46666666666667,00:02:07.46,4,,"[0.586217, 0.576951, 0.073528, 0.162945]"
3825,127.5,00:02:07.50,4,,"[0.587152, 0.57817, 0.0725988, 0.160345]"
3826,127.53333333333333,00:02:07.53,4,,"[0.587823, 0.578189, 0.0712477, 0.160319]"
3827,127.56666666666666,00:02:07.56,4,,"[0.587111, 0.576462, 0.0727149, 0.163636]"
3828,127.6,00:02:07.59,4,,"[0.587146, 0.575904, 0.0724972, 0.164595]"
3829,127.63333333333334,00:02:07.63,4,,"[0.587638, 0.576354, 0.0719729, 0.163798]"
3830,127.66666666666667,00:02:07.66,4,,"[0.588194, 0.576372, 0.0717737, 0.163131]"
3831,127.7,00:02:07.70,4,,"[0.588072, 0.575793, 0.0721169, 0.164152]"
3832,127.73333333333333,00:02:07.73,4,,"[0.590134, 0.579685, 0.0681728, 0.155658]"
3833,127.76666666666667,00:02:07.76,4,,"[0.58819, 0.582745, 0.0713234, 0.151558]"
3834,127.8,00:02:07.79,4,,"[0.586932, 0.580047, 0.072786, 0.157227]"
3835,127.83333333333333,00:02:07.83,4,,"[0.588097, 0.580394, 0.0702765, 0.156562]"
3836,127.86666666666666,00:02:07.86,4,,"[0.588102, 0.578592, 0.0703814, 0.15928]"
3837,127.9,00:02:07.90,4,,"[0.590219, 0.582689, 0.0660069, 0.151093]"
3838,127.93333333333334,00:02:07.93,4,,"[0.59004, 0.58162, 0.0668845, 0.153113]"
3839,127.96666666666667,00:02:07.96,4,,"[0.590849, 0.581626, 0.0658108, 0.1526]"
3840,128.0,00:02:08.00,4,,"[0.592537, 0.586984, 0.0623825, 0.142953]"
3841,128.03333333333333,00:02:08.03,4,,"[0.593103, 0.587876, 0.0611952, 0.141412]"
3842,128.06666666666666,00:02:08.06,4,,"[0.595586, 0.589454, 0.0564177, 0.138408]"
3843,128.1,00:02:08.09,4,,"[0.596654, 0.590695, 0.0559222, 0.137591]"
3844,128.13333333333333,00:02:08.13,4,,"[0.597044, 0.590089, 0.0540215, 0.136179]"
3845,128.16666666666666,00:02:08.16,4,,"[0.597229, 0.591037, 0.0548138, 0.137178]"
3846,128.2,00:02:08.19,4,,"[0.597173, 0.590851, 0.0550171, 0.137791]"
3847,128.23333333333332,00:02:08.23,4,,"[0.595839, 0.590544, 0.0561003, 0.136479]"
3848,128.26666666666668,00:02:08.26,4,,"[0.595758, 0.590031, 0.0568864, 0.137273]"
3849,128.3,00:02:08.30,4,,"[0.59585, 0.591099, 0.0568106, 0.135874]"
3850,128.33333333333334,00:02:08.33,4,,"[0.596161, 0.590218, 0.0564836, 0.136842]"
3851,128.36666666666667,00:02:08.36,4,,"[0.595865, 0.589174, 0.0572683, 0.139277]"
3853,128.43333333333334,00:02:08.43,4,,"[0.59787, 0.591203, 0.0524025, 0.137245]"
3854,128.46666666666667,00:02:08.46,4,,"[0.595602, 0.5902, 0.0575185, 0.137615]"
3855,128.5,00:02:08.50,4,,"[0.596359, 0.590105, 0.0568069, 0.140675]"
3856,128.53333333333333,00:02:08.53,4,,"[0.594154, 0.589172, 0.0601258, 0.140544]"
3857,128.56666666666666,00:02:08.56,4,,"[0.592505, 0.584113, 0.0634102, 0.15046]"
3858,128.6,00:02:08.59,4,,"[0.589903, 0.575736, 0.0682716, 0.166004]"
3859,128.63333333333333,00:02:08.63,4,,"[0.589489, 0.574538, 0.0688588, 0.168087]"
3860,128.66666666666666,00:02:08.66,4,,"[0.591644, 0.578411, 0.0630581, 0.160738]"
3861,128.7,00:02:08.69,4,,"[0.591267, 0.577132, 0.0622868, 0.164189]"
3862,128.73333333333332,00:02:08.73,4,,"[0.590632, 0.574592, 0.0629305, 0.170013]"
3863,128.76666666666668,00:02:08.76,4,,"[0.590411, 0.574438, 0.0631168, 0.170228]"
3864,128.8,00:02:08.80,4,,"[0.591258, 0.576261, 0.0616802, 0.166817]"
3865,128.83333333333334,00:02:08.83,4,,"[0.590711, 0.570652, 0.062915, 0.179799]"
3866,128.86666666666667,00:02:08.86,4,,"[0.590653, 0.570036, 0.0630466, 0.181254]"
3867,128.9,00:02:08.90,4,,"[0.590601, 0.570628, 0.062673, 0.178467]"
3868,128.93333333333334,00:02:08.93,4,,"[0.594535, 0.585653, 0.055534, 0.14833]"
3869,128.96666666666667,00:02:08.96,4,,"[0.595075, 0.591131, 0.0548573, 0.140372]"
3870,129.0,00:02:09.00,4,,"[0.592329, 0.589966, 0.0603887, 0.140288]"
3871,129.03333333333333,00:02:09.03,4,,"[0.588883, 0.579592, 0.067075, 0.161693]"
3872,129.06666666666666,00:02:09.06,4,,"[0.590696, 0.584339, 0.0629783, 0.152525]"
3873,129.1,00:02:09.09,4,,"[0.591511, 0.587035, 0.0606902, 0.145376]"
3874,129.13333333333333,00:02:09.13,4,,"[0.592034, 0.58866, 0.0599331, 0.142198]"
3875,129.16666666666666,00:02:09.16,4,,"[0.592234, 0.588825, 0.0599493, 0.142091]"
3876,129.2,00:02:09.19,4,,"[0.592885, 0.589669, 0.0594206, 0.141244]"
3877,129.23333333333332,00:02:09.23,4,,"[0.593234, 0.590022, 0.058961, 0.140544]"
3879,129.3,00:02:09.30,4,,"[0.593665, 0.591489, 0.0577761, 0.139459]"
3880,129.33333333333334,00:02:09.33,4,,"[0.592998, 0.590758, 0.0595144, 0.139861]"
3881,129.36666666666667,00:02:09.36,4,,"[0.592925, 0.59036, 0.059407, 0.14039]"
3882,129.4,00:02:09.40,4,,"[0.594203, 0.594979, 0.0575836, 0.132611]"
3883,129.43333333333334,00:02:09.43,4,,"[0.594623, 0.594035, 0.0555231, 0.133409]"
3884,129.46666666666667,00:02:09.46,4,,"[0.59524, 0.591065, 0.0542711, 0.138806]"
3885,129.5,00:02:09.50,4,,"[0.594886, 0.590895, 0.0554745, 0.13803]"
3886,129.53333333333333,00:02:09.53,4,,"[0.591768, 0.576649, 0.0611509, 0.16658]"
3887,129.56666666666666,00:02:09.56,4,,"[0.591365, 0.572533, 0.0624601, 0.174382]"
3888,129.6,00:02:09.59,4,,"[0.591219, 0.569707, 0.0626233, 0.179936]"
3889,129.63333333333333,00:02:09.63,4,,"[0.59237, 0.572696, 0.0604372, 0.173528]"
3890,129.66666666666666,00:02:09.66,4,,"[0.592051, 0.571137, 0.0613274, 0.176793]"
3891,129.7,00:02:09.69,4,,"[0.592035, 0.574523, 0.0611538, 0.169736]"
3892,129.73333333333332,00:02:09.73,4,,"[0.592076, 0.574741, 0.0607843, 0.169137]"
3893,129.76666666666668,00:02:09.76,4,,"[0.592574, 0.576702, 0.0601996, 0.164786]"
3894,129.8,00:02:09.80,4,,"[0.593044, 0.576986, 0.0595757, 0.165065]"
3895,129.83333333333334,00:02:09.83,4,,"[0.592893, 0.57425, 0.0593432, 0.170373]"
3896,129.86666666666667,00:02:09.86,4,,"[0.59371, 0.573593, 0.0592288, 0.172443]"
3897,129.9,00:02:09.90,4,,"[0.59512, 0.577982, 0.0575635, 0.164448]"
3898,129.93333333333334,00:02:09.93,4,,"[0.594981, 0.577344, 0.0581192, 0.166354]"
3899,129.96666666666667,00:02:09.96,4,,"[0.595412, 0.578274, 0.0571957, 0.165939]"
3900,130.0,00:02:10.00,4,,"[0.594361, 0.577542, 0.0594494, 0.166507]"
3901,130.03333333333333,00:02:10.03,4,,"[0.593674, 0.577615, 0.0610739, 0.163991]"
3902,130.06666666666666,00:02:10.06,4,,"[0.592279, 0.577808, 0.0627213, 0.162858]"
3903,130.1,00:02:10.09,4,,"[0.591966, 0.578284, 0.0636575, 0.162251]"
3904,130.13333333333333,00:02:10.13,4,,"[0.591685, 0.579142, 0.0642214, 0.160923]"
3905,130.16666666666666,00:02:10.16,4,,"[0.590477, 0.57893, 0.0660824, 0.16113]"
3906,130.2,00:02:10.19,4,,"[0.590185, 0.578547, 0.0665726, 0.16225]"
3907,130.23333333333332,00:02:10.23,4,,"[0.590835, 0.579223, 0.0649626, 0.160464]"
3908,130.26666666666668,00:02:10.26,4,,"[0.590232, 0.58086, 0.065344, 0.156017]"
3909,130.3,00:02:10.30,4,,"[0.589793, 0.581397, 0.06626, 0.1553]"
3910,130.33333333333334,00:02:10.33,4,,"[0.588211, 0.579744, 0.0695461, 0.158104]"
3911,130.36666666666667,00:02:10.36,4,,"[0.58777, 0.580256, 0.0709206, 0.158919]"
3912,130.4,00:02:10.40,4,,"[0.587826, 0.579943, 0.0705601, 0.15944]"
3913,130.43333333333334,00:02:10.43,4,,"[0.590882, 0.586491, 0.0645662, 0.147136]"
3914,130.46666666666667,00:02:10.46,4,,"[0.589299, 0.580666, 0.0680449, 0.158228]"
3915,130.5,00:02:10.50,4,,"[0.58939, 0.580533, 0.0678262, 0.159525]"
3916,130.53333333333333,00:02:10.53,4,,"[0.589423, 0.580598, 0.0683575, 0.160501]"
3917,130.56666666666666,00:02:10.56,4,,"[0.589919, 0.581174, 0.0671963, 0.159627]"
3918,130.6,00:02:10.59,4,,"[0.589826, 0.580832, 0.0671001, 0.160016]"
3920,130.66666666666666,00:02:10.66,4,,"[0.590021, 0.588359, 0.0667004, 0.144992]"
3921,130.7,00:02:10.69,4,,"[0.58868, 0.584173, 0.0699258, 0.153492]"
3922,130.73333333333332,00:02:10.73,4,,"[0.587506, 0.582657, 0.0718517, 0.156893]"
3923,130.76666666666668,00:02:10.76,4,,"[0.587485, 0.583238, 0.0717046, 0.155898]"
3924,130.8,00:02:10.80,4,,"[0.587845, 0.583369, 0.0709309, 0.155231]"
3925,130.83333333333334,00:02:10.83,4,,"[0.587455, 0.582997, 0.0716873, 0.155706]"
3926,130.86666666666667,00:02:10.86,4,,"[0.586847, 0.580945, 0.0730426, 0.159804]"
3927,130.9,00:02:10.90,4,,"[0.586858, 0.582829, 0.0729275, 0.156188]"
3928,130.93333333333334,00:02:10.93,4,,"[0.586409, 0.582415, 0.0732901, 0.156136]"
3929,130.96666666666667,00:02:10.96,4,,"[0.586428, 0.58494, 0.0731617, 0.151092]"
3930,131.0,00:02:11.00,4,,"[0.586259, 0.584055, 0.0728813, 0.152791]"
3931,131.03333333333333,00:02:11.03,4,,"[0.586208, 0.585896, 0.0725124, 0.14919]"
3932,131.06666666666666,00:02:11.06,4,,"[0.586135, 0.585537, 0.0726748, 0.149963]"
3933,131.1,00:02:11.09,4,,"[0.586422, 0.586037, 0.0720212, 0.148161]"
3934,131.13333333333333,00:02:11.13,4,,"[0.586675, 0.586452, 0.0722294, 0.147875]"
3935,131.16666666666666,00:02:11.16,4,,"[0.585831, 0.582115, 0.0744596, 0.156329]"
3936,131.2,00:02:11.19,4,,"[0.586529, 0.584587, 0.0734425, 0.151296]"
3937,131.23333333333332,00:02:11.23,4,,"[0.586547, 0.585325, 0.073333, 0.150112]"
3938,131.26666666666668,00:02:11.26,4,,"[0.586487, 0.585261, 0.0735306, 0.149691]"
3939,131.3,00:02:11.30,4,,"[0.586166, 0.586842, 0.0732535, 0.146221]"
3940,131.33333333333334,00:02:11.33,4,,"[0.584971, 0.585843, 0.0748637, 0.148755]"
3941,131.36666666666667,00:02:11.36,4,,"[0.585709, 0.58823, 0.0733435, 0.14407]"
3942,131.4,00:02:11.40,4,,"[0.585071, 0.58835, 0.0733883, 0.14462]"
3943,131.43333333333334,00:02:11.43,4,,"[0.585013, 0.588476, 0.0733774, 0.14444]"
3944,131.46666666666667,00:02:11.46,4,,"[0.585083, 0.588385, 0.0735804, 0.144781]"
3945,131.5,00:02:11.50,4,,"[0.584578, 0.587894, 0.0732901, 0.145533]"
3946,131.53333333333333,00:02:11.53,4,,"[0.583576, 0.586824, 0.0751679, 0.148566]"
3947,131.56666666666666,00:02:11.56,4,,"[0.584654, 0.588636, 0.0730564, 0.14462]"
3948,131.6,00:02:11.59,4,,"[0.584231, 0.587641, 0.0745711, 0.14771]"
3949,131.63333333333333,00:02:11.63,4,,"[0.583991, 0.58706, 0.0748282, 0.148669]"
3950,131.66666666666666,00:02:11.66,4,,"[0.584237, 0.587725, 0.0739763, 0.147349]"
3951,131.7,00:02:11.69,4,,"[0.584283, 0.588338, 0.0746797, 0.146435]"
3952,131.73333333333332,00:02:11.73,4,,"[0.584384, 0.588713, 0.0744343, 0.145759]"
3953,131.76666666666668,00:02:11.76,4,,"[0.584173, 0.58609, 0.0749912, 0.150069]"
3954,131.8,00:02:11.80,4,,"[0.585837, 0.590921, 0.0717403, 0.139517]"
3955,131.83333333333334,00:02:11.83,4,,"[0.585638, 0.58539, 0.0735696, 0.147894]"
3956,131.86666666666667,00:02:11.86,4,,"[0.585845, 0.585202, 0.0737305, 0.146953]"
3957,131.9,00:02:11.90,4,,"[0.586362, 0.58568, 0.0731099, 0.145577]"
3958,131.93333333333334,00:02:11.93,4,,"[0.586167, 0.585212, 0.0737082, 0.146303]"
3959,131.96666666666667,00:02:11.96,4,,"[0.586191, 0.587218, 0.0736938, 0.142322]"
3960,132.0,00:02:12.00,4,,"[0.58645, 0.58773, 0.0736437, 0.141124]"
3961,132.03333333333333,00:02:12.03,4,,"[0.58572, 0.586828, 0.0748253, 0.142782]"
3962,132.06666666666666,00:02:12.06,4,,"[0.584426, 0.587062, 0.0773883, 0.142927]"
3963,132.1,00:02:12.09,4,,"[0.585303, 0.589001, 0.075351, 0.140203]"
3964,132.13333333333333,00:02:12.13,4,,"[0.583387, 0.587459, 0.0795887, 0.143285]"
3965,132.16666666666666,00:02:12.16,4,,"[0.584025, 0.586623, 0.0767391, 0.14366]"
3966,132.2,00:02:12.19,4,,"[0.583319, 0.587527, 0.079032, 0.14356]"
3967,132.23333333333332,00:02:12.23,4,,"[0.584337, 0.588864, 0.0766064, 0.141529]"
3968,132.26666666666668,00:02:12.26,4,,"[0.585183, 0.588654, 0.0755116, 0.14174]"
3969,132.3,00:02:12.30,4,,"[0.584804, 0.588034, 0.0764401, 0.141447]"
3970,132.33333333333334,00:02:12.33,4,,"[0.586459, 0.58856, 0.0727459, 0.140445]"
3971,132.36666666666667,00:02:12.36,4,,"[0.586363, 0.588023, 0.0732778, 0.141555]"
3972,132.4,00:02:12.40,4,,"[0.585428, 0.584792, 0.0753328, 0.147853]"
3973,132.43333333333334,00:02:12.43,4,,"[0.585838, 0.583964, 0.0742655, 0.149614]"
3974,132.46666666666667,00:02:12.46,4,,"[0.585565, 0.582657, 0.0752181, 0.152188]"
3975,132.5,00:02:12.50,4,,"[0.585449, 0.580565, 0.0754261, 0.156353]"
3976,132.53333333333333,00:02:12.53,4,,"[0.586165, 0.580398, 0.0742806, 0.157122]"
3977,132.56666666666666,00:02:12.56,4,,"[0.587472, 0.582258, 0.0713364, 0.153805]"
3978,132.6,00:02:12.59,4,,"[0.58638, 0.578286, 0.0727062, 0.160911]"
3979,132.63333333333333,00:02:12.63,4,,"[0.586831, 0.578364, 0.0724275, 0.160592]"
3980,132.66666666666666,00:02:12.66,4,,"[0.587148, 0.576444, 0.0718984, 0.164489]"
3981,132.7,00:02:12.69,4,,"[0.590046, 0.580415, 0.0660223, 0.158498]"
3982,132.73333333333332,00:02:12.73,4,,"[0.589374, 0.576786, 0.0680286, 0.16476]"
3983,132.76666666666668,00:02:12.76,4,,"[0.589039, 0.575633, 0.0681329, 0.166269]"
3984,132.8,00:02:12.80,4,,"[0.589842, 0.576991, 0.0674323, 0.164351]"
3985,132.83333333333334,00:02:12.83,4,,"[0.590426, 0.575922, 0.0662123, 0.166221]"
3986,132.86666666666667,00:02:12.86,4,,"[0.591673, 0.579942, 0.0637426, 0.159103]"
3987,132.9,00:02:12.90,4,,"[0.592613, 0.577046, 0.0621153, 0.165813]"
3988,132.93333333333334,00:02:12.93,4,,"[0.591955, 0.57348, 0.0616342, 0.175924]"
3989,132.96666666666667,00:02:12.96,4,,"[0.591851, 0.570603, 0.0618682, 0.182119]"
3990,133.0,00:02:13.00,4,,"[0.591629, 0.571425, 0.0617576, 0.180619]"
3991,133.03333333333333,00:02:13.03,4,,"[0.592061, 0.576921, 0.0640575, 0.171119]"
3992,133.06666666666666,00:02:13.06,4,,"[0.590839, 0.577086, 0.0654747, 0.167516]"
3993,133.1,00:02:13.09,4,,"[0.59153, 0.577341, 0.0642919, 0.169895]"
3994,133.13333333333333,00:02:13.13,4,,"[0.59201, 0.575159, 0.0622374, 0.170468]"
3995,133.16666666666666,00:02:13.16,4,,"[0.591936, 0.572006, 0.0620912, 0.177406]"
3996,133.2,00:02:13.19,4,,"[0.591491, 0.57072, 0.0625331, 0.180365]"
3997,133.23333333333332,00:02:13.23,4,,"[0.591508, 0.570898, 0.0625156, 0.180292]"
3998,133.26666666666668,00:02:13.26,4,,"[0.59236, 0.572011, 0.0606571, 0.176915]"
3999,133.3,00:02:13.30,4,,"[0.593283, 0.571704, 0.0589458, 0.178554]"
4000,133.33333333333334,00:02:13.33,4,,"[0.592717, 0.568956, 0.0589416, 0.18467]"
4001,133.36666666666667,00:02:13.36,4,,"[0.59441, 0.576387, 0.0560167, 0.169018]"
4002,133.4,00:02:13.40,4,,"[0.594726, 0.574104, 0.0560061, 0.173718]"
4003,133.43333333333334,00:02:13.43,4,,"[0.594236, 0.576465, 0.0560708, 0.168876]"
4004,133.46666666666667,00:02:13.46,4,,"[0.594759, 0.578969, 0.0549667, 0.163435]"
4005,133.5,00:02:13.50,4,,"[0.59339, 0.576539, 0.0564713, 0.166191]"
4006,133.53333333333333,00:02:13.53,4,,"[0.592825, 0.576379, 0.058688, 0.165303]"
4007,133.56666666666666,00:02:13.56,4,,"[0.592607, 0.576776, 0.0596471, 0.164768]"
4008,133.6,00:02:13.59,4,,"[0.592144, 0.576757, 0.0596037, 0.165155]"
4009,133.63333333333333,00:02:13.63,4,,"[0.592169, 0.576877, 0.059034, 0.164933]"
4010,133.66666666666666,00:02:13.66,4,,"[0.592448, 0.576793, 0.058799, 0.165806]"
4011,133.7,00:02:13.69,4,,"[0.592235, 0.575834, 0.0590293, 0.168407]"
4012,133.73333333333332,00:02:13.73,4,,"[0.592242, 0.575954, 0.0591551, 0.168248]"
4013,133.76666666666668,00:02:13.76,4,,"[0.592746, 0.576938, 0.0580123, 0.165939]"
4014,133.8,00:02:13.80,4,,"[0.593456, 0.57614, 0.0566952, 0.168337]"
4015,133.83333333333334,00:02:13.83,4,,"[0.592539, 0.573779, 0.0586004, 0.172694]"
4016,133.86666666666667,00:02:13.86,4,,"[0.592555, 0.57393, 0.0584569, 0.172113]"
4017,133.9,00:02:13.90,4,,"[0.592647, 0.5754, 0.0582503, 0.168459]"
4018,133.93333333333334,00:02:13.93,4,,"[0.592937, 0.575778, 0.0580153, 0.16763]"
4019,133.96666666666667,00:02:13.96,4,,"[0.592844, 0.575286, 0.0578093, 0.169569]"
4020,134.0,00:02:14.00,4,,"[0.593151, 0.576103, 0.0573478, 0.166882]"
4021,134.03333333333333,00:02:14.03,4,,"[0.592998, 0.576549, 0.0577486, 0.164818]"
4022,134.06666666666666,00:02:14.06,4,,"[0.592408, 0.576898, 0.0589119, 0.163486]"
4023,134.1,00:02:14.09,4,,"[0.591675, 0.575812, 0.0606382, 0.16631]"
4024,134.13333333333333,00:02:14.13,4,,"[0.591753, 0.576124, 0.0609634, 0.165623]"
4025,134.16666666666666,00:02:14.16,4,,"[0.591853, 0.575744, 0.0606689, 0.166884]"
4026,134.2,00:02:14.19,4,,"[0.591632, 0.576588, 0.0608931, 0.164428]"
4027,134.23333333333332,00:02:14.23,4,,"[0.59186, 0.57648, 0.0604078, 0.164015]"
4028,134.26666666666668,00:02:14.26,4,,"[0.591968, 0.577331, 0.0603158, 0.162255]"
4029,134.3,00:02:14.30,4,,"[0.591447, 0.577269, 0.0613344, 0.162727]"
4030,134.33333333333334,00:02:14.33,4,,"[0.591617, 0.577219, 0.0609825, 0.163379]"
4031,134.36666666666667,00:02:14.36,4,,"[0.591814, 0.577534, 0.0608507, 0.162179]"
4032,134.4,00:02:14.40,4,,"[0.591733, 0.577104, 0.061035, 0.162615]"
4033,134.43333333333334,00:02:14.43,4,,"[0.592167, 0.578658, 0.0605345, 0.160087]"
4034,134.46666666666667,00:02:14.46,4,,"[0.592301, 0.580707, 0.0602277, 0.155596]"
4035,134.5,00:02:14.50,4,,"[0.591085, 0.577947, 0.062503, 0.161147]"
4036,134.53333333333333,00:02:14.53,4,,"[0.592221, 0.581799, 0.0604712, 0.153468]"
4037,134.56666666666666,00:02:14.56,4,,"[0.591326, 0.581134, 0.0622547, 0.155319]"
4038,134.6,00:02:14.59,4,,"[0.591436, 0.580747, 0.0621042, 0.156904]"
4039,134.63333333333333,00:02:14.63,4,,"[0.59225, 0.581677, 0.0605977, 0.15515]"
4040,134.66666666666666,00:02:14.66,4,,"[0.591539, 0.583072, 0.0617737, 0.15256]"
4041,134.7,00:02:14.69,4,,"[0.590425, 0.583046, 0.0643584, 0.152581]"
4042,134.73333333333332,00:02:14.73,4,,"[0.590267, 0.583263, 0.0646349, 0.152727]"
4043,134.76666666666668,00:02:14.76,4,,"[0.590815, 0.583535, 0.0638432, 0.152246]"
4044,134.8,00:02:14.80,4,,"[0.59181, 0.583932, 0.0617746, 0.151674]"
4045,134.83333333333334,00:02:14.83,4,,"[0.591741, 0.582839, 0.0621389, 0.153328]"
4046,134.86666666666667,00:02:14.86,4,,"[0.59144, 0.582064, 0.0630294, 0.1548]"
4047,134.9,00:02:14.90,4,,"[0.591264, 0.581661, 0.063924, 0.154542]"
4048,134.93333333333334,00:02:14.93,4,,"[0.591341, 0.583323, 0.0645306, 0.150483]"
4049,134.96666666666667,00:02:14.96,4,,"[0.589151, 0.581031, 0.0692022, 0.155068]"
4050,135.0,00:02:15.00,4,,"[0.589316, 0.581153, 0.0688549, 0.154254]"
4053,135.1,00:02:15.09,4,,"[0.587525, 0.579114, 0.0723032, 0.158962]"
4054,135.13333333333333,00:02:15.13,4,,"[0.587474, 0.578528, 0.0713538, 0.15659]"
4055,135.16666666666666,00:02:15.16,4,,"[0.587709, 0.578973, 0.0709117, 0.155145]"
4056,135.2,00:02:15.19,4,,"[0.586588, 0.578027, 0.0722162, 0.157322]"
4057,135.23333333333332,00:02:15.23,4,,"[0.586222, 0.578003, 0.0720963, 0.157044]"
4058,135.26666666666668,00:02:15.26,4,,"[0.586312, 0.578243, 0.0718838, 0.157365]"
4059,135.3,00:02:15.30,4,,"[0.587017, 0.580481, 0.0696528, 0.15221]"
4060,135.33333333333334,00:02:15.33,4,,"[0.586148, 0.584712, 0.0718716, 0.146856]"
4061,135.36666666666667,00:02:15.36,4,,"[0.584742, 0.583808, 0.0741823, 0.14875]"
4062,135.4,00:02:15.40,4,,"[0.584553, 0.58267, 0.0739685, 0.151072]"
4063,135.43333333333334,00:02:15.43,4,,"[0.585023, 0.585668, 0.072783, 0.145443]"
4064,135.46666666666667,00:02:15.46,4,,"[0.585441, 0.584431, 0.0724607, 0.148136]"
4065,135.5,00:02:15.50,4,,"[0.5849, 0.587628, 0.0741789, 0.141512]"
4066,135.53333333333333,00:02:15.53,4,,"[0.584143, 0.58869, 0.0765951, 0.138991]"
4067,135.56666666666666,00:02:15.56,4,,"[0.584115, 0.58801, 0.0768653, 0.140592]"
4068,135.6,00:02:15.59,4,,"[0.586097, 0.58937, 0.0727266, 0.137921]"
4069,135.63333333333333,00:02:15.63,4,,"[0.584509, 0.589255, 0.0760183, 0.138623]"
4070,135.66666666666666,00:02:15.66,4,,"[0.585272, 0.590254, 0.0739321, 0.136329]"
4071,135.7,00:02:15.69,4,,"[0.583631, 0.588873, 0.0766599, 0.13916]"
4072,135.73333333333332,00:02:15.73,4,,"[0.582186, 0.587873, 0.0796566, 0.139821]"
4073,135.76666666666668,00:02:15.76,4,,"[0.583199, 0.590444, 0.0773602, 0.135533]"
4074,135.8,00:02:15.80,4,,"[0.583503, 0.590795, 0.0763832, 0.135572]"
4075,135.83333333333334,00:02:15.83,4,,"[0.583165, 0.590856, 0.0763121, 0.134473]"
4076,135.86666666666667,00:02:15.86,4,,"[0.581281, 0.588512, 0.0799194, 0.139145]"
4077,135.9,00:02:15.90,4,,"[0.581448, 0.588581, 0.079061, 0.139529]"
4078,135.93333333333334,00:02:15.93,4,,"[0.58436, 0.591378, 0.0732925, 0.135803]"
4079,135.96666666666667,00:02:15.96,4,,"[0.585053, 0.591262, 0.0717539, 0.137336]"
4080,136.0,00:02:16.00,4,,"[0.584667, 0.589462, 0.0730533, 0.141782]"
4081,136.03333333333333,00:02:16.03,4,,"[0.583799, 0.587574, 0.0741723, 0.144011]"
4082,136.06666666666666,00:02:16.06,4,,"[0.584943, 0.5892, 0.0721792, 0.140161]"
4083,136.1,00:02:16.09,4,,"[0.58403, 0.585287, 0.0751335, 0.145312]"
4084,136.13333333333333,00:02:16.13,4,,"[0.584102, 0.583788, 0.0755924, 0.148129]"
4085,136.16666666666666,00:02:16.16,4,,"[0.583943, 0.583834, 0.0760892, 0.147472]"
4086,136.2,00:02:16.19,4,,"[0.583523, 0.583886, 0.0770199, 0.146328]"
4087,136.23333333333332,00:02:16.23,4,,"[0.583676, 0.583997, 0.07668, 0.146352]"
4088,136.26666666666668,00:02:16.26,4,,"[0.584881, 0.586801, 0.07519, 0.143291]"
4089,136.3,00:02:16.30,4,,"[0.585549, 0.587519, 0.0738888, 0.142161]"
4090,136.33333333333334,00:02:16.33,4,,"[0.584739, 0.58658, 0.0756866, 0.144143]"
4091,136.36666666666667,00:02:16.36,4,,"[0.583178, 0.585952, 0.0787043, 0.144951]"
4092,136.4,00:02:16.40,4,,"[0.58716, 0.591237, 0.0701165, 0.135015]"
4093,136.43333333333334,00:02:16.43,4,,"[0.586773, 0.591063, 0.0706844, 0.135455]"
4094,136.46666666666667,00:02:16.46,4,,"[0.585037, 0.588258, 0.0730935, 0.138822]"
4095,136.5,00:02:16.50,4,,"[0.586338, 0.590546, 0.0710796, 0.13639]"
4096,136.53333333333333,00:02:16.53,4,,"[0.585243, 0.588907, 0.0734603, 0.138781]"
4097,136.56666666666666,00:02:16.56,4,,"[0.586232, 0.590303, 0.0719589, 0.137636]"
4098,136.6,00:02:16.59,4,,"[0.585833, 0.589717, 0.0721155, 0.137321]"
4099,136.63333333333333,00:02:16.63,4,,"[0.586089, 0.590518, 0.0721493, 0.137247]"
4100,136.66666666666666,00:02:16.66,4,,"[0.58485, 0.588299, 0.0739977, 0.139059]"
4101,136.7,00:02:16.69,4,,"[0.587189, 0.591525, 0.0701961, 0.134623]"
4102,136.73333333333332,00:02:16.73,4,,"[0.58805, 0.591374, 0.0686963, 0.135654]"
4103,136.76666666666668,00:02:16.76,4,,"[0.588021, 0.591478, 0.0687176, 0.135516]"
4104,136.8,00:02:16.80,4,,"[0.587767, 0.590325, 0.0684336, 0.136556]"
4105,136.83333333333334,00:02:16.83,4,,"[0.586878, 0.586252, 0.0700759, 0.140136]"
4106,136.86666666666667,00:02:16.86,4,,"[0.589193, 0.588616, 0.0661654, 0.138053]"
4107,136.9,00:02:16.90,4,,"[0.588842, 0.58402, 0.0651459, 0.14279]"
4108,136.93333333333334,00:02:16.93,4,,"[0.584619, 0.570452, 0.0742356, 0.172406]"
4109,136.96666666666667,00:02:16.96,4,,"[0.584955, 0.570735, 0.073755, 0.171711]"
4110,137.0,00:02:17.00,4,,"[0.587363, 0.573707, 0.0695098, 0.164704]"
4111,137.03333333333333,00:02:17.03,4,,"[0.5877, 0.572329, 0.0682125, 0.168098]"
4112,137.06666666666666,00:02:17.06,4,,"[0.588996, 0.57486, 0.066173, 0.162798]"
4113,137.1,00:02:17.09,4,,"[0.59056, 0.579093, 0.0643134, 0.153777]"
4114,137.13333333333333,00:02:17.13,4,,"[0.590663, 0.579585, 0.0642956, 0.153046]"
4115,137.16666666666666,00:02:17.16,4,,"[0.593758, 0.589582, 0.0591972, 0.135504]"
4116,137.2,00:02:17.19,4,,"[0.593053, 0.586158, 0.060651, 0.141998]"
4117,137.23333333333332,00:02:17.23,4,,"[0.59371, 0.586053, 0.0608853, 0.143227]"
4118,137.26666666666668,00:02:17.26,4,,"[0.59344, 0.586681, 0.0608034, 0.140771]"
4119,137.3,00:02:17.30,4,,"[0.593803, 0.588118, 0.0587626, 0.13694]"
4120,137.33333333333334,00:02:17.33,4,,"[0.594316, 0.587288, 0.0582033, 0.139784]"
4121,137.36666666666667,00:02:17.36,4,,"[0.595864, 0.58847, 0.0566221, 0.137489]"
4122,137.4,00:02:17.40,4,,"[0.596293, 0.588621, 0.0550562, 0.136842]"
4123,137.43333333333334,00:02:17.43,4,,"[0.596691, 0.589679, 0.0537528, 0.133438]"
4124,137.46666666666667,00:02:17.46,4,,"[0.595741, 0.589024, 0.0554989, 0.134767]"
4125,137.5,00:02:17.50,4,,"[0.59403, 0.583741, 0.058491, 0.145007]"
4126,137.53333333333333,00:02:17.53,4,,"[0.595453, 0.586472, 0.0555087, 0.139137]"
4127,137.56666666666666,00:02:17.56,4,,"[0.59537, 0.581917, 0.0565259, 0.150712]"
4128,137.6,00:02:17.59,4,,"[0.59437, 0.577859, 0.058838, 0.158607]"
4129,137.63333333333333,00:02:17.63,4,,"[0.596211, 0.582385, 0.05333, 0.151513]"
4130,137.66666666666666,00:02:17.66,4,,"[0.596574, 0.584307, 0.0519477, 0.146232]"
4131,137.7,00:02:17.69,4,,"[0.596314, 0.583035, 0.0519227, 0.148619]"
4132,137.73333333333332,00:02:17.73,4,,"[0.596917, 0.587422, 0.0520115, 0.139386]"
4133,137.76666666666668,00:02:17.76,4,,"[0.597385, 0.592201, 0.0503693, 0.129775]"
4134,137.8,00:02:17.80,4,,"[0.595701, 0.58894, 0.0539619, 0.135643]"
4135,137.83333333333334,00:02:17.83,4,,"[0.595555, 0.587814, 0.0536469, 0.138239]"
4136,137.86666666666667,00:02:17.86,4,,"[0.59668, 0.587671, 0.0530206, 0.138615]"
4137,137.9,00:02:17.90,4,,"[0.59795, 0.586984, 0.0509392, 0.141821]"
4138,137.93333333333334,00:02:17.93,4,,"[0.59796, 0.58466, 0.0507286, 0.147234]"
4139,137.96666666666667,00:02:17.96,4,,"[0.597868, 0.583873, 0.0510632, 0.149109]"
4142,138.06666666666666,00:02:18.06,4,,"[0.593608, 0.56257, 0.0596066, 0.189235]"
4143,138.1,00:02:18.09,4,,"[0.592717, 0.562602, 0.0577148, 0.189002]"
4144,138.13333333333333,00:02:18.13,4,,"[0.59048, 0.559054, 0.0592701, 0.198756]"
4147,138.23333333333332,00:02:18.23,2,,"[0.586469, 0.567191, 0.0706787, 0.168563]"
4336,144.53333333333333,00:02:24.53,1,,"[0.537841, 0.558157, 0.156528, 0.114023]"
4337,144.56666666666666,00:02:24.56,1,,"[0.537077, 0.559283, 0.157324, 0.109785]"
4338,144.6,00:02:24.59,1,,"[0.538457, 0.563722, 0.159259, 0.119141]"
4339,144.63333333333333,00:02:24.63,1,,"[0.536277, 0.560261, 0.156613, 0.110523]"
4340,144.66666666666666,00:02:24.66,1,,"[0.541013, 0.566616, 0.158983, 0.123212]"
4341,144.7,00:02:24.69,1,,"[0.54136, 0.573919, 0.157145, 0.139225]"
4342,144.73333333333332,00:02:24.73,1,,"[0.541615, 0.573639, 0.156426, 0.139287]"
4343,144.76666666666668,00:02:24.76,1,,"[0.542127, 0.575049, 0.15575, 0.140984]"
4344,144.8,00:02:24.80,1,,"[0.542162, 0.575645, 0.154358, 0.140743]"
4345,144.83333333333334,00:02:24.83,1,,"[0.542207, 0.577899, 0.155817, 0.142448]"
4346,144.86666666666667,00:02:24.86,1,,"[0.542343, 0.580225, 0.156919, 0.13784]"
4347,144.9,00:02:24.90,1,,"[0.54389, 0.58137, 0.153511, 0.132735]"
4348,144.93333333333334,00:02:24.93,1,,"[0.544307, 0.581946, 0.154934, 0.131655]"
4349,144.96666666666667,00:02:24.96,1,,"[0.544744, 0.579552, 0.153237, 0.131577]"
4350,145.0,00:02:25.00,1,,"[0.544526, 0.581601, 0.150492, 0.127665]"
4351,145.03333333333333,00:02:25.03,1,,"[0.545067, 0.58, 0.144244, 0.127415]"
4352,145.06666666666666,00:02:25.06,1,,"[0.549256, 0.58019, 0.136726, 0.127571]"
4353,145.1,00:02:25.09,1,,"[0.550546, 0.578337, 0.132833, 0.136844]"
4354,145.13333333333333,00:02:25.13,1,,"[0.551947, 0.578824, 0.132372, 0.141575]"
4355,145.16666666666666,00:02:25.16,1,,"[0.557105, 0.576014, 0.122311, 0.149354]"
4356,145.2,00:02:25.19,1,,"[0.55954, 0.572056, 0.117131, 0.156112]"
4357,145.23333333333332,00:02:25.23,1,,"[0.564433, 0.563332, 0.108487, 0.17379]"
4358,145.26666666666668,00:02:25.26,1,,"[0.566338, 0.559512, 0.106467, 0.180822]"
4359,145.3,00:02:25.30,1,,"[0.570919, 0.558615, 0.0972061, 0.185275]"
4360,145.33333333333334,00:02:25.33,1,,"[0.574342, 0.556429, 0.0943514, 0.192169]"
4361,145.36666666666667,00:02:25.36,1,,"[0.57762, 0.555897, 0.0888004, 0.192159]"
4362,145.4,00:02:25.40,1,,"[0.580305, 0.554009, 0.0839158, 0.195856]"
4363,145.43333333333334,00:02:25.43,1,,"[0.584236, 0.555997, 0.0765675, 0.205583]"
4364,145.46666666666667,00:02:25.46,1,,"[0.58652, 0.552778, 0.0717475, 0.209346]"
4365,145.5,00:02:25.50,1,,"[0.58885, 0.547927, 0.0695782, 0.212026]"
4366,145.53333333333333,00:02:25.53,1,,"[0.591011, 0.551679, 0.0662508, 0.219679]"
4367,145.56666666666666,00:02:25.56,1,,"[0.592996, 0.550217, 0.0620616, 0.220429]"
4368,145.6,00:02:25.59,1,,"[0.594861, 0.552544, 0.0596317, 0.217246]"
4369,145.63333333333333,00:02:25.63,1,,"[0.594622, 0.553186, 0.0596338, 0.216427]"
4370,145.66666666666666,00:02:25.66,1,,"[0.594378, 0.556153, 0.0612818, 0.21605]"
4371,145.7,00:02:25.69,1,,"[0.592917, 0.559193, 0.0647315, 0.210404]"
4372,145.73333333333332,00:02:25.73,1,,"[0.591199, 0.561757, 0.0671401, 0.204959]"
4373,145.76666666666668,00:02:25.76,1,,"[0.590028, 0.559144, 0.0682381, 0.191696]"
4374,145.8,00:02:25.80,1,,"[0.589255, 0.559912, 0.070081, 0.188493]"
4375,145.83333333333334,00:02:25.83,1,,"[0.589338, 0.559871, 0.0700317, 0.188318]"
4376,145.86666666666667,00:02:25.86,1,,"[0.588428, 0.55987, 0.0719479, 0.18544]"
4377,145.9,00:02:25.90,1,,"[0.588083, 0.559971, 0.0728321, 0.185285]"
4378,145.93333333333334,00:02:25.93,1,,"[0.588391, 0.561258, 0.0725266, 0.182876]"
4379,145.96666666666667,00:02:25.96,1,,"[0.589418, 0.563961, 0.0706558, 0.178598]"
4380,146.0,00:02:26.00,1,,"[0.589652, 0.56497, 0.0701322, 0.175663]"
4381,146.03333333333333,00:02:26.03,1,,"[0.589639, 0.565518, 0.0699726, 0.175004]"
4382,146.06666666666666,00:02:26.06,1,,"[0.590029, 0.564754, 0.0694784, 0.174298]"
4383,146.1,00:02:26.09,1,,"[0.590947, 0.564554, 0.0681887, 0.173774]"
4384,146.13333333333333,00:02:26.13,1,,"[0.591483, 0.565606, 0.0663025, 0.182715]"
4385,146.16666666666666,00:02:26.16,1,,"[0.591795, 0.564762, 0.0651947, 0.183546]"
4386,146.2,00:02:26.19,1,,"[0.592107, 0.564325, 0.0643456, 0.183868]"
4387,146.23333333333332,00:02:26.23,1,,"[0.592773, 0.566074, 0.0640179, 0.180583]"
4388,146.26666666666668,00:02:26.26,1,,"[0.592622, 0.566497, 0.064569, 0.175142]"
4389,146.3,00:02:26.30,1,,"[0.591724, 0.567695, 0.0657607, 0.173758]"
4390,146.33333333333334,00:02:26.33,1,,"[0.591748, 0.566024, 0.0668304, 0.171584]"
4391,146.36666666666667,00:02:26.36,1,,"[0.591199, 0.56628, 0.0680307, 0.171657]"
4392,146.4,00:02:26.40,1,,"[0.590638, 0.567403, 0.0688503, 0.169923]"
4393,146.43333333333334,00:02:26.43,1,,"[0.590134, 0.56962, 0.070222, 0.167327]"
4394,146.46666666666667,00:02:26.46,1,,"[0.588816, 0.570184, 0.0726582, 0.167]"
4395,146.5,00:02:26.50,1,,"[0.588443, 0.571405, 0.073362, 0.163695]"
4396,146.53333333333333,00:02:26.53,1,,"[0.587476, 0.572516, 0.0753977, 0.161525]"
4397,146.56666666666666,00:02:26.56,1,,"[0.586065, 0.572459, 0.0775087, 0.161539]"
4398,146.6,00:02:26.59,1,,"[0.585119, 0.572424, 0.0784662, 0.161076]"
4399,146.63333333333333,00:02:26.63,1,,"[0.584023, 0.572846, 0.080316, 0.15988]"
4400,146.66666666666666,00:02:26.66,1,,"[0.582866, 0.573935, 0.082106, 0.156813]"
4401,146.7,00:02:26.69,1,,"[0.582832, 0.574082, 0.0820543, 0.156548]"
4402,146.73333333333332,00:02:26.73,1,,"[0.582165, 0.573753, 0.082397, 0.15729]"
4403,146.76666666666668,00:02:26.76,1,,"[0.581713, 0.573374, 0.082344, 0.156122]"
4404,146.8,00:02:26.80,1,,"[0.581024, 0.573159, 0.0832182, 0.1571]"
4405,146.83333333333334,00:02:26.83,1,,"[0.58115, 0.572633, 0.0832295, 0.157891]"
4406,146.86666666666667,00:02:26.86,1,,"[0.580848, 0.573219, 0.0830285, 0.158847]"
4407,146.9,00:02:26.90,1,,"[0.581111, 0.574208, 0.083394, 0.157515]"
4408,146.93333333333334,00:02:26.93,1,,"[0.58102, 0.575236, 0.0834019, 0.156107]"
4409,146.96666666666667,00:02:26.96,1,,"[0.580544, 0.575257, 0.0838481, 0.155023]"
4410,147.0,00:02:27.00,1,,"[0.580132, 0.575821, 0.0838238, 0.153337]"
4411,147.03333333333333,00:02:27.03,1,,"[0.579796, 0.576158, 0.0841627, 0.153181]"
4412,147.06666666666666,00:02:27.06,1,,"[0.579272, 0.575835, 0.0847929, 0.1537]"
4413,147.1,00:02:27.09,1,,"[0.578846, 0.576078, 0.0852346, 0.153352]"
4414,147.13333333333333,00:02:27.13,1,,"[0.578693, 0.575748, 0.0855477, 0.15403]"
4415,147.16666666666666,00:02:27.16,1,,"[0.57866, 0.575899, 0.0858446, 0.153513]"
4416,147.2,00:02:27.19,1,,"[0.578669, 0.575815, 0.0857564, 0.152719]"
4417,147.23333333333332,00:02:27.23,1,,"[0.578929, 0.57491, 0.0852843, 0.153747]"
4418,147.26666666666668,00:02:27.26,1,,"[0.579536, 0.573742, 0.0840525, 0.154152]"
4419,147.3,00:02:27.30,1,,"[0.579687, 0.57229, 0.0840588, 0.155663]"
4420,147.33333333333334,00:02:27.33,1,,"[0.580476, 0.573073, 0.0836457, 0.15517]"
4421,147.36666666666667,00:02:27.36,1,,"[0.580461, 0.573455, 0.0833174, 0.153755]"
4422,147.4,00:02:27.40,1,,"[0.580606, 0.573117, 0.0834736, 0.153791]"
4423,147.43333333333334,00:02:27.43,1,,"[0.580602, 0.572649, 0.0834908, 0.154605]"
4424,147.46666666666667,00:02:27.46,1,,"[0.580554, 0.572708, 0.0833193, 0.154546]"
4425,147.5,00:02:27.50,1,,"[0.580536, 0.572454, 0.0833194, 0.153722]"
4426,147.53333333333333,00:02:27.53,1,,"[0.580289, 0.571835, 0.083186, 0.154751]"
4427,147.56666666666666,00:02:27.56,1,,"[0.580039, 0.57155, 0.0838551, 0.156306]"
4428,147.6,00:02:27.59,1,,"[0.579643, 0.570406, 0.0840721, 0.156554]"
4429,147.63333333333333,00:02:27.63,1,,"[0.579422, 0.570474, 0.0844935, 0.156528]"
4430,147.66666666666666,00:02:27.66,1,,"[0.579194, 0.570637, 0.0849546, 0.156636]"
4431,147.7,00:02:27.69,1,,"[0.579207, 0.570767, 0.0850711, 0.156721]"
4432,147.73333333333332,00:02:27.73,1,,"[0.57913, 0.570753, 0.0852219, 0.156735]"
4433,147.76666666666668,00:02:27.76,1,,"[0.579117, 0.57065, 0.0851877, 0.156843]"
4434,147.8,00:02:27.80,1,,"[0.579281, 0.570596, 0.0849484, 0.157199]"
4435,147.83333333333334,00:02:27.83,1,,"[0.579767, 0.570017, 0.0843559, 0.159368]"
4436,147.86666666666667,00:02:27.86,1,,"[0.579681, 0.569356, 0.0844706, 0.160469]"
4437,147.9,00:02:27.90,1,,"[0.579843, 0.568419, 0.0841668, 0.162089]"
4438,147.93333333333334,00:02:27.93,1,,"[0.580645, 0.567617, 0.0827649, 0.162302]"
4439,147.96666666666667,00:02:27.96,1,,"[0.581153, 0.566539, 0.0817521, 0.168316]"
4440,148.0,00:02:28.00,1,,"[0.582475, 0.566714, 0.079479, 0.169179]"
4441,148.03333333333333,00:02:28.03,1,,"[0.583336, 0.566518, 0.0784639, 0.170024]"
4442,148.06666666666666,00:02:28.06,1,,"[0.583899, 0.56739, 0.0779034, 0.169533]"
4443,148.1,00:02:28.09,1,,"[0.584162, 0.567805, 0.077527, 0.168811]"
4444,148.13333333333333,00:02:28.13,1,,"[0.583735, 0.567039, 0.0785298, 0.169361]"
4445,148.16666666666666,00:02:28.16,1,,"[0.583819, 0.56811, 0.0783189, 0.166566]"
4446,148.2,00:02:28.19,1,,"[0.583059, 0.568074, 0.0787003, 0.166009]"
4447,148.23333333333332,00:02:28.23,1,,"[0.582297, 0.568659, 0.0786549, 0.162445]"
4448,148.26666666666668,00:02:28.26,1,,"[0.581063, 0.569605, 0.0809803, 0.158544]"
4449,148.3,00:02:28.30,1,,"[0.580053, 0.56903, 0.0832153, 0.160276]"
4450,148.33333333333334,00:02:28.33,1,,"[0.579547, 0.570167, 0.0839195, 0.159176]"
4451,148.36666666666667,00:02:28.36,1,,"[0.57864, 0.570916, 0.0854296, 0.158536]"
4452,148.4,00:02:28.40,1,,"[0.578107, 0.570765, 0.0863672, 0.159069]"
4453,148.43333333333334,00:02:28.43,1,,"[0.577459, 0.570665, 0.0873879, 0.158837]"
4454,148.46666666666667,00:02:28.46,1,,"[0.577271, 0.570553, 0.0873806, 0.158695]"
4455,148.5,00:02:28.50,1,,"[0.577165, 0.57066, 0.0877349, 0.158556]"
4456,148.53333333333333,00:02:28.53,1,,"[0.577148, 0.570591, 0.0876723, 0.158131]"
4457,148.56666666666666,00:02:28.56,1,,"[0.576828, 0.570734, 0.0878378, 0.157714]"
4458,148.6,00:02:28.59,1,,"[0.576635, 0.570454, 0.0879907, 0.15708]"
4459,148.63333333333333,00:02:28.63,1,,"[0.576534, 0.571163, 0.0880153, 0.156762]"
4460,148.66666666666666,00:02:28.66,1,,"[0.576463, 0.571476, 0.0879068, 0.156434]"
4461,148.7,00:02:28.69,1,,"[0.576369, 0.571632, 0.0880342, 0.156364]"
4462,148.73333333333332,00:02:28.73,1,,"[0.576426, 0.57135, 0.0880542, 0.156018]"
4463,148.76666666666668,00:02:28.76,1,,"[0.57635, 0.571493, 0.088273, 0.156343]"
4464,148.8,00:02:28.80,1,,"[0.576243, 0.57133, 0.0880753, 0.155727]"
4465,148.83333333333334,00:02:28.83,1,,"[0.576211, 0.571712, 0.0884596, 0.1565]"
4466,148.86666666666667,00:02:28.86,1,,"[0.576018, 0.571962, 0.0885513, 0.156351]"
4467,148.9,00:02:28.90,1,,"[0.575989, 0.572192, 0.088582, 0.155765]"
4468,148.93333333333334,00:02:28.93,1,,"[0.575965, 0.572188, 0.088481, 0.155383]"
4469,148.96666666666667,00:02:28.96,1,,"[0.575942, 0.572053, 0.0886392, 0.155532]"
4470,149.0,00:02:29.00,1,,"[0.575878, 0.57202, 0.0887926, 0.155442]"
4471,149.03333333333333,00:02:29.03,1,,"[0.576088, 0.572207, 0.0884298, 0.155437]"
4472,149.06666666666666,00:02:29.06,1,,"[0.576146, 0.572243, 0.0886582, 0.155289]"
4473,149.1,00:02:29.09,1,,"[0.575858, 0.572411, 0.0889367, 0.15508]"
4474,149.13333333333333,00:02:29.13,1,,"[0.575676, 0.572121, 0.0892498, 0.154483]"
4475,149.16666666666666,00:02:29.16,1,,"[0.575551, 0.57203, 0.0894888, 0.153781]"
4476,149.2,00:02:29.19,1,,"[0.575534, 0.57186, 0.0894369, 0.154001]"
4477,149.23333333333332,00:02:29.23,1,,"[0.575609, 0.572033, 0.0894543, 0.153698]"
4478,149.26666666666668,00:02:29.26,1,,"[0.575612, 0.57182, 0.0894383, 0.153832]"
4479,149.3,00:02:29.30,1,,"[0.575665, 0.571811, 0.0893339, 0.153572]"
4480,149.33333333333334,00:02:29.33,1,,"[0.575661, 0.57176, 0.0893908, 0.153402]"
4481,149.36666666666667,00:02:29.36,1,,"[0.575671, 0.572099, 0.0895783, 0.15368]"
4482,149.4,00:02:29.40,1,,"[0.57567, 0.572172, 0.0896748, 0.153646]"
4483,149.43333333333334,00:02:29.43,1,,"[0.575609, 0.571989, 0.0895514, 0.154002]"
4484,149.46666666666667,00:02:29.46,1,,"[0.575757, 0.571917, 0.0893933, 0.15414]"
4485,149.5,00:02:29.50,1,,"[0.57585, 0.571985, 0.0893057, 0.154481]"
4486,149.53333333333333,00:02:29.53,1,,"[0.576154, 0.572288, 0.0892256, 0.155125]"
4487,149.56666666666666,00:02:29.56,1,,"[0.57632, 0.571963, 0.0886593, 0.155941]"
4488,149.6,00:02:29.59,1,,"[0.576347, 0.572054, 0.0887413, 0.156125]"
4489,149.63333333333333,00:02:29.63,1,,"[0.576354, 0.572182, 0.0891171, 0.156344]"
4490,149.66666666666666,00:02:29.66,1,,"[0.576304, 0.572361, 0.0891826, 0.156352]"
4491,149.7,00:02:29.69,1,,"[0.576001, 0.571866, 0.0896845, 0.157175]"
4492,149.73333333333332,00:02:29.73,1,,"[0.576144, 0.571611, 0.0894127, 0.158127]"
4493,149.76666666666668,00:02:29.76,1,,"[0.576148, 0.57126, 0.0897028, 0.159434]"
4494,149.8,00:02:29.80,1,,"[0.575447, 0.570421, 0.0903235, 0.159761]"
4495,149.83333333333334,00:02:29.83,1,,"[0.574436, 0.56983, 0.093329, 0.160349]"
4496,149.86666666666667,00:02:29.86,1,,"[0.574176, 0.569113, 0.0940617, 0.1617]"
4497,149.9,00:02:29.90,1,,"[0.574183, 0.569045, 0.0941563, 0.16205]"
4498,149.93333333333334,00:02:29.93,1,,"[0.574513, 0.569162, 0.0933184, 0.162238]"
4499,149.96666666666667,00:02:29.96,1,,"[0.574606, 0.569292, 0.0935194, 0.160846]"
4500,150.0,00:02:30.00,1,,"[0.574359, 0.568825, 0.0939776, 0.160835]"
4501,150.03333333333333,00:02:30.03,1,,"[0.574835, 0.570092, 0.0932928, 0.15875]"
4502,150.06666666666666,00:02:30.06,1,,"[0.574414, 0.57067, 0.093388, 0.159289]"
4503,150.1,00:02:30.09,1,,"[0.574555, 0.571433, 0.0929205, 0.158013]"
4504,150.13333333333333,00:02:30.13,1,,"[0.57459, 0.571973, 0.0927835, 0.157108]"
4505,150.16666666666666,00:02:30.16,1,,"[0.574659, 0.572118, 0.0929902, 0.157362]"
4506,150.2,00:02:30.19,1,,"[0.574609, 0.572563, 0.0931833, 0.155417]"
4507,150.23333333333332,00:02:30.23,1,,"[0.573908, 0.57351, 0.0941341, 0.152659]"
4508,150.26666666666668,00:02:30.26,1,,"[0.573019, 0.574196, 0.0947935, 0.150866]"
4509,150.3,00:02:30.30,1,,"[0.573209, 0.574641, 0.0944113, 0.15065]"
4510,150.33333333333334,00:02:30.33,1,,"[0.573584, 0.57459, 0.0938424, 0.151037]"
4511,150.36666666666667,00:02:30.36,1,,"[0.573812, 0.575139, 0.0941927, 0.150404]"
4512,150.4,00:02:30.40,1,,"[0.574694, 0.575964, 0.0928246, 0.150086]"
4513,150.43333333333334,00:02:30.43,1,,"[0.574802, 0.57653, 0.0928464, 0.149739]"
4514,150.46666666666667,00:02:30.46,1,,"[0.574134, 0.57857, 0.0940081, 0.145722]"
4515,150.5,00:02:30.50,1,,"[0.57365, 0.579776, 0.0948837, 0.142608]"
4516,150.53333333333333,00:02:30.53,1,,"[0.572776, 0.583312, 0.0941928, 0.136867]"
4517,150.56666666666666,00:02:30.56,1,,"[0.569764, 0.584948, 0.0988853, 0.134764]"
4518,150.6,00:02:30.59,1,,"[0.568539, 0.588871, 0.100264, 0.12982]"
4519,150.63333333333333,00:02:30.63,1,,"[0.56802, 0.5925, 0.101551, 0.123585]"
4520,150.66666666666666,00:02:30.66,1,,"[0.566438, 0.592758, 0.103299, 0.123604]"
4521,150.7,00:02:30.69,1,,"[0.566333, 0.593859, 0.104496, 0.121168]"
4522,150.73333333333332,00:02:30.73,1,,"[0.566127, 0.594045, 0.104998, 0.120192]"
4523,150.76666666666668,00:02:30.76,1,,"[0.565772, 0.59335, 0.105522, 0.121671]"
4524,150.8,00:02:30.80,1,,"[0.563787, 0.590969, 0.10981, 0.124919]"
4525,150.83333333333334,00:02:30.83,1,,"[0.563085, 0.58632, 0.111977, 0.133329]"
4526,150.86666666666667,00:02:30.86,1,,"[0.562789, 0.583975, 0.110671, 0.134711]"
4527,150.9,00:02:30.90,1,,"[0.563788, 0.581811, 0.108992, 0.139687]"
4528,150.93333333333334,00:02:30.93,1,,"[0.565067, 0.58161, 0.10621, 0.139711]"
4529,150.96666666666667,00:02:30.96,1,,"[0.566127, 0.582152, 0.104517, 0.140142]"
4530,151.0,00:02:31.00,1,,"[0.56691, 0.580311, 0.101875, 0.142899]"
4531,151.03333333333333,00:02:31.03,1,,"[0.568109, 0.57838, 0.0997873, 0.146505]"
4532,151.06666666666666,00:02:31.06,1,,"[0.569549, 0.577991, 0.100048, 0.147567]"
4533,151.1,00:02:31.09,1,,"[0.569895, 0.577788, 0.0994421, 0.147714]"
4534,151.13333333333333,00:02:31.13,1,,"[0.571853, 0.578796, 0.0970561, 0.14656]"
4535,151.16666666666666,00:02:31.16,1,,"[0.571729, 0.579104, 0.0973263, 0.146504]"
4536,151.2,00:02:31.19,1,,"[0.57182, 0.580122, 0.096244, 0.145641]"
4537,151.23333333333332,00:02:31.23,1,,"[0.571822, 0.580682, 0.0966089, 0.145029]"
4538,151.26666666666668,00:02:31.26,1,,"[0.571764, 0.580155, 0.0979786, 0.144517]"
4539,151.3,00:02:31.30,1,,"[0.571734, 0.58024, 0.0977404, 0.144882]"
4540,151.33333333333334,00:02:31.33,1,,"[0.571605, 0.580907, 0.0981358, 0.143422]"
4541,151.36666666666667,00:02:31.36,1,,"[0.571542, 0.580661, 0.0968031, 0.143937]"
4542,151.4,00:02:31.40,1,,"[0.571579, 0.580787, 0.0963854, 0.143839]"
4543,151.43333333333334,00:02:31.43,1,,"[0.571579, 0.580999, 0.096254, 0.143531]"
4544,151.46666666666667,00:02:31.46,1,,"[0.571042, 0.581437, 0.0981331, 0.142516]"
4545,151.5,00:02:31.50,1,,"[0.571272, 0.581417, 0.0972202, 0.142011]"
4546,151.53333333333333,00:02:31.53,1,,"[0.571201, 0.581465, 0.09757, 0.142115]"
4547,151.56666666666666,00:02:31.56,1,,"[0.571336, 0.581828, 0.0974732, 0.141955]"
4548,151.6,00:02:31.59,1,,"[0.571251, 0.581628, 0.0974626, 0.14176]"
4549,151.63333333333333,00:02:31.63,1,,"[0.571335, 0.581577, 0.0976864, 0.141898]"
4550,151.66666666666666,00:02:31.66,1,,"[0.571544, 0.581423, 0.0975893, 0.141509]"
4551,151.7,00:02:31.69,1,,"[0.572193, 0.581687, 0.0952969, 0.141163]"
4552,151.73333333333332,00:02:31.73,1,,"[0.571971, 0.581896, 0.0960882, 0.141597]"
4553,151.76666666666668,00:02:31.76,1,,"[0.572334, 0.582197, 0.095637, 0.141392]"
4554,151.8,00:02:31.80,1,,"[0.572781, 0.582038, 0.0953686, 0.141294]"
4555,151.83333333333334,00:02:31.83,1,,"[0.572896, 0.58191, 0.0950975, 0.141436]"
4556,151.86666666666667,00:02:31.86,1,,"[0.572955, 0.581948, 0.0951971, 0.142351]"
4557,151.9,00:02:31.90,1,,"[0.572522, 0.582029, 0.0962145, 0.142706]"
4558,151.93333333333334,00:02:31.93,1,,"[0.571663, 0.582767, 0.0975745, 0.141877]"
4559,151.96666666666667,00:02:31.96,1,,"[0.570569, 0.582794, 0.0992584, 0.141718]"
4560,152.0,00:02:32.00,1,,"[0.569404, 0.583158, 0.101079, 0.141037]"
4561,152.03333333333333,00:02:32.03,1,,"[0.570076, 0.582638, 0.0999996, 0.14263]"
4562,152.06666666666666,00:02:32.06,1,,"[0.570901, 0.580684, 0.0991031, 0.146728]"
4563,152.1,00:02:32.09,1,,"[0.571865, 0.579268, 0.097729, 0.14795]"
4564,152.13333333333333,00:02:32.13,1,,"[0.572409, 0.577411, 0.096579, 0.149085]"
4565,152.16666666666666,00:02:32.16,1,,"[0.573139, 0.576526, 0.0966806, 0.152346]"
4566,152.2,00:02:32.19,1,,"[0.573408, 0.576414, 0.0965973, 0.152946]"
4567,152.23333333333332,00:02:32.23,1,,"[0.574557, 0.57564, 0.0946192, 0.154094]"
4568,152.26666666666668,00:02:32.26,1,,"[0.574547, 0.57527, 0.0949524, 0.15477]"
4569,152.3,00:02:32.30,1,,"[0.574489, 0.574832, 0.0949444, 0.155403]"
4570,152.33333333333334,00:02:32.33,1,,"[0.574754, 0.573481, 0.0940751, 0.157303]"
4571,152.36666666666667,00:02:32.36,1,,"[0.575092, 0.572906, 0.093737, 0.159745]"
4572,152.4,00:02:32.40,1,,"[0.575476, 0.572256, 0.0929632, 0.161109]"
4573,152.43333333333334,00:02:32.43,1,,"[0.576143, 0.572466, 0.0916336, 0.161532]"
4574,152.46666666666667,00:02:32.46,1,,"[0.575821, 0.571385, 0.0918279, 0.163424]"
4575,152.5,00:02:32.50,1,,"[0.57604, 0.570987, 0.0909139, 0.16441]"
4576,152.53333333333333,00:02:32.53,1,,"[0.576709, 0.57081, 0.0895487, 0.165029]"
4577,152.56666666666666,00:02:32.56,1,,"[0.577369, 0.570698, 0.0883037, 0.165159]"
4578,152.6,00:02:32.59,1,,"[0.577766, 0.570812, 0.0880029, 0.165108]"
4579,152.63333333333333,00:02:32.63,1,,"[0.577704, 0.57085, 0.0880889, 0.164394]"
4580,152.66666666666666,00:02:32.66,1,,"[0.576949, 0.570785, 0.0885033, 0.164311]"
4581,152.7,00:02:32.69,1,,"[0.576653, 0.570567, 0.0892912, 0.163894]"
4582,152.73333333333332,00:02:32.73,1,,"[0.576353, 0.570566, 0.0895731, 0.163546]"
4583,152.76666666666668,00:02:32.76,1,,"[0.575923, 0.570492, 0.0904698, 0.163987]"
4584,152.8,00:02:32.80,1,,"[0.575644, 0.570231, 0.0907278, 0.164586]"
4585,152.83333333333334,00:02:32.83,1,,"[0.575917, 0.569084, 0.0897825, 0.16497]"
4586,152.86666666666667,00:02:32.86,1,,"[0.576152, 0.56888, 0.0892414, 0.16578]"
4587,152.9,00:02:32.90,1,,"[0.576402, 0.568648, 0.0892422, 0.165794]"
4588,152.93333333333334,00:02:32.93,1,,"[0.576384, 0.568295, 0.0890645, 0.165707]"
4589,152.96666666666667,00:02:32.96,1,,"[0.576424, 0.568589, 0.0890522, 0.164667]"
4590,153.0,00:02:33.00,1,,"[0.576498, 0.569088, 0.0890219, 0.164509]"
4591,153.03333333333333,00:02:33.03,1,,"[0.576627, 0.569298, 0.0889743, 0.164546]"
4592,153.06666666666666,00:02:33.06,1,,"[0.57652, 0.569845, 0.0884812, 0.16432]"
4593,153.1,00:02:33.09,1,,"[0.577095, 0.570196, 0.0879208, 0.16424]"
4594,153.13333333333333,00:02:33.13,1,,"[0.577014, 0.570278, 0.0882107, 0.164156]"
4595,153.16666666666666,00:02:33.16,1,,"[0.577174, 0.570063, 0.0880529, 0.165069]"
4596,153.2,00:02:33.19,1,,"[0.577879, 0.569992, 0.0871075, 0.164891]"
4597,153.23333333333332,00:02:33.23,1,,"[0.578679, 0.570207, 0.0862609, 0.164921]"
4598,153.26666666666668,00:02:33.26,1,,"[0.578825, 0.570186, 0.0859273, 0.164564]"
4599,153.3,00:02:33.30,1,,"[0.578237, 0.570345, 0.0866859, 0.164188]"
4600,153.33333333333334,00:02:33.33,1,,"[0.57784, 0.570655, 0.0879199, 0.164404]"
4601,153.36666666666667,00:02:33.36,1,,"[0.577245, 0.571068, 0.0884855, 0.163604]"
4602,153.4,00:02:33.40,1,,"[0.576923, 0.570758, 0.0885529, 0.162708]"
4603,153.43333333333334,00:02:33.43,1,,"[0.576761, 0.570861, 0.0887207, 0.163207]"
4604,153.46666666666667,00:02:33.46,1,,"[0.576636, 0.570886, 0.0888836, 0.16324]"
4605,153.5,00:02:33.50,1,,"[0.576289, 0.570827, 0.0892227, 0.163561]"
4606,153.53333333333333,00:02:33.53,1,,"[0.575885, 0.570551, 0.0898432, 0.163079]"
4607,153.56666666666666,00:02:33.56,1,,"[0.575791, 0.570994, 0.0892462, 0.161993]"
4608,153.6,00:02:33.59,1,,"[0.575628, 0.572224, 0.0891872, 0.158877]"
4609,153.63333333333333,00:02:33.63,1,,"[0.575274, 0.573618, 0.0894341, 0.157356]"
4610,153.66666666666666,00:02:33.66,1,,"[0.57493, 0.575425, 0.0901964, 0.154955]"
4611,153.7,00:02:33.69,1,,"[0.574985, 0.576188, 0.0899483, 0.153575]"
4612,153.73333333333332,00:02:33.73,1,,"[0.574739, 0.576108, 0.089473, 0.153444]"
4613,153.76666666666668,00:02:33.76,1,,"[0.574683, 0.576153, 0.0896732, 0.154021]"
4614,153.8,00:02:33.80,1,,"[0.574794, 0.57615, 0.0892124, 0.1539]"
4615,153.83333333333334,00:02:33.83,1,,"[0.5744, 0.574733, 0.0897861, 0.157113]"
4616,153.86666666666667,00:02:33.86,1,,"[0.575114, 0.573342, 0.0893854, 0.160151]"
4617,153.9,00:02:33.90,1,,"[0.575954, 0.57194, 0.0886145, 0.162492]"
4618,153.93333333333334,00:02:33.93,1,,"[0.5781, 0.573104, 0.0855969, 0.16186]"
4619,153.96666666666667,00:02:33.96,1,,"[0.579751, 0.5732, 0.0828849, 0.161242]"
4620,154.0,00:02:34.00,1,,"[0.580024, 0.573766, 0.0828833, 0.160612]"
4621,154.03333333333333,00:02:34.03,1,,"[0.580162, 0.573072, 0.0827456, 0.161856]"
4622,154.06666666666666,00:02:34.06,1,,"[0.580031, 0.572564, 0.0826942, 0.162569]"
4623,154.1,00:02:34.09,1,,"[0.580338, 0.57187, 0.0825099, 0.164979]"
4624,154.13333333333333,00:02:34.13,1,,"[0.581019, 0.57071, 0.0809155, 0.16669]"
4625,154.16666666666666,00:02:34.16,1,,"[0.581656, 0.56929, 0.0791226, 0.170695]"
4626,154.2,00:02:34.19,1,,"[0.583205, 0.568221, 0.0774349, 0.172127]"
4627,154.23333333333332,00:02:34.23,1,,"[0.584104, 0.568553, 0.0759013, 0.172634]"
4628,154.26666666666668,00:02:34.26,1,,"[0.58496, 0.568336, 0.0739485, 0.170952]"
4629,154.3,00:02:34.30,1,,"[0.585697, 0.567378, 0.072119, 0.17312]"
4630,154.33333333333334,00:02:34.33,1,,"[0.586458, 0.567201, 0.071567, 0.174517]"
4631,154.36666666666667,00:02:34.36,1,,"[0.586758, 0.56648, 0.070846, 0.174645]"
4632,154.4,00:02:34.40,1,,"[0.587576, 0.566451, 0.0702271, 0.175526]"
4633,154.43333333333334,00:02:34.43,1,,"[0.587664, 0.566801, 0.070037, 0.176391]"
4634,154.46666666666667,00:02:34.46,1,,"[0.588195, 0.566632, 0.0695745, 0.176173]"
4635,154.5,00:02:34.50,1,,"[0.588677, 0.566931, 0.0687439, 0.176412]"
4636,154.53333333333333,00:02:34.53,1,,"[0.589066, 0.566656, 0.0681169, 0.17679]"
4637,154.56666666666666,00:02:34.56,1,,"[0.589713, 0.567013, 0.0673245, 0.176659]"
4638,154.6,00:02:34.59,1,,"[0.58999, 0.566752, 0.0683308, 0.178681]"
4639,154.63333333333333,00:02:34.63,1,,"[0.591163, 0.567218, 0.0664251, 0.178535]"
4640,154.66666666666666,00:02:34.66,1,,"[0.591709, 0.567416, 0.0652037, 0.17945]"
4641,154.7,00:02:34.69,1,,"[0.592967, 0.566877, 0.0633827, 0.178955]"
4642,154.73333333333332,00:02:34.73,1,,"[0.592767, 0.568007, 0.0617964, 0.180873]"
4643,154.76666666666668,00:02:34.76,1,,"[0.593028, 0.567099, 0.0612473, 0.181075]"
4644,154.8,00:02:34.80,1,,"[0.593155, 0.567261, 0.0611221, 0.183072]"
4645,154.83333333333334,00:02:34.83,1,,"[0.593173, 0.567577, 0.0610589, 0.181998]"
4646,154.86666666666667,00:02:34.86,1,,"[0.593448, 0.567852, 0.0604981, 0.181426]"
4647,154.9,00:02:34.90,1,,"[0.59379, 0.566192, 0.0594039, 0.186989]"
4648,154.93333333333334,00:02:34.93,1,,"[0.594128, 0.565729, 0.0597148, 0.184763]"
4649,154.96666666666667,00:02:34.96,1,,"[0.594311, 0.565082, 0.058983, 0.187896]"
4650,155.0,00:02:35.00,1,,"[0.595025, 0.564144, 0.0585285, 0.180844]"
4651,155.03333333333333,00:02:35.03,1,,"[0.595449, 0.563864, 0.0579199, 0.181812]"
4652,155.06666666666666,00:02:35.06,1,,"[0.596165, 0.562731, 0.0573236, 0.183686]"
4653,155.1,00:02:35.09,1,,"[0.596477, 0.562697, 0.056315, 0.182848]"
4654,155.13333333333333,00:02:35.13,1,,"[0.597058, 0.563421, 0.0551662, 0.181707]"
4655,155.16666666666666,00:02:35.16,1,,"[0.59722, 0.563745, 0.0547641, 0.180982]"
4656,155.2,00:02:35.19,1,,"[0.598286, 0.56373, 0.0544949, 0.181779]"
4657,155.23333333333332,00:02:35.23,1,,"[0.59917, 0.562974, 0.0542446, 0.184067]"
4658,155.26666666666668,00:02:35.26,1,,"[0.599781, 0.563389, 0.0544749, 0.183703]"
4659,155.3,00:02:35.30,1,,"[0.599734, 0.563173, 0.0550362, 0.183158]"
4660,155.33333333333334,00:02:35.33,1,,"[0.600045, 0.563604, 0.0560833, 0.186233]"
4661,155.36666666666667,00:02:35.36,1,,"[0.60007, 0.563686, 0.0562899, 0.184773]"
4662,155.4,00:02:35.40,1,,"[0.600084, 0.563801, 0.056284, 0.184443]"
4663,155.43333333333334,00:02:35.43,1,,"[0.600095, 0.563888, 0.0564117, 0.184702]"
4664,155.46666666666667,00:02:35.46,1,,"[0.600226, 0.563781, 0.0565673, 0.183848]"
4665,155.5,00:02:35.50,1,,"[0.600305, 0.563137, 0.0567898, 0.184718]"
4666,155.53333333333333,00:02:35.53,1,,"[0.600747, 0.562764, 0.0566026, 0.188091]"
4667,155.56666666666666,00:02:35.56,1,,"[0.600724, 0.562463, 0.0567326, 0.188067]"
4668,155.6,00:02:35.59,1,,"[0.600616, 0.561533, 0.0570272, 0.192128]"
4669,155.63333333333333,00:02:35.63,1,,"[0.600822, 0.56055, 0.0567968, 0.19235]"
4670,155.66666666666666,00:02:35.66,1,,"[0.600551, 0.557977, 0.0557665, 0.192962]"
4671,155.7,00:02:35.69,1,,"[0.601219, 0.556096, 0.0541239, 0.195515]"
4672,155.73333333333332,00:02:35.73,1,,"[0.601694, 0.553676, 0.0531131, 0.197545]"
4673,155.76666666666668,00:02:35.76,1,,"[0.601738, 0.553576, 0.0532249, 0.196235]"
4674,155.8,00:02:35.80,1,,"[0.601009, 0.55365, 0.0540888, 0.198989]"
4675,155.83333333333334,00:02:35.83,1,,"[0.599826, 0.556028, 0.054712, 0.195077]"
4676,155.86666666666667,00:02:35.86,1,,"[0.598705, 0.55748, 0.0563799, 0.192791]"
4677,155.9,00:02:35.90,1,,"[0.597256, 0.559005, 0.058202, 0.18935]"
4678,155.93333333333334,00:02:35.93,1,,"[0.595864, 0.560307, 0.0596077, 0.187634]"
4679,155.96666666666667,00:02:35.96,1,,"[0.59364, 0.561048, 0.0630008, 0.188235]"
4680,156.0,00:02:36.00,1,,"[0.591984, 0.561719, 0.0650674, 0.186552]"
4681,156.03333333333333,00:02:36.03,1,,"[0.590782, 0.562975, 0.0655411, 0.18442]"
4682,156.06666666666666,00:02:36.06,1,,"[0.590126, 0.563587, 0.0663176, 0.181956]"
4683,156.1,00:02:36.09,1,,"[0.590279, 0.564066, 0.067033, 0.178367]"
4684,156.13333333333333,00:02:36.13,1,,"[0.590086, 0.564644, 0.0665708, 0.180592]"
4685,156.16666666666666,00:02:36.16,1,,"[0.590357, 0.565388, 0.0661421, 0.179074]"
4686,156.2,00:02:36.19,1,,"[0.589967, 0.56535, 0.0670366, 0.180403]"
4687,156.23333333333332,00:02:36.23,1,,"[0.590186, 0.565306, 0.067605, 0.176982]"
4688,156.26666666666668,00:02:36.26,1,,"[0.5902, 0.565348, 0.0674632, 0.175095]"
4689,156.3,00:02:36.30,1,,"[0.589842, 0.565956, 0.0676913, 0.172469]"
4690,156.33333333333334,00:02:36.33,1,,"[0.589324, 0.566808, 0.0683388, 0.174584]"
4691,156.36666666666667,00:02:36.36,1,,"[0.589489, 0.566252, 0.0683706, 0.173048]"
4692,156.4,00:02:36.40,1,,"[0.589684, 0.566464, 0.0684911, 0.172143]"
4693,156.43333333333334,00:02:36.43,1,,"[0.589502, 0.566653, 0.0682968, 0.171146]"
4694,156.46666666666667,00:02:36.46,1,,"[0.589409, 0.566522, 0.0683603, 0.171582]"
4695,156.5,00:02:36.50,1,,"[0.589245, 0.566704, 0.0687834, 0.172176]"
4696,156.53333333333333,00:02:36.53,1,,"[0.58915, 0.566723, 0.0683203, 0.172592]"
4697,156.56666666666666,00:02:36.56,1,,"[0.589074, 0.567105, 0.0685602, 0.172059]"
4698,156.6,00:02:36.59,1,,"[0.588532, 0.567094, 0.0686486, 0.170926]"
4699,156.63333333333333,00:02:36.63,1,,"[0.588112, 0.567573, 0.0697151, 0.169388]"
4700,156.66666666666666,00:02:36.66,1,,"[0.587783, 0.568338, 0.0703981, 0.167982]"
4701,156.7,00:02:36.69,1,,"[0.587198, 0.56847, 0.0719496, 0.167692]"
4702,156.73333333333332,00:02:36.73,1,,"[0.586843, 0.568408, 0.0722514, 0.16644]"
4703,156.76666666666668,00:02:36.76,1,,"[0.586901, 0.568311, 0.0718727, 0.167033]"
4704,156.8,00:02:36.80,1,,"[0.58683, 0.568647, 0.072296, 0.167417]"
4705,156.83333333333334,00:02:36.83,1,,"[0.586924, 0.568735, 0.0723441, 0.166796]"
4706,156.86666666666667,00:02:36.86,1,,"[0.586814, 0.569139, 0.0724454, 0.165628]"
4707,156.9,00:02:36.90,1,,"[0.586887, 0.569635, 0.0723496, 0.165018]"
4708,156.93333333333334,00:02:36.93,1,,"[0.586661, 0.569795, 0.0728828, 0.164206]"
4709,156.96666666666667,00:02:36.96,1,,"[0.586252, 0.569917, 0.0731192, 0.16483]"
4710,157.0,00:02:37.00,1,,"[0.585698, 0.569937, 0.0727472, 0.164346]"
4711,157.03333333333333,00:02:37.03,1,,"[0.585728, 0.570184, 0.0728252, 0.163731]"
4712,157.06666666666666,00:02:37.06,1,,"[0.585663, 0.570336, 0.0733561, 0.163926]"
4713,157.1,00:02:37.09,1,,"[0.585645, 0.570216, 0.0731737, 0.163966]"
4714,157.13333333333333,00:02:37.13,1,,"[0.585559, 0.570391, 0.0729989, 0.1637]"
4715,157.16666666666666,00:02:37.16,1,,"[0.585676, 0.570087, 0.073549, 0.16332]"
4716,157.2,00:02:37.19,1,,"[0.585521, 0.569929, 0.0737437, 0.164074]"
4717,157.23333333333332,00:02:37.23,1,,"[0.58567, 0.569804, 0.0733631, 0.164024]"
4718,157.26666666666668,00:02:37.26,1,,"[0.585588, 0.570149, 0.0731231, 0.164051]"
4719,157.3,00:02:37.30,1,,"[0.58563, 0.569984, 0.0733088, 0.164091]"
4720,157.33333333333334,00:02:37.33,1,,"[0.585563, 0.570091, 0.0731477, 0.164199]"
4721,157.36666666666667,00:02:37.36,1,,"[0.585657, 0.57016, 0.0732222, 0.163988]"
4722,157.4,00:02:37.40,1,,"[0.585881, 0.570398, 0.072834, 0.1641]"
4723,157.43333333333334,00:02:37.43,1,,"[0.586054, 0.570456, 0.0725567, 0.163416]"
4724,157.46666666666667,00:02:37.46,1,,"[0.585751, 0.570143, 0.0730522, 0.163882]"
4725,157.5,00:02:37.50,1,,"[0.585881, 0.570205, 0.0735212, 0.163714]"
4726,157.53333333333333,00:02:37.53,1,,"[0.585708, 0.569949, 0.0737877, 0.164254]"
4727,157.56666666666666,00:02:37.56,1,,"[0.585776, 0.570279, 0.074081, 0.164301]"
4728,157.6,00:02:37.59,1,,"[0.585704, 0.570232, 0.0737322, 0.164516]"
4729,157.63333333333333,00:02:37.63,1,,"[0.585665, 0.570211, 0.0739257, 0.16462]"
4730,157.66666666666666,00:02:37.66,1,,"[0.585578, 0.569914, 0.0742134, 0.165128]"
4731,157.7,00:02:37.69,1,,"[0.585535, 0.569687, 0.0744904, 0.165469]"
4732,157.73333333333332,00:02:37.73,1,,"[0.585612, 0.569829, 0.0743862, 0.165587]"
4733,157.76666666666668,00:02:37.76,1,,"[0.585695, 0.569786, 0.0743652, 0.165428]"
4734,157.8,00:02:37.80,1,,"[0.585649, 0.569727, 0.0745782, 0.165674]"
4735,157.83333333333334,00:02:37.83,1,,"[0.585855, 0.569814, 0.074379, 0.165723]"
4736,157.86666666666667,00:02:37.86,1,,"[0.586388, 0.570106, 0.0736244, 0.165516]"
4737,157.9,00:02:37.90,1,,"[0.586629, 0.569982, 0.0733343, 0.165251]"
4738,157.93333333333334,00:02:37.93,1,,"[0.586664, 0.5697, 0.0735803, 0.16525]"
4739,157.96666666666667,00:02:37.96,1,,"[0.586518, 0.569283, 0.0737405, 0.166047]"
4740,158.0,00:02:38.00,1,,"[0.58658, 0.56933, 0.0734622, 0.165805]"
4741,158.03333333333333,00:02:38.03,1,,"[0.586801, 0.569734, 0.0732451, 0.165303]"
4742,158.06666666666666,00:02:38.06,1,,"[0.586156, 0.569792, 0.0747339, 0.165657]"
4743,158.1,00:02:38.09,1,,"[0.585502, 0.569833, 0.0754567, 0.164847]"
4744,158.13333333333333,00:02:38.13,1,,"[0.585054, 0.570136, 0.0762737, 0.164707]"
4745,158.16666666666666,00:02:38.16,1,,"[0.583938, 0.570048, 0.078429, 0.164988]"
4746,158.2,00:02:38.19,1,,"[0.582964, 0.569023, 0.079478, 0.165398]"
4747,158.23333333333332,00:02:38.23,1,,"[0.582037, 0.56896, 0.081321, 0.165528]"
4748,158.26666666666668,00:02:38.26,1,,"[0.582606, 0.569536, 0.0795086, 0.164441]"
4749,158.3,00:02:38.30,1,,"[0.581982, 0.570122, 0.0800321, 0.161244]"
4750,158.33333333333334,00:02:38.33,1,,"[0.581784, 0.570053, 0.0804213, 0.160554]"
4751,158.36666666666667,00:02:38.36,1,,"[0.582076, 0.570649, 0.0793507, 0.159847]"
4752,158.4,00:02:38.40,1,,"[0.582127, 0.57081, 0.0794018, 0.160057]"
4753,158.43333333333334,00:02:38.43,1,,"[0.582358, 0.571645, 0.0792103, 0.159447]"
4754,158.46666666666667,00:02:38.46,1,,"[0.581757, 0.571657, 0.0807953, 0.159291]"
4755,158.5,00:02:38.50,1,,"[0.581028, 0.571781, 0.0818256, 0.15975]"
4756,158.53333333333333,00:02:38.53,1,,"[0.580945, 0.571412, 0.0819424, 0.159581]"
4757,158.56666666666666,00:02:38.56,1,,"[0.580876, 0.571226, 0.0818609, 0.159306]"
4758,158.6,00:02:38.59,1,,"[0.581623, 0.572065, 0.0803646, 0.158636]"
4759,158.63333333333333,00:02:38.63,1,,"[0.581948, 0.571759, 0.0803414, 0.158842]"
4760,158.66666666666666,00:02:38.66,1,,"[0.581869, 0.571803, 0.0807616, 0.158365]"
4761,158.7,00:02:38.69,1,,"[0.581646, 0.571977, 0.0807567, 0.157691]"
4762,158.73333333333332,00:02:38.73,1,,"[0.58143, 0.571828, 0.0811663, 0.157459]"
4763,158.76666666666668,00:02:38.76,1,,"[0.581156, 0.571451, 0.0817302, 0.157339]"
4764,158.8,00:02:38.80,1,,"[0.581003, 0.57173, 0.0823486, 0.157402]"
4765,158.83333333333334,00:02:38.83,1,,"[0.581079, 0.571943, 0.0822056, 0.157881]"
4766,158.86666666666667,00:02:38.86,1,,"[0.58094, 0.572026, 0.0829236, 0.1578]"
4767,158.9,00:02:38.90,1,,"[0.581305, 0.571775, 0.0822201, 0.157243]"
4768,158.93333333333334,00:02:38.93,1,,"[0.581486, 0.571876, 0.0815277, 0.157096]"
4769,158.96666666666667,00:02:38.96,1,,"[0.581092, 0.572138, 0.082224, 0.157583]"
4770,159.0,00:02:39.00,1,,"[0.580504, 0.572501, 0.0834452, 0.157065]"
4771,159.03333333333333,00:02:39.03,1,,"[0.580504, 0.573954, 0.0831303, 0.154844]"
4772,159.06666666666666,00:02:39.06,1,,"[0.579148, 0.574669, 0.0844743, 0.154116]"
4773,159.1,00:02:39.09,1,,"[0.577678, 0.576792, 0.0876737, 0.150212]"
4774,159.13333333333333,00:02:39.13,1,,"[0.576466, 0.577573, 0.0892273, 0.148665]"
4775,159.16666666666666,00:02:39.16,1,,"[0.575803, 0.579843, 0.0890663, 0.14501]"
4776,159.2,00:02:39.19,1,,"[0.574271, 0.580401, 0.0913057, 0.142884]"
4777,159.23333333333332,00:02:39.23,1,,"[0.573597, 0.580467, 0.0933143, 0.1429]"
4778,159.26666666666668,00:02:39.26,1,,"[0.573206, 0.580559, 0.0939988, 0.142337]"
4779,159.3,00:02:39.30,1,,"[0.572664, 0.582026, 0.0933681, 0.141013]"
4780,159.33333333333334,00:02:39.33,1,,"[0.57258, 0.582142, 0.0938119, 0.141283]"
4781,159.36666666666667,00:02:39.36,1,,"[0.572961, 0.582301, 0.0936934, 0.141493]"
4782,159.4,00:02:39.40,1,,"[0.573056, 0.582201, 0.0934689, 0.141412]"
4783,159.43333333333334,00:02:39.43,1,,"[0.573049, 0.58238, 0.0932987, 0.14067]"
4784,159.46666666666667,00:02:39.46,1,,"[0.573151, 0.583082, 0.0933939, 0.140018]"
4785,159.5,00:02:39.50,1,,"[0.572126, 0.582818, 0.0950535, 0.139507]"
4786,159.53333333333333,00:02:39.53,1,,"[0.571845, 0.583891, 0.0957667, 0.137915]"
4787,159.56666666666666,00:02:39.56,1,,"[0.57007, 0.584533, 0.0989296, 0.135395]"
4788,159.6,00:02:39.59,1,,"[0.569228, 0.586181, 0.10096, 0.13386]"
4789,159.63333333333333,00:02:39.63,1,,"[0.568498, 0.58804, 0.101803, 0.130834]"
4790,159.66666666666666,00:02:39.66,1,,"[0.568096, 0.591232, 0.101998, 0.126138]"
4791,159.7,00:02:39.69,1,,"[0.567638, 0.593009, 0.102935, 0.123224]"
4792,159.73333333333332,00:02:39.73,1,,"[0.567908, 0.593723, 0.10279, 0.121693]"
4793,159.76666666666668,00:02:39.76,1,,"[0.567437, 0.594236, 0.103973, 0.120787]"
4794,159.8,00:02:39.80,1,,"[0.566707, 0.592791, 0.105429, 0.122119]"
4795,159.83333333333334,00:02:39.83,1,,"[0.566867, 0.591788, 0.105405, 0.123722]"
4796,159.86666666666667,00:02:39.86,1,,"[0.565856, 0.588071, 0.107436, 0.130681]"
4797,159.9,00:02:39.90,1,,"[0.566609, 0.586364, 0.105463, 0.133748]"
4798,159.93333333333334,00:02:39.93,1,,"[0.56617, 0.585527, 0.106871, 0.134898]"
4799,159.96666666666667,00:02:39.96,1,,"[0.567296, 0.584758, 0.105495, 0.13584]"
4800,160.0,00:02:40.00,1,,"[0.569614, 0.585482, 0.101047, 0.135476]"
4801,160.03333333333333,00:02:40.03,1,,"[0.569134, 0.585027, 0.102085, 0.136662]"
4802,160.06666666666666,00:02:40.06,1,,"[0.569215, 0.584366, 0.101858, 0.137547]"
4803,160.1,00:02:40.09,1,,"[0.568956, 0.584606, 0.102913, 0.136311]"
4804,160.13333333333333,00:02:40.13,1,,"[0.569031, 0.584786, 0.102677, 0.136188]"
4805,160.16666666666666,00:02:40.16,1,,"[0.569051, 0.585198, 0.102578, 0.136322]"
4806,160.2,00:02:40.19,1,,"[0.569395, 0.584364, 0.102103, 0.136949]"
4807,160.23333333333332,00:02:40.23,1,,"[0.569685, 0.586084, 0.101593, 0.133917]"
4808,160.26666666666668,00:02:40.26,1,,"[0.568065, 0.58695, 0.104901, 0.132507]"
4809,160.3,00:02:40.30,1,,"[0.566433, 0.589887, 0.106553, 0.12738]"
4810,160.33333333333334,00:02:40.33,1,,"[0.565704, 0.593571, 0.107784, 0.122388]"
4811,160.36666666666667,00:02:40.36,1,,"[0.565212, 0.59449, 0.107851, 0.119936]"
4812,160.4,00:02:40.40,1,,"[0.565436, 0.595695, 0.108869, 0.119453]"
4813,160.43333333333334,00:02:40.43,1,,"[0.565481, 0.597407, 0.10906, 0.11612]"
4814,160.46666666666667,00:02:40.46,1,,"[0.56486, 0.597184, 0.110427, 0.116956]"
4815,160.5,00:02:40.50,1,,"[0.564397, 0.597463, 0.1111, 0.116416]"
4816,160.53333333333333,00:02:40.53,1,,"[0.564268, 0.597151, 0.111677, 0.117042]"
4817,160.56666666666666,00:02:40.56,1,,"[0.565137, 0.597813, 0.109761, 0.114924]"
4818,160.6,00:02:40.59,1,,"[0.563965, 0.595287, 0.11284, 0.121765]"
4819,160.63333333333333,00:02:40.63,1,,"[0.564486, 0.593742, 0.111623, 0.124586]"
4820,160.66666666666666,00:02:40.66,1,,"[0.565077, 0.593072, 0.109704, 0.124245]"
4821,160.7,00:02:40.69,1,,"[0.564282, 0.591308, 0.112432, 0.126331]"
4822,160.73333333333332,00:02:40.73,1,,"[0.564538, 0.591745, 0.11255, 0.125427]"
4823,160.76666666666668,00:02:40.76,1,,"[0.564425, 0.591757, 0.112495, 0.126237]"
4824,160.8,00:02:40.80,1,,"[0.564173, 0.591103, 0.113165, 0.127625]"
4825,160.83333333333334,00:02:40.83,1,,"[0.564282, 0.590936, 0.11263, 0.126645]"
4826,160.86666666666667,00:02:40.86,1,,"[0.564549, 0.591128, 0.112354, 0.126211]"
4827,160.9,00:02:40.90,1,,"[0.56441, 0.593018, 0.112885, 0.121258]"
4828,160.93333333333334,00:02:40.93,1,,"[0.563807, 0.592229, 0.1132, 0.122914]"
4829,160.96666666666667,00:02:40.96,1,,"[0.563756, 0.591584, 0.113362, 0.123881]"
4830,161.0,00:02:41.00,1,,"[0.563252, 0.590765, 0.114368, 0.126088]"
4831,161.03333333333333,00:02:41.03,1,,"[0.562916, 0.587498, 0.113943, 0.12978]"
4832,161.06666666666666,00:02:41.06,1,,"[0.562709, 0.58582, 0.11395, 0.132232]"
4833,161.1,00:02:41.09,1,,"[0.562956, 0.584853, 0.113929, 0.134571]"
4834,161.13333333333333,00:02:41.13,1,,"[0.562809, 0.586113, 0.114437, 0.13101]"
4835,161.16666666666666,00:02:41.16,1,,"[0.562409, 0.585213, 0.113998, 0.129959]"
4836,161.2,00:02:41.19,1,,"[0.562174, 0.585517, 0.114037, 0.13226]"
4837,161.23333333333332,00:02:41.23,1,,"[0.559466, 0.58342, 0.117483, 0.134554]"
4838,161.26666666666668,00:02:41.26,1,,"[0.559472, 0.582616, 0.117033, 0.136028]"
4839,161.3,00:02:41.30,1,,"[0.559848, 0.581503, 0.115824, 0.139431]"
4840,161.33333333333334,00:02:41.33,1,,"[0.56038, 0.581007, 0.115261, 0.141006]"
4841,161.36666666666667,00:02:41.36,1,,"[0.561566, 0.580151, 0.113003, 0.142798]"
4842,161.4,00:02:41.40,1,,"[0.561732, 0.579238, 0.112127, 0.145665]"
4843,161.43333333333334,00:02:41.43,1,,"[0.561435, 0.579819, 0.113102, 0.145438]"
4844,161.46666666666667,00:02:41.46,1,,"[0.561861, 0.579695, 0.111845, 0.146003]"
4845,161.5,00:02:41.50,1,,"[0.56218, 0.579273, 0.111465, 0.146416]"
4846,161.53333333333333,00:02:41.53,1,,"[0.562206, 0.579476, 0.110556, 0.145173]"
4847,161.56666666666666,00:02:41.56,1,,"[0.56215, 0.578487, 0.110202, 0.146097]"
4848,161.6,00:02:41.59,1,,"[0.561611, 0.57724, 0.110875, 0.148013]"
4849,161.63333333333333,00:02:41.63,1,,"[0.561749, 0.578085, 0.110538, 0.145037]"
4850,161.66666666666666,00:02:41.66,1,,"[0.56211, 0.578121, 0.110822, 0.143906]"
4851,161.7,00:02:41.69,1,,"[0.562285, 0.578982, 0.110785, 0.14252]"
4852,161.73333333333332,00:02:41.73,1,,"[0.562604, 0.579164, 0.10984, 0.141999]"
4853,161.76666666666668,00:02:41.76,1,,"[0.562872, 0.579685, 0.108919, 0.141258]"
4854,161.8,00:02:41.80,1,,"[0.564625, 0.581337, 0.108409, 0.141563]"
4855,161.83333333333334,00:02:41.83,1,,"[0.563983, 0.578259, 0.108683, 0.144777]"
4856,161.86666666666667,00:02:41.86,1,,"[0.565, 0.579223, 0.10712, 0.143654]"
4857,161.9,00:02:41.90,1,,"[0.564704, 0.578292, 0.107088, 0.144245]"
4858,161.93333333333334,00:02:41.93,1,,"[0.56654, 0.581089, 0.105276, 0.141059]"
4859,161.96666666666667,00:02:41.96,1,,"[0.566901, 0.581694, 0.10372, 0.140772]"
4860,162.0,00:02:42.00,1,,"[0.566983, 0.5818, 0.103381, 0.141059]"
4861,162.03333333333333,00:02:42.03,1,,"[0.567436, 0.581518, 0.101436, 0.141937]"
4862,162.06666666666666,00:02:42.06,1,,"[0.56868, 0.580471, 0.100984, 0.143554]"
4863,162.1,00:02:42.09,1,,"[0.569676, 0.581311, 0.0998647, 0.142264]"
4864,162.13333333333333,00:02:42.13,1,,"[0.570586, 0.582215, 0.0984274, 0.141538]"
4865,162.16666666666666,00:02:42.16,1,,"[0.570932, 0.584277, 0.0979085, 0.138138]"
4866,162.2,00:02:42.19,1,,"[0.570697, 0.584795, 0.0980373, 0.137117]"
4867,162.23333333333332,00:02:42.23,1,,"[0.570478, 0.585325, 0.0980189, 0.137301]"
4868,162.26666666666668,00:02:42.26,1,,"[0.569496, 0.585492, 0.100408, 0.136963]"
4869,162.3,00:02:42.30,1,,"[0.569907, 0.586759, 0.0999043, 0.135553]"
4870,162.33333333333334,00:02:42.33,1,,"[0.568113, 0.586292, 0.103752, 0.13504]"
4871,162.36666666666667,00:02:42.36,1,,"[0.567731, 0.587081, 0.104068, 0.133344]"
4872,162.4,00:02:42.40,1,,"[0.567707, 0.590101, 0.103949, 0.1284]"
4873,162.43333333333334,00:02:42.43,1,,"[0.566456, 0.591994, 0.106895, 0.12489]"
4874,162.46666666666667,00:02:42.46,1,,"[0.566471, 0.593147, 0.106695, 0.123151]"
4875,162.5,00:02:42.50,1,,"[0.56584, 0.595827, 0.106503, 0.117359]"
4876,162.53333333333333,00:02:42.53,1,,"[0.565303, 0.595528, 0.106514, 0.118972]"
4877,162.56666666666666,00:02:42.56,1,,"[0.565343, 0.595321, 0.106838, 0.119861]"
4878,162.6,00:02:42.59,1,,"[0.565557, 0.595803, 0.106455, 0.118826]"
4879,162.63333333333333,00:02:42.63,1,,"[0.566284, 0.59549, 0.106327, 0.118426]"
4880,162.66666666666666,00:02:42.66,1,,"[0.56615, 0.59589, 0.106708, 0.117113]"
4881,162.7,00:02:42.69,1,,"[0.565269, 0.59551, 0.108413, 0.117838]"
4882,162.73333333333332,00:02:42.73,1,,"[0.565315, 0.594909, 0.108032, 0.118319]"
4883,162.76666666666668,00:02:42.76,1,,"[0.564647, 0.596051, 0.109431, 0.116584]"
4884,162.8,00:02:42.80,1,,"[0.563189, 0.595103, 0.112808, 0.119499]"
4885,162.83333333333334,00:02:42.83,1,,"[0.562636, 0.596438, 0.113333, 0.116731]"
4886,162.86666666666667,00:02:42.86,1,,"[0.56308, 0.59696, 0.113261, 0.115323]"
4887,162.9,00:02:42.90,1,,"[0.56096, 0.596777, 0.114544, 0.115418]"
4888,162.93333333333334,00:02:42.93,1,,"[0.560222, 0.596695, 0.11561, 0.114761]"
4889,162.96666666666667,00:02:42.96,1,,"[0.559818, 0.59689, 0.117083, 0.114811]"
4890,163.0,00:02:43.00,1,,"[0.559813, 0.597421, 0.116461, 0.114299]"
4891,163.03333333333333,00:02:43.03,1,,"[0.559514, 0.597042, 0.117571, 0.114871]"
4892,163.06666666666666,00:02:43.06,1,,"[0.559719, 0.597148, 0.11733, 0.115838]"
4893,163.1,00:02:43.09,1,,"[0.559544, 0.59605, 0.117595, 0.117913]"
4894,163.13333333333333,00:02:43.13,1,,"[0.560093, 0.594644, 0.115286, 0.119597]"
4895,163.16666666666666,00:02:43.16,1,,"[0.560858, 0.593738, 0.114129, 0.121853]"
4896,163.2,00:02:43.19,1,,"[0.562315, 0.593265, 0.115087, 0.123454]"
4897,163.23333333333332,00:02:43.23,1,,"[0.562516, 0.591505, 0.113573, 0.126298]"
4898,163.26666666666668,00:02:43.26,1,,"[0.562271, 0.587308, 0.113151, 0.132073]"
4899,163.3,00:02:43.30,1,,"[0.562324, 0.586015, 0.11232, 0.133745]"
4900,163.33333333333334,00:02:43.33,1,,"[0.562442, 0.585242, 0.111852, 0.133998]"
4901,163.36666666666667,00:02:43.36,1,,"[0.563135, 0.586267, 0.110799, 0.130282]"
4902,163.4,00:02:43.40,1,,"[0.562875, 0.586496, 0.109627, 0.129529]"
4903,163.43333333333334,00:02:43.43,1,,"[0.563216, 0.586452, 0.109506, 0.129296]"
4904,163.46666666666667,00:02:43.46,1,,"[0.563178, 0.586141, 0.109503, 0.130075]"
4905,163.5,00:02:43.50,1,,"[0.563634, 0.585976, 0.108826, 0.130026]"
4906,163.53333333333333,00:02:43.53,1,,"[0.56327, 0.585937, 0.108927, 0.130151]"
4907,163.56666666666666,00:02:43.56,1,,"[0.563071, 0.585356, 0.108822, 0.130823]"
4908,163.6,00:02:43.59,1,,"[0.563225, 0.58544, 0.108185, 0.130402]"
4909,163.63333333333333,00:02:43.63,1,,"[0.563276, 0.585763, 0.10791, 0.129931]"
4910,163.66666666666666,00:02:43.66,1,,"[0.563494, 0.586406, 0.108426, 0.130785]"
4911,163.7,00:02:43.69,1,,"[0.563501, 0.586541, 0.10848, 0.130296]"
4912,163.73333333333332,00:02:43.73,1,,"[0.563841, 0.587349, 0.107742, 0.129495]"
4913,163.76666666666668,00:02:43.76,1,,"[0.564672, 0.587106, 0.106687, 0.13012]"
4914,163.8,00:02:43.80,1,,"[0.564503, 0.586228, 0.107381, 0.131373]"
4915,163.83333333333334,00:02:43.83,1,,"[0.564934, 0.586568, 0.106307, 0.131781]"
4916,163.86666666666667,00:02:43.86,1,,"[0.565165, 0.587503, 0.106299, 0.130956]"
4917,163.9,00:02:43.90,1,,"[0.565951, 0.588583, 0.104111, 0.129272]"
4918,163.93333333333334,00:02:43.93,1,,"[0.566498, 0.591166, 0.105421, 0.125392]"
4919,163.96666666666667,00:02:43.96,1,,"[0.567815, 0.59203, 0.10314, 0.123884]"
4920,164.0,00:02:44.00,1,,"[0.566772, 0.592258, 0.105799, 0.123313]"
4921,164.03333333333333,00:02:44.03,1,,"[0.566625, 0.593565, 0.106038, 0.120819]"
4922,164.06666666666666,00:02:44.06,1,,"[0.564998, 0.594077, 0.107236, 0.119065]"
4923,164.1,00:02:44.09,1,,"[0.565518, 0.595052, 0.107148, 0.118015]"
4924,164.13333333333333,00:02:44.13,1,,"[0.565888, 0.596085, 0.106177, 0.116228]"
4925,164.16666666666666,00:02:44.16,1,,"[0.565567, 0.595864, 0.105308, 0.116325]"
4926,164.2,00:02:44.19,1,,"[0.565693, 0.595055, 0.105828, 0.118114]"
4927,164.23333333333332,00:02:44.23,1,,"[0.565435, 0.592748, 0.107843, 0.123994]"
4928,164.26666666666668,00:02:44.26,1,,"[0.566126, 0.592247, 0.106935, 0.126382]"
4929,164.3,00:02:44.30,1,,"[0.566316, 0.591735, 0.1068, 0.127188]"
4930,164.33333333333334,00:02:44.33,1,,"[0.565868, 0.591252, 0.107423, 0.127919]"
4931,164.36666666666667,00:02:44.36,1,,"[0.565492, 0.591793, 0.107889, 0.125609]"
4932,164.4,00:02:44.40,1,,"[0.565434, 0.591895, 0.107593, 0.125189]"
4933,164.43333333333334,00:02:44.43,1,,"[0.565937, 0.592281, 0.106905, 0.125401]"
4934,164.46666666666667,00:02:44.46,1,,"[0.56662, 0.591457, 0.10624, 0.127714]"
4935,164.5,00:02:44.50,1,,"[0.566755, 0.590506, 0.106569, 0.129453]"
4936,164.53333333333333,00:02:44.53,1,,"[0.566958, 0.589911, 0.105944, 0.129572]"
4937,164.56666666666666,00:02:44.56,1,,"[0.566569, 0.58965, 0.106964, 0.129683]"
4938,164.6,00:02:44.59,1,,"[0.566532, 0.590144, 0.106875, 0.128156]"
4939,164.63333333333333,00:02:44.63,1,,"[0.566523, 0.589162, 0.10735, 0.130424]"
4940,164.66666666666666,00:02:44.66,1,,"[0.566976, 0.590104, 0.106198, 0.128668]"
4941,164.7,00:02:44.69,1,,"[0.566553, 0.592019, 0.106331, 0.124611]"
4942,164.73333333333332,00:02:44.73,1,,"[0.566139, 0.591496, 0.10712, 0.125857]"
4943,164.76666666666668,00:02:44.76,1,,"[0.567689, 0.590814, 0.104495, 0.127606]"
4944,164.8,00:02:44.80,1,,"[0.566735, 0.588048, 0.106605, 0.132834]"
4945,164.83333333333334,00:02:44.83,1,,"[0.568386, 0.58627, 0.10352, 0.135572]"
4946,164.86666666666667,00:02:44.86,1,,"[0.572395, 0.585124, 0.0963572, 0.138258]"
4947,164.9,00:02:44.90,1,,"[0.573248, 0.583131, 0.0950296, 0.139221]"
4948,164.93333333333334,00:02:44.93,1,,"[0.57371, 0.581899, 0.0944008, 0.141024]"
4949,164.96666666666667,00:02:44.96,1,,"[0.574842, 0.580005, 0.092914, 0.143375]"
4950,165.0,00:02:45.00,1,,"[0.57497, 0.579764, 0.0926315, 0.143068]"
4951,165.03333333333333,00:02:45.03,1,,"[0.574271, 0.580226, 0.0941553, 0.141771]"
4952,165.06666666666666,00:02:45.06,1,,"[0.574691, 0.581065, 0.0931082, 0.140824]"
4953,165.1,00:02:45.09,1,,"[0.574572, 0.581302, 0.0933939, 0.140958]"
4954,165.13333333333333,00:02:45.13,1,,"[0.573795, 0.582045, 0.0945807, 0.141745]"
4955,165.16666666666666,00:02:45.16,1,,"[0.573278, 0.583757, 0.0952593, 0.139645]"
4956,165.2,00:02:45.19,1,,"[0.573809, 0.584939, 0.0941495, 0.138367]"
4957,165.23333333333332,00:02:45.23,1,,"[0.573119, 0.585923, 0.0944044, 0.136346]"
4958,165.26666666666668,00:02:45.26,1,,"[0.57308, 0.586123, 0.0939871, 0.136719]"
4959,165.3,00:02:45.30,1,,"[0.573874, 0.584455, 0.0927268, 0.1386]"
4960,165.33333333333334,00:02:45.33,1,,"[0.573384, 0.582734, 0.0921825, 0.141814]"
4961,165.36666666666667,00:02:45.36,1,,"[0.576012, 0.583057, 0.0886556, 0.14132]"
4962,165.4,00:02:45.40,1,,"[0.575938, 0.582924, 0.0884182, 0.14207]"
4963,165.43333333333334,00:02:45.43,1,,"[0.575648, 0.5827, 0.08871, 0.141414]"
4964,165.46666666666667,00:02:45.46,1,,"[0.574369, 0.583931, 0.0902882, 0.139417]"
4965,165.5,00:02:45.50,1,,"[0.573551, 0.583192, 0.0922098, 0.141582]"
4966,165.53333333333333,00:02:45.53,1,,"[0.572465, 0.581551, 0.0945276, 0.144535]"
4967,165.56666666666666,00:02:45.56,1,,"[0.572581, 0.579348, 0.0940577, 0.146541]"
4968,165.6,00:02:45.59,1,,"[0.572602, 0.576816, 0.0939222, 0.149536]"
4969,165.63333333333333,00:02:45.63,1,,"[0.57289, 0.576739, 0.0940329, 0.149401]"
4970,165.66666666666666,00:02:45.66,1,,"[0.572872, 0.576573, 0.0937485, 0.148882]"
4971,165.7,00:02:45.69,1,,"[0.572722, 0.577821, 0.0939518, 0.146559]"
4972,165.73333333333332,00:02:45.73,1,,"[0.571743, 0.577563, 0.0955174, 0.147237]"
4973,165.76666666666668,00:02:45.76,1,,"[0.571269, 0.578362, 0.0970627, 0.146581]"
4974,165.8,00:02:45.80,1,,"[0.571573, 0.579558, 0.0967525, 0.145497]"
4975,165.83333333333334,00:02:45.83,1,,"[0.57156, 0.580466, 0.0962041, 0.146005]"
4976,165.86666666666667,00:02:45.86,1,,"[0.571183, 0.581205, 0.0970725, 0.144171]"
4977,165.9,00:02:45.90,1,,"[0.571003, 0.580884, 0.0970892, 0.144507]"
4978,165.93333333333334,00:02:45.93,1,,"[0.570955, 0.581471, 0.097459, 0.143622]"
4979,165.96666666666667,00:02:45.96,1,,"[0.570544, 0.581581, 0.0980436, 0.142468]"
4980,166.0,00:02:46.00,1,,"[0.56986, 0.581705, 0.0995636, 0.14282]"
4981,166.03333333333333,00:02:46.03,1,,"[0.56944, 0.582615, 0.100322, 0.142068]"
4982,166.06666666666666,00:02:46.06,1,,"[0.568567, 0.583493, 0.101376, 0.139634]"
4983,166.1,00:02:46.09,1,,"[0.568371, 0.584969, 0.102122, 0.137613]"
4984,166.13333333333333,00:02:46.13,1,,"[0.567346, 0.585548, 0.104386, 0.13639]"
4985,166.16666666666666,00:02:46.16,1,,"[0.566459, 0.585325, 0.106703, 0.136433]"
4986,166.2,00:02:46.19,1,,"[0.565286, 0.584581, 0.108628, 0.137029]"
4987,166.23333333333332,00:02:46.23,1,,"[0.564757, 0.583915, 0.109074, 0.135688]"
4988,166.26666666666668,00:02:46.26,1,,"[0.56416, 0.586015, 0.109282, 0.13441]"
4989,166.3,00:02:46.30,1,,"[0.564884, 0.587679, 0.108223, 0.132043]"
4990,166.33333333333334,00:02:46.33,1,,"[0.5628, 0.58966, 0.111121, 0.126842]"
4991,166.36666666666667,00:02:46.36,1,,"[0.56286, 0.593155, 0.111578, 0.122472]"
4992,166.4,00:02:46.40,1,,"[0.56026, 0.594946, 0.111228, 0.118935]"
4993,166.43333333333334,00:02:46.43,1,,"[0.559594, 0.598253, 0.111733, 0.115131]"
4994,166.46666666666667,00:02:46.46,1,,"[0.558961, 0.600566, 0.11244, 0.111131]"
4995,166.5,00:02:46.50,1,,"[0.558341, 0.602443, 0.11421, 0.106785]"
4996,166.53333333333333,00:02:46.53,1,,"[0.557594, 0.602848, 0.116191, 0.105598]"
4997,166.56666666666666,00:02:46.56,1,,"[0.55798, 0.603219, 0.11558, 0.104926]"
4998,166.6,00:02:46.59,1,,"[0.557802, 0.602993, 0.115222, 0.104947]"
4999,166.63333333333333,00:02:46.63,1,,"[0.55785, 0.603117, 0.115391, 0.105249]"
5000,166.66666666666666,00:02:46.66,1,,"[0.557377, 0.603065, 0.116399, 0.105357]"
5001,166.7,00:02:46.69,1,,"[0.558035, 0.602573, 0.115871, 0.106402]"
5002,166.73333333333332,00:02:46.73,1,,"[0.558766, 0.601756, 0.114012, 0.109584]"
5003,166.76666666666668,00:02:46.76,1,,"[0.558918, 0.599652, 0.114049, 0.112971]"
5004,166.8,00:02:46.80,1,,"[0.558729, 0.598858, 0.115412, 0.114479]"
5005,166.83333333333334,00:02:46.83,1,,"[0.559507, 0.597814, 0.114346, 0.116025]"
5006,166.86666666666667,00:02:46.86,1,,"[0.559498, 0.597212, 0.114872, 0.116881]"
5007,166.9,00:02:46.90,1,,"[0.559805, 0.597096, 0.114551, 0.117191]"
5008,166.93333333333334,00:02:46.93,1,,"[0.560345, 0.597679, 0.112075, 0.116077]"
5009,166.96666666666667,00:02:46.96,1,,"[0.561007, 0.596925, 0.110591, 0.117835]"
5010,167.0,00:02:47.00,1,,"[0.561751, 0.596721, 0.108697, 0.116851]"
5011,167.03333333333333,00:02:47.03,1,,"[0.561981, 0.595733, 0.108028, 0.119184]"
5012,167.06666666666666,00:02:47.06,1,,"[0.561915, 0.595179, 0.108037, 0.120073]"
5013,167.1,00:02:47.09,1,,"[0.561886, 0.595511, 0.108487, 0.11909]"
5014,167.13333333333333,00:02:47.13,1,,"[0.56207, 0.596202, 0.10729, 0.11695]"
5015,167.16666666666666,00:02:47.16,1,,"[0.563499, 0.596249, 0.111425, 0.11723]"
5016,167.2,00:02:47.19,1,,"[0.563653, 0.595566, 0.111868, 0.118895]"
5017,167.23333333333332,00:02:47.23,1,,"[0.56368, 0.596382, 0.111475, 0.116746]"
5018,167.26666666666668,00:02:47.26,1,,"[0.563654, 0.596187, 0.111531, 0.117212]"
5019,167.3,00:02:47.30,1,,"[0.563496, 0.595047, 0.11167, 0.119938]"
5020,167.33333333333334,00:02:47.33,1,,"[0.564501, 0.594615, 0.110266, 0.120722]"
5021,167.36666666666667,00:02:47.36,1,,"[0.564186, 0.59398, 0.110587, 0.121365]"
5022,167.4,00:02:47.40,1,,"[0.563983, 0.593688, 0.111433, 0.121842]"
5023,167.43333333333334,00:02:47.43,1,,"[0.563645, 0.591961, 0.112027, 0.125447]"
5024,167.46666666666667,00:02:47.46,1,,"[0.563325, 0.592135, 0.11284, 0.125841]"
5025,167.5,00:02:47.50,1,,"[0.563107, 0.591891, 0.11221, 0.126235]"
5026,167.53333333333333,00:02:47.53,1,,"[0.562867, 0.592097, 0.111502, 0.125293]"
5027,167.56666666666666,00:02:47.56,1,,"[0.561793, 0.591781, 0.109727, 0.126536]"
5028,167.6,00:02:47.59,1,,"[0.562552, 0.591408, 0.110942, 0.126723]"
5029,167.63333333333333,00:02:47.63,1,,"[0.562585, 0.591655, 0.110809, 0.125728]"
5030,167.66666666666666,00:02:47.66,1,,"[0.562028, 0.591442, 0.109473, 0.126859]"
5031,167.7,00:02:47.69,1,,"[0.562059, 0.591264, 0.109648, 0.127033]"
5032,167.73333333333332,00:02:47.73,1,,"[0.562139, 0.59115, 0.10958, 0.126591]"
5033,167.76666666666668,00:02:47.76,1,,"[0.561977, 0.590803, 0.108975, 0.125588]"
5034,167.8,00:02:47.80,1,,"[0.562263, 0.590499, 0.110282, 0.126222]"
5035,167.83333333333334,00:02:47.83,1,,"[0.561315, 0.589362, 0.109031, 0.125219]"
5036,167.86666666666667,00:02:47.86,1,,"[0.561788, 0.590517, 0.108728, 0.125114]"
5037,167.9,00:02:47.90,1,,"[0.561865, 0.59101, 0.108592, 0.124622]"
5038,167.93333333333334,00:02:47.93,1,,"[0.561799, 0.591351, 0.108171, 0.123463]"
5039,167.96666666666667,00:02:47.96,1,,"[0.562064, 0.591089, 0.1081, 0.123401]"
5040,168.0,00:02:48.00,1,,"[0.562469, 0.591193, 0.1097, 0.124222]"
5041,168.03333333333333,00:02:48.03,1,,"[0.56252, 0.591493, 0.109405, 0.122997]"
5042,168.06666666666666,00:02:48.06,1,,"[0.562415, 0.591552, 0.109276, 0.123382]"
5043,168.1,00:02:48.09,1,,"[0.562663, 0.591533, 0.109645, 0.123575]"
5044,168.13333333333333,00:02:48.13,1,,"[0.562447, 0.591512, 0.109233, 0.123314]"
5045,168.16666666666666,00:02:48.16,1,,"[0.5627, 0.591947, 0.109641, 0.122808]"
5046,168.2,00:02:48.19,1,,"[0.56208, 0.592097, 0.108206, 0.122401]"
5047,168.23333333333332,00:02:48.23,1,,"[0.562132, 0.59208, 0.108298, 0.121999]"
5048,168.26666666666668,00:02:48.26,1,,"[0.562177, 0.592199, 0.108363, 0.122312]"
5049,168.3,00:02:48.30,1,,"[0.562026, 0.592374, 0.10834, 0.122487]"
5050,168.33333333333334,00:02:48.33,1,,"[0.561982, 0.592335, 0.108453, 0.12157]"
5051,168.36666666666667,00:02:48.36,1,,"[0.56195, 0.592592, 0.108348, 0.121836]"
5052,168.4,00:02:48.40,1,,"[0.561906, 0.592368, 0.108367, 0.121506]"
5053,168.43333333333334,00:02:48.43,1,,"[0.561784, 0.592382, 0.108174, 0.121136]"
5054,168.46666666666667,00:02:48.46,1,,"[0.562046, 0.592911, 0.108467, 0.121642]"
5055,168.5,00:02:48.50,1,,"[0.561956, 0.592924, 0.10876, 0.122044]"
5056,168.53333333333333,00:02:48.53,1,,"[0.561859, 0.592746, 0.108805, 0.12278]"
5057,168.56666666666666,00:02:48.56,1,,"[0.561842, 0.592869, 0.108466, 0.122336]"
5058,168.6,00:02:48.59,1,,"[0.562076, 0.592873, 0.108675, 0.121439]"
5059,168.63333333333333,00:02:48.63,1,,"[0.562122, 0.593135, 0.108944, 0.122215]"
5060,168.66666666666666,00:02:48.66,1,,"[0.561973, 0.592993, 0.109457, 0.123087]"
5061,168.7,00:02:48.69,1,,"[0.562209, 0.593082, 0.109111, 0.122732]"
5062,168.73333333333332,00:02:48.73,1,,"[0.562113, 0.593189, 0.109047, 0.123095]"
5063,168.76666666666668,00:02:48.76,1,,"[0.562295, 0.592965, 0.108541, 0.121844]"
5064,168.8,00:02:48.80,1,,"[0.562313, 0.593145, 0.108425, 0.122237]"
5065,168.83333333333334,00:02:48.83,1,,"[0.562285, 0.592757, 0.108304, 0.122307]"
5066,168.86666666666667,00:02:48.86,1,,"[0.562201, 0.592974, 0.108007, 0.122483]"
5067,168.9,00:02:48.90,1,,"[0.56216, 0.593205, 0.108385, 0.122267]"
5068,168.93333333333334,00:02:48.93,1,,"[0.561844, 0.593242, 0.109084, 0.123026]"
5069,168.96666666666667,00:02:48.96,1,,"[0.561489, 0.593618, 0.109473, 0.122561]"
5070,169.0,00:02:49.00,1,,"[0.561575, 0.593342, 0.109446, 0.122914]"
5071,169.03333333333333,00:02:49.03,1,,"[0.561198, 0.593107, 0.110163, 0.123752]"
5072,169.06666666666666,00:02:49.06,1,,"[0.561681, 0.593068, 0.109467, 0.124061]"
5073,169.1,00:02:49.09,1,,"[0.561286, 0.592278, 0.108864, 0.125367]"
5074,169.13333333333333,00:02:49.13,1,,"[0.561536, 0.591354, 0.110804, 0.126113]"
5075,169.16666666666666,00:02:49.16,1,,"[0.561246, 0.589207, 0.111383, 0.130986]"
5076,169.2,00:02:49.19,1,,"[0.561068, 0.587208, 0.110896, 0.134689]"
5077,169.23333333333332,00:02:49.23,1,,"[0.561161, 0.584159, 0.110808, 0.137401]"
5078,169.26666666666668,00:02:49.26,1,,"[0.561682, 0.582076, 0.111348, 0.140772]"
5079,169.3,00:02:49.30,1,,"[0.563119, 0.581407, 0.110033, 0.141716]"
5080,169.33333333333334,00:02:49.33,1,,"[0.564444, 0.579509, 0.107666, 0.144528]"
5081,169.36666666666667,00:02:49.36,1,,"[0.564958, 0.579339, 0.106906, 0.144962]"
5082,169.4,00:02:49.40,1,,"[0.564967, 0.57845, 0.106846, 0.147411]"
5083,169.43333333333334,00:02:49.43,1,,"[0.565556, 0.578695, 0.10576, 0.146343]"
5084,169.46666666666667,00:02:49.46,1,,"[0.565584, 0.577494, 0.105357, 0.148053]"
5085,169.5,00:02:49.50,1,,"[0.565305, 0.576881, 0.105634, 0.148276]"
5086,169.53333333333333,00:02:49.53,1,,"[0.56478, 0.574348, 0.106181, 0.152121]"
5087,169.56666666666666,00:02:49.56,1,,"[0.566051, 0.575008, 0.103, 0.150622]"
5088,169.6,00:02:49.59,1,,"[0.567584, 0.575034, 0.100667, 0.151183]"
5089,169.63333333333333,00:02:49.63,1,,"[0.567762, 0.575044, 0.0998674, 0.150452]"
5090,169.66666666666666,00:02:49.66,1,,"[0.567671, 0.574897, 0.100265, 0.150363]"
5091,169.7,00:02:49.69,1,,"[0.566646, 0.574465, 0.101693, 0.151148]"
5092,169.73333333333332,00:02:49.73,1,,"[0.565978, 0.574882, 0.103835, 0.151686]"
5093,169.76666666666668,00:02:49.76,1,,"[0.566, 0.57562, 0.10329, 0.150352]"
5094,169.8,00:02:49.80,1,,"[0.565922, 0.576336, 0.103845, 0.148806]"
5095,169.83333333333334,00:02:49.83,1,,"[0.565912, 0.576298, 0.104083, 0.148947]"
5096,169.86666666666667,00:02:49.86,1,,"[0.565905, 0.576425, 0.105053, 0.149404]"
5097,169.9,00:02:49.90,1,,"[0.566167, 0.576886, 0.104618, 0.148727]"
5098,169.93333333333334,00:02:49.93,1,,"[0.565915, 0.577115, 0.105201, 0.148642]"
5099,169.96666666666667,00:02:49.96,1,,"[0.566435, 0.577881, 0.10397, 0.147289]"
5100,170.0,00:02:50.00,1,,"[0.566137, 0.577758, 0.104878, 0.14834]"
5101,170.03333333333333,00:02:50.03,1,,"[0.566223, 0.577852, 0.105074, 0.148154]"
5102,170.06666666666666,00:02:50.06,1,,"[0.566106, 0.576996, 0.105869, 0.149569]"
5103,170.1,00:02:50.09,1,,"[0.565378, 0.578324, 0.106527, 0.147184]"
5104,170.13333333333333,00:02:50.13,1,,"[0.565586, 0.578315, 0.105363, 0.146794]"
5105,170.16666666666666,00:02:50.16,1,,"[0.565898, 0.578259, 0.104783, 0.146981]"
5106,170.2,00:02:50.19,1,,"[0.566216, 0.578175, 0.104451, 0.14697]"
5107,170.23333333333332,00:02:50.23,1,,"[0.566311, 0.578425, 0.10402, 0.146518]"
5108,170.26666666666668,00:02:50.26,1,,"[0.566718, 0.57989, 0.104943, 0.144528]"
5109,170.3,00:02:50.30,1,,"[0.564787, 0.57882, 0.107172, 0.145391]"
5110,170.33333333333334,00:02:50.33,1,,"[0.56501, 0.579563, 0.106668, 0.144601]"
5111,170.36666666666667,00:02:50.36,1,,"[0.565123, 0.580649, 0.107021, 0.143493]"
5112,170.4,00:02:50.40,1,,"[0.565753, 0.584094, 0.107147, 0.138629]"
5113,170.43333333333334,00:02:50.43,1,,"[0.5652, 0.58508, 0.107015, 0.136607]"
5114,170.46666666666667,00:02:50.46,1,,"[0.565354, 0.585187, 0.107275, 0.136598]"
5115,170.5,00:02:50.50,1,,"[0.565484, 0.584965, 0.106994, 0.136768]"
5116,170.53333333333333,00:02:50.53,1,,"[0.565756, 0.584757, 0.106752, 0.137729]"
5117,170.56666666666666,00:02:50.56,1,,"[0.566487, 0.586453, 0.106095, 0.136484]"
5118,170.6,00:02:50.59,1,,"[0.566421, 0.587293, 0.105939, 0.1357]"
5119,170.63333333333333,00:02:50.63,1,,"[0.566874, 0.589483, 0.105089, 0.131386]"
5120,170.66666666666666,00:02:50.66,1,,"[0.566994, 0.591058, 0.104952, 0.128952]"
5121,170.7,00:02:50.69,1,,"[0.567285, 0.59106, 0.104473, 0.128236]"
5122,170.73333333333332,00:02:50.73,1,,"[0.568067, 0.590562, 0.102397, 0.129228]"
5123,170.76666666666668,00:02:50.76,1,,"[0.567959, 0.589791, 0.101637, 0.129986]"
5124,170.8,00:02:50.80,1,,"[0.568545, 0.588193, 0.101479, 0.134127]"
5125,170.83333333333334,00:02:50.83,1,,"[0.56909, 0.58697, 0.101269, 0.136937]"
5126,170.86666666666667,00:02:50.86,1,,"[0.569733, 0.585484, 0.0983945, 0.13905]"
5127,170.9,00:02:50.90,1,,"[0.570468, 0.58544, 0.0970387, 0.139605]"
5128,170.93333333333334,00:02:50.93,1,,"[0.570703, 0.585235, 0.0966785, 0.138975]"
5129,170.96666666666667,00:02:50.96,1,,"[0.571376, 0.585401, 0.0957119, 0.139322]"
5130,171.0,00:02:51.00,1,,"[0.571868, 0.585824, 0.0950203, 0.13831]"
5131,171.03333333333333,00:02:51.03,1,,"[0.571623, 0.586029, 0.0953247, 0.138202]"
5132,171.06666666666666,00:02:51.06,1,,"[0.571023, 0.586191, 0.0963663, 0.137612]"
5133,171.1,00:02:51.09,1,,"[0.570673, 0.58599, 0.0969833, 0.137588]"
5134,171.13333333333333,00:02:51.13,1,,"[0.570355, 0.58566, 0.0975143, 0.138331]"
5135,171.16666666666666,00:02:51.16,1,,"[0.570266, 0.585564, 0.0977346, 0.138497]"
5136,171.2,00:02:51.19,1,,"[0.570299, 0.585451, 0.0979044, 0.138723]"
5137,171.23333333333332,00:02:51.23,1,,"[0.570966, 0.58604, 0.0966791, 0.138029]"
5138,171.26666666666668,00:02:51.26,1,,"[0.570428, 0.585364, 0.0979549, 0.13888]"
5139,171.3,00:02:51.30,1,,"[0.569081, 0.586232, 0.102119, 0.137219]"
5140,171.33333333333334,00:02:51.33,1,,"[0.567994, 0.591609, 0.10067, 0.126985]"
5141,171.36666666666667,00:02:51.36,1,,"[0.566858, 0.594464, 0.103313, 0.122903]"
5142,171.4,00:02:51.40,1,,"[0.56561, 0.597231, 0.105969, 0.116756]"
5143,171.43333333333334,00:02:51.43,1,,"[0.563388, 0.599783, 0.108884, 0.113371]"
5144,171.46666666666667,00:02:51.46,1,,"[0.563438, 0.600782, 0.109566, 0.111785]"
5145,171.5,00:02:51.50,1,,"[0.564525, 0.601922, 0.108578, 0.109934]"
5146,171.53333333333333,00:02:51.53,1,,"[0.564332, 0.603279, 0.1085, 0.107416]"
5147,171.56666666666666,00:02:51.56,1,,"[0.564314, 0.602968, 0.108184, 0.107882]"
5148,171.6,00:02:51.59,1,,"[0.565363, 0.606062, 0.107786, 0.103418]"
5149,171.63333333333333,00:02:51.63,1,,"[0.563437, 0.608361, 0.109012, 0.099585]"
5150,171.66666666666666,00:02:51.66,1,,"[0.563839, 0.61055, 0.108304, 0.0948029]"
5151,171.7,00:02:51.69,1,,"[0.564343, 0.6116, 0.106952, 0.0924475]"
5152,171.73333333333332,00:02:51.73,1,,"[0.563949, 0.611891, 0.108394, 0.0925586]"
5153,171.76666666666668,00:02:51.76,1,,"[0.564241, 0.612348, 0.106724, 0.0922165]"
5154,171.8,00:02:51.80,1,,"[0.564627, 0.612337, 0.107018, 0.0927175]"
5155,171.83333333333334,00:02:51.83,1,,"[0.564339, 0.611865, 0.1071, 0.0938544]"
5156,171.86666666666667,00:02:51.86,1,,"[0.564753, 0.612051, 0.106768, 0.0934911]"
5157,171.9,00:02:51.90,1,,"[0.563523, 0.611996, 0.108973, 0.0940002]"
5158,171.93333333333334,00:02:51.93,1,,"[0.563332, 0.611788, 0.110516, 0.0947035]"
5159,171.96666666666667,00:02:51.96,1,,"[0.563291, 0.611502, 0.110182, 0.0946687]"
5160,172.0,00:02:52.00,1,,"[0.563989, 0.611079, 0.109931, 0.0966042]"
5161,172.03333333333333,00:02:52.03,1,,"[0.563825, 0.609548, 0.112694, 0.0997815]"
5162,172.06666666666666,00:02:52.06,1,,"[0.563754, 0.61001, 0.1132, 0.0992989]"
5163,172.1,00:02:52.09,1,,"[0.561547, 0.606665, 0.110958, 0.0997911]"
5164,172.13333333333333,00:02:52.13,1,,"[0.563264, 0.608539, 0.111188, 0.0999291]"
5165,172.16666666666666,00:02:52.16,1,,"[0.563276, 0.608559, 0.111259, 0.0997991]"
5166,172.2,00:02:52.19,1,,"[0.562799, 0.60687, 0.107589, 0.0993515]"
5167,172.23333333333332,00:02:52.23,1,,"[0.562759, 0.607604, 0.107322, 0.0979838]"
5168,172.26666666666668,00:02:52.26,1,,"[0.563054, 0.607458, 0.107451, 0.0986034]"
5169,172.3,00:02:52.30,1,,"[0.563096, 0.607, 0.106535, 0.0984545]"
5170,172.33333333333334,00:02:52.33,1,,"[0.564329, 0.60828, 0.10879, 0.100065]"
5171,172.36666666666667,00:02:52.36,1,,"[0.564326, 0.607388, 0.110022, 0.101708]"
5172,172.4,00:02:52.40,1,,"[0.564958, 0.607252, 0.107975, 0.101897]"
5173,172.43333333333334,00:02:52.43,1,,"[0.565339, 0.605631, 0.108234, 0.104068]"
5174,172.46666666666667,00:02:52.46,1,,"[0.565349, 0.60629, 0.108516, 0.102806]"
5175,172.5,00:02:52.50,1,,"[0.564927, 0.606487, 0.109024, 0.102935]"
5176,172.53333333333333,00:02:52.53,1,,"[0.565009, 0.606259, 0.108728, 0.102897]"
5177,172.56666666666666,00:02:52.56,1,,"[0.564852, 0.606637, 0.108652, 0.102674]"
5178,172.6,00:02:52.59,1,,"[0.564381, 0.607935, 0.109858, 0.100161]"
5179,172.63333333333333,00:02:52.63,1,,"[0.563843, 0.608463, 0.111807, 0.100008]"
5180,172.66666666666666,00:02:52.66,1,,"[0.562564, 0.607571, 0.109429, 0.0980342]"
5181,172.7,00:02:52.69,1,,"[0.56223, 0.608047, 0.110901, 0.0972972]"
5182,172.73333333333332,00:02:52.73,1,,"[0.562189, 0.608011, 0.111089, 0.0967665]"
5183,172.76666666666668,00:02:52.76,1,,"[0.562286, 0.608026, 0.109538, 0.0971605]"
5184,172.8,00:02:52.80,1,,"[0.56229, 0.606235, 0.109012, 0.10092]"
5185,172.83333333333334,00:02:52.83,1,,"[0.563567, 0.600433, 0.106314, 0.113332]"
5186,172.86666666666667,00:02:52.86,1,,"[0.568245, 0.595304, 0.102294, 0.120745]"
5187,172.9,00:02:52.90,1,,"[0.56457, 0.582244, 0.108237, 0.141554]"
5188,172.93333333333334,00:02:52.93,1,,"[0.564094, 0.576762, 0.107391, 0.149519]"
5189,172.96666666666667,00:02:52.96,1,,"[0.566899, 0.574124, 0.102345, 0.155914]"
5190,173.0,00:02:53.00,1,,"[0.569957, 0.572849, 0.098771, 0.158127]"
5191,173.03333333333333,00:02:53.03,1,,"[0.573348, 0.57205, 0.0918015, 0.15948]"
5192,173.06666666666666,00:02:53.06,1,,"[0.575172, 0.572533, 0.0912399, 0.161948]"
5193,173.1,00:02:53.09,1,,"[0.576691, 0.5723, 0.0881895, 0.163546]"
5194,173.13333333333333,00:02:53.13,1,,"[0.576852, 0.572387, 0.0882965, 0.162851]"
5195,173.16666666666666,00:02:53.16,1,,"[0.576525, 0.572227, 0.0884728, 0.163354]"
5196,173.2,00:02:53.19,1,,"[0.576383, 0.571775, 0.0890448, 0.163855]"
5197,173.23333333333332,00:02:53.23,1,,"[0.576579, 0.571624, 0.0882357, 0.1645]"
5198,173.26666666666668,00:02:53.26,1,,"[0.577154, 0.571432, 0.0876957, 0.16533]"
5199,173.3,00:02:53.30,1,,"[0.577339, 0.570167, 0.0867425, 0.16854]"
5200,173.33333333333334,00:02:53.33,1,,"[0.57947, 0.570305, 0.083614, 0.16769]"
5201,173.36666666666667,00:02:53.36,1,,"[0.580804, 0.569582, 0.0823231, 0.169462]"
5202,173.4,00:02:53.40,1,,"[0.583115, 0.568435, 0.0781089, 0.172272]"
5203,173.43333333333334,00:02:53.43,1,,"[0.583753, 0.569022, 0.0748333, 0.170694]"
5204,173.46666666666667,00:02:53.46,1,,"[0.584632, 0.567721, 0.0728573, 0.171035]"
5205,173.5,00:02:53.50,1,,"[0.585756, 0.567875, 0.0706706, 0.171445]"
5206,173.53333333333333,00:02:53.53,1,,"[0.586554, 0.566629, 0.0701009, 0.176525]"
5207,173.56666666666666,00:02:53.56,1,,"[0.588141, 0.566436, 0.0677523, 0.177288]"
5208,173.6,00:02:53.59,1,,"[0.589131, 0.566118, 0.0654396, 0.177452]"
5209,173.63333333333333,00:02:53.63,1,,"[0.58935, 0.565074, 0.0640717, 0.177067]"
5210,173.66666666666666,00:02:53.66,1,,"[0.589363, 0.564527, 0.0638786, 0.180312]"
5211,173.7,00:02:53.69,1,,"[0.590469, 0.564071, 0.0625474, 0.182505]"
5212,173.73333333333332,00:02:53.73,1,,"[0.59058, 0.564369, 0.0630021, 0.181646]"
5213,173.76666666666668,00:02:53.76,1,,"[0.590378, 0.565072, 0.0631458, 0.181045]"
5214,173.8,00:02:53.80,1,,"[0.590437, 0.5647, 0.0625354, 0.181181]"
5215,173.83333333333334,00:02:53.83,1,,"[0.591112, 0.563565, 0.0630562, 0.184847]"
5216,173.86666666666667,00:02:53.86,1,,"[0.592006, 0.563117, 0.0611588, 0.181419]"
5217,173.9,00:02:53.90,1,,"[0.59234, 0.563496, 0.0610673, 0.181762]"
5218,173.93333333333334,00:02:53.93,1,,"[0.591673, 0.564034, 0.0626517, 0.180527]"
5219,173.96666666666667,00:02:53.96,1,,"[0.591023, 0.564718, 0.0642872, 0.179371]"
5220,174.0,00:02:54.00,1,,"[0.59096, 0.56477, 0.0637699, 0.180253]"
5221,174.03333333333333,00:02:54.03,1,,"[0.591148, 0.564828, 0.0632369, 0.17977]"
5222,174.06666666666666,00:02:54.06,1,,"[0.592367, 0.56531, 0.0613678, 0.178735]"
5223,174.1,00:02:54.09,1,,"[0.592917, 0.564904, 0.0604147, 0.178776]"
5224,174.13333333333333,00:02:54.13,1,,"[0.593227, 0.565249, 0.0595537, 0.178357]"
5225,174.16666666666666,00:02:54.16,1,,"[0.593448, 0.56466, 0.0598635, 0.178634]"
5226,174.2,00:02:54.19,1,,"[0.593776, 0.565188, 0.059541, 0.178289]"
5227,174.23333333333332,00:02:54.23,1,,"[0.594255, 0.565216, 0.0590818, 0.179452]"
5228,174.26666666666668,00:02:54.26,1,,"[0.59476, 0.564691, 0.0579792, 0.179491]"
5229,174.3,00:02:54.30,1,,"[0.595465, 0.564792, 0.056728, 0.178798]"
5230,174.33333333333334,00:02:54.33,1,,"[0.59597, 0.565316, 0.0561811, 0.177126]"
5231,174.36666666666667,00:02:54.36,1,,"[0.596029, 0.565203, 0.0560494, 0.176248]"
5232,174.4,00:02:54.40,1,,"[0.596598, 0.564954, 0.0558333, 0.177201]"
5233,174.43333333333334,00:02:54.43,1,,"[0.596645, 0.564439, 0.0558033, 0.177128]"
5234,174.46666666666667,00:02:54.46,1,,"[0.597012, 0.564068, 0.0548925, 0.178596]"
5235,174.5,00:02:54.50,1,,"[0.596911, 0.564093, 0.0554533, 0.178272]"
5236,174.53333333333333,00:02:54.53,1,,"[0.596476, 0.564403, 0.056509, 0.17707]"
5237,174.56666666666666,00:02:54.56,1,,"[0.595829, 0.564101, 0.057876, 0.178445]"
5238,174.6,00:02:54.59,1,,"[0.594808, 0.564229, 0.0597246, 0.178278]"
5239,174.63333333333333,00:02:54.63,1,,"[0.594508, 0.564601, 0.0600622, 0.176897]"
5240,174.66666666666666,00:02:54.66,1,,"[0.594596, 0.565423, 0.0600029, 0.174825]"
5241,174.7,00:02:54.69,1,,"[0.594607, 0.566076, 0.059614, 0.174197]"
5242,174.73333333333332,00:02:54.73,1,,"[0.594991, 0.565477, 0.059169, 0.174106]"
5243,174.76666666666668,00:02:54.76,1,,"[0.595337, 0.565535, 0.0589207, 0.174955]"
5244,174.8,00:02:54.80,1,,"[0.596196, 0.565326, 0.0577104, 0.175212]"
5245,174.83333333333334,00:02:54.83,1,,"[0.596409, 0.565867, 0.0573458, 0.174742]"
5246,174.86666666666667,00:02:54.86,1,,"[0.596545, 0.565838, 0.0573496, 0.17447]"
5247,174.9,00:02:54.90,1,,"[0.596934, 0.565924, 0.0577713, 0.174625]"
5248,174.93333333333334,00:02:54.93,1,,"[0.597447, 0.566568, 0.0569908, 0.174378]"
5249,174.96666666666667,00:02:54.96,1,,"[0.597714, 0.567375, 0.0574047, 0.176548]"
5250,175.0,00:02:55.00,1,,"[0.597983, 0.567644, 0.0571349, 0.175937]"
5251,175.03333333333333,00:02:55.03,1,,"[0.597982, 0.567713, 0.0573783, 0.175468]"
5252,175.06666666666666,00:02:55.06,1,,"[0.59787, 0.567184, 0.0579119, 0.176147]"
5253,175.1,00:02:55.09,1,,"[0.597908, 0.566335, 0.0578669, 0.174798]"
5254,175.13333333333333,00:02:55.13,1,,"[0.597072, 0.566174, 0.0578058, 0.173831]"
5255,175.16666666666666,00:02:55.16,1,,"[0.596026, 0.565902, 0.0581192, 0.174075]"
5256,175.2,00:02:55.19,1,,"[0.594477, 0.564602, 0.0603846, 0.176482]"
5257,175.23333333333332,00:02:55.23,1,,"[0.59353, 0.563551, 0.0612508, 0.182703]"
5258,175.26666666666668,00:02:55.26,1,,"[0.592812, 0.562319, 0.0622957, 0.186347]"
5259,175.3,00:02:55.30,1,,"[0.592299, 0.561546, 0.063476, 0.188757]"
5260,175.33333333333334,00:02:55.33,1,,"[0.592026, 0.560313, 0.0638815, 0.19092]"
5261,175.36666666666667,00:02:55.36,1,,"[0.591672, 0.559216, 0.0646211, 0.192778]"
5262,175.4,00:02:55.40,1,,"[0.591628, 0.559439, 0.064341, 0.19222]"
5263,175.43333333333334,00:02:55.43,1,,"[0.59125, 0.558028, 0.0651744, 0.192958]"
5264,175.46666666666667,00:02:55.46,1,,"[0.591013, 0.560385, 0.0648106, 0.19483]"
5265,175.5,00:02:55.50,1,,"[0.591215, 0.559863, 0.0651142, 0.195512]"
5266,175.53333333333333,00:02:55.53,1,,"[0.591863, 0.55972, 0.0632803, 0.198318]"
5267,175.56666666666666,00:02:55.56,1,,"[0.592939, 0.558349, 0.0617009, 0.193832]"
5268,175.6,00:02:55.59,1,,"[0.594744, 0.558644, 0.0591928, 0.19298]"
5269,175.63333333333333,00:02:55.63,1,,"[0.596342, 0.557864, 0.0563171, 0.192094]"
5270,175.66666666666666,00:02:55.66,1,,"[0.597582, 0.557851, 0.0547471, 0.192297]"
5271,175.7,00:02:55.69,1,,"[0.598714, 0.558003, 0.0529289, 0.193574]"
5272,175.73333333333332,00:02:55.73,1,,"[0.599788, 0.557946, 0.0511846, 0.193655]"
5273,175.76666666666668,00:02:55.76,1,,"[0.599959, 0.558469, 0.0509981, 0.193276]"
5274,175.8,00:02:55.80,1,,"[0.600243, 0.559608, 0.0506421, 0.193335]"
5275,175.83333333333334,00:02:55.83,1,,"[0.600772, 0.559618, 0.0503494, 0.193264]"
5276,175.86666666666667,00:02:55.86,1,,"[0.600945, 0.559504, 0.0503595, 0.192385]"
5277,175.9,00:02:55.90,1,,"[0.601458, 0.559438, 0.0498413, 0.192555]"
5278,175.93333333333334,00:02:55.93,1,,"[0.601661, 0.560004, 0.0498894, 0.190904]"
5279,175.96666666666667,00:02:55.96,1,,"[0.601779, 0.560342, 0.0494026, 0.190143]"
5280,176.0,00:02:56.00,1,,"[0.601824, 0.560553, 0.04956, 0.189684]"
5281,176.03333333333333,00:02:56.03,1,,"[0.601961, 0.560962, 0.0492561, 0.18821]"
5282,176.06666666666666,00:02:56.06,1,,"[0.601771, 0.561392, 0.0493605, 0.187078]"
5283,176.1,00:02:56.09,1,,"[0.601895, 0.562759, 0.0491623, 0.184997]"
5284,176.13333333333333,00:02:56.13,1,,"[0.60223, 0.564936, 0.0505882, 0.181859]"
5285,176.16666666666666,00:02:56.16,1,,"[0.601934, 0.566018, 0.0506828, 0.179008]"
5286,176.2,00:02:56.19,1,,"[0.601782, 0.566846, 0.0497095, 0.177581]"
5287,176.23333333333332,00:02:56.23,1,,"[0.601124, 0.567497, 0.0492633, 0.178541]"
5288,176.26666666666668,00:02:56.26,1,,"[0.6007, 0.568653, 0.0497934, 0.178452]"
5289,176.3,00:02:56.30,1,,"[0.600874, 0.57026, 0.0495869, 0.17513]"
5290,176.33333333333334,00:02:56.33,1,,"[0.600256, 0.570978, 0.0503493, 0.174089]"
5291,176.36666666666667,00:02:56.36,1,,"[0.599566, 0.571103, 0.0513635, 0.173587]"
5292,176.4,00:02:56.40,1,,"[0.598248, 0.57197, 0.0538776, 0.171075]"
5293,176.43333333333334,00:02:56.43,1,,"[0.597742, 0.570696, 0.0542633, 0.172728]"
5294,176.46666666666667,00:02:56.46,1,,"[0.597274, 0.569608, 0.0542908, 0.175806]"
5295,176.5,00:02:56.50,1,,"[0.596828, 0.568751, 0.0548494, 0.177863]"
5296,176.53333333333333,00:02:56.53,1,,"[0.597203, 0.567484, 0.0547095, 0.178617]"
5297,176.56666666666666,00:02:56.56,1,,"[0.596648, 0.564327, 0.0555917, 0.183295]"
5298,176.6,00:02:56.59,1,,"[0.596773, 0.56342, 0.05531, 0.186059]"
5299,176.63333333333333,00:02:56.63,1,,"[0.596717, 0.563169, 0.0550278, 0.185838]"
5300,176.66666666666666,00:02:56.66,1,,"[0.596557, 0.563111, 0.0556744, 0.185396]"
5301,176.7,00:02:56.69,1,,"[0.596351, 0.563625, 0.0557622, 0.183475]"
5302,176.73333333333332,00:02:56.73,1,,"[0.596707, 0.563998, 0.0551716, 0.183]"
5303,176.76666666666668,00:02:56.76,1,,"[0.596826, 0.56613, 0.0545682, 0.179607]"
5304,176.8,00:02:56.80,1,,"[0.597568, 0.567003, 0.0535501, 0.179741]"
5305,176.83333333333334,00:02:56.83,1,,"[0.598501, 0.567141, 0.0528675, 0.178248]"
5306,176.86666666666667,00:02:56.86,1,,"[0.599057, 0.567767, 0.0521839, 0.177092]"
5307,176.9,00:02:56.90,1,,"[0.599714, 0.568175, 0.0509815, 0.176915]"
5308,176.93333333333334,00:02:56.93,1,,"[0.599784, 0.569032, 0.0507521, 0.175343]"
5309,176.96666666666667,00:02:56.96,1,,"[0.600132, 0.570885, 0.0502234, 0.172826]"
5310,177.0,00:02:57.00,1,,"[0.600146, 0.571587, 0.0502911, 0.172297]"
5311,177.03333333333333,00:02:57.03,1,,"[0.600349, 0.572559, 0.0501915, 0.16985]"
5312,177.06666666666666,00:02:57.06,1,,"[0.600244, 0.57252, 0.0500425, 0.16959]"
5313,177.1,00:02:57.09,1,,"[0.600549, 0.573558, 0.0496677, 0.167264]"
5314,177.13333333333333,00:02:57.13,1,,"[0.600604, 0.573231, 0.0495294, 0.167361]"
5315,177.16666666666666,00:02:57.16,1,,"[0.600435, 0.57399, 0.0498113, 0.165379]"
5316,177.2,00:02:57.19,1,,"[0.600921, 0.575146, 0.0507101, 0.162396]"
5317,177.23333333333332,00:02:57.23,1,,"[0.60099, 0.574895, 0.0504969, 0.163071]"
5318,177.26666666666668,00:02:57.26,1,,"[0.601379, 0.577161, 0.0502588, 0.159397]"
5319,177.3,00:02:57.30,1,,"[0.601763, 0.577447, 0.049968, 0.158303]"
5320,177.33333333333334,00:02:57.33,1,,"[0.601898, 0.577519, 0.0498663, 0.157728]"
5321,177.36666666666667,00:02:57.36,1,,"[0.601885, 0.577771, 0.0498272, 0.157322]"
5322,177.4,00:02:57.40,1,,"[0.601782, 0.577297, 0.0500738, 0.157887]"
5323,177.43333333333334,00:02:57.43,1,,"[0.601868, 0.577464, 0.0500739, 0.157063]"
5324,177.46666666666667,00:02:57.46,1,,"[0.602039, 0.575638, 0.0498241, 0.160583]"
5325,177.5,00:02:57.50,1,,"[0.602103, 0.572691, 0.0500125, 0.168577]"
5326,177.53333333333333,00:02:57.53,1,,"[0.602541, 0.570621, 0.0497321, 0.174693]"
5327,177.56666666666666,00:02:57.56,1,,"[0.602634, 0.568769, 0.0504543, 0.177408]"
5328,177.6,00:02:57.59,1,,"[0.602223, 0.56566, 0.0505516, 0.181913]"
5329,177.63333333333333,00:02:57.63,1,,"[0.600996, 0.562269, 0.0507863, 0.185417]"
5330,177.66666666666666,00:02:57.66,1,,"[0.600347, 0.561024, 0.0502741, 0.189424]"
5331,177.7,00:02:57.69,1,,"[0.600501, 0.560366, 0.0503061, 0.191064]"
5332,177.73333333333332,00:02:57.73,1,,"[0.600214, 0.560332, 0.0505508, 0.191342]"
5333,177.76666666666668,00:02:57.76,1,,"[0.600125, 0.561027, 0.0505622, 0.191733]"
5334,177.8,00:02:57.80,1,,"[0.600054, 0.560794, 0.0504475, 0.192918]"
5335,177.83333333333334,00:02:57.83,1,,"[0.600453, 0.560607, 0.0499722, 0.193476]"
5336,177.86666666666667,00:02:57.86,1,,"[0.600882, 0.558908, 0.0491903, 0.190482]"
5337,177.9,00:02:57.90,1,,"[0.601505, 0.558953, 0.0485554, 0.189936]"
5338,177.93333333333334,00:02:57.93,1,,"[0.602229, 0.560187, 0.0484169, 0.188085]"
5339,177.96666666666667,00:02:57.96,1,,"[0.602555, 0.56184, 0.0477642, 0.185081]"
5340,178.0,00:02:58.00,1,,"[0.603373, 0.564909, 0.0483573, 0.181278]"
5341,178.03333333333333,00:02:58.03,1,,"[0.604264, 0.566542, 0.0479735, 0.178324]"
5342,178.06666666666666,00:02:58.06,1,,"[0.604364, 0.568094, 0.0481414, 0.176944]"
5343,178.1,00:02:58.09,1,,"[0.604496, 0.56918, 0.0479659, 0.175205]"
5344,178.13333333333333,00:02:58.13,1,,"[0.604276, 0.570066, 0.0481437, 0.173055]"
5345,178.16666666666666,00:02:58.16,1,,"[0.60474, 0.5703, 0.04786, 0.172863]"
5346,178.2,00:02:58.19,1,,"[0.604664, 0.571332, 0.0478727, 0.170502]"
5347,178.23333333333332,00:02:58.23,1,,"[0.604367, 0.57276, 0.0481714, 0.168057]"
5348,178.26666666666668,00:02:58.26,1,,"[0.60418, 0.573612, 0.0480892, 0.166695]"
5349,178.3,00:02:58.30,1,,"[0.604128, 0.574678, 0.0481937, 0.165311]"
5350,178.33333333333334,00:02:58.33,1,,"[0.604253, 0.57539, 0.0475437, 0.162257]"
5351,178.36666666666667,00:02:58.36,1,,"[0.604362, 0.576279, 0.0477491, 0.161933]"
5352,178.4,00:02:58.40,1,,"[0.604237, 0.577665, 0.0477552, 0.158039]"
5353,178.43333333333334,00:02:58.43,1,,"[0.604646, 0.577683, 0.0470952, 0.158242]"
5354,178.46666666666667,00:02:58.46,1,,"[0.603995, 0.57846, 0.049078, 0.158273]"
5355,178.5,00:02:58.50,1,,"[0.602437, 0.578057, 0.0503591, 0.158565]"
5356,178.53333333333333,00:02:58.53,1,,"[0.601893, 0.578189, 0.0503714, 0.157972]"
5357,178.56666666666666,00:02:58.56,1,,"[0.600893, 0.579269, 0.0494752, 0.156383]"
5358,178.6,00:02:58.59,1,,"[0.599747, 0.578469, 0.0508451, 0.158587]"
5359,178.63333333333333,00:02:58.63,1,,"[0.597679, 0.576713, 0.0549677, 0.160186]"
5360,178.66666666666666,00:02:58.66,1,,"[0.596027, 0.57298, 0.0567221, 0.167119]"
5361,178.7,00:02:58.69,1,,"[0.594115, 0.572624, 0.0593477, 0.169575]"
5362,178.73333333333332,00:02:58.73,1,,"[0.592879, 0.57155, 0.0615983, 0.170848]"
5363,178.76666666666668,00:02:58.76,1,,"[0.591784, 0.571062, 0.0623758, 0.174945]"
5364,178.8,00:02:58.80,1,,"[0.591149, 0.570425, 0.0634712, 0.175747]"
5365,178.83333333333334,00:02:58.83,1,,"[0.590467, 0.570486, 0.0646149, 0.175216]"
5366,178.86666666666667,00:02:58.86,1,,"[0.59024, 0.57066, 0.0656667, 0.173577]"
5367,178.9,00:02:58.90,1,,"[0.589757, 0.570815, 0.0668876, 0.17227]"
5368,178.93333333333334,00:02:58.93,1,,"[0.588766, 0.57002, 0.0685659, 0.172921]"
5369,178.96666666666667,00:02:58.96,1,,"[0.588404, 0.571059, 0.0676963, 0.167518]"
5370,179.0,00:02:59.00,1,,"[0.586163, 0.569654, 0.0737407, 0.168836]"
5371,179.03333333333333,00:02:59.03,1,,"[0.58374, 0.56987, 0.0767657, 0.165065]"
5372,179.06666666666666,00:02:59.06,1,,"[0.582227, 0.569598, 0.0787336, 0.165861]"
5373,179.1,00:02:59.09,1,,"[0.581162, 0.570547, 0.0801632, 0.164388]"
5374,179.13333333333333,00:02:59.13,1,,"[0.579642, 0.570394, 0.0836256, 0.164922]"
5375,179.16666666666666,00:02:59.16,1,,"[0.579442, 0.570439, 0.0837532, 0.163654]"
5376,179.2,00:02:59.19,1,,"[0.578074, 0.569943, 0.0868437, 0.164573]"
5377,179.23333333333332,00:02:59.23,1,,"[0.577431, 0.570588, 0.088546, 0.1637]"
5378,179.26666666666668,00:02:59.26,1,,"[0.576392, 0.570629, 0.0901661, 0.162947]"
5379,179.3,00:02:59.30,1,,"[0.575679, 0.570917, 0.0913362, 0.161872]"
5380,179.33333333333334,00:02:59.33,1,,"[0.575411, 0.57035, 0.0919567, 0.162002]"
5381,179.36666666666667,00:02:59.36,1,,"[0.574738, 0.569065, 0.0933598, 0.162535]"
5382,179.4,00:02:59.40,1,,"[0.575577, 0.567604, 0.0919489, 0.159189]"
5383,179.43333333333334,00:02:59.43,1,,"[0.574786, 0.566247, 0.0940854, 0.16021]"
5384,179.46666666666667,00:02:59.46,1,,"[0.57363, 0.565411, 0.0963645, 0.161425]"
5385,179.5,00:02:59.50,1,,"[0.572761, 0.56477, 0.098098, 0.161771]"
5386,179.53333333333333,00:02:59.53,1,,"[0.572175, 0.565557, 0.0977345, 0.15983]"
5387,179.56666666666666,00:02:59.56,1,,"[0.572252, 0.566167, 0.097585, 0.160058]"
5388,179.6,00:02:59.59,1,,"[0.572071, 0.565518, 0.0969471, 0.160663]"
5389,179.63333333333333,00:02:59.63,1,,"[0.573221, 0.565527, 0.0949587, 0.161822]"
5390,179.66666666666666,00:02:59.66,1,,"[0.57358, 0.564736, 0.0941928, 0.164217]"
5391,179.7,00:02:59.69,1,,"[0.574877, 0.564744, 0.0927038, 0.165385]"
5392,179.73333333333332,00:02:59.73,1,,"[0.575484, 0.565368, 0.0913271, 0.164842]"
5393,179.76666666666668,00:02:59.76,1,,"[0.575661, 0.566504, 0.0914741, 0.162452]"
5394,179.8,00:02:59.80,1,,"[0.57601, 0.567538, 0.091093, 0.161282]"
5395,179.83333333333334,00:02:59.83,1,,"[0.575679, 0.56901, 0.0915865, 0.159202]"
5396,179.86666666666667,00:02:59.86,1,,"[0.575043, 0.570607, 0.0929423, 0.157207]"
5397,179.9,00:02:59.90,1,,"[0.574495, 0.571762, 0.093741, 0.155246]"
5398,179.93333333333334,00:02:59.93,1,,"[0.572071, 0.573555, 0.0958103, 0.150552]"
5399,179.96666666666667,00:02:59.96,1,,"[0.569743, 0.574581, 0.100808, 0.147637]"
5400,180.0,00:03:00.00,1,,"[0.569339, 0.57647, 0.102504, 0.146938]"
5401,180.03333333333333,00:03:00.03,1,,"[0.569134, 0.578265, 0.102597, 0.143086]"
5402,180.06666666666666,00:03:00.06,1,,"[0.568687, 0.579868, 0.102871, 0.140143]"
5403,180.1,00:03:00.09,1,,"[0.56694, 0.57776, 0.104923, 0.140504]"
5404,180.13333333333333,00:03:00.13,1,,"[0.566826, 0.577199, 0.10487, 0.140212]"
5405,180.16666666666666,00:03:00.16,1,,"[0.566715, 0.576855, 0.104409, 0.140758]"
5406,180.2,00:03:00.19,1,,"[0.56667, 0.576047, 0.104058, 0.142204]"
5407,180.23333333333332,00:03:00.23,1,,"[0.56788, 0.576587, 0.103443, 0.144431]"
5408,180.26666666666668,00:03:00.26,1,,"[0.567621, 0.576231, 0.104047, 0.145272]"
5409,180.3,00:03:00.30,1,,"[0.568915, 0.577571, 0.101715, 0.144488]"
5410,180.33333333333334,00:03:00.33,1,,"[0.568942, 0.578382, 0.102263, 0.143397]"
5411,180.36666666666667,00:03:00.36,1,,"[0.569399, 0.580181, 0.101798, 0.141686]"
5412,180.4,00:03:00.40,1,,"[0.569508, 0.581661, 0.101592, 0.140141]"
5413,180.43333333333334,00:03:00.43,1,,"[0.56831, 0.584135, 0.103504, 0.135588]"
5414,180.46666666666667,00:03:00.46,1,,"[0.567682, 0.585887, 0.103856, 0.132853]"
5415,180.5,00:03:00.50,1,,"[0.566637, 0.587961, 0.105835, 0.129615]"
5416,180.53333333333333,00:03:00.53,1,,"[0.566941, 0.590899, 0.105045, 0.12412]"
5417,180.56666666666666,00:03:00.56,1,,"[0.5675, 0.592533, 0.104144, 0.121842]"
5418,180.6,00:03:00.59,1,,"[0.566565, 0.592969, 0.106153, 0.120324]"
5419,180.63333333333333,00:03:00.63,1,,"[0.567091, 0.594235, 0.105202, 0.117622]"
5420,180.66666666666666,00:03:00.66,1,,"[0.566286, 0.593606, 0.106661, 0.118731]"
5421,180.7,00:03:00.69,1,,"[0.565398, 0.595659, 0.108462, 0.115194]"
5422,180.73333333333332,00:03:00.73,1,,"[0.563847, 0.596457, 0.111861, 0.114564]"
5423,180.76666666666668,00:03:00.76,1,,"[0.562977, 0.596771, 0.11304, 0.113671]"
5424,180.8,00:03:00.80,1,,"[0.563512, 0.596, 0.112293, 0.115787]"
5425,180.83333333333334,00:03:00.83,1,,"[0.564824, 0.594823, 0.109862, 0.116972]"
5426,180.86666666666667,00:03:00.86,1,,"[0.565055, 0.593876, 0.110214, 0.118377]"
5427,180.9,00:03:00.90,1,,"[0.565999, 0.591923, 0.108314, 0.121411]"
5428,180.93333333333334,00:03:00.93,1,,"[0.56489, 0.591487, 0.110253, 0.122236]"
5429,180.96666666666667,00:03:00.96,1,,"[0.565371, 0.591658, 0.109603, 0.121997]"
5430,181.0,00:03:01.00,1,,"[0.565579, 0.591761, 0.108982, 0.121422]"
5431,181.03333333333333,00:03:01.03,1,,"[0.565589, 0.592328, 0.108966, 0.121025]"
5432,181.06666666666666,00:03:01.06,1,,"[0.565399, 0.592013, 0.108631, 0.120414]"
5433,181.1,00:03:01.09,1,,"[0.565593, 0.591852, 0.108905, 0.120704]"
5434,181.13333333333333,00:03:01.13,1,,"[0.565894, 0.592255, 0.108449, 0.12091]"
5435,181.16666666666666,00:03:01.16,1,,"[0.565832, 0.591807, 0.108403, 0.12149]"
5436,181.2,00:03:01.19,1,,"[0.565369, 0.591364, 0.10955, 0.122743]"
5437,181.23333333333332,00:03:01.23,1,,"[0.565457, 0.591573, 0.109355, 0.122434]"
5438,181.26666666666668,00:03:01.26,1,,"[0.565325, 0.591833, 0.109615, 0.122346]"
5439,181.3,00:03:01.30,1,,"[0.565484, 0.591726, 0.109562, 0.122984]"
5440,181.33333333333334,00:03:01.33,1,,"[0.565171, 0.591161, 0.110261, 0.123726]"
5441,181.36666666666667,00:03:01.36,1,,"[0.56506, 0.590562, 0.110808, 0.125287]"
5442,181.4,00:03:01.40,1,,"[0.564943, 0.589848, 0.110725, 0.127248]"
5443,181.43333333333334,00:03:01.43,1,,"[0.565076, 0.589413, 0.110622, 0.128724]"
5444,181.46666666666667,00:03:01.46,1,,"[0.565285, 0.589336, 0.11048, 0.128109]"
5445,181.5,00:03:01.50,1,,"[0.565247, 0.589576, 0.11054, 0.127637]"
5446,181.53333333333333,00:03:01.53,1,,"[0.565166, 0.588779, 0.110653, 0.128629]"
5447,181.56666666666666,00:03:01.56,1,,"[0.565013, 0.588611, 0.110912, 0.128817]"
5448,181.6,00:03:01.59,1,,"[0.564854, 0.588989, 0.110802, 0.128358]"
5449,181.63333333333333,00:03:01.63,1,,"[0.564619, 0.588638, 0.111728, 0.128873]"
5450,181.66666666666666,00:03:01.66,1,,"[0.564392, 0.588665, 0.112627, 0.12907]"
5451,181.7,00:03:01.69,1,,"[0.564161, 0.587991, 0.112893, 0.130027]"
5452,181.73333333333332,00:03:01.73,1,,"[0.563565, 0.586656, 0.112629, 0.12979]"
5453,181.76666666666668,00:03:01.76,1,,"[0.563298, 0.586328, 0.11306, 0.130405]"
5454,181.8,00:03:01.80,1,,"[0.563404, 0.586158, 0.112633, 0.130367]"
5455,181.83333333333334,00:03:01.83,1,,"[0.563403, 0.586488, 0.11302, 0.130953]"
5456,181.86666666666667,00:03:01.86,1,,"[0.563536, 0.586117, 0.112645, 0.131159]"
5457,181.9,00:03:01.90,1,,"[0.563315, 0.585617, 0.112795, 0.132134]"
5458,181.93333333333334,00:03:01.93,1,,"[0.563319, 0.585694, 0.113403, 0.132368]"
5459,181.96666666666667,00:03:01.96,1,,"[0.563321, 0.585816, 0.113093, 0.131903]"
5460,182.0,00:03:02.00,1,,"[0.563471, 0.586107, 0.113073, 0.131904]"
5461,182.03333333333333,00:03:02.03,1,,"[0.563614, 0.586269, 0.113015, 0.131673]"
5462,182.06666666666666,00:03:02.06,1,,"[0.563395, 0.586142, 0.112821, 0.131778]"
5463,182.1,00:03:02.09,1,,"[0.563518, 0.586443, 0.113287, 0.132047]"
5464,182.13333333333333,00:03:02.13,1,,"[0.563503, 0.586575, 0.113243, 0.131641]"
5465,182.16666666666666,00:03:02.16,1,,"[0.563464, 0.586667, 0.113281, 0.131475]"
5466,182.2,00:03:02.19,1,,"[0.563589, 0.586371, 0.113512, 0.132321]"
5467,182.23333333333332,00:03:02.23,1,,"[0.56346, 0.586498, 0.113555, 0.131817]"
5468,182.26666666666668,00:03:02.26,1,,"[0.563274, 0.586437, 0.113451, 0.13119]"
5469,182.3,00:03:02.30,1,,"[0.563081, 0.58654, 0.113489, 0.131084]"
5470,182.33333333333334,00:03:02.33,1,,"[0.563306, 0.587028, 0.114046, 0.130898]"
5471,182.36666666666667,00:03:02.36,1,,"[0.563234, 0.58691, 0.114063, 0.131128]"
5472,182.4,00:03:02.40,1,,"[0.563279, 0.586823, 0.11406, 0.131084]"
5473,182.43333333333334,00:03:02.43,1,,"[0.563314, 0.586674, 0.113365, 0.130935]"
5474,182.46666666666667,00:03:02.46,1,,"[0.563186, 0.586514, 0.113578, 0.131393]"
5475,182.5,00:03:02.50,1,,"[0.563069, 0.586962, 0.113273, 0.12998]"
5476,182.53333333333333,00:03:02.53,1,,"[0.562205, 0.585221, 0.114101, 0.135786]"
5477,182.56666666666666,00:03:02.56,1,,"[0.56245, 0.585493, 0.113354, 0.136619]"
5478,182.6,00:03:02.59,1,,"[0.562038, 0.585532, 0.111817, 0.132718]"
5479,182.63333333333333,00:03:02.63,1,,"[0.561651, 0.585354, 0.113917, 0.135802]"
5480,182.66666666666666,00:03:02.66,1,,"[0.56098, 0.58437, 0.115852, 0.136613]"
5481,182.7,00:03:02.69,1,,"[0.5611, 0.583396, 0.115418, 0.139322]"
5482,182.73333333333332,00:03:02.73,1,,"[0.559986, 0.582199, 0.117475, 0.140785]"
5483,182.76666666666668,00:03:02.76,1,,"[0.558915, 0.579851, 0.118617, 0.142147]"
5484,182.8,00:03:02.80,1,,"[0.558301, 0.577984, 0.118936, 0.143636]"
5485,182.83333333333334,00:03:02.83,1,,"[0.557848, 0.57763, 0.119148, 0.142062]"
5486,182.86666666666667,00:03:02.86,1,,"[0.557461, 0.577349, 0.120449, 0.143637]"
5487,182.9,00:03:02.90,1,,"[0.556402, 0.577328, 0.122301, 0.145055]"
5488,182.93333333333334,00:03:02.93,1,,"[0.556389, 0.578298, 0.122084, 0.140737]"
5489,182.96666666666667,00:03:02.96,1,,"[0.556107, 0.577708, 0.121867, 0.141021]"
5490,183.0,00:03:03.00,1,,"[0.555458, 0.578161, 0.123045, 0.140657]"
5491,183.03333333333333,00:03:03.03,1,,"[0.554136, 0.577492, 0.125471, 0.141673]"
5492,183.06666666666666,00:03:03.06,1,,"[0.552311, 0.576895, 0.130438, 0.142369]"
5493,183.1,00:03:03.09,1,,"[0.54545, 0.570786, 0.118561, 0.133793]"
5494,183.13333333333333,00:03:03.13,1,,"[0.544635, 0.566912, 0.127034, 0.135822]"
5495,183.16666666666666,00:03:03.16,1,,"[0.538757, 0.569271, 0.1285, 0.139984]"
5688,189.6,00:03:09.59,2,,"[0.559615, 0.534947, 0.128915, 0.16264]"
5689,189.63333333333333,00:03:09.63,2,,"[0.557998, 0.534518, 0.13677, 0.166598]"
5690,189.66666666666666,00:03:09.66,2,,"[0.564005, 0.537336, 0.125415, 0.17244]"
5691,189.7,00:03:09.69,2,,"[0.559121, 0.53852, 0.135731, 0.170937]"
5692,189.73333333333332,00:03:09.73,2,,"[0.562299, 0.537938, 0.128972, 0.172671]"
5693,189.76666666666668,00:03:09.76,2,,"[0.559912, 0.540593, 0.136982, 0.180948]"
5694,189.8,00:03:09.80,2,,"[0.554209, 0.54109, 0.146858, 0.18212]"
5695,189.83333333333334,00:03:09.83,2,,"[0.553178, 0.544145, 0.148329, 0.184471]"
5696,189.86666666666667,00:03:09.86,2,,"[0.553352, 0.547107, 0.14752, 0.184227]"
5697,189.9,00:03:09.90,2,,"[0.550341, 0.548569, 0.146945, 0.181234]"
5698,189.93333333333334,00:03:09.93,2,,"[0.547943, 0.553783, 0.147718, 0.182808]"
5699,189.96666666666667,00:03:09.96,2,,"[0.548059, 0.557293, 0.145834, 0.184308]"
5700,190.0,00:03:10.00,2,,"[0.547852, 0.558331, 0.145967, 0.183657]"
5701,190.03333333333333,00:03:10.03,2,,"[0.548637, 0.557332, 0.143823, 0.187158]"
5702,190.06666666666666,00:03:10.06,2,,"[0.548322, 0.557528, 0.144374, 0.18721]"
5703,190.1,00:03:10.09,2,,"[0.550186, 0.558822, 0.141718, 0.186256]"
5704,190.13333333333333,00:03:10.13,2,,"[0.549809, 0.554389, 0.142334, 0.195237]"
5705,190.16666666666666,00:03:10.16,2,,"[0.550076, 0.558073, 0.143837, 0.193193]"
5706,190.2,00:03:10.19,2,,"[0.550898, 0.557902, 0.143043, 0.194159]"
5707,190.23333333333332,00:03:10.23,2,,"[0.552228, 0.556566, 0.141121, 0.196651]"
5708,190.26666666666668,00:03:10.26,2,,"[0.552515, 0.556184, 0.140627, 0.198384]"
5709,190.3,00:03:10.30,2,,"[0.553718, 0.555536, 0.137695, 0.198673]"
5710,190.33333333333334,00:03:10.33,2,,"[0.555179, 0.553609, 0.135977, 0.203731]"
5711,190.36666666666667,00:03:10.36,2,,"[0.556039, 0.552524, 0.135275, 0.206544]"
5712,190.4,00:03:10.40,2,,"[0.557971, 0.55494, 0.13167, 0.200334]"
5713,190.43333333333334,00:03:10.43,2,,"[0.55858, 0.554573, 0.130543, 0.200665]"
5714,190.46666666666667,00:03:10.46,2,,"[0.558905, 0.55657, 0.129892, 0.196436]"
5715,190.5,00:03:10.50,2,,"[0.559442, 0.557231, 0.129124, 0.194811]"
5716,190.53333333333333,00:03:10.53,2,,"[0.55919, 0.557066, 0.129413, 0.19365]"
5717,190.56666666666666,00:03:10.56,2,,"[0.559663, 0.556406, 0.128354, 0.194632]"
5718,190.6,00:03:10.59,2,,"[0.559799, 0.553846, 0.127948, 0.200366]"
5719,190.63333333333333,00:03:10.63,2,,"[0.559738, 0.555288, 0.127709, 0.196934]"
5720,190.66666666666666,00:03:10.66,2,,"[0.559381, 0.55807, 0.128371, 0.190615]"
5721,190.7,00:03:10.69,2,,"[0.559221, 0.554951, 0.127785, 0.192297]"
5722,190.73333333333332,00:03:10.73,2,,"[0.558821, 0.559659, 0.128255, 0.182885]"
5723,190.76666666666668,00:03:10.76,2,,"[0.558955, 0.560408, 0.127987, 0.181504]"
5724,190.8,00:03:10.80,2,,"[0.558794, 0.563273, 0.128824, 0.175624]"
5725,190.83333333333334,00:03:10.83,2,,"[0.55853, 0.563783, 0.131184, 0.170583]"
5726,190.86666666666667,00:03:10.86,2,,"[0.558073, 0.566133, 0.129722, 0.169008]"
5727,190.9,00:03:10.90,2,,"[0.558045, 0.565162, 0.132249, 0.166657]"
5728,190.93333333333334,00:03:10.93,2,,"[0.557406, 0.566504, 0.132774, 0.163525]"
5729,190.96666666666667,00:03:10.96,2,,"[0.557519, 0.565129, 0.133244, 0.166321]"
5730,191.0,00:03:11.00,2,,"[0.557363, 0.565017, 0.133254, 0.166702]"
5731,191.03333333333333,00:03:11.03,2,,"[0.557317, 0.564688, 0.133395, 0.167433]"
5732,191.06666666666666,00:03:11.06,2,,"[0.557439, 0.564998, 0.133104, 0.166799]"
5733,191.1,00:03:11.09,2,,"[0.556652, 0.566342, 0.131464, 0.169201]"
5734,191.13333333333333,00:03:11.13,2,,"[0.556509, 0.566127, 0.13171, 0.170178]"
5735,191.16666666666666,00:03:11.16,2,,"[0.556496, 0.565681, 0.131953, 0.170996]"
5736,191.2,00:03:11.19,2,,"[0.557542, 0.56544, 0.129696, 0.171834]"
5737,191.23333333333332,00:03:11.23,2,,"[0.561899, 0.565608, 0.120633, 0.172373]"
5738,191.26666666666668,00:03:11.26,2,,"[0.573553, 0.565678, 0.0967873, 0.171867]"
5739,191.3,00:03:11.30,2,,"[0.575599, 0.566294, 0.0923103, 0.171644]"
5740,191.33333333333334,00:03:11.33,2,,"[0.576383, 0.565729, 0.0904557, 0.173025]"
5741,191.36666666666667,00:03:11.36,2,,"[0.57613, 0.567208, 0.0917067, 0.170828]"
5742,191.4,00:03:11.40,2,,"[0.576475, 0.567519, 0.0908499, 0.170276]"
5743,191.43333333333334,00:03:11.43,2,,"[0.576495, 0.567391, 0.0909359, 0.170813]"
5744,191.46666666666667,00:03:11.46,2,,"[0.576259, 0.5674, 0.0914658, 0.17122]"
5745,191.5,00:03:11.50,2,,"[0.576678, 0.567938, 0.0902931, 0.170826]"
5746,191.53333333333333,00:03:11.53,2,,"[0.577008, 0.569057, 0.0897482, 0.168673]"
5747,191.56666666666666,00:03:11.56,2,,"[0.576677, 0.56917, 0.0907927, 0.167826]"
5748,191.6,00:03:11.59,2,,"[0.576033, 0.569067, 0.0919205, 0.167239]"
5749,191.63333333333333,00:03:11.63,2,,"[0.575427, 0.568902, 0.092921, 0.16721]"
5750,191.66666666666666,00:03:11.66,2,,"[0.57482, 0.568757, 0.0941072, 0.166106]"
5751,191.7,00:03:11.69,2,,"[0.574456, 0.568394, 0.0951341, 0.167521]"
5752,191.73333333333332,00:03:11.73,2,,"[0.574376, 0.56851, 0.0956104, 0.167401]"
5753,191.76666666666668,00:03:11.76,2,,"[0.575117, 0.569183, 0.0939302, 0.166771]"
5754,191.8,00:03:11.80,2,,"[0.576143, 0.569648, 0.0915786, 0.165578]"
5755,191.83333333333334,00:03:11.83,2,,"[0.576171, 0.569751, 0.0911761, 0.165961]"
5756,191.86666666666667,00:03:11.86,2,,"[0.576389, 0.569766, 0.0905806, 0.16642]"
5757,191.9,00:03:11.90,2,,"[0.576542, 0.569817, 0.0901875, 0.167088]"
5758,191.93333333333334,00:03:11.93,2,,"[0.576728, 0.569304, 0.0897661, 0.168154]"
5759,191.96666666666667,00:03:11.96,2,,"[0.576798, 0.568301, 0.0899652, 0.169164]"
5760,192.0,00:03:12.00,2,,"[0.576931, 0.568517, 0.0891476, 0.168391]"
5761,192.03333333333333,00:03:12.03,2,,"[0.577034, 0.568179, 0.0893782, 0.169266]"
5762,192.06666666666666,00:03:12.06,2,,"[0.57805, 0.568489, 0.0870121, 0.169432]"
5763,192.1,00:03:12.09,2,,"[0.57895, 0.567394, 0.0851018, 0.171434]"
5764,192.13333333333333,00:03:12.13,2,,"[0.57993, 0.56969, 0.0857939, 0.171353]"
5765,192.16666666666666,00:03:12.16,2,,"[0.580075, 0.569054, 0.0844969, 0.1703]"
5766,192.2,00:03:12.19,2,,"[0.580372, 0.569546, 0.0838942, 0.169774]"
5767,192.23333333333332,00:03:12.23,2,,"[0.580481, 0.569744, 0.082828, 0.166804]"
5768,192.26666666666668,00:03:12.26,2,,"[0.580171, 0.569161, 0.0832216, 0.168048]"
5769,192.3,00:03:12.30,2,,"[0.580375, 0.568835, 0.0837177, 0.170865]"
5770,192.33333333333334,00:03:12.33,2,,"[0.580381, 0.569697, 0.0835389, 0.16848]"
5771,192.36666666666667,00:03:12.36,2,,"[0.580182, 0.569599, 0.0837889, 0.168893]"
5772,192.4,00:03:12.40,2,,"[0.580347, 0.570145, 0.0835949, 0.167841]"
5773,192.43333333333334,00:03:12.43,2,,"[0.580411, 0.570767, 0.0837116, 0.166588]"
5774,192.46666666666667,00:03:12.46,2,,"[0.580688, 0.572281, 0.0828556, 0.162752]"
5775,192.5,00:03:12.50,2,,"[0.579758, 0.572196, 0.0835318, 0.162913]"
5776,192.53333333333333,00:03:12.53,2,,"[0.580292, 0.572536, 0.0847914, 0.159878]"
5777,192.56666666666666,00:03:12.56,2,,"[0.579177, 0.574548, 0.0849741, 0.157958]"
5778,192.6,00:03:12.59,2,,"[0.578397, 0.574615, 0.0858152, 0.157983]"
5779,192.63333333333333,00:03:12.63,2,,"[0.578082, 0.574665, 0.0861101, 0.158651]"
5780,192.66666666666666,00:03:12.66,2,,"[0.579318, 0.573366, 0.0865826, 0.159903]"
5781,192.7,00:03:12.69,2,,"[0.578572, 0.573844, 0.085857, 0.160683]"
5782,192.73333333333332,00:03:12.73,2,,"[0.577479, 0.572615, 0.0881756, 0.16265]"
5783,192.76666666666668,00:03:12.76,2,,"[0.577384, 0.571035, 0.0886073, 0.164937]"
5784,192.8,00:03:12.80,2,,"[0.578197, 0.569827, 0.089675, 0.170338]"
5785,192.83333333333334,00:03:12.83,2,,"[0.579391, 0.569456, 0.0876455, 0.171877]"
5786,192.86666666666667,00:03:12.86,2,,"[0.579487, 0.569211, 0.0873932, 0.170965]"
5787,192.9,00:03:12.90,2,,"[0.579115, 0.567026, 0.0877692, 0.175577]"
5788,192.93333333333334,00:03:12.93,2,,"[0.579533, 0.567544, 0.0869488, 0.174223]"
5789,192.96666666666667,00:03:12.96,2,,"[0.579568, 0.567309, 0.08678, 0.175396]"
5790,193.0,00:03:13.00,2,,"[0.579628, 0.56654, 0.0867027, 0.177235]"
5791,193.03333333333333,00:03:13.03,2,,"[0.579874, 0.565769, 0.0863804, 0.179434]"
5792,193.06666666666666,00:03:13.06,2,,"[0.58003, 0.565416, 0.0858039, 0.180264]"
5793,193.1,00:03:13.09,2,,"[0.580382, 0.565884, 0.0848517, 0.179947]"
5794,193.13333333333333,00:03:13.13,2,,"[0.580708, 0.565443, 0.0841667, 0.179719]"
5795,193.16666666666666,00:03:13.16,2,,"[0.581133, 0.566288, 0.083352, 0.177942]"
5796,193.2,00:03:13.19,2,,"[0.58083, 0.566885, 0.0823523, 0.176567]"
5797,193.23333333333332,00:03:13.23,2,,"[0.581868, 0.567042, 0.0801242, 0.176819]"
5798,193.26666666666668,00:03:13.26,2,,"[0.582784, 0.566801, 0.0783394, 0.177741]"
5799,193.3,00:03:13.30,2,,"[0.583608, 0.567419, 0.0792625, 0.178629]"
5800,193.33333333333334,00:03:13.33,2,,"[0.584115, 0.567867, 0.0781864, 0.176836]"
5801,193.36666666666667,00:03:13.36,2,,"[0.585026, 0.568184, 0.0765033, 0.175946]"
5802,193.4,00:03:13.40,2,,"[0.584902, 0.567985, 0.0772338, 0.175385]"
5803,193.43333333333334,00:03:13.43,2,,"[0.584765, 0.568309, 0.0774541, 0.174011]"
5804,193.46666666666667,00:03:13.46,2,,"[0.584331, 0.570091, 0.0781073, 0.169115]"
5805,193.5,00:03:13.50,2,,"[0.584449, 0.570653, 0.0773623, 0.164956]"
5806,193.53333333333333,00:03:13.53,2,,"[0.585493, 0.571419, 0.0750539, 0.162357]"
5807,193.56666666666666,00:03:13.56,2,,"[0.58517, 0.572567, 0.0752912, 0.16009]"
5808,193.6,00:03:13.59,2,,"[0.585025, 0.574296, 0.0750549, 0.157002]"
5809,193.63333333333333,00:03:13.63,2,,"[0.584798, 0.574302, 0.075886, 0.157595]"
5810,193.66666666666666,00:03:13.66,2,,"[0.585113, 0.574603, 0.0753415, 0.155917]"
5811,193.7,00:03:13.69,2,,"[0.585859, 0.576401, 0.073744, 0.152511]"
5812,193.73333333333332,00:03:13.73,2,,"[0.583753, 0.577347, 0.0781466, 0.149013]"
5813,193.76666666666668,00:03:13.76,2,,"[0.583299, 0.577191, 0.078941, 0.149295]"
5814,193.8,00:03:13.80,2,,"[0.583868, 0.578363, 0.0778702, 0.147082]"
5815,193.83333333333334,00:03:13.83,2,,"[0.58384, 0.579623, 0.0772933, 0.14463]"
5816,193.86666666666667,00:03:13.86,2,,"[0.583491, 0.581367, 0.0776704, 0.143864]"
5817,193.9,00:03:13.90,2,,"[0.584133, 0.581548, 0.0765918, 0.143888]"
5818,193.93333333333334,00:03:13.93,2,,"[0.584355, 0.581738, 0.0760003, 0.143927]"
5819,193.96666666666667,00:03:13.96,2,,"[0.584641, 0.581968, 0.0752177, 0.143886]"
5820,194.0,00:03:14.00,2,,"[0.584316, 0.58261, 0.0764867, 0.142537]"
5821,194.03333333333333,00:03:14.03,2,,"[0.584172, 0.582693, 0.0767376, 0.141894]"
5822,194.06666666666666,00:03:14.06,2,,"[0.583536, 0.582701, 0.0783245, 0.141336]"
5823,194.1,00:03:14.09,2,,"[0.584365, 0.584031, 0.0769547, 0.138982]"
5824,194.13333333333333,00:03:14.13,2,,"[0.583589, 0.58372, 0.0791501, 0.139891]"
5825,194.16666666666666,00:03:14.16,2,,"[0.583576, 0.584319, 0.0785347, 0.139463]"
5826,194.2,00:03:14.19,2,,"[0.58337, 0.584418, 0.0787409, 0.138902]"
5827,194.23333333333332,00:03:14.23,2,,"[0.584234, 0.584765, 0.0774036, 0.138658]"
5828,194.26666666666668,00:03:14.26,2,,"[0.584267, 0.585567, 0.0766078, 0.137716]"
5829,194.3,00:03:14.30,2,,"[0.583904, 0.586553, 0.0776245, 0.136858]"
5830,194.33333333333334,00:03:14.33,2,,"[0.583543, 0.587031, 0.0794867, 0.13735]"
5831,194.36666666666667,00:03:14.36,2,,"[0.580045, 0.586389, 0.0863352, 0.138226]"
5832,194.4,00:03:14.40,2,,"[0.568913, 0.58607, 0.108759, 0.138407]"
5833,194.43333333333334,00:03:14.43,2,,"[0.563121, 0.586245, 0.120429, 0.138109]"
5833,194.43333333333334,00:03:14.43,2,,"[0.583538, 0.586352, 0.0786261, 0.136577]"
5834,194.46666666666667,00:03:14.46,2,,"[0.582936, 0.584846, 0.0799608, 0.138779]"
5834,194.46666666666667,00:03:14.46,2,,"[0.56285, 0.585182, 0.121101, 0.140014]"
5835,194.5,00:03:14.50,2,,"[0.577787, 0.583701, 0.091456, 0.141574]"
5836,194.53333333333333,00:03:14.53,2,,"[0.582175, 0.582723, 0.0818949, 0.141544]"
5837,194.56666666666666,00:03:14.56,2,,"[0.57913, 0.582273, 0.0878947, 0.142805]"
5838,194.6,00:03:14.59,2,,"[0.577195, 0.582323, 0.0914797, 0.142118]"
5839,194.63333333333333,00:03:14.63,2,,"[0.580519, 0.581945, 0.0845732, 0.141643]"
5840,194.66666666666666,00:03:14.66,2,,"[0.57961, 0.58107, 0.0860817, 0.144834]"
5841,194.7,00:03:14.69,2,,"[0.581213, 0.580205, 0.0840111, 0.146282]"
5842,194.73333333333332,00:03:14.73,2,,"[0.579696, 0.580127, 0.0870319, 0.146429]"
5843,194.76666666666668,00:03:14.76,2,,"[0.578553, 0.579794, 0.0897861, 0.147649]"
5844,194.8,00:03:14.80,2,,"[0.576349, 0.580345, 0.0939, 0.146792]"
5845,194.83333333333334,00:03:14.83,2,,"[0.579551, 0.579797, 0.0866765, 0.148234]"
5846,194.86666666666667,00:03:14.86,2,,"[0.576316, 0.579536, 0.0937267, 0.149395]"
5847,194.9,00:03:14.90,2,,"[0.567664, 0.579895, 0.110881, 0.14829]"
5848,194.93333333333334,00:03:14.93,2,,"[0.580858, 0.579545, 0.0843519, 0.148679]"
5848,194.93333333333334,00:03:14.93,2,,"[0.558248, 0.580039, 0.130002, 0.148197]"
5849,194.96666666666667,00:03:14.96,2,,"[0.580393, 0.578538, 0.085237, 0.151636]"
5849,194.96666666666667,00:03:14.96,2,,"[0.557422, 0.578992, 0.131654, 0.150436]"
5850,195.0,00:03:15.00,2,,"[0.557912, 0.578663, 0.130992, 0.150497]"
5851,195.03333333333333,00:03:15.03,2,,"[0.557289, 0.577972, 0.131882, 0.151405]"
5852,195.06666666666666,00:03:15.06,2,,"[0.556796, 0.577945, 0.132333, 0.149437]"
5853,195.1,00:03:15.09,2,,"[0.556942, 0.57682, 0.132021, 0.151265]"
5854,195.13333333333333,00:03:15.13,2,,"[0.556171, 0.577511, 0.133652, 0.14954]"
5855,195.16666666666666,00:03:15.16,2,,"[0.55619, 0.57782, 0.1335, 0.148897]"
5856,195.2,00:03:15.19,2,,"[0.556687, 0.577939, 0.132082, 0.147845]"
5857,195.23333333333332,00:03:15.23,2,,"[0.556255, 0.577762, 0.13245, 0.148005]"
5858,195.26666666666668,00:03:15.26,2,,"[0.556026, 0.577574, 0.132811, 0.148543]"
5859,195.3,00:03:15.30,2,,"[0.556569, 0.575899, 0.132582, 0.153579]"
5860,195.33333333333334,00:03:15.33,2,,"[0.556755, 0.574687, 0.131757, 0.155431]"
5861,195.36666666666667,00:03:15.36,2,,"[0.556872, 0.573733, 0.132279, 0.15816]"
5862,195.4,00:03:15.40,2,,"[0.55694, 0.574982, 0.132124, 0.155917]"
5863,195.43333333333334,00:03:15.43,2,,"[0.556904, 0.574243, 0.131477, 0.156895]"
5864,195.46666666666667,00:03:15.46,2,,"[0.556806, 0.573306, 0.131244, 0.156927]"
5865,195.5,00:03:15.50,2,,"[0.556504, 0.573774, 0.131269, 0.157229]"
5866,195.53333333333333,00:03:15.53,2,,"[0.5568, 0.575952, 0.130559, 0.153529]"
5867,195.56666666666666,00:03:15.56,2,,"[0.557135, 0.574082, 0.130229, 0.157024]"
5868,195.6,00:03:15.59,2,,"[0.557289, 0.572673, 0.13046, 0.160694]"
5869,195.63333333333333,00:03:15.63,2,,"[0.557755, 0.575242, 0.129511, 0.156063]"
5870,195.66666666666666,00:03:15.66,2,,"[0.557931, 0.572783, 0.130079, 0.15964]"
5871,195.7,00:03:15.69,2,,"[0.557202, 0.574653, 0.130288, 0.157315]"
5872,195.73333333333332,00:03:15.73,2,,"[0.558024, 0.573462, 0.129782, 0.159202]"
5872,195.73333333333332,00:03:15.73,2,,"[0.581888, 0.575046, 0.0799827, 0.158138]"
5873,195.76666666666668,00:03:15.76,2,,"[0.558181, 0.572866, 0.129218, 0.160197]"
5874,195.8,00:03:15.80,2,,"[0.558008, 0.572107, 0.129178, 0.160996]"
5875,195.83333333333334,00:03:15.83,2,,"[0.557589, 0.569836, 0.130419, 0.165777]"
5876,195.86666666666667,00:03:15.86,2,,"[0.56942, 0.568766, 0.105803, 0.167329]"
5877,195.9,00:03:15.90,2,,"[0.579831, 0.57108, 0.0840262, 0.164579]"
5877,195.9,00:03:15.90,2,,"[0.562536, 0.569486, 0.120426, 0.165054]"
5878,195.93333333333334,00:03:15.93,2,,"[0.574618, 0.569772, 0.0966373, 0.164301]"
5879,195.96666666666667,00:03:15.96,2,,"[0.573334, 0.570398, 0.0988589, 0.164265]"
5880,196.0,00:03:16.00,2,,"[0.579306, 0.572769, 0.085435, 0.161059]"
5881,196.03333333333333,00:03:16.03,2,,"[0.578807, 0.572798, 0.0863551, 0.160654]"
5882,196.06666666666666,00:03:16.06,2,,"[0.579317, 0.572968, 0.0860794, 0.160243]"
5883,196.1,00:03:16.09,2,,"[0.579954, 0.574012, 0.0850405, 0.158326]"
5884,196.13333333333333,00:03:16.13,2,,"[0.576266, 0.577541, 0.0923989, 0.154115]"
5885,196.16666666666666,00:03:16.16,2,,"[0.566436, 0.578473, 0.112217, 0.15214]"
5886,196.2,00:03:16.19,2,,"[0.572471, 0.578942, 0.0997122, 0.15169]"
5887,196.23333333333332,00:03:16.23,2,,"[0.580176, 0.580465, 0.0852303, 0.147005]"
5887,196.23333333333332,00:03:16.23,2,,"[0.558567, 0.580665, 0.128268, 0.148269]"
5888,196.26666666666668,00:03:16.26,2,,"[0.558165, 0.581483, 0.129996, 0.147499]"
5889,196.3,00:03:16.30,2,,"[0.557601, 0.582165, 0.131885, 0.146617]"
5890,196.33333333333334,00:03:16.33,2,,"[0.556904, 0.582642, 0.133312, 0.147571]"
5891,196.36666666666667,00:03:16.36,2,,"[0.557427, 0.583589, 0.132469, 0.145723]"
5892,196.4,00:03:16.40,2,,"[0.55789, 0.585736, 0.131978, 0.142753]"
5893,196.43333333333334,00:03:16.43,2,,"[0.557604, 0.585898, 0.132552, 0.142897]"
5894,196.46666666666667,00:03:16.46,2,,"[0.557611, 0.586323, 0.132197, 0.142377]"
5895,196.5,00:03:16.50,2,,"[0.557651, 0.589474, 0.131966, 0.135761]"
5896,196.53333333333333,00:03:16.53,2,,"[0.557493, 0.590408, 0.132098, 0.133497]"
5897,196.56666666666666,00:03:16.56,2,,"[0.557223, 0.590635, 0.132539, 0.133035]"
5898,196.6,00:03:16.59,2,,"[0.557378, 0.589698, 0.132392, 0.134817]"
5899,196.63333333333333,00:03:16.63,2,,"[0.557653, 0.590402, 0.132149, 0.133433]"
5900,196.66666666666666,00:03:16.66,2,,"[0.557525, 0.592056, 0.132697, 0.130418]"
5901,196.7,00:03:16.69,2,,"[0.557398, 0.593213, 0.132631, 0.127316]"
5902,196.73333333333332,00:03:16.73,2,,"[0.557111, 0.59455, 0.132991, 0.12402]"
5903,196.76666666666668,00:03:16.76,2,,"[0.556699, 0.595663, 0.13406, 0.122657]"
5904,196.8,00:03:16.80,2,,"[0.556976, 0.59463, 0.13379, 0.12521]"
5905,196.83333333333334,00:03:16.83,2,,"[0.557431, 0.595102, 0.133074, 0.124574]"
5906,196.86666666666667,00:03:16.86,2,,"[0.557589, 0.5957, 0.132834, 0.124283]"
5907,196.9,00:03:16.90,2,,"[0.55534, 0.597651, 0.136709, 0.120158]"
5908,196.93333333333334,00:03:16.93,2,,"[0.555426, 0.597692, 0.136432, 0.120819]"
5909,196.96666666666667,00:03:16.96,2,,"[0.555356, 0.597761, 0.136544, 0.12084]"
5910,197.0,00:03:17.00,2,,"[0.555456, 0.597577, 0.136216, 0.120467]"
5911,197.03333333333333,00:03:17.03,2,,"[0.555008, 0.597855, 0.136588, 0.120084]"
5912,197.06666666666666,00:03:17.06,2,,"[0.556494, 0.597033, 0.133734, 0.121914]"
5913,197.1,00:03:17.09,2,,"[0.557079, 0.596098, 0.133219, 0.124074]"
5914,197.13333333333333,00:03:17.13,2,,"[0.557094, 0.597476, 0.133345, 0.121516]"
5915,197.16666666666666,00:03:17.16,2,,"[0.557497, 0.5976, 0.132945, 0.121125]"
5916,197.2,00:03:17.19,2,,"[0.557803, 0.59618, 0.132343, 0.12361]"
5917,197.23333333333332,00:03:17.23,2,,"[0.557978, 0.595651, 0.131915, 0.12439]"
5918,197.26666666666668,00:03:17.26,2,,"[0.558838, 0.59131, 0.130493, 0.132966]"
5919,197.3,00:03:17.30,2,,"[0.558447, 0.586743, 0.131704, 0.141668]"
5920,197.33333333333334,00:03:17.33,2,,"[0.558135, 0.584987, 0.132228, 0.145044]"
5921,197.36666666666667,00:03:17.36,2,,"[0.557673, 0.58009, 0.132207, 0.152314]"
5922,197.4,00:03:17.40,2,,"[0.557125, 0.578384, 0.133257, 0.154944]"
5923,197.43333333333334,00:03:17.43,2,,"[0.557694, 0.578213, 0.132357, 0.154165]"
5924,197.46666666666667,00:03:17.46,2,,"[0.558332, 0.579399, 0.131007, 0.15123]"
5925,197.5,00:03:17.50,2,,"[0.558207, 0.577735, 0.131273, 0.154335]"
5926,197.53333333333333,00:03:17.53,2,,"[0.558593, 0.575966, 0.130892, 0.156145]"
5927,197.56666666666666,00:03:17.56,2,,"[0.558666, 0.575227, 0.130689, 0.157721]"
5928,197.6,00:03:17.59,2,,"[0.558415, 0.572948, 0.131232, 0.161869]"
5929,197.63333333333333,00:03:17.63,2,,"[0.558846, 0.574151, 0.130395, 0.159701]"
5930,197.66666666666666,00:03:17.66,2,,"[0.558536, 0.574011, 0.131153, 0.160192]"
5931,197.7,00:03:17.69,2,,"[0.558786, 0.574886, 0.130646, 0.158507]"
5932,197.73333333333332,00:03:17.73,2,,"[0.558863, 0.574376, 0.130817, 0.159621]"
5933,197.76666666666668,00:03:17.76,2,,"[0.559238, 0.573613, 0.130178, 0.161141]"
5934,197.8,00:03:17.80,2,,"[0.558802, 0.571891, 0.130665, 0.164558]"
5935,197.83333333333334,00:03:17.83,2,,"[0.558614, 0.57231, 0.131001, 0.16355]"
5936,197.86666666666667,00:03:17.86,2,,"[0.558781, 0.573114, 0.130396, 0.160788]"
5937,197.9,00:03:17.90,2,,"[0.559349, 0.574069, 0.129715, 0.161708]"
5938,197.93333333333334,00:03:17.93,2,,"[0.558608, 0.576303, 0.130968, 0.15779]"
5939,197.96666666666667,00:03:17.96,2,,"[0.558181, 0.577112, 0.131666, 0.156517]"
5940,198.0,00:03:18.00,2,,"[0.557769, 0.577534, 0.131872, 0.155503]"
5941,198.03333333333333,00:03:18.03,2,,"[0.557816, 0.579431, 0.131818, 0.152218]"
5942,198.06666666666666,00:03:18.06,2,,"[0.557862, 0.579593, 0.131879, 0.152454]"
5943,198.1,00:03:18.09,2,,"[0.557965, 0.579932, 0.131689, 0.15192]"
5944,198.13333333333333,00:03:18.13,2,,"[0.55781, 0.581331, 0.13232, 0.149618]"
5945,198.16666666666666,00:03:18.16,2,,"[0.557135, 0.581158, 0.133489, 0.15017]"
5946,198.2,00:03:18.19,2,,"[0.556927, 0.582052, 0.134159, 0.14813]"
5947,198.23333333333332,00:03:18.23,2,,"[0.557148, 0.584277, 0.133743, 0.143558]"
5948,198.26666666666668,00:03:18.26,2,,"[0.557418, 0.586055, 0.133644, 0.140973]"
5949,198.3,00:03:18.30,2,,"[0.557303, 0.588051, 0.133687, 0.137102]"
5950,198.33333333333334,00:03:18.33,2,,"[0.556559, 0.5866, 0.134403, 0.139269]"
5951,198.36666666666667,00:03:18.36,2,,"[0.556335, 0.589802, 0.134571, 0.133954]"
5952,198.4,00:03:18.40,2,,"[0.555389, 0.593494, 0.135722, 0.126644]"
5953,198.43333333333334,00:03:18.43,2,,"[0.555291, 0.594546, 0.135934, 0.124557]"
5954,198.46666666666667,00:03:18.46,2,,"[0.555486, 0.594839, 0.13558, 0.123778]"
5955,198.5,00:03:18.50,2,,"[0.55558, 0.594632, 0.135614, 0.124039]"
5956,198.53333333333333,00:03:18.53,2,,"[0.555551, 0.596063, 0.135425, 0.121049]"
5957,198.56666666666666,00:03:18.56,2,,"[0.555746, 0.595401, 0.135334, 0.122951]"
5958,198.6,00:03:18.59,2,,"[0.55566, 0.596322, 0.135139, 0.121331]"
5959,198.63333333333333,00:03:18.63,2,,"[0.555194, 0.598825, 0.135605, 0.116872]"
5960,198.66666666666666,00:03:18.66,2,,"[0.555215, 0.59939, 0.135724, 0.115391]"
5961,198.7,00:03:18.69,2,,"[0.555237, 0.599878, 0.135735, 0.113859]"
5962,198.73333333333332,00:03:18.73,2,,"[0.55532, 0.600937, 0.135205, 0.111893]"
5963,198.76666666666668,00:03:18.76,2,,"[0.555003, 0.601053, 0.135306, 0.111368]"
5964,198.8,00:03:18.80,2,,"[0.554756, 0.601559, 0.135531, 0.110462]"
5965,198.83333333333334,00:03:18.83,2,,"[0.554655, 0.601925, 0.135087, 0.109733]"
5966,198.86666666666667,00:03:18.86,2,,"[0.554134, 0.602424, 0.135599, 0.1088]"
5967,198.9,00:03:18.90,2,,"[0.553619, 0.602042, 0.136616, 0.11016]"
5968,198.93333333333334,00:03:18.93,2,,"[0.553192, 0.602337, 0.137674, 0.109691]"
5969,198.96666666666667,00:03:18.96,2,,"[0.553166, 0.602965, 0.137585, 0.108771]"
5970,199.0,00:03:19.00,2,,"[0.553309, 0.602703, 0.137451, 0.109024]"
5971,199.03333333333333,00:03:19.03,2,,"[0.553455, 0.601472, 0.1374, 0.110544]"
5972,199.06666666666666,00:03:19.06,2,,"[0.553383, 0.601293, 0.13777, 0.110929]"
5973,199.1,00:03:19.09,2,,"[0.553754, 0.60224, 0.136835, 0.109456]"
5974,199.13333333333333,00:03:19.13,2,,"[0.553903, 0.60172, 0.136697, 0.109784]"
5975,199.16666666666666,00:03:19.16,2,,"[0.553754, 0.601109, 0.136995, 0.111347]"
5976,199.2,00:03:19.19,2,,"[0.553497, 0.6019, 0.137324, 0.109768]"
5977,199.23333333333332,00:03:19.23,2,,"[0.554189, 0.601475, 0.137211, 0.111362]"
5978,199.26666666666668,00:03:19.26,2,,"[0.555243, 0.602355, 0.136321, 0.111226]"
5979,199.3,00:03:19.30,2,,"[0.556662, 0.597694, 0.134053, 0.120536]"
5980,199.33333333333334,00:03:19.33,2,,"[0.556867, 0.596878, 0.133561, 0.121731]"
5981,199.36666666666667,00:03:19.36,2,,"[0.556697, 0.589175, 0.134416, 0.137353]"
5982,199.4,00:03:19.40,2,,"[0.556665, 0.589953, 0.134431, 0.13449]"
5983,199.43333333333334,00:03:19.43,2,,"[0.557532, 0.58926, 0.132609, 0.134659]"
5984,199.46666666666667,00:03:19.46,2,,"[0.557191, 0.588469, 0.133496, 0.135531]"
5985,199.5,00:03:19.50,2,,"[0.557567, 0.582224, 0.13264, 0.147276]"
5986,199.53333333333333,00:03:19.53,2,,"[0.557928, 0.58318, 0.131833, 0.14544]"
5987,199.56666666666666,00:03:19.56,2,,"[0.557541, 0.580009, 0.132424, 0.151626]"
5988,199.6,00:03:19.59,2,,"[0.557379, 0.584245, 0.133313, 0.143769]"
5989,199.63333333333333,00:03:19.63,2,,"[0.557567, 0.581958, 0.132804, 0.147954]"
5990,199.66666666666666,00:03:19.66,2,,"[0.557575, 0.579268, 0.132629, 0.152789]"
5991,199.7,00:03:19.69,2,,"[0.558201, 0.582826, 0.131599, 0.145603]"
5992,199.73333333333332,00:03:19.73,2,,"[0.558262, 0.582637, 0.131338, 0.145753]"
5993,199.76666666666668,00:03:19.76,2,,"[0.558564, 0.579745, 0.130764, 0.152057]"
5994,199.8,00:03:19.80,2,,"[0.558541, 0.579457, 0.130671, 0.151645]"
5995,199.83333333333334,00:03:19.83,2,,"[0.55869, 0.580746, 0.130352, 0.150079]"
5996,199.86666666666667,00:03:19.86,2,,"[0.558309, 0.576117, 0.130769, 0.159078]"
5997,199.9,00:03:19.90,2,,"[0.558328, 0.575825, 0.130944, 0.1595]"
5998,199.93333333333334,00:03:19.93,2,,"[0.558437, 0.580835, 0.1311, 0.149672]"
5999,199.96666666666667,00:03:19.96,2,,"[0.558569, 0.578807, 0.13106, 0.153524]"
6000,200.0,00:03:20.00,2,,"[0.558465, 0.580496, 0.131292, 0.150088]"
6001,200.03333333333333,00:03:20.03,2,,"[0.558372, 0.578381, 0.13137, 0.153887]"
6002,200.06666666666666,00:03:20.06,2,,"[0.558326, 0.575577, 0.13086, 0.158782]"
6003,200.1,00:03:20.09,2,,"[0.558221, 0.578983, 0.130977, 0.151974]"
6004,200.13333333333333,00:03:20.13,2,,"[0.558151, 0.580401, 0.131201, 0.149675]"
6005,200.16666666666666,00:03:20.16,2,,"[0.557965, 0.577644, 0.131489, 0.154872]"
6006,200.2,00:03:20.19,2,,"[0.558146, 0.57857, 0.131035, 0.152913]"
6007,200.23333333333332,00:03:20.23,2,,"[0.558213, 0.579695, 0.13105, 0.150574]"
6008,200.26666666666668,00:03:20.26,2,,"[0.558726, 0.581189, 0.130216, 0.148216]"
6009,200.3,00:03:20.30,2,,"[0.558666, 0.576617, 0.129989, 0.156169]"
6010,200.33333333333334,00:03:20.33,2,,"[0.558407, 0.575937, 0.130432, 0.157119]"
6011,200.36666666666667,00:03:20.36,2,,"[0.558488, 0.577945, 0.130022, 0.153104]"
6012,200.4,00:03:20.40,2,,"[0.558569, 0.574854, 0.129809, 0.159232]"
6013,200.43333333333334,00:03:20.43,2,,"[0.558414, 0.575765, 0.129888, 0.157101]"
6014,200.46666666666667,00:03:20.46,2,,"[0.55828, 0.575385, 0.1303, 0.15832]"
6015,200.5,00:03:20.50,2,,"[0.558392, 0.577054, 0.130071, 0.154269]"
6016,200.53333333333333,00:03:20.53,2,,"[0.558296, 0.57497, 0.130222, 0.158115]"
6017,200.56666666666666,00:03:20.56,2,,"[0.558306, 0.574501, 0.130101, 0.15878]"
6018,200.6,00:03:20.59,2,,"[0.558204, 0.573855, 0.130303, 0.160376]"
6019,200.63333333333333,00:03:20.63,2,,"[0.558254, 0.573213, 0.130356, 0.161709]"
6020,200.66666666666666,00:03:20.66,2,,"[0.558275, 0.575465, 0.130533, 0.157661]"
6021,200.7,00:03:20.69,2,,"[0.558025, 0.573819, 0.130958, 0.160467]"
6022,200.73333333333332,00:03:20.73,2,,"[0.557593, 0.569518, 0.132008, 0.167689]"
6023,200.76666666666668,00:03:20.76,2,,"[0.556875, 0.566196, 0.132303, 0.173558]"
6024,200.8,00:03:20.80,2,,"[0.556793, 0.559536, 0.135407, 0.179286]"
6025,200.83333333333334,00:03:20.83,2,,"[0.556491, 0.557661, 0.136334, 0.183725]"
6026,200.86666666666667,00:03:20.86,2,,"[0.555447, 0.55401, 0.137302, 0.189862]"
6027,200.9,00:03:20.90,2,,"[0.555614, 0.554564, 0.137388, 0.18945]"
6028,200.93333333333334,00:03:20.93,2,,"[0.554715, 0.556562, 0.137535, 0.185591]"
6029,200.96666666666667,00:03:20.96,2,,"[0.55438, 0.559415, 0.136911, 0.185975]"
6030,201.0,00:03:21.00,2,,"[0.555741, 0.558041, 0.13289, 0.1881]"
6031,201.03333333333333,00:03:21.03,2,,"[0.562594, 0.554093, 0.117756, 0.194948]"
6032,201.06666666666666,00:03:21.06,2,,"[0.559968, 0.545686, 0.121081, 0.191465]"
6033,201.1,00:03:21.09,2,,"[0.554603, 0.530348, 0.117317, 0.169664]"
6093,203.1,00:03:23.09,2,,"[0.540932, 0.508016, 0.108289, 0.136716]"
6094,203.13333333333333,00:03:23.13,2,,"[0.545499, 0.517161, 0.114683, 0.14463]"
6095,203.16666666666666,00:03:23.16,2,,"[0.549004, 0.525685, 0.117625, 0.155522]"
6096,203.2,00:03:23.19,2,,"[0.549679, 0.531612, 0.121678, 0.1583]"
6097,203.23333333333332,00:03:23.23,2,,"[0.555597, 0.536452, 0.118379, 0.161539]"
6098,203.26666666666668,00:03:23.26,2,,"[0.560689, 0.544455, 0.120077, 0.168463]"
6099,203.3,00:03:23.30,2,,"[0.562794, 0.552874, 0.123238, 0.175369]"
6100,203.33333333333334,00:03:23.33,2,,"[0.562375, 0.55378, 0.124287, 0.174439]"
6101,203.36666666666667,00:03:23.36,2,,"[0.557964, 0.556226, 0.134244, 0.171198]"
6102,203.4,00:03:23.40,2,,"[0.561394, 0.556491, 0.129251, 0.172825]"
6103,203.43333333333334,00:03:23.43,2,,"[0.562225, 0.556181, 0.127457, 0.169974]"
6104,203.46666666666667,00:03:23.46,2,,"[0.561679, 0.555109, 0.129507, 0.172813]"
6105,203.5,00:03:23.50,2,,"[0.561922, 0.56043, 0.128524, 0.168439]"
6106,203.53333333333333,00:03:23.53,2,,"[0.562375, 0.562725, 0.130151, 0.166619]"
6107,203.56666666666666,00:03:23.56,2,,"[0.558547, 0.563702, 0.139309, 0.165838]"
6108,203.6,00:03:23.59,2,,"[0.5604, 0.563948, 0.134598, 0.166567]"
6109,203.63333333333333,00:03:23.63,2,,"[0.558928, 0.564844, 0.134948, 0.166372]"
6110,203.66666666666666,00:03:23.66,2,,"[0.556274, 0.565952, 0.138825, 0.166299]"
6111,203.7,00:03:23.69,2,,"[0.555863, 0.567269, 0.136572, 0.167146]"
6112,203.73333333333332,00:03:23.73,2,,"[0.555738, 0.568701, 0.13557, 0.168277]"
6113,203.76666666666668,00:03:23.76,2,,"[0.555247, 0.568994, 0.135843, 0.170133]"
6114,203.8,00:03:23.80,2,,"[0.55593, 0.570134, 0.134944, 0.169052]"
6115,203.83333333333334,00:03:23.83,2,,"[0.557264, 0.570954, 0.132343, 0.167718]"
6116,203.86666666666667,00:03:23.86,2,,"[0.558438, 0.571829, 0.129836, 0.167552]"
6117,203.9,00:03:23.90,2,,"[0.56017, 0.572381, 0.126787, 0.166538]"
6118,203.93333333333334,00:03:23.93,2,,"[0.560899, 0.57237, 0.125462, 0.167374]"
6119,203.96666666666667,00:03:23.96,2,,"[0.560926, 0.57282, 0.125527, 0.166703]"
6120,204.0,00:03:24.00,2,,"[0.562094, 0.572784, 0.123519, 0.167182]"
6121,204.03333333333333,00:03:24.03,2,,"[0.562092, 0.572801, 0.124249, 0.167007]"
6122,204.06666666666666,00:03:24.06,2,,"[0.562588, 0.57337, 0.123029, 0.166495]"
6123,204.1,00:03:24.09,2,,"[0.561432, 0.574303, 0.124908, 0.164423]"
6124,204.13333333333333,00:03:24.13,2,,"[0.561803, 0.574173, 0.123373, 0.164354]"
6125,204.16666666666666,00:03:24.16,2,,"[0.561231, 0.575266, 0.123798, 0.160974]"
6126,204.2,00:03:24.19,2,,"[0.560434, 0.575011, 0.124887, 0.161758]"
6127,204.23333333333332,00:03:24.23,2,,"[0.561012, 0.575887, 0.123997, 0.160947]"
6128,204.26666666666668,00:03:24.26,2,,"[0.56003, 0.576442, 0.12574, 0.160422]"
6129,204.3,00:03:24.30,2,,"[0.5622, 0.57611, 0.121098, 0.16057]"
6130,204.33333333333334,00:03:24.33,2,,"[0.564104, 0.576889, 0.117278, 0.159267]"
6131,204.36666666666667,00:03:24.36,2,,"[0.564479, 0.574916, 0.115878, 0.159563]"
6132,204.4,00:03:24.40,2,,"[0.565755, 0.573263, 0.112025, 0.162289]"
6133,204.43333333333334,00:03:24.43,2,,"[0.566932, 0.572698, 0.109627, 0.162198]"
6134,204.46666666666667,00:03:24.46,2,,"[0.567971, 0.573313, 0.108998, 0.160786]"
6135,204.5,00:03:24.50,2,,"[0.571018, 0.5705, 0.104123, 0.164126]"
6136,204.53333333333333,00:03:24.53,2,,"[0.572064, 0.572857, 0.100682, 0.15945]"
6137,204.56666666666666,00:03:24.56,2,,"[0.572717, 0.573507, 0.099414, 0.155615]"
6138,204.6,00:03:24.59,2,,"[0.577508, 0.574851, 0.0906633, 0.155301]"
6139,204.63333333333333,00:03:24.63,2,,"[0.577742, 0.575288, 0.0908161, 0.154803]"
6140,204.66666666666666,00:03:24.66,2,,"[0.581597, 0.576253, 0.0826105, 0.153552]"
6141,204.7,00:03:24.69,2,,"[0.582026, 0.575901, 0.0809153, 0.153583]"
6142,204.73333333333332,00:03:24.73,2,,"[0.582048, 0.575933, 0.0815071, 0.154528]"
6143,204.76666666666668,00:03:24.76,2,,"[0.582243, 0.575794, 0.0809116, 0.15457]"
6144,204.8,00:03:24.80,2,,"[0.582074, 0.576093, 0.0814201, 0.153488]"
6145,204.83333333333334,00:03:24.83,2,,"[0.581741, 0.576094, 0.0814327, 0.154544]"
6146,204.86666666666667,00:03:24.86,2,,"[0.581869, 0.575749, 0.0812946, 0.154893]"
6147,204.9,00:03:24.90,2,,"[0.582461, 0.575586, 0.0801327, 0.155346]"
6148,204.93333333333334,00:03:24.93,2,,"[0.58237, 0.576055, 0.080332, 0.154258]"
6149,204.96666666666667,00:03:24.96,2,,"[0.581924, 0.575785, 0.080578, 0.153803]"
6150,205.0,00:03:25.00,2,,"[0.583594, 0.575981, 0.0770521, 0.15343]"
6151,205.03333333333333,00:03:25.03,2,,"[0.581807, 0.574814, 0.0802651, 0.155839]"
6152,205.06666666666666,00:03:25.06,2,,"[0.58235, 0.575338, 0.0793183, 0.155234]"
6153,205.1,00:03:25.09,2,,"[0.582411, 0.575862, 0.079119, 0.15363]"
6154,205.13333333333333,00:03:25.13,2,,"[0.582678, 0.57593, 0.0783971, 0.15341]"
6155,205.16666666666666,00:03:25.16,2,,"[0.58254, 0.575723, 0.0787834, 0.153834]"
6156,205.2,00:03:25.19,2,,"[0.582436, 0.576753, 0.0787774, 0.152051]"
6157,205.23333333333332,00:03:25.23,2,,"[0.582494, 0.576926, 0.0786209, 0.1516]"
6158,205.26666666666668,00:03:25.26,2,,"[0.58347, 0.578015, 0.0763203, 0.150613]"
6159,205.3,00:03:25.30,2,,"[0.582231, 0.579241, 0.0790851, 0.148208]"
6160,205.33333333333334,00:03:25.33,2,,"[0.583826, 0.579672, 0.0753362, 0.147697]"
6161,205.36666666666667,00:03:25.36,2,,"[0.582253, 0.580693, 0.0798317, 0.145595]"
6162,205.4,00:03:25.40,2,,"[0.582847, 0.581278, 0.0788797, 0.144239]"
6163,205.43333333333334,00:03:25.43,2,,"[0.582509, 0.582345, 0.0794949, 0.141841]"
6164,205.46666666666667,00:03:25.46,2,,"[0.583768, 0.582608, 0.0781013, 0.143092]"
6165,205.5,00:03:25.50,2,,"[0.583058, 0.583041, 0.0793478, 0.140949]"
6166,205.53333333333333,00:03:25.53,2,,"[0.580277, 0.58419, 0.0850458, 0.138514]"
6167,205.56666666666666,00:03:25.56,2,,"[0.580325, 0.583493, 0.0849623, 0.139758]"
6168,205.6,00:03:25.59,2,,"[0.583179, 0.58293, 0.0791351, 0.140487]"
6169,205.63333333333333,00:03:25.63,2,,"[0.583617, 0.582936, 0.0782541, 0.139996]"
6170,205.66666666666666,00:03:25.66,2,,"[0.581094, 0.583071, 0.0831306, 0.139405]"
6171,205.7,00:03:25.69,2,,"[0.579519, 0.584149, 0.086631, 0.13766]"
6172,205.73333333333332,00:03:25.73,2,,"[0.573457, 0.585061, 0.0988533, 0.135049]"
6173,205.76666666666668,00:03:25.76,2,,"[0.571946, 0.585742, 0.102327, 0.134543]"
6174,205.8,00:03:25.80,2,,"[0.5714, 0.584366, 0.103431, 0.136909]"
6175,205.83333333333334,00:03:25.83,2,,"[0.57262, 0.584469, 0.101226, 0.136276]"
6176,205.86666666666667,00:03:25.86,2,,"[0.569933, 0.584851, 0.107027, 0.135353]"
6177,205.9,00:03:25.90,2,,"[0.571217, 0.585539, 0.104694, 0.135466]"
6178,205.93333333333334,00:03:25.93,2,,"[0.570637, 0.585606, 0.106072, 0.135907]"
6179,205.96666666666667,00:03:25.96,2,,"[0.570568, 0.586708, 0.106535, 0.135346]"
6180,206.0,00:03:26.00,2,,"[0.571074, 0.58677, 0.105554, 0.135079]"
6181,206.03333333333333,00:03:26.03,2,,"[0.571114, 0.586109, 0.105725, 0.136656]"
6182,206.06666666666666,00:03:26.06,2,,"[0.571313, 0.587554, 0.104742, 0.133339]"
6183,206.1,00:03:26.09,2,,"[0.570242, 0.588323, 0.106545, 0.131492]"
6184,206.13333333333333,00:03:26.13,2,,"[0.570103, 0.589037, 0.106137, 0.130133]"
6185,206.16666666666666,00:03:26.16,2,,"[0.5695, 0.58951, 0.106992, 0.129331]"
6186,206.2,00:03:26.19,2,,"[0.568377, 0.590968, 0.108804, 0.127068]"
6187,206.23333333333332,00:03:26.23,2,,"[0.567333, 0.591927, 0.11038, 0.124943]"
6188,206.26666666666668,00:03:26.26,2,,"[0.567211, 0.594612, 0.11043, 0.120398]"
6189,206.3,00:03:26.30,2,,"[0.566967, 0.59501, 0.111458, 0.120722]"
6190,206.33333333333334,00:03:26.33,2,,"[0.566773, 0.595557, 0.111989, 0.120013]"
6191,206.36666666666667,00:03:26.36,2,,"[0.566507, 0.596894, 0.113766, 0.116175]"
6192,206.4,00:03:26.40,2,,"[0.566603, 0.596919, 0.113984, 0.116603]"
6193,206.43333333333334,00:03:26.43,2,,"[0.566728, 0.598174, 0.114172, 0.114317]"
6194,206.46666666666667,00:03:26.46,2,,"[0.566913, 0.598317, 0.113889, 0.114304]"
6195,206.5,00:03:26.50,2,,"[0.567098, 0.598221, 0.113395, 0.114372]"
6196,206.53333333333333,00:03:26.53,2,,"[0.567087, 0.598892, 0.113942, 0.113682]"
6197,206.56666666666666,00:03:26.56,2,,"[0.566808, 0.599302, 0.114724, 0.113187]"
6198,206.6,00:03:26.59,2,,"[0.566867, 0.599974, 0.113773, 0.11458]"
6199,206.63333333333333,00:03:26.63,2,,"[0.565599, 0.600443, 0.116476, 0.113403]"
6200,206.66666666666666,00:03:26.66,2,,"[0.563315, 0.600101, 0.120991, 0.112597]"
6201,206.7,00:03:26.69,2,,"[0.560531, 0.599859, 0.125451, 0.112363]"
6202,206.73333333333332,00:03:26.73,2,,"[0.560468, 0.598943, 0.125274, 0.113713]"
6203,206.76666666666668,00:03:26.76,2,,"[0.561582, 0.597644, 0.122664, 0.112395]"
6204,206.8,00:03:26.80,2,,"[0.559129, 0.597084, 0.126605, 0.115504]"
6205,206.83333333333334,00:03:26.83,2,,"[0.558387, 0.596738, 0.12833, 0.115829]"
6206,206.86666666666667,00:03:26.86,2,,"[0.5577, 0.596069, 0.130003, 0.117648]"
6207,206.9,00:03:26.90,2,,"[0.557005, 0.5963, 0.131426, 0.117822]"
6208,206.93333333333334,00:03:26.93,2,,"[0.55665, 0.596371, 0.131373, 0.114381]"
6209,206.96666666666667,00:03:26.96,2,,"[0.554754, 0.597564, 0.134893, 0.115027]"
6210,207.0,00:03:27.00,2,,"[0.55584, 0.597586, 0.1333, 0.115462]"
6211,207.03333333333333,00:03:27.03,2,,"[0.5571, 0.597368, 0.131343, 0.116479]"
6212,207.06666666666666,00:03:27.06,2,,"[0.556675, 0.597583, 0.132094, 0.115879]"
6213,207.1,00:03:27.09,2,,"[0.55692, 0.598016, 0.131873, 0.115431]"
6214,207.13333333333333,00:03:27.13,2,,"[0.556648, 0.597672, 0.132534, 0.116185]"
6215,207.16666666666666,00:03:27.16,2,,"[0.556058, 0.597681, 0.134093, 0.116031]"
6216,207.2,00:03:27.19,2,,"[0.55595, 0.598769, 0.134367, 0.11485]"
6217,207.23333333333332,00:03:27.23,2,,"[0.555622, 0.598514, 0.135046, 0.115031]"
6218,207.26666666666668,00:03:27.26,2,,"[0.556532, 0.597626, 0.13327, 0.116811]"
6219,207.3,00:03:27.30,2,,"[0.556084, 0.59662, 0.134064, 0.117997]"
6220,207.33333333333334,00:03:27.33,2,,"[0.556374, 0.596441, 0.132928, 0.11811]"
6221,207.36666666666667,00:03:27.36,2,,"[0.55568, 0.595726, 0.134249, 0.119267]"
6222,207.4,00:03:27.40,2,,"[0.557075, 0.597212, 0.131265, 0.116577]"
6223,207.43333333333334,00:03:27.43,2,,"[0.557277, 0.599327, 0.130726, 0.113406]"
6224,207.46666666666667,00:03:27.46,2,,"[0.556293, 0.600853, 0.132411, 0.111538]"
6225,207.5,00:03:27.50,2,,"[0.556387, 0.60148, 0.131513, 0.108785]"
6226,207.53333333333333,00:03:27.53,2,,"[0.556289, 0.601707, 0.130969, 0.107848]"
6227,207.56666666666666,00:03:27.56,2,,"[0.556326, 0.600898, 0.131288, 0.109394]"
6228,207.6,00:03:27.59,2,,"[0.555497, 0.60068, 0.132712, 0.109828]"
6229,207.63333333333333,00:03:27.63,2,,"[0.554828, 0.59984, 0.133758, 0.111439]"
6230,207.66666666666666,00:03:27.66,2,,"[0.55435, 0.599496, 0.134342, 0.111464]"
6231,207.7,00:03:27.69,2,,"[0.554792, 0.59925, 0.1344, 0.113083]"
6232,207.73333333333332,00:03:27.73,2,,"[0.554862, 0.599237, 0.134599, 0.113345]"
6233,207.76666666666668,00:03:27.76,2,,"[0.554826, 0.599851, 0.134861, 0.112433]"
6234,207.8,00:03:27.80,2,,"[0.555658, 0.599628, 0.132774, 0.111899]"
6235,207.83333333333334,00:03:27.83,2,,"[0.555911, 0.600275, 0.13303, 0.111832]"
6236,207.86666666666667,00:03:27.86,2,,"[0.55668, 0.596867, 0.131782, 0.117703]"
6237,207.9,00:03:27.90,2,,"[0.556374, 0.592807, 0.132891, 0.122097]"
6238,207.93333333333334,00:03:27.93,2,,"[0.557525, 0.590535, 0.129906, 0.124967]"
6239,207.96666666666667,00:03:27.96,2,,"[0.557343, 0.587217, 0.130543, 0.130696]"
6240,208.0,00:03:28.00,2,,"[0.557955, 0.585424, 0.129748, 0.133838]"
6241,208.03333333333333,00:03:28.03,2,,"[0.557803, 0.583687, 0.130118, 0.141214]"
6242,208.06666666666666,00:03:28.06,2,,"[0.557616, 0.582309, 0.130373, 0.143784]"
6243,208.1,00:03:28.09,2,,"[0.557354, 0.582277, 0.130707, 0.1433]"
6244,208.13333333333333,00:03:28.13,2,,"[0.556745, 0.581993, 0.131734, 0.144423]"
6245,208.16666666666666,00:03:28.16,2,,"[0.557175, 0.581319, 0.130728, 0.145318]"
6246,208.2,00:03:28.19,2,,"[0.557641, 0.581324, 0.129717, 0.144941]"
6247,208.23333333333332,00:03:28.23,2,,"[0.556026, 0.580596, 0.132464, 0.145803]"
6248,208.26666666666668,00:03:28.26,2,,"[0.556544, 0.57993, 0.131248, 0.147432]"
6249,208.3,00:03:28.30,2,,"[0.556517, 0.579982, 0.131372, 0.148249]"
6250,208.33333333333334,00:03:28.33,2,,"[0.556428, 0.580113, 0.131537, 0.148283]"
6251,208.36666666666667,00:03:28.36,2,,"[0.556105, 0.580135, 0.131906, 0.147556]"
6252,208.4,00:03:28.40,2,,"[0.55567, 0.580039, 0.132824, 0.146875]"
6253,208.43333333333334,00:03:28.43,2,,"[0.554545, 0.579463, 0.1346, 0.147457]"
6254,208.46666666666667,00:03:28.46,2,,"[0.555353, 0.579585, 0.133139, 0.146552]"
6255,208.5,00:03:28.50,2,,"[0.555456, 0.580319, 0.132784, 0.145389]"
6256,208.53333333333333,00:03:28.53,2,,"[0.556635, 0.581275, 0.130629, 0.144077]"
6257,208.56666666666666,00:03:28.56,2,,"[0.556194, 0.582007, 0.130633, 0.142873]"
6258,208.6,00:03:28.59,2,,"[0.556515, 0.582768, 0.130398, 0.141066]"
6259,208.63333333333333,00:03:28.63,2,,"[0.556486, 0.584416, 0.130626, 0.138522]"
6260,208.66666666666666,00:03:28.66,2,,"[0.555573, 0.585177, 0.133102, 0.137335]"
6261,208.7,00:03:28.69,2,,"[0.555327, 0.584951, 0.13348, 0.138878]"
6262,208.73333333333332,00:03:28.73,2,,"[0.55676, 0.585481, 0.130978, 0.133107]"
6263,208.76666666666668,00:03:28.76,2,,"[0.556022, 0.586328, 0.132899, 0.135334]"
6264,208.8,00:03:28.80,2,,"[0.556446, 0.587091, 0.13165, 0.133377]"
6265,208.83333333333334,00:03:28.83,2,,"[0.555863, 0.587966, 0.132746, 0.131969]"
6266,208.86666666666667,00:03:28.86,2,,"[0.556162, 0.587399, 0.13203, 0.131704]"
6267,208.9,00:03:28.90,2,,"[0.555671, 0.587865, 0.133055, 0.131833]"
6268,208.93333333333334,00:03:28.93,2,,"[0.555998, 0.589151, 0.131975, 0.127402]"
6269,208.96666666666667,00:03:28.96,2,,"[0.556329, 0.590273, 0.131256, 0.126599]"
6270,209.0,00:03:29.00,2,,"[0.555902, 0.590529, 0.132237, 0.126687]"
6271,209.03333333333333,00:03:29.03,2,,"[0.556096, 0.591049, 0.131958, 0.126741]"
6272,209.06666666666666,00:03:29.06,2,,"[0.554361, 0.591607, 0.135624, 0.127876]"
6273,209.1,00:03:29.09,2,,"[0.553674, 0.591528, 0.136895, 0.128032]"
6274,209.13333333333333,00:03:29.13,2,,"[0.554039, 0.591034, 0.136449, 0.128786]"
6275,209.16666666666666,00:03:29.16,2,,"[0.554416, 0.590885, 0.135669, 0.128877]"
6276,209.2,00:03:29.19,2,,"[0.553965, 0.59086, 0.136795, 0.128715]"
6277,209.23333333333332,00:03:29.23,2,,"[0.554625, 0.590925, 0.13512, 0.126992]"
6278,209.26666666666668,00:03:29.26,2,,"[0.551655, 0.593054, 0.141182, 0.123833]"
6279,209.3,00:03:29.30,2,,"[0.552503, 0.593933, 0.139235, 0.123272]"
6280,209.33333333333334,00:03:29.33,2,,"[0.553712, 0.595579, 0.137086, 0.121447]"
6281,209.36666666666667,00:03:29.36,2,,"[0.553407, 0.597376, 0.137641, 0.11802]"
6282,209.4,00:03:29.40,2,,"[0.552741, 0.597349, 0.137351, 0.117947]"
6283,209.43333333333334,00:03:29.43,2,,"[0.551524, 0.599925, 0.138285, 0.111996]"
6284,209.46666666666667,00:03:29.46,2,,"[0.552147, 0.600458, 0.136422, 0.112256]"
6285,209.5,00:03:29.50,2,,"[0.551467, 0.60163, 0.137985, 0.110901]"
6286,209.53333333333333,00:03:29.53,2,,"[0.551077, 0.602262, 0.139149, 0.110154]"
6287,209.56666666666666,00:03:29.56,2,,"[0.551434, 0.602494, 0.138662, 0.110155]"
6288,209.6,00:03:29.59,2,,"[0.551527, 0.602474, 0.138868, 0.110213]"
6289,209.63333333333333,00:03:29.63,2,,"[0.551694, 0.602821, 0.138411, 0.109292]"
6290,209.66666666666666,00:03:29.66,2,,"[0.55163, 0.603439, 0.139115, 0.108278]"
6291,209.7,00:03:29.69,2,,"[0.551244, 0.604384, 0.139299, 0.10601]"
6292,209.73333333333332,00:03:29.73,2,,"[0.551501, 0.604683, 0.13867, 0.105885]"
6293,209.76666666666668,00:03:29.76,2,,"[0.551857, 0.604067, 0.138074, 0.106708]"
6294,209.8,00:03:29.80,2,,"[0.552015, 0.604936, 0.137403, 0.105278]"
6295,209.83333333333334,00:03:29.83,2,,"[0.551989, 0.605909, 0.137925, 0.103816]"
6296,209.86666666666667,00:03:29.86,2,,"[0.552691, 0.607561, 0.135897, 0.102134]"
6297,209.9,00:03:29.90,2,,"[0.551879, 0.607564, 0.137714, 0.100982]"
6298,209.93333333333334,00:03:29.93,2,,"[0.551918, 0.610971, 0.138659, 0.0945955]"
6299,209.96666666666667,00:03:29.96,2,,"[0.55017, 0.61199, 0.140878, 0.0918693]"
6300,210.0,00:03:30.00,2,,"[0.55025, 0.611539, 0.140673, 0.0911901]"
6302,210.06666666666666,00:03:30.06,2,,"[0.549319, 0.611589, 0.141709, 0.0904455]"
6303,210.1,00:03:30.09,2,,"[0.549073, 0.611866, 0.142273, 0.0896934]"
6304,210.13333333333333,00:03:30.13,2,,"[0.550243, 0.61105, 0.139491, 0.0924684]"
6305,210.16666666666666,00:03:30.16,2,,"[0.550438, 0.610178, 0.13783, 0.0936964]"
6306,210.2,00:03:30.19,2,,"[0.550386, 0.609522, 0.138642, 0.0947066]"
6307,210.23333333333332,00:03:30.23,2,,"[0.551907, 0.60944, 0.137238, 0.0953799]"
6308,210.26666666666668,00:03:30.26,2,,"[0.551885, 0.609421, 0.137289, 0.0956775]"
6309,210.3,00:03:30.30,2,,"[0.552269, 0.609049, 0.136287, 0.0947032]"
6310,210.33333333333334,00:03:30.33,2,,"[0.5531, 0.60697, 0.13497, 0.0969511]"
6311,210.36666666666667,00:03:30.36,2,,"[0.552566, 0.603719, 0.136753, 0.105455]"
6312,210.4,00:03:30.40,2,,"[0.553041, 0.603147, 0.134566, 0.105649]"
6313,210.43333333333334,00:03:30.43,2,,"[0.553007, 0.601537, 0.135679, 0.107718]"
6314,210.46666666666667,00:03:30.46,2,,"[0.55432, 0.59932, 0.134546, 0.110903]"
6315,210.5,00:03:30.50,2,,"[0.553932, 0.595696, 0.136187, 0.118863]"
6316,210.53333333333333,00:03:30.53,2,,"[0.55414, 0.594191, 0.136219, 0.120782]"
6317,210.56666666666666,00:03:30.56,2,,"[0.554124, 0.592758, 0.136257, 0.123205]"
6318,210.6,00:03:30.59,2,,"[0.554012, 0.590826, 0.135423, 0.121623]"
6319,210.63333333333333,00:03:30.63,2,,"[0.554217, 0.590213, 0.134869, 0.122533]"
6320,210.66666666666666,00:03:30.66,2,,"[0.55531, 0.587515, 0.133618, 0.127238]"
6321,210.7,00:03:30.69,2,,"[0.556366, 0.58687, 0.131192, 0.128771]"
6322,210.73333333333332,00:03:30.73,2,,"[0.556595, 0.584859, 0.131313, 0.131878]"
6323,210.76666666666668,00:03:30.76,2,,"[0.555691, 0.58426, 0.133593, 0.135254]"
6324,210.8,00:03:30.80,2,,"[0.55545, 0.583798, 0.134485, 0.136091]"
6325,210.83333333333334,00:03:30.83,2,,"[0.555675, 0.583153, 0.133844, 0.1368]"
6326,210.86666666666667,00:03:30.86,2,,"[0.556331, 0.583096, 0.132525, 0.136395]"
6327,210.9,00:03:30.90,2,,"[0.556286, 0.582541, 0.132495, 0.137594]"
6328,210.93333333333334,00:03:30.93,2,,"[0.556588, 0.582018, 0.131928, 0.137552]"
6329,210.96666666666667,00:03:30.96,2,,"[0.556528, 0.581207, 0.132349, 0.13791]"
6330,211.0,00:03:31.00,2,,"[0.55721, 0.581197, 0.131121, 0.138815]"
6331,211.03333333333333,00:03:31.03,2,,"[0.557454, 0.580047, 0.130889, 0.141213]"
6332,211.06666666666666,00:03:31.06,2,,"[0.557582, 0.580073, 0.130709, 0.141644]"
6333,211.1,00:03:31.09,2,,"[0.557061, 0.58019, 0.13196, 0.141454]"
6334,211.13333333333333,00:03:31.13,2,,"[0.557339, 0.58009, 0.130866, 0.140482]"
6335,211.16666666666666,00:03:31.16,2,,"[0.557617, 0.580059, 0.130272, 0.140849]"
6336,211.2,00:03:31.19,2,,"[0.557693, 0.58023, 0.12997, 0.140128]"
6337,211.23333333333332,00:03:31.23,2,,"[0.557306, 0.580157, 0.129879, 0.13919]"
6338,211.26666666666668,00:03:31.26,2,,"[0.556629, 0.580281, 0.13128, 0.139109]"
6339,211.3,00:03:31.30,2,,"[0.556781, 0.580011, 0.130641, 0.140894]"
6340,211.33333333333334,00:03:31.33,2,,"[0.555844, 0.58003, 0.132638, 0.141082]"
6341,211.36666666666667,00:03:31.36,2,,"[0.554967, 0.580215, 0.134175, 0.140886]"
6342,211.4,00:03:31.40,2,,"[0.554571, 0.58014, 0.134713, 0.140034]"
6343,211.43333333333334,00:03:31.43,2,,"[0.554625, 0.58062, 0.134805, 0.140707]"
6344,211.46666666666667,00:03:31.46,2,,"[0.554615, 0.580614, 0.134558, 0.14131]"
6345,211.5,00:03:31.50,2,,"[0.553975, 0.579954, 0.135329, 0.14156]"
6346,211.53333333333333,00:03:31.53,2,,"[0.554349, 0.579513, 0.134039, 0.142536]"
6347,211.56666666666666,00:03:31.56,2,,"[0.554446, 0.579731, 0.133825, 0.142876]"
6348,211.6,00:03:31.59,2,,"[0.553544, 0.580043, 0.134457, 0.142152]"
6349,211.63333333333333,00:03:31.63,2,,"[0.553467, 0.57995, 0.135017, 0.142921]"
6350,211.66666666666666,00:03:31.66,2,,"[0.553861, 0.579822, 0.134333, 0.142946]"
6351,211.7,00:03:31.69,2,,"[0.55327, 0.579408, 0.134951, 0.143208]"
6352,211.73333333333332,00:03:31.73,2,,"[0.553279, 0.579916, 0.134964, 0.142511]"
6353,211.76666666666668,00:03:31.76,2,,"[0.553277, 0.579671, 0.135317, 0.14338]"
6354,211.8,00:03:31.80,2,,"[0.553716, 0.579813, 0.134637, 0.142785]"
6355,211.83333333333334,00:03:31.83,2,,"[0.552341, 0.579206, 0.137162, 0.144461]"
6356,211.86666666666667,00:03:31.86,2,,"[0.552403, 0.579009, 0.137041, 0.144712]"
6357,211.9,00:03:31.90,2,,"[0.552, 0.577935, 0.136975, 0.146394]"
6358,211.93333333333334,00:03:31.93,2,,"[0.55138, 0.577205, 0.138307, 0.148106]"
6359,211.96666666666667,00:03:31.96,2,,"[0.552081, 0.577056, 0.137237, 0.149014]"
6360,212.0,00:03:32.00,2,,"[0.553212, 0.5773, 0.134654, 0.147917]"
6361,212.03333333333333,00:03:32.03,2,,"[0.553573, 0.577499, 0.134737, 0.147309]"
6362,212.06666666666666,00:03:32.06,2,,"[0.554455, 0.578246, 0.132988, 0.146149]"
6363,212.1,00:03:32.09,2,,"[0.554975, 0.57872, 0.132619, 0.145578]"
6364,212.13333333333333,00:03:32.13,2,,"[0.55553, 0.579902, 0.131978, 0.143979]"
6365,212.16666666666666,00:03:32.16,2,,"[0.554608, 0.579385, 0.133949, 0.144438]"
6366,212.2,00:03:32.19,2,,"[0.555054, 0.579894, 0.134021, 0.142939]"
6367,212.23333333333332,00:03:32.23,2,,"[0.555619, 0.579768, 0.132944, 0.142173]"
6368,212.26666666666668,00:03:32.26,2,,"[0.555593, 0.580432, 0.133605, 0.140564]"
6369,212.3,00:03:32.30,2,,"[0.557234, 0.581353, 0.130347, 0.138622]"
6370,212.33333333333334,00:03:32.33,2,,"[0.555997, 0.582285, 0.133135, 0.137668]"
6371,212.36666666666667,00:03:32.36,2,,"[0.554927, 0.581247, 0.135309, 0.139301]"
6372,212.4,00:03:32.40,2,,"[0.555728, 0.582811, 0.134502, 0.138084]"
6373,212.43333333333334,00:03:32.43,2,,"[0.556233, 0.582331, 0.133536, 0.139591]"
6374,212.46666666666667,00:03:32.46,2,,"[0.556386, 0.582549, 0.132998, 0.139258]"
6375,212.5,00:03:32.50,2,,"[0.557392, 0.583069, 0.131432, 0.139192]"
6376,212.53333333333333,00:03:32.53,2,,"[0.557353, 0.584284, 0.131711, 0.136545]"
6377,212.56666666666666,00:03:32.56,2,,"[0.556989, 0.583397, 0.132309, 0.138013]"
6378,212.6,00:03:32.59,2,,"[0.556603, 0.582477, 0.133176, 0.139716]"
6379,212.63333333333333,00:03:32.63,2,,"[0.555682, 0.583112, 0.135118, 0.138955]"
6380,212.66666666666666,00:03:32.66,2,,"[0.556652, 0.583992, 0.133768, 0.138102]"
6381,212.7,00:03:32.69,2,,"[0.55617, 0.584096, 0.134827, 0.137189]"
6382,212.73333333333332,00:03:32.73,2,,"[0.555844, 0.583444, 0.135618, 0.138614]"
6383,212.76666666666668,00:03:32.76,2,,"[0.554941, 0.582571, 0.136156, 0.139947]"
6384,212.8,00:03:32.80,2,,"[0.553748, 0.58333, 0.138311, 0.140434]"
6385,212.83333333333334,00:03:32.83,2,,"[0.555323, 0.583493, 0.134624, 0.140628]"
6386,212.86666666666667,00:03:32.86,2,,"[0.555284, 0.583214, 0.13491, 0.140501]"
6387,212.9,00:03:32.90,2,,"[0.555611, 0.581421, 0.134209, 0.143769]"
6388,212.93333333333334,00:03:32.93,2,,"[0.555697, 0.581569, 0.133744, 0.143736]"
6389,212.96666666666667,00:03:32.96,2,,"[0.555101, 0.581806, 0.134892, 0.143342]"
6390,213.0,00:03:33.00,2,,"[0.554879, 0.581293, 0.135018, 0.143555]"
6391,213.03333333333333,00:03:33.03,2,,"[0.554476, 0.581045, 0.135851, 0.14475]"
6392,213.06666666666666,00:03:33.06,2,,"[0.554951, 0.580566, 0.134375, 0.144862]"
6393,213.1,00:03:33.09,2,,"[0.555132, 0.581624, 0.133546, 0.144602]"
6394,213.13333333333333,00:03:33.13,2,,"[0.554483, 0.582814, 0.134068, 0.140824]"
6395,213.16666666666666,00:03:33.16,2,,"[0.553663, 0.58336, 0.134061, 0.138871]"
6396,213.2,00:03:33.19,2,,"[0.554018, 0.583646, 0.134396, 0.139858]"
6397,213.23333333333332,00:03:33.23,2,,"[0.554136, 0.582365, 0.134408, 0.140862]"
6398,213.26666666666668,00:03:33.26,2,,"[0.554328, 0.581373, 0.134925, 0.143794]"
6399,213.3,00:03:33.30,2,,"[0.554609, 0.582659, 0.134765, 0.142987]"
6400,213.33333333333334,00:03:33.33,2,,"[0.554969, 0.582637, 0.133667, 0.143318]"
6401,213.36666666666667,00:03:33.36,2,,"[0.554682, 0.582899, 0.134061, 0.142979]"
6402,213.4,00:03:33.40,2,,"[0.554819, 0.583536, 0.133975, 0.141412]"
6403,213.43333333333334,00:03:33.43,2,,"[0.554097, 0.583546, 0.134898, 0.141277]"
6404,213.46666666666667,00:03:33.46,2,,"[0.554186, 0.583505, 0.135186, 0.141722]"
6405,213.5,00:03:33.50,2,,"[0.553819, 0.584732, 0.135912, 0.139561]"
6406,213.53333333333333,00:03:33.53,2,,"[0.552556, 0.584995, 0.138139, 0.138021]"
6407,213.56666666666666,00:03:33.56,2,,"[0.55419, 0.585448, 0.13535, 0.137453]"
6408,213.6,00:03:33.59,2,,"[0.556892, 0.584269, 0.130674, 0.139714]"
6409,213.63333333333333,00:03:33.63,2,,"[0.556853, 0.582957, 0.13028, 0.141626]"
6410,213.66666666666666,00:03:33.66,2,,"[0.556932, 0.583074, 0.130159, 0.141472]"
6411,213.7,00:03:33.69,2,,"[0.556077, 0.583438, 0.131695, 0.141328]"
6412,213.73333333333332,00:03:33.73,2,,"[0.555684, 0.583076, 0.132004, 0.14052]"
6413,213.76666666666668,00:03:33.76,2,,"[0.554163, 0.582809, 0.134948, 0.141392]"
6414,213.8,00:03:33.80,2,,"[0.554416, 0.582759, 0.134552, 0.14202]"
6415,213.83333333333334,00:03:33.83,2,,"[0.555486, 0.582703, 0.132521, 0.14228]"
6416,213.86666666666667,00:03:33.86,2,,"[0.555757, 0.582258, 0.131773, 0.141581]"
6417,213.9,00:03:33.90,2,,"[0.557252, 0.583008, 0.12886, 0.141391]"
6418,213.93333333333334,00:03:33.93,2,,"[0.557047, 0.582761, 0.129451, 0.141802]"
6419,213.96666666666667,00:03:33.96,2,,"[0.556031, 0.58292, 0.131294, 0.141411]"
6420,214.0,00:03:34.00,2,,"[0.55559, 0.58305, 0.132243, 0.140941]"
6421,214.03333333333333,00:03:34.03,2,,"[0.55604, 0.582962, 0.131195, 0.141232]"
6422,214.06666666666666,00:03:34.06,2,,"[0.556292, 0.583186, 0.130758, 0.141294]"
6423,214.1,00:03:34.09,2,,"[0.556688, 0.582932, 0.130011, 0.141272]"
6424,214.13333333333333,00:03:34.13,2,,"[0.556511, 0.582915, 0.130539, 0.141591]"
6425,214.16666666666666,00:03:34.16,2,,"[0.556196, 0.58339, 0.131263, 0.140777]"
6426,214.2,00:03:34.19,2,,"[0.555541, 0.583088, 0.132597, 0.141421]"
6427,214.23333333333332,00:03:34.23,2,,"[0.554607, 0.582909, 0.134709, 0.141862]"
6428,214.26666666666668,00:03:34.26,2,,"[0.553626, 0.583187, 0.137065, 0.142127]"
6429,214.3,00:03:34.30,2,,"[0.553527, 0.582996, 0.137846, 0.14305]"
6430,214.33333333333334,00:03:34.33,2,,"[0.554639, 0.583182, 0.13622, 0.142732]"
6431,214.36666666666667,00:03:34.36,2,,"[0.553319, 0.584232, 0.138838, 0.141167]"
6432,214.4,00:03:34.40,2,,"[0.553458, 0.58397, 0.138512, 0.142394]"
6433,214.43333333333334,00:03:34.43,2,,"[0.553512, 0.584401, 0.138489, 0.142188]"
6434,214.46666666666667,00:03:34.46,2,,"[0.552863, 0.584879, 0.139597, 0.140854]"
6435,214.5,00:03:34.50,2,,"[0.553472, 0.584364, 0.138425, 0.13989]"
6436,214.53333333333333,00:03:34.53,2,,"[0.553772, 0.584913, 0.138202, 0.139552]"
6437,214.56666666666666,00:03:34.56,2,,"[0.554031, 0.585154, 0.137932, 0.140013]"
6438,214.6,00:03:34.59,2,,"[0.554934, 0.587149, 0.135937, 0.135256]"
6439,214.63333333333333,00:03:34.63,2,,"[0.553324, 0.586979, 0.138957, 0.13698]"
6440,214.66666666666666,00:03:34.66,2,,"[0.554511, 0.587773, 0.137092, 0.136224]"
6441,214.7,00:03:34.69,2,,"[0.554175, 0.588469, 0.137381, 0.134851]"
6442,214.73333333333332,00:03:34.73,2,,"[0.554617, 0.588987, 0.13651, 0.134177]"
6443,214.76666666666668,00:03:34.76,2,,"[0.554337, 0.589224, 0.137322, 0.133836]"
6444,214.8,00:03:34.80,2,,"[0.555118, 0.590045, 0.135906, 0.131663]"
6445,214.83333333333334,00:03:34.83,2,,"[0.555066, 0.592913, 0.13528, 0.125531]"
6446,214.86666666666667,00:03:34.86,2,,"[0.554764, 0.595712, 0.136623, 0.123084]"
6447,214.9,00:03:34.90,2,,"[0.554127, 0.598987, 0.135834, 0.116264]"
6448,214.93333333333334,00:03:34.93,2,,"[0.553352, 0.599024, 0.135785, 0.115888]"
6449,214.96666666666667,00:03:34.96,2,,"[0.554114, 0.601651, 0.132846, 0.110542]"
6450,215.0,00:03:35.00,2,,"[0.552915, 0.602842, 0.134639, 0.107795]"
6451,215.03333333333333,00:03:35.03,2,,"[0.550484, 0.603898, 0.138869, 0.106729]"
6452,215.06666666666666,00:03:35.06,2,,"[0.550857, 0.604121, 0.138069, 0.106516]"
6453,215.1,00:03:35.09,2,,"[0.550823, 0.603938, 0.138992, 0.106826]"
6454,215.13333333333333,00:03:35.13,2,,"[0.55077, 0.603581, 0.139359, 0.107634]"
6455,215.16666666666666,00:03:35.16,2,,"[0.551937, 0.603617, 0.136952, 0.107963]"
6456,215.2,00:03:35.19,2,,"[0.551525, 0.603807, 0.137345, 0.107606]"
6457,215.23333333333332,00:03:35.23,2,,"[0.552336, 0.602765, 0.13613, 0.109721]"
6458,215.26666666666668,00:03:35.26,2,,"[0.551408, 0.602241, 0.138182, 0.110387]"
6459,215.3,00:03:35.30,2,,"[0.551705, 0.602536, 0.137167, 0.109732]"
6460,215.33333333333334,00:03:35.33,2,,"[0.550739, 0.601814, 0.138123, 0.11065]"
6461,215.36666666666667,00:03:35.36,2,,"[0.551301, 0.599194, 0.138907, 0.11503]"
6462,215.4,00:03:35.40,2,,"[0.551586, 0.597461, 0.134694, 0.115713]"
6463,215.43333333333334,00:03:35.43,2,,"[0.551677, 0.595118, 0.135589, 0.118657]"
6464,215.46666666666667,00:03:35.46,2,,"[0.551892, 0.591768, 0.13604, 0.124937]"
6465,215.5,00:03:35.50,2,,"[0.551144, 0.591021, 0.138491, 0.127743]"
6466,215.53333333333333,00:03:35.53,2,,"[0.550691, 0.589803, 0.13958, 0.130217]"
6467,215.56666666666666,00:03:35.56,2,,"[0.551127, 0.589038, 0.138846, 0.131712]"
6468,215.6,00:03:35.59,2,,"[0.549735, 0.587623, 0.140952, 0.134889]"
6469,215.63333333333333,00:03:35.63,2,,"[0.552648, 0.586073, 0.136893, 0.137891]"
6470,215.66666666666666,00:03:35.66,2,,"[0.551296, 0.585469, 0.13902, 0.138951]"
6471,215.7,00:03:35.69,2,,"[0.551893, 0.584651, 0.137031, 0.139749]"
6472,215.73333333333332,00:03:35.73,2,,"[0.551707, 0.584781, 0.137553, 0.139661]"
6473,215.76666666666668,00:03:35.76,2,,"[0.551533, 0.58476, 0.13877, 0.140066]"
6474,215.8,00:03:35.80,2,,"[0.551564, 0.585096, 0.138855, 0.139723]"
6475,215.83333333333334,00:03:35.83,2,,"[0.551199, 0.585705, 0.138568, 0.138515]"
6476,215.86666666666667,00:03:35.86,2,,"[0.552653, 0.585636, 0.137205, 0.138712]"
6477,215.9,00:03:35.90,2,,"[0.552367, 0.585914, 0.137724, 0.138415]"
6478,215.93333333333334,00:03:35.93,2,,"[0.552581, 0.587054, 0.137247, 0.137168]"
6479,215.96666666666667,00:03:35.96,2,,"[0.551648, 0.587773, 0.139176, 0.136191]"
6480,216.0,00:03:36.00,2,,"[0.551947, 0.58802, 0.138672, 0.13565]"
6481,216.03333333333333,00:03:36.03,2,,"[0.552178, 0.588837, 0.138104, 0.134261]"
6482,216.06666666666666,00:03:36.06,2,,"[0.55232, 0.588032, 0.138269, 0.135401]"
6483,216.1,00:03:36.09,2,,"[0.551304, 0.588906, 0.138834, 0.132973]"
6484,216.13333333333333,00:03:36.13,2,,"[0.551506, 0.589532, 0.139351, 0.131549]"
6485,216.16666666666666,00:03:36.16,2,,"[0.552219, 0.589435, 0.137962, 0.130931]"
6486,216.2,00:03:36.19,2,,"[0.551386, 0.591647, 0.139308, 0.128086]"
6487,216.23333333333332,00:03:36.23,2,,"[0.549599, 0.5927, 0.143141, 0.126312]"
6488,216.26666666666668,00:03:36.26,2,,"[0.549317, 0.592291, 0.143953, 0.126571]"
6489,216.3,00:03:36.30,2,,"[0.54972, 0.592503, 0.142697, 0.125353]"
6490,216.33333333333334,00:03:36.33,2,,"[0.549788, 0.592269, 0.143079, 0.125114]"
6491,216.36666666666667,00:03:36.36,2,,"[0.550369, 0.592311, 0.1417, 0.125547]"
6492,216.4,00:03:36.40,2,,"[0.550929, 0.591385, 0.141002, 0.127195]"
6493,216.43333333333334,00:03:36.43,2,,"[0.551977, 0.591151, 0.138968, 0.127408]"
6494,216.46666666666667,00:03:36.46,2,,"[0.551261, 0.591805, 0.140577, 0.127071]"
6495,216.5,00:03:36.50,2,,"[0.551714, 0.591934, 0.139323, 0.127357]"
6496,216.53333333333333,00:03:36.53,2,,"[0.552113, 0.591857, 0.138538, 0.127858]"
6497,216.56666666666666,00:03:36.56,2,,"[0.552245, 0.592583, 0.138192, 0.126203]"
6498,216.6,00:03:36.59,2,,"[0.551229, 0.59269, 0.139787, 0.125111]"
6499,216.63333333333333,00:03:36.63,2,,"[0.552726, 0.59283, 0.137105, 0.124801]"
6500,216.66666666666666,00:03:36.66,2,,"[0.552232, 0.594301, 0.138507, 0.122434]"
6501,216.7,00:03:36.69,2,,"[0.551929, 0.595023, 0.139278, 0.122154]"
6502,216.73333333333332,00:03:36.73,2,,"[0.551821, 0.594188, 0.140349, 0.124229]"
6503,216.76666666666668,00:03:36.76,2,,"[0.553966, 0.594649, 0.135883, 0.122947]"
6504,216.8,00:03:36.80,2,,"[0.552968, 0.593686, 0.138129, 0.126025]"
6505,216.83333333333334,00:03:36.83,2,,"[0.553768, 0.593877, 0.136968, 0.125797]"
6506,216.86666666666667,00:03:36.86,2,,"[0.552301, 0.593885, 0.139899, 0.126756]"
6507,216.9,00:03:36.90,2,,"[0.549764, 0.592937, 0.144841, 0.128798]"
6508,216.93333333333334,00:03:36.93,2,,"[0.550164, 0.593022, 0.144065, 0.128421]"
6509,216.96666666666667,00:03:36.96,2,,"[0.5502, 0.592111, 0.144402, 0.130246]"
6510,217.0,00:03:37.00,2,,"[0.549635, 0.591819, 0.145024, 0.130472]"
6511,217.03333333333333,00:03:37.03,2,,"[0.550442, 0.590963, 0.143735, 0.132827]"
6512,217.06666666666666,00:03:37.06,2,,"[0.55162, 0.590892, 0.142345, 0.134726]"
6513,217.1,00:03:37.09,2,,"[0.552292, 0.589868, 0.141359, 0.13558]"
6514,217.13333333333333,00:03:37.13,2,,"[0.552437, 0.589369, 0.141515, 0.136771]"
6515,217.16666666666666,00:03:37.16,2,,"[0.552776, 0.590201, 0.140794, 0.13514]"
6516,217.2,00:03:37.19,2,,"[0.553008, 0.590819, 0.140311, 0.133227]"
6517,217.23333333333332,00:03:37.23,2,,"[0.552861, 0.591263, 0.140642, 0.132116]"
6518,217.26666666666668,00:03:37.26,2,,"[0.553376, 0.591463, 0.13948, 0.131413]"
6519,217.3,00:03:37.30,2,,"[0.553556, 0.591275, 0.13877, 0.131758]"
6520,217.33333333333334,00:03:37.33,2,,"[0.552868, 0.591101, 0.140229, 0.131888]"
6521,217.36666666666667,00:03:37.36,2,,"[0.552785, 0.59117, 0.140348, 0.13165]"
6522,217.4,00:03:37.40,2,,"[0.552785, 0.591381, 0.140578, 0.131553]"
6523,217.43333333333334,00:03:37.43,2,,"[0.553779, 0.591114, 0.138462, 0.132042]"
6524,217.46666666666667,00:03:37.46,2,,"[0.552866, 0.590735, 0.140618, 0.133301]"
6525,217.5,00:03:37.50,2,,"[0.553119, 0.590835, 0.14013, 0.133156]"
6526,217.53333333333333,00:03:37.53,2,,"[0.553247, 0.590696, 0.139877, 0.133251]"
6527,217.56666666666666,00:03:37.56,2,,"[0.553249, 0.590104, 0.139956, 0.134027]"
6528,217.6,00:03:37.59,2,,"[0.553556, 0.589725, 0.139311, 0.134128]"
6529,217.63333333333333,00:03:37.63,2,,"[0.559049, 0.588688, 0.127754, 0.133951]"
6530,217.66666666666666,00:03:37.66,2,,"[0.554974, 0.587918, 0.135843, 0.136954]"
6531,217.7,00:03:37.69,2,,"[0.549456, 0.589144, 0.145366, 0.13636]"
6532,217.73333333333332,00:03:37.73,2,,"[0.547738, 0.589701, 0.146955, 0.136173]"
6533,217.76666666666668,00:03:37.76,2,,"[0.547322, 0.589132, 0.14754, 0.13803]"
6534,217.8,00:03:37.80,2,,"[0.547709, 0.587437, 0.14689, 0.140317]"
6535,217.83333333333334,00:03:37.83,2,,"[0.54767, 0.585035, 0.145289, 0.144109]"
6536,217.86666666666667,00:03:37.86,2,,"[0.548602, 0.585063, 0.143874, 0.142259]"
6537,217.9,00:03:37.90,2,,"[0.547971, 0.586017, 0.144462, 0.141545]"
6538,217.93333333333334,00:03:37.93,2,,"[0.547593, 0.586417, 0.146, 0.140992]"
6539,217.96666666666667,00:03:37.96,2,,"[0.548651, 0.587138, 0.145023, 0.137989]"
6540,218.0,00:03:38.00,2,,"[0.550511, 0.586887, 0.142796, 0.139306]"
6541,218.03333333333333,00:03:38.03,2,,"[0.548516, 0.587573, 0.145869, 0.136922]"
6542,218.06666666666666,00:03:38.06,2,,"[0.549789, 0.587232, 0.1433, 0.137194]"
6543,218.1,00:03:38.09,2,,"[0.5501, 0.58788, 0.143443, 0.136395]"
6544,218.13333333333333,00:03:38.13,2,,"[0.550173, 0.58769, 0.143134, 0.13712]"
6545,218.16666666666666,00:03:38.16,2,,"[0.549599, 0.588105, 0.145703, 0.136432]"
6546,218.2,00:03:38.19,2,,"[0.550335, 0.588719, 0.143761, 0.134709]"
6547,218.23333333333332,00:03:38.23,2,,"[0.550733, 0.588574, 0.143623, 0.135242]"
6548,218.26666666666668,00:03:38.26,2,,"[0.550381, 0.589415, 0.144567, 0.134122]"
6549,218.3,00:03:38.30,2,,"[0.551017, 0.589683, 0.143873, 0.134573]"
6550,218.33333333333334,00:03:38.33,2,,"[0.550292, 0.589974, 0.14524, 0.134794]"
6551,218.36666666666667,00:03:38.36,2,,"[0.548853, 0.59023, 0.147875, 0.133835]"
6552,218.4,00:03:38.40,2,,"[0.549328, 0.590215, 0.146843, 0.134105]"
6553,218.43333333333334,00:03:38.43,2,,"[0.549621, 0.590103, 0.146186, 0.134298]"
6554,218.46666666666667,00:03:38.46,2,,"[0.550997, 0.590314, 0.143849, 0.134648]"
6555,218.5,00:03:38.50,2,,"[0.552546, 0.591584, 0.140549, 0.132452]"
6556,218.53333333333333,00:03:38.53,2,,"[0.552418, 0.591878, 0.141125, 0.133088]"
6557,218.56666666666666,00:03:38.56,2,,"[0.55342, 0.591079, 0.138903, 0.134232]"
6558,218.6,00:03:38.59,2,,"[0.553852, 0.591996, 0.137826, 0.130692]"
6559,218.63333333333333,00:03:38.63,2,,"[0.553747, 0.594945, 0.138058, 0.125363]"
6560,218.66666666666666,00:03:38.66,2,,"[0.551999, 0.596555, 0.139481, 0.121334]"
6561,218.7,00:03:38.69,2,,"[0.550786, 0.597105, 0.140756, 0.120109]"
6562,218.73333333333332,00:03:38.73,2,,"[0.549649, 0.5981, 0.143226, 0.121539]"
6563,218.76666666666668,00:03:38.76,2,,"[0.549655, 0.598306, 0.142461, 0.120295]"
6564,218.8,00:03:38.80,2,,"[0.54948, 0.600536, 0.140575, 0.113931]"
6565,218.83333333333334,00:03:38.83,2,,"[0.552763, 0.60091, 0.133485, 0.111868]"
6566,218.86666666666667,00:03:38.86,2,,"[0.54799, 0.602179, 0.143604, 0.10955]"
6567,218.9,00:03:38.90,2,,"[0.544432, 0.602302, 0.149852, 0.10725]"
6568,218.93333333333334,00:03:38.93,2,,"[0.544958, 0.601233, 0.148025, 0.108294]"
6569,218.96666666666667,00:03:38.96,2,,"[0.546422, 0.602537, 0.14548, 0.106211]"
6570,219.0,00:03:39.00,2,,"[0.546806, 0.6031, 0.14454, 0.105073]"
6571,219.03333333333333,00:03:39.03,2,,"[0.545447, 0.602949, 0.147364, 0.105259]"
6572,219.06666666666666,00:03:39.06,2,,"[0.548176, 0.603533, 0.143295, 0.106155]"
6573,219.1,00:03:39.09,2,,"[0.550612, 0.603571, 0.138489, 0.106663]"
6574,219.13333333333333,00:03:39.13,2,,"[0.54776, 0.603623, 0.143876, 0.106788]"
6575,219.16666666666666,00:03:39.16,2,,"[0.549131, 0.603305, 0.140838, 0.106476]"
6576,219.2,00:03:39.19,2,,"[0.547641, 0.603998, 0.14308, 0.106301]"
6577,219.23333333333332,00:03:39.23,2,,"[0.548334, 0.601589, 0.141816, 0.112899]"
6578,219.26666666666668,00:03:39.26,2,,"[0.549623, 0.599465, 0.13923, 0.114914]"
6579,219.3,00:03:39.30,2,,"[0.547502, 0.595415, 0.144368, 0.122097]"
6580,219.33333333333334,00:03:39.33,2,,"[0.546643, 0.593668, 0.145201, 0.125665]"
6581,219.36666666666667,00:03:39.36,2,,"[0.5493, 0.592262, 0.140202, 0.125906]"
6582,219.4,00:03:39.40,2,,"[0.550904, 0.591355, 0.138592, 0.130074]"
6583,219.43333333333334,00:03:39.43,2,,"[0.550377, 0.590642, 0.13981, 0.13122]"
6584,219.46666666666667,00:03:39.46,2,,"[0.550393, 0.589611, 0.139838, 0.132706]"
6585,219.5,00:03:39.50,2,,"[0.550351, 0.58874, 0.139884, 0.134213]"
6586,219.53333333333333,00:03:39.53,2,,"[0.549838, 0.588061, 0.141019, 0.134947]"
6587,219.56666666666666,00:03:39.56,2,,"[0.548801, 0.587223, 0.142994, 0.136577]"
6588,219.6,00:03:39.59,2,,"[0.549285, 0.587304, 0.141889, 0.136509]"
6589,219.63333333333333,00:03:39.63,2,,"[0.549674, 0.587039, 0.141409, 0.136834]"
6590,219.66666666666666,00:03:39.66,2,,"[0.549343, 0.586975, 0.142601, 0.137046]"
6591,219.7,00:03:39.69,2,,"[0.548811, 0.586599, 0.143168, 0.137309]"
6592,219.73333333333332,00:03:39.73,2,,"[0.549666, 0.586543, 0.142146, 0.137764]"
6593,219.76666666666668,00:03:39.76,2,,"[0.550316, 0.586656, 0.142345, 0.135517]"
6594,219.8,00:03:39.80,2,,"[0.551172, 0.587943, 0.141695, 0.133398]"
6595,219.83333333333334,00:03:39.83,2,,"[0.549638, 0.589765, 0.143279, 0.132451]"
6596,219.86666666666667,00:03:39.86,2,,"[0.550463, 0.589724, 0.141623, 0.132735]"
6597,219.9,00:03:39.90,2,,"[0.549211, 0.590922, 0.143808, 0.131074]"
6598,219.93333333333334,00:03:39.93,2,,"[0.55087, 0.590415, 0.140982, 0.132007]"
6599,219.96666666666667,00:03:39.96,2,,"[0.5516, 0.591086, 0.139738, 0.131632]"
6600,220.0,00:03:40.00,2,,"[0.551506, 0.590241, 0.139978, 0.132266]"
6601,220.03333333333333,00:03:40.03,2,,"[0.550092, 0.589857, 0.142689, 0.133396]"
6602,220.06666666666666,00:03:40.06,2,,"[0.549942, 0.589806, 0.142761, 0.133569]"
6603,220.1,00:03:40.09,2,,"[0.550413, 0.5904, 0.142267, 0.132534]"
6604,220.13333333333333,00:03:40.13,2,,"[0.549357, 0.591631, 0.144088, 0.12972]"
6605,220.16666666666666,00:03:40.16,2,,"[0.549998, 0.591654, 0.143093, 0.130714]"
6606,220.2,00:03:40.19,2,,"[0.549777, 0.591449, 0.142883, 0.131324]"
6607,220.23333333333332,00:03:40.23,2,,"[0.549726, 0.591577, 0.143185, 0.131202]"
6608,220.26666666666668,00:03:40.26,2,,"[0.550375, 0.591654, 0.14181, 0.130969]"
6609,220.3,00:03:40.30,2,,"[0.551201, 0.590223, 0.141939, 0.132092]"
6610,220.33333333333334,00:03:40.33,2,,"[0.550293, 0.590343, 0.143382, 0.131613]"
6611,220.36666666666667,00:03:40.36,2,,"[0.551837, 0.590214, 0.140654, 0.131826]"
6612,220.4,00:03:40.40,2,,"[0.552736, 0.589988, 0.139077, 0.132136]"
6613,220.43333333333334,00:03:40.43,2,,"[0.550755, 0.590385, 0.142571, 0.130428]"
6614,220.46666666666667,00:03:40.46,2,,"[0.548723, 0.590709, 0.147241, 0.130123]"
6615,220.5,00:03:40.50,2,,"[0.551261, 0.592156, 0.142628, 0.12759]"
6616,220.53333333333333,00:03:40.53,2,,"[0.550933, 0.591385, 0.143311, 0.129611]"
6617,220.56666666666666,00:03:40.56,2,,"[0.552814, 0.592133, 0.139206, 0.127899]"
6618,220.6,00:03:40.59,2,,"[0.551918, 0.592412, 0.14087, 0.127787]"
6619,220.63333333333333,00:03:40.63,2,,"[0.552595, 0.594961, 0.139246, 0.122657]"
6620,220.66666666666666,00:03:40.66,2,,"[0.553712, 0.594963, 0.136998, 0.121762]"
6621,220.7,00:03:40.69,2,,"[0.553286, 0.595802, 0.136711, 0.121154]"
6622,220.73333333333332,00:03:40.73,2,,"[0.551248, 0.59622, 0.138701, 0.119991]"
6623,220.76666666666668,00:03:40.76,2,,"[0.551248, 0.596577, 0.138505, 0.119853]"
6624,220.8,00:03:40.80,2,,"[0.551176, 0.598523, 0.138408, 0.11931]"
6625,220.83333333333334,00:03:40.83,2,,"[0.550608, 0.598565, 0.139762, 0.120787]"
6626,220.86666666666667,00:03:40.86,2,,"[0.550392, 0.600182, 0.139212, 0.11745]"
6627,220.9,00:03:40.90,2,,"[0.55002, 0.600138, 0.140566, 0.11754]"
6628,220.93333333333334,00:03:40.93,2,,"[0.550695, 0.601401, 0.138898, 0.114269]"
6629,220.96666666666667,00:03:40.96,2,,"[0.550445, 0.601335, 0.139029, 0.114465]"
6630,221.0,00:03:41.00,2,,"[0.549819, 0.601537, 0.14038, 0.114325]"
6631,221.03333333333333,00:03:41.03,2,,"[0.549953, 0.600366, 0.140095, 0.115063]"
6632,221.06666666666666,00:03:41.06,2,,"[0.550991, 0.600978, 0.138362, 0.114082]"
6633,221.1,00:03:41.09,2,,"[0.54985, 0.601908, 0.140216, 0.112276]"
6634,221.13333333333333,00:03:41.13,2,,"[0.54937, 0.60023, 0.14159, 0.11623]"
6635,221.16666666666666,00:03:41.16,2,,"[0.548904, 0.602377, 0.143051, 0.111424]"
6636,221.2,00:03:41.19,2,,"[0.548239, 0.602525, 0.14459, 0.110046]"
6637,221.23333333333332,00:03:41.23,2,,"[0.549011, 0.601647, 0.143257, 0.11347]"
6638,221.26666666666668,00:03:41.26,2,,"[0.549857, 0.600732, 0.142066, 0.113104]"
6639,221.3,00:03:41.30,2,,"[0.550045, 0.600059, 0.141867, 0.113693]"
6640,221.33333333333334,00:03:41.33,2,,"[0.550939, 0.599372, 0.140676, 0.115323]"
6641,221.36666666666667,00:03:41.36,2,,"[0.551328, 0.598791, 0.140494, 0.116198]"
6642,221.4,00:03:41.40,2,,"[0.551669, 0.597251, 0.139625, 0.119118]"
6643,221.43333333333334,00:03:41.43,2,,"[0.552415, 0.596993, 0.138199, 0.119917]"
6644,221.46666666666667,00:03:41.46,2,,"[0.553094, 0.597862, 0.136428, 0.117917]"
6645,221.5,00:03:41.50,2,,"[0.553901, 0.597428, 0.135139, 0.114093]"
6646,221.53333333333333,00:03:41.53,2,,"[0.553911, 0.596854, 0.134877, 0.114207]"
6647,221.56666666666666,00:03:41.56,2,,"[0.552592, 0.596982, 0.137233, 0.118181]"
6648,221.6,00:03:41.59,2,,"[0.553426, 0.600012, 0.13579, 0.11257]"
6649,221.63333333333333,00:03:41.63,2,,"[0.552726, 0.600577, 0.136585, 0.110778]"
6650,221.66666666666666,00:03:41.66,2,,"[0.552276, 0.60064, 0.137078, 0.111647]"
6651,221.7,00:03:41.69,2,,"[0.552383, 0.600026, 0.135303, 0.11332]"
6652,221.73333333333332,00:03:41.73,2,,"[0.551839, 0.600481, 0.13567, 0.112896]"
6653,221.76666666666668,00:03:41.76,2,,"[0.553165, 0.601626, 0.132215, 0.110327]"
6654,221.8,00:03:41.80,2,,"[0.553366, 0.601334, 0.133698, 0.110093]"
6655,221.83333333333334,00:03:41.83,2,,"[0.552031, 0.600799, 0.136946, 0.111764]"
6656,221.86666666666667,00:03:41.86,2,,"[0.551032, 0.600383, 0.13811, 0.111965]"
6657,221.9,00:03:41.90,2,,"[0.550419, 0.599821, 0.138295, 0.112862]"
6658,221.93333333333334,00:03:41.93,2,,"[0.55141, 0.598081, 0.137797, 0.116828]"
6659,221.96666666666667,00:03:41.96,2,,"[0.55178, 0.596522, 0.137413, 0.11692]"
6660,222.0,00:03:42.00,2,,"[0.549926, 0.594191, 0.141263, 0.12364]"
6661,222.03333333333333,00:03:42.03,2,,"[0.548363, 0.591397, 0.144244, 0.1283]"
6662,222.06666666666666,00:03:42.06,2,,"[0.548443, 0.590937, 0.141606, 0.127919]"
6663,222.1,00:03:42.09,2,,"[0.548716, 0.591439, 0.14008, 0.128776]"
6664,222.13333333333333,00:03:42.13,2,,"[0.548723, 0.589552, 0.141272, 0.133655]"
6665,222.16666666666666,00:03:42.16,2,,"[0.548414, 0.588615, 0.141955, 0.135223]"
6666,222.2,00:03:42.19,2,,"[0.54901, 0.585787, 0.140745, 0.138589]"
6667,222.23333333333332,00:03:42.23,2,,"[0.548283, 0.585917, 0.142008, 0.139935]"
6668,222.26666666666668,00:03:42.26,2,,"[0.546857, 0.584717, 0.145075, 0.14014]"
6669,222.3,00:03:42.30,2,,"[0.547645, 0.584876, 0.143557, 0.139512]"
6670,222.33333333333334,00:03:42.33,2,,"[0.54821, 0.584264, 0.1418, 0.141754]"
6671,222.36666666666667,00:03:42.36,2,,"[0.548222, 0.584276, 0.142444, 0.140903]"
6672,222.4,00:03:42.40,2,,"[0.548253, 0.584415, 0.141884, 0.140585]"
6673,222.43333333333334,00:03:42.43,2,,"[0.548333, 0.583422, 0.141385, 0.141191]"
6674,222.46666666666667,00:03:42.46,2,,"[0.547281, 0.584426, 0.143556, 0.141012]"
6675,222.5,00:03:42.50,2,,"[0.548243, 0.584423, 0.142185, 0.141196]"
6676,222.53333333333333,00:03:42.53,2,,"[0.548351, 0.586272, 0.142163, 0.137796]"
6677,222.56666666666666,00:03:42.56,2,,"[0.547849, 0.58673, 0.143573, 0.13647]"
6678,222.6,00:03:42.59,2,,"[0.548055, 0.586803, 0.144262, 0.134936]"
6679,222.63333333333333,00:03:42.63,2,,"[0.548897, 0.58701, 0.142631, 0.134755]"
6680,222.66666666666666,00:03:42.66,2,,"[0.549149, 0.587467, 0.142048, 0.1338]"
6681,222.7,00:03:42.69,2,,"[0.549577, 0.58749, 0.142143, 0.130843]"
6682,222.73333333333332,00:03:42.73,2,,"[0.549591, 0.587705, 0.142508, 0.130532]"
6683,222.76666666666668,00:03:42.76,2,,"[0.549879, 0.587872, 0.141847, 0.132968]"
6684,222.8,00:03:42.80,2,,"[0.552146, 0.586988, 0.13824, 0.134497]"
6685,222.83333333333334,00:03:42.83,2,,"[0.551565, 0.587362, 0.138588, 0.132477]"
6686,222.86666666666667,00:03:42.86,2,,"[0.551772, 0.587787, 0.140001, 0.134089]"
6687,222.9,00:03:42.90,2,,"[0.552204, 0.58784, 0.138264, 0.132474]"
6688,222.93333333333334,00:03:42.93,2,,"[0.552649, 0.587546, 0.136733, 0.132532]"
6689,222.96666666666667,00:03:42.96,2,,"[0.553142, 0.587784, 0.136547, 0.134479]"
6690,223.0,00:03:43.00,2,,"[0.552872, 0.58906, 0.136552, 0.130201]"
6691,223.03333333333333,00:03:43.03,2,,"[0.553228, 0.588513, 0.13626, 0.132227]"
6692,223.06666666666666,00:03:43.06,2,,"[0.55351, 0.588763, 0.136362, 0.131025]"
6693,223.1,00:03:43.09,2,,"[0.553238, 0.588865, 0.135981, 0.130735]"
6694,223.13333333333333,00:03:43.13,2,,"[0.548892, 0.591845, 0.144558, 0.126062]"
6695,223.16666666666666,00:03:43.16,2,,"[0.548484, 0.593464, 0.14444, 0.123102]"
6696,223.2,00:03:43.19,2,,"[0.547821, 0.592492, 0.146382, 0.124451]"
6697,223.23333333333332,00:03:43.23,2,,"[0.547237, 0.594409, 0.146727, 0.119898]"
6698,223.26666666666668,00:03:43.26,2,,"[0.548556, 0.594802, 0.144732, 0.119584]"
6699,223.3,00:03:43.30,2,,"[0.54808, 0.595842, 0.145102, 0.11931]"
6700,223.33333333333334,00:03:43.33,2,,"[0.547949, 0.596835, 0.143728, 0.117771]"
6701,223.36666666666667,00:03:43.36,2,,"[0.548154, 0.595946, 0.143098, 0.120106]"
6702,223.4,00:03:43.40,2,,"[0.547148, 0.596884, 0.144765, 0.119575]"
6703,223.43333333333334,00:03:43.43,2,,"[0.54797, 0.597444, 0.143504, 0.120444]"
6704,223.46666666666667,00:03:43.46,2,,"[0.547952, 0.59751, 0.142351, 0.117336]"
6705,223.5,00:03:43.50,2,,"[0.547414, 0.597974, 0.143921, 0.116353]"
6706,223.53333333333333,00:03:43.53,2,,"[0.54875, 0.597892, 0.142116, 0.118078]"
6707,223.56666666666666,00:03:43.56,2,,"[0.545829, 0.597931, 0.147325, 0.115785]"
6708,223.6,00:03:43.59,2,,"[0.551233, 0.596705, 0.138814, 0.119099]"
6709,223.63333333333333,00:03:43.63,2,,"[0.548947, 0.597003, 0.142672, 0.116962]"
6710,223.66666666666666,00:03:43.66,2,,"[0.548797, 0.597369, 0.142851, 0.11624]"
6711,223.7,00:03:43.69,2,,"[0.550624, 0.597666, 0.139524, 0.112155]"
6712,223.73333333333332,00:03:43.73,2,,"[0.549419, 0.597288, 0.141255, 0.110762]"
6713,223.76666666666668,00:03:43.76,2,,"[0.548947, 0.597201, 0.140336, 0.110901]"
6714,223.8,00:03:43.80,2,,"[0.548644, 0.597211, 0.141356, 0.110395]"
6715,223.83333333333334,00:03:43.83,2,,"[0.549403, 0.597001, 0.139603, 0.112031]"
6716,223.86666666666667,00:03:43.86,2,,"[0.549135, 0.596366, 0.140257, 0.112786]"
6717,223.9,00:03:43.90,2,,"[0.548383, 0.597194, 0.142336, 0.113154]"
6718,223.93333333333334,00:03:43.93,2,,"[0.5503, 0.599822, 0.140086, 0.109461]"
6719,223.96666666666667,00:03:43.96,2,,"[0.550303, 0.5998, 0.141317, 0.11227]"
6720,224.0,00:03:44.00,2,,"[0.550132, 0.599917, 0.14198, 0.11168]"
6721,224.03333333333333,00:03:44.03,2,,"[0.549692, 0.59958, 0.142836, 0.11227]"
6722,224.06666666666666,00:03:44.06,2,,"[0.548538, 0.598982, 0.14478, 0.114251]"
6723,224.1,00:03:44.09,2,,"[0.549967, 0.600314, 0.141509, 0.111859]"
6724,224.13333333333333,00:03:44.13,2,,"[0.551866, 0.596332, 0.138554, 0.114595]"
6725,224.16666666666666,00:03:44.16,2,,"[0.550903, 0.595645, 0.137965, 0.115405]"
6726,224.2,00:03:44.19,2,,"[0.549406, 0.590367, 0.138804, 0.125346]"
6727,224.23333333333332,00:03:44.23,2,,"[0.548801, 0.585264, 0.143469, 0.13478]"
6728,224.26666666666668,00:03:44.26,2,,"[0.545043, 0.581877, 0.1492, 0.140239]"
6729,224.3,00:03:44.30,2,,"[0.545305, 0.580818, 0.148556, 0.14151]"
6730,224.33333333333334,00:03:44.33,2,,"[0.545696, 0.580555, 0.147442, 0.141904]"
6731,224.36666666666667,00:03:44.36,2,,"[0.546798, 0.580286, 0.14461, 0.142926]"
6732,224.4,00:03:44.40,2,,"[0.547963, 0.579967, 0.141976, 0.143267]"
6733,224.43333333333334,00:03:44.43,2,,"[0.547621, 0.580204, 0.142513, 0.143613]"
6734,224.46666666666667,00:03:44.46,2,,"[0.546829, 0.580175, 0.143647, 0.143804]"
6735,224.5,00:03:44.50,2,,"[0.545844, 0.579974, 0.144683, 0.143436]"
6736,224.53333333333333,00:03:44.53,2,,"[0.545828, 0.580805, 0.146933, 0.141808]"
6737,224.56666666666666,00:03:44.56,2,,"[0.546377, 0.580822, 0.14742, 0.140855]"
6738,224.6,00:03:44.59,2,,"[0.547505, 0.581303, 0.145947, 0.139493]"
6739,224.63333333333333,00:03:44.63,2,,"[0.54682, 0.582135, 0.148477, 0.140231]"
6740,224.66666666666666,00:03:44.66,2,,"[0.548907, 0.583601, 0.144949, 0.135397]"
6741,224.7,00:03:44.69,2,,"[0.549108, 0.586082, 0.144237, 0.134366]"
6742,224.73333333333332,00:03:44.73,2,,"[0.549076, 0.586838, 0.143532, 0.131943]"
6743,224.76666666666668,00:03:44.76,2,,"[0.548562, 0.58726, 0.144766, 0.131681]"
6744,224.8,00:03:44.80,2,,"[0.548208, 0.588031, 0.145214, 0.130797]"
6745,224.83333333333334,00:03:44.83,2,,"[0.547007, 0.586564, 0.14741, 0.133431]"
6746,224.86666666666667,00:03:44.86,2,,"[0.547191, 0.586179, 0.146792, 0.133395]"
6747,224.9,00:03:44.90,2,,"[0.545669, 0.585647, 0.14754, 0.136941]"
6748,224.93333333333334,00:03:44.93,2,,"[0.546052, 0.5843, 0.147379, 0.138259]"
6749,224.96666666666667,00:03:44.96,2,,"[0.545042, 0.582682, 0.149992, 0.139539]"
6750,225.0,00:03:45.00,2,,"[0.545239, 0.581351, 0.150334, 0.141435]"
6751,225.03333333333333,00:03:45.03,2,,"[0.546366, 0.580494, 0.148524, 0.141573]"
6752,225.06666666666666,00:03:45.06,2,,"[0.549083, 0.581372, 0.144379, 0.142573]"
6753,225.1,00:03:45.09,2,,"[0.54954, 0.580862, 0.142799, 0.142825]"
6754,225.13333333333333,00:03:45.13,2,,"[0.549923, 0.582083, 0.142321, 0.142038]"
6755,225.16666666666666,00:03:45.16,2,,"[0.550147, 0.582975, 0.1416, 0.140315]"
6756,225.2,00:03:45.19,2,,"[0.549494, 0.583799, 0.143816, 0.139948]"
6757,225.23333333333332,00:03:45.23,2,,"[0.550142, 0.58351, 0.141992, 0.139369]"
6758,225.26666666666668,00:03:45.26,2,,"[0.550165, 0.584289, 0.143326, 0.138924]"
6759,225.3,00:03:45.30,2,,"[0.548971, 0.585516, 0.145696, 0.136402]"
6760,225.33333333333334,00:03:45.33,2,,"[0.549073, 0.585149, 0.145863, 0.137129]"
6761,225.36666666666667,00:03:45.36,2,,"[0.548641, 0.586597, 0.146423, 0.131342]"
6762,225.4,00:03:45.40,2,,"[0.550044, 0.588635, 0.142204, 0.129175]"
6763,225.43333333333334,00:03:45.43,2,,"[0.547729, 0.59189, 0.142545, 0.123152]"
6764,225.46666666666667,00:03:45.46,2,,"[0.547258, 0.591506, 0.143795, 0.12355]"
6765,225.5,00:03:45.50,2,,"[0.54883, 0.59134, 0.141963, 0.124617]"
6766,225.53333333333333,00:03:45.53,2,,"[0.549129, 0.589696, 0.14242, 0.1296]"
6767,225.56666666666666,00:03:45.56,2,,"[0.549425, 0.586026, 0.142938, 0.13735]"
6768,225.6,00:03:45.59,2,,"[0.552034, 0.583092, 0.138517, 0.143004]"
6769,225.63333333333333,00:03:45.63,2,,"[0.552392, 0.581306, 0.137074, 0.144909]"
6770,225.66666666666666,00:03:45.66,2,,"[0.553243, 0.580881, 0.135821, 0.143744]"
6771,225.7,00:03:45.69,2,,"[0.553855, 0.580689, 0.13353, 0.146259]"
6772,225.73333333333332,00:03:45.73,2,,"[0.552527, 0.582527, 0.136917, 0.143518]"
6773,225.76666666666668,00:03:45.76,2,,"[0.550715, 0.583691, 0.140001, 0.141207]"
6774,225.8,00:03:45.80,2,,"[0.551214, 0.584149, 0.139207, 0.140403]"
6775,225.83333333333334,00:03:45.83,2,,"[0.552442, 0.584666, 0.137741, 0.140082]"
6776,225.86666666666667,00:03:45.86,2,,"[0.552905, 0.584065, 0.136961, 0.139856]"
6777,225.9,00:03:45.90,2,,"[0.551949, 0.584629, 0.138938, 0.139749]"
6778,225.93333333333334,00:03:45.93,2,,"[0.552377, 0.583787, 0.137926, 0.140761]"
6779,225.96666666666667,00:03:45.96,2,,"[0.553788, 0.584501, 0.135699, 0.13863]"
6780,226.0,00:03:46.00,2,,"[0.554187, 0.584359, 0.134676, 0.138002]"
6781,226.03333333333333,00:03:46.03,2,,"[0.554491, 0.585028, 0.135134, 0.13814]"
6782,226.06666666666666,00:03:46.06,2,,"[0.554365, 0.584974, 0.135249, 0.138107]"
6783,226.1,00:03:46.09,2,,"[0.554597, 0.585863, 0.134736, 0.137711]"
6784,226.13333333333333,00:03:46.13,2,,"[0.556221, 0.586281, 0.131464, 0.13521]"
6785,226.16666666666666,00:03:46.16,2,,"[0.555653, 0.588235, 0.131873, 0.132004]"
6786,226.2,00:03:46.19,2,,"[0.55379, 0.588877, 0.136273, 0.133324]"
6787,226.23333333333332,00:03:46.23,2,,"[0.553282, 0.58977, 0.136905, 0.131991]"
6788,226.26666666666668,00:03:46.26,2,,"[0.554812, 0.589821, 0.134392, 0.131309]"
6789,226.3,00:03:46.30,2,,"[0.555163, 0.591465, 0.133712, 0.128746]"
6790,226.33333333333334,00:03:46.33,2,,"[0.555655, 0.591143, 0.133484, 0.129878]"
6791,226.36666666666667,00:03:46.36,2,,"[0.554424, 0.5936, 0.135333, 0.125019]"
6792,226.4,00:03:46.40,2,,"[0.553939, 0.595156, 0.135587, 0.122025]"
6793,226.43333333333334,00:03:46.43,2,,"[0.554308, 0.595535, 0.134516, 0.120538]"
6794,226.46666666666667,00:03:46.46,2,,"[0.552857, 0.598227, 0.136104, 0.118425]"
6795,226.5,00:03:46.50,2,,"[0.551467, 0.59851, 0.138779, 0.117841]"
6796,226.53333333333333,00:03:46.53,2,,"[0.551827, 0.599079, 0.138208, 0.116615]"
6797,226.56666666666666,00:03:46.56,2,,"[0.552356, 0.598796, 0.136377, 0.11616]"
6798,226.6,00:03:46.59,2,,"[0.552354, 0.600363, 0.136576, 0.114113]"
6799,226.63333333333333,00:03:46.63,2,,"[0.551801, 0.601464, 0.136066, 0.108248]"
6800,226.66666666666666,00:03:46.66,2,,"[0.551633, 0.601774, 0.13582, 0.106259]"
6801,226.7,00:03:46.69,2,,"[0.551624, 0.602434, 0.135874, 0.106108]"
6802,226.73333333333332,00:03:46.73,2,,"[0.551234, 0.601504, 0.136351, 0.108098]"
6803,226.76666666666668,00:03:46.76,2,,"[0.551127, 0.601805, 0.136806, 0.108874]"
6804,226.8,00:03:46.80,2,,"[0.551997, 0.602177, 0.135696, 0.110138]"
6805,226.83333333333334,00:03:46.83,2,,"[0.552293, 0.602758, 0.13659, 0.108825]"
6806,226.86666666666667,00:03:46.86,2,,"[0.551685, 0.601969, 0.137128, 0.109993]"
6807,226.9,00:03:46.90,2,,"[0.551987, 0.601461, 0.13719, 0.110901]"
6808,226.93333333333334,00:03:46.93,2,,"[0.551681, 0.60014, 0.137815, 0.113182]"
6809,226.96666666666667,00:03:46.96,2,,"[0.551327, 0.600592, 0.138749, 0.112303]"
6810,227.0,00:03:47.00,2,,"[0.552526, 0.597898, 0.137302, 0.117242]"
6811,227.03333333333333,00:03:47.03,2,,"[0.551121, 0.596254, 0.139323, 0.118189]"
6812,227.06666666666666,00:03:47.06,2,,"[0.55239, 0.595618, 0.133898, 0.118844]"
6813,227.1,00:03:47.09,2,,"[0.546604, 0.594353, 0.144344, 0.120311]"
6814,227.13333333333333,00:03:47.13,2,,"[0.547771, 0.591578, 0.142327, 0.125359]"
6815,227.16666666666666,00:03:47.16,2,,"[0.548358, 0.590116, 0.141843, 0.128047]"
6816,227.2,00:03:47.19,2,,"[0.548886, 0.588731, 0.142136, 0.133602]"
6817,227.23333333333332,00:03:47.23,2,,"[0.547977, 0.587049, 0.144198, 0.132627]"
6818,227.26666666666668,00:03:47.26,2,,"[0.547701, 0.585315, 0.146098, 0.136339]"
6819,227.3,00:03:47.30,2,,"[0.548463, 0.585052, 0.144688, 0.137121]"
6820,227.33333333333334,00:03:47.33,2,,"[0.549884, 0.585075, 0.142404, 0.139061]"
6821,227.36666666666667,00:03:47.36,2,,"[0.546446, 0.582883, 0.147804, 0.141183]"
6822,227.4,00:03:47.40,2,,"[0.546723, 0.582809, 0.146804, 0.140758]"
6823,227.43333333333334,00:03:47.43,2,,"[0.54784, 0.582184, 0.144736, 0.14212]"
6824,227.46666666666667,00:03:47.46,2,,"[0.546553, 0.582013, 0.146815, 0.141448]"
6825,227.5,00:03:47.50,2,,"[0.545382, 0.58174, 0.149547, 0.142376]"
6826,227.53333333333333,00:03:47.53,2,,"[0.547702, 0.581083, 0.144928, 0.141883]"
6827,227.56666666666666,00:03:47.56,2,,"[0.547058, 0.580821, 0.146153, 0.142802]"
6828,227.6,00:03:47.59,2,,"[0.546782, 0.580597, 0.144529, 0.14254]"
6829,227.63333333333333,00:03:47.63,2,,"[0.546809, 0.580051, 0.142888, 0.142462]"
6830,227.66666666666666,00:03:47.66,2,,"[0.548736, 0.580477, 0.140404, 0.142775]"
6831,227.7,00:03:47.69,2,,"[0.547767, 0.580316, 0.141644, 0.142672]"
6832,227.73333333333332,00:03:47.73,2,,"[0.549124, 0.580651, 0.142586, 0.142443]"
6833,227.76666666666668,00:03:47.76,2,,"[0.548046, 0.58078, 0.144103, 0.141541]"
6834,227.8,00:03:47.80,2,,"[0.547937, 0.581241, 0.144611, 0.140276]"
6835,227.83333333333334,00:03:47.83,2,,"[0.548163, 0.581627, 0.143966, 0.139886]"
6836,227.86666666666667,00:03:47.86,2,,"[0.54672, 0.581694, 0.147248, 0.139395]"
6837,227.9,00:03:47.90,2,,"[0.54719, 0.581676, 0.146841, 0.140144]"
6838,227.93333333333334,00:03:47.93,2,,"[0.551415, 0.580902, 0.139195, 0.14148]"
6839,227.96666666666667,00:03:47.96,2,,"[0.551871, 0.581025, 0.13937, 0.1414]"
6840,228.0,00:03:48.00,2,,"[0.552714, 0.581295, 0.137828, 0.140647]"
6841,228.03333333333333,00:03:48.03,2,,"[0.553407, 0.581655, 0.136229, 0.14062]"
6842,228.06666666666666,00:03:48.06,2,,"[0.553347, 0.582092, 0.1362, 0.140653]"
6843,228.1,00:03:48.09,2,,"[0.553195, 0.581706, 0.136522, 0.140187]"
6844,228.13333333333333,00:03:48.13,2,,"[0.549282, 0.582702, 0.144241, 0.139393]"
6845,228.16666666666666,00:03:48.16,2,,"[0.550684, 0.583402, 0.141208, 0.138831]"
6846,228.2,00:03:48.19,2,,"[0.549222, 0.584535, 0.144616, 0.137504]"
6847,228.23333333333332,00:03:48.23,2,,"[0.551609, 0.585468, 0.14063, 0.135792]"
6848,228.26666666666668,00:03:48.26,2,,"[0.551409, 0.585821, 0.140377, 0.133551]"
6849,228.3,00:03:48.30,2,,"[0.552429, 0.586996, 0.138405, 0.132755]"
6850,228.33333333333334,00:03:48.33,2,,"[0.553616, 0.586753, 0.135759, 0.130968]"
6851,228.36666666666667,00:03:48.36,2,,"[0.554156, 0.587079, 0.134979, 0.130595]"
6852,228.4,00:03:48.40,2,,"[0.553639, 0.588, 0.135837, 0.129031]"
6853,228.43333333333334,00:03:48.43,2,,"[0.554273, 0.589142, 0.133944, 0.12561]"
6854,228.46666666666667,00:03:48.46,2,,"[0.554743, 0.589122, 0.13313, 0.126248]"
6855,228.5,00:03:48.50,2,,"[0.55529, 0.589483, 0.132766, 0.12545]"
6856,228.53333333333333,00:03:48.53,2,,"[0.554751, 0.589381, 0.133774, 0.127046]"
6857,228.56666666666666,00:03:48.56,2,,"[0.553798, 0.589697, 0.134437, 0.127502]"
6858,228.6,00:03:48.59,2,,"[0.553374, 0.592218, 0.134999, 0.122947]"
6859,228.63333333333333,00:03:48.63,2,,"[0.552453, 0.590601, 0.137131, 0.125638]"
6860,228.66666666666666,00:03:48.66,2,,"[0.551509, 0.591577, 0.138566, 0.123872]"
6861,228.7,00:03:48.69,2,,"[0.551558, 0.592634, 0.13795, 0.122344]"
6862,228.73333333333332,00:03:48.73,2,,"[0.551434, 0.592722, 0.13833, 0.122713]"
6863,228.76666666666668,00:03:48.76,2,,"[0.551417, 0.594848, 0.138515, 0.1179]"
6864,228.8,00:03:48.80,2,,"[0.552917, 0.595684, 0.135917, 0.119881]"
6865,228.83333333333334,00:03:48.83,2,,"[0.551342, 0.596716, 0.139293, 0.117707]"
6866,228.86666666666667,00:03:48.86,2,,"[0.551828, 0.597145, 0.138691, 0.117513]"
6867,228.9,00:03:48.90,2,,"[0.552043, 0.597521, 0.13788, 0.117863]"
6868,228.93333333333334,00:03:48.93,2,,"[0.552641, 0.598346, 0.136246, 0.116295]"
6869,228.96666666666667,00:03:48.96,2,,"[0.552185, 0.598544, 0.137832, 0.115045]"
6870,229.0,00:03:49.00,2,,"[0.55172, 0.599825, 0.138032, 0.112525]"
6871,229.03333333333333,00:03:49.03,2,,"[0.551225, 0.599592, 0.138006, 0.113307]"
6872,229.06666666666666,00:03:49.06,2,,"[0.550948, 0.599556, 0.138108, 0.112827]"
6873,229.1,00:03:49.09,2,,"[0.551653, 0.599306, 0.136977, 0.11171]"
6874,229.13333333333333,00:03:49.13,2,,"[0.552798, 0.596112, 0.135829, 0.117434]"
6875,229.16666666666666,00:03:49.16,2,,"[0.55265, 0.598818, 0.136058, 0.110891]"
6881,229.36666666666667,00:03:49.36,2,,"[0.552014, 0.60036, 0.136767, 0.110112]"
6882,229.4,00:03:49.40,2,,"[0.55138, 0.601783, 0.138064, 0.107269]"
6883,229.43333333333334,00:03:49.43,2,,"[0.552003, 0.601466, 0.137973, 0.108249]"
6884,229.46666666666667,00:03:49.46,2,,"[0.55216, 0.599933, 0.138439, 0.111386]"
6885,229.5,00:03:49.50,2,,"[0.55115, 0.599115, 0.140453, 0.11324]"
6886,229.53333333333333,00:03:49.53,2,,"[0.549046, 0.599749, 0.144142, 0.111569]"
6887,229.56666666666666,00:03:49.56,2,,"[0.551283, 0.597456, 0.139918, 0.115656]"
6888,229.6,00:03:49.59,2,,"[0.551918, 0.597471, 0.137567, 0.112824]"
6889,229.63333333333333,00:03:49.63,2,,"[0.54993, 0.59614, 0.140841, 0.116168]"
6890,229.66666666666666,00:03:49.66,2,,"[0.551161, 0.594781, 0.138927, 0.119257]"
6891,229.7,00:03:49.69,2,,"[0.549063, 0.5929, 0.142416, 0.122479]"
6892,229.73333333333332,00:03:49.73,2,,"[0.548206, 0.592094, 0.144077, 0.124041]"
6893,229.76666666666668,00:03:49.76,2,,"[0.548646, 0.591731, 0.143146, 0.123715]"
6894,229.8,00:03:49.80,2,,"[0.549638, 0.590484, 0.141623, 0.125774]"
6895,229.83333333333334,00:03:49.83,2,,"[0.549968, 0.590254, 0.140566, 0.12688]"
6896,229.86666666666667,00:03:49.86,2,,"[0.548099, 0.588185, 0.144514, 0.129082]"
6897,229.9,00:03:49.90,2,,"[0.544525, 0.586677, 0.146575, 0.130833]"
6898,229.93333333333334,00:03:49.93,2,,"[0.545778, 0.583716, 0.144585, 0.136691]"
6899,229.96666666666667,00:03:49.96,2,,"[0.543918, 0.581203, 0.14859, 0.140585]"
6900,230.0,00:03:50.00,2,,"[0.544387, 0.581119, 0.146249, 0.141428]"
6901,230.03333333333333,00:03:50.03,2,,"[0.543818, 0.58093, 0.149956, 0.140289]"
6902,230.06666666666666,00:03:50.06,2,,"[0.545195, 0.581172, 0.14703, 0.139815]"
6903,230.1,00:03:50.09,2,,"[0.544894, 0.582318, 0.149098, 0.137501]"
6904,230.13333333333333,00:03:50.13,2,,"[0.544161, 0.582787, 0.152741, 0.13719]"
6905,230.16666666666666,00:03:50.16,2,,"[0.545187, 0.586272, 0.148713, 0.131243]"
6906,230.2,00:03:50.19,2,,"[0.546597, 0.587217, 0.146379, 0.129529]"
6907,230.23333333333332,00:03:50.23,2,,"[0.548512, 0.587126, 0.143936, 0.130465]"
6908,230.26666666666668,00:03:50.26,2,,"[0.549474, 0.58858, 0.141986, 0.127733]"
6909,230.3,00:03:50.30,2,,"[0.550167, 0.588827, 0.141135, 0.126679]"
6910,230.33333333333334,00:03:50.33,2,,"[0.549733, 0.5881, 0.142334, 0.126797]"
6911,230.36666666666667,00:03:50.36,2,,"[0.549334, 0.589055, 0.142941, 0.125952]"
6912,230.4,00:03:50.40,2,,"[0.548276, 0.588534, 0.145301, 0.128168]"
6913,230.43333333333334,00:03:50.43,2,,"[0.549056, 0.589167, 0.14378, 0.128422]"
6914,230.46666666666667,00:03:50.46,2,,"[0.549434, 0.589206, 0.143336, 0.127854]"
6915,230.5,00:03:50.50,2,,"[0.55061, 0.589259, 0.141093, 0.127242]"
6916,230.53333333333333,00:03:50.53,2,,"[0.550896, 0.588639, 0.140591, 0.128456]"
6917,230.56666666666666,00:03:50.56,2,,"[0.550426, 0.589041, 0.141624, 0.128023]"
6918,230.6,00:03:50.59,2,,"[0.550141, 0.589155, 0.141992, 0.127126]"
6919,230.63333333333333,00:03:50.63,2,,"[0.551859, 0.588197, 0.138255, 0.127099]"
6920,230.66666666666666,00:03:50.66,2,,"[0.552477, 0.588157, 0.138272, 0.127194]"
6921,230.7,00:03:50.69,2,,"[0.553411, 0.588097, 0.136143, 0.126891]"
6922,230.73333333333332,00:03:50.73,2,,"[0.553039, 0.588241, 0.136393, 0.126741]"
6923,230.76666666666668,00:03:50.76,2,,"[0.552985, 0.587911, 0.137053, 0.127799]"
6924,230.8,00:03:50.80,2,,"[0.550552, 0.587521, 0.141704, 0.128377]"
6925,230.83333333333334,00:03:50.83,2,,"[0.550634, 0.588127, 0.141664, 0.12856]"
6926,230.86666666666667,00:03:50.86,2,,"[0.551786, 0.58834, 0.139597, 0.129362]"
6927,230.9,00:03:50.90,2,,"[0.552671, 0.591015, 0.137832, 0.124077]"
6928,230.93333333333334,00:03:50.93,2,,"[0.551266, 0.591199, 0.140043, 0.124625]"
6929,230.96666666666667,00:03:50.96,2,,"[0.552437, 0.592037, 0.137638, 0.122675]"
6930,231.0,00:03:51.00,2,,"[0.551591, 0.593453, 0.140026, 0.121838]"
6931,231.03333333333333,00:03:51.03,2,,"[0.551747, 0.59468, 0.140142, 0.119982]"
6932,231.06666666666666,00:03:51.06,2,,"[0.551949, 0.5955, 0.139993, 0.119066]"
6933,231.1,00:03:51.09,2,,"[0.551467, 0.59627, 0.140239, 0.118798]"
6934,231.13333333333333,00:03:51.13,2,,"[0.552457, 0.596751, 0.137744, 0.117704]"
6935,231.16666666666666,00:03:51.16,2,,"[0.552278, 0.597066, 0.137614, 0.116817]"
6936,231.2,00:03:51.19,2,,"[0.552439, 0.596862, 0.13752, 0.11771]"
6937,231.23333333333332,00:03:51.23,2,,"[0.552464, 0.596528, 0.137595, 0.117538]"
6938,231.26666666666668,00:03:51.26,2,,"[0.552974, 0.59693, 0.137168, 0.116022]"
6939,231.3,00:03:51.30,2,,"[0.552729, 0.597708, 0.138537, 0.114986]"
6940,231.33333333333334,00:03:51.33,2,,"[0.557014, 0.595918, 0.130129, 0.118426]"
6941,231.36666666666667,00:03:51.36,2,,"[0.556384, 0.596925, 0.131619, 0.115147]"
6942,231.4,00:03:51.40,2,,"[0.562049, 0.596883, 0.120196, 0.115437]"
6943,231.43333333333334,00:03:51.43,2,,"[0.558714, 0.598101, 0.127356, 0.113398]"
6944,231.46666666666667,00:03:51.46,2,,"[0.552986, 0.598947, 0.139794, 0.112462]"
6945,231.5,00:03:51.50,2,,"[0.549114, 0.599422, 0.147351, 0.111206]"
6946,231.53333333333333,00:03:51.53,2,,"[0.548291, 0.599716, 0.148324, 0.111944]"
6947,231.56666666666666,00:03:51.56,2,,"[0.548647, 0.6005, 0.147626, 0.110969]"
6948,231.6,00:03:51.59,2,,"[0.54888, 0.600804, 0.146034, 0.110036]"
6949,231.63333333333333,00:03:51.63,2,,"[0.54802, 0.601198, 0.147825, 0.109344]"
6950,231.66666666666666,00:03:51.66,2,,"[0.548223, 0.601389, 0.147812, 0.109546]"
6951,231.7,00:03:51.69,2,,"[0.549352, 0.60131, 0.145889, 0.108183]"
6952,231.73333333333332,00:03:51.73,2,,"[0.553466, 0.599199, 0.138188, 0.110879]"
6953,231.76666666666668,00:03:51.76,2,,"[0.570051, 0.597942, 0.105007, 0.112407]"
6954,231.8,00:03:51.80,2,,"[0.570085, 0.598045, 0.104401, 0.112321]"
6955,231.83333333333334,00:03:51.83,2,,"[0.566118, 0.599235, 0.112224, 0.110452]"
6956,231.86666666666667,00:03:51.86,2,,"[0.556881, 0.598841, 0.130713, 0.111591]"
6957,231.9,00:03:51.90,2,,"[0.553621, 0.597199, 0.13743, 0.115212]"
6958,231.93333333333334,00:03:51.93,2,,"[0.551727, 0.596812, 0.140744, 0.115876]"
6959,231.96666666666667,00:03:51.96,2,,"[0.549808, 0.593737, 0.143561, 0.119901]"
6960,232.0,00:03:52.00,2,,"[0.548567, 0.591251, 0.145944, 0.124074]"
6961,232.03333333333333,00:03:52.03,2,,"[0.548197, 0.591051, 0.145491, 0.125248]"
6962,232.06666666666666,00:03:52.06,2,,"[0.547963, 0.59143, 0.145421, 0.123924]"
6963,232.1,00:03:52.09,2,,"[0.547912, 0.589809, 0.143609, 0.126039]"
6964,232.13333333333333,00:03:52.13,2,,"[0.548356, 0.58964, 0.142494, 0.127166]"
6965,232.16666666666666,00:03:52.16,2,,"[0.547432, 0.5881, 0.144649, 0.13084]"
6966,232.2,00:03:52.19,2,,"[0.548098, 0.587468, 0.143104, 0.131615]"
6967,232.23333333333332,00:03:52.23,2,,"[0.546294, 0.586658, 0.146148, 0.1319]"
6968,232.26666666666668,00:03:52.26,2,,"[0.545892, 0.586214, 0.144883, 0.136042]"
6969,232.3,00:03:52.30,2,,"[0.544527, 0.586006, 0.14837, 0.133417]"
6970,232.33333333333334,00:03:52.33,2,,"[0.545317, 0.585012, 0.146399, 0.137807]"
6971,232.36666666666667,00:03:52.36,2,,"[0.546763, 0.585429, 0.145158, 0.13705]"
6972,232.4,00:03:52.40,2,,"[0.546515, 0.584927, 0.149068, 0.133455]"
6973,232.43333333333334,00:03:52.43,2,,"[0.546832, 0.586665, 0.148053, 0.12983]"
6974,232.46666666666667,00:03:52.46,2,,"[0.550374, 0.588497, 0.140883, 0.125435]"
6975,232.5,00:03:52.50,2,,"[0.552298, 0.587966, 0.138288, 0.130686]"
6976,232.53333333333333,00:03:52.53,2,,"[0.552433, 0.587018, 0.138465, 0.130941]"
6977,232.56666666666666,00:03:52.56,2,,"[0.552681, 0.586882, 0.138033, 0.131724]"
6978,232.6,00:03:52.59,2,,"[0.552891, 0.588169, 0.136877, 0.127209]"
6979,232.63333333333333,00:03:52.63,2,,"[0.553082, 0.588295, 0.136513, 0.128737]"
6980,232.66666666666666,00:03:52.66,2,,"[0.552543, 0.587833, 0.137556, 0.129502]"
6981,232.7,00:03:52.69,2,,"[0.553685, 0.587844, 0.136054, 0.129972]"
6982,232.73333333333332,00:03:52.73,2,,"[0.552742, 0.588732, 0.137952, 0.129222]"
6983,232.76666666666668,00:03:52.76,2,,"[0.550682, 0.589237, 0.141743, 0.127983]"
6984,232.8,00:03:52.80,2,,"[0.551341, 0.589307, 0.14052, 0.128448]"
6985,232.83333333333334,00:03:52.83,2,,"[0.550019, 0.588974, 0.143411, 0.131193]"
6986,232.86666666666667,00:03:52.86,2,,"[0.549947, 0.58999, 0.143361, 0.129989]"
6987,232.9,00:03:52.90,2,,"[0.549956, 0.590371, 0.143286, 0.129267]"
6988,232.93333333333334,00:03:52.93,2,,"[0.547845, 0.590895, 0.147721, 0.128189]"
6989,232.96666666666667,00:03:52.96,2,,"[0.547118, 0.592258, 0.148541, 0.126471]"
6990,233.0,00:03:53.00,2,,"[0.546935, 0.590262, 0.149171, 0.127834]"
6991,233.03333333333333,00:03:53.03,2,,"[0.551038, 0.588969, 0.141484, 0.129241]"
6992,233.06666666666666,00:03:53.06,2,,"[0.549806, 0.589511, 0.144054, 0.128677]"
6993,233.1,00:03:53.09,2,,"[0.550423, 0.589752, 0.143276, 0.128797]"
6994,233.13333333333333,00:03:53.13,2,,"[0.551216, 0.589375, 0.141607, 0.129064]"
6995,233.16666666666666,00:03:53.16,2,,"[0.552764, 0.589081, 0.138479, 0.130094]"
6996,233.2,00:03:53.19,2,,"[0.552165, 0.589987, 0.1394, 0.128909]"
6997,233.23333333333332,00:03:53.23,2,,"[0.551039, 0.589383, 0.142104, 0.131201]"
6998,233.26666666666668,00:03:53.26,2,,"[0.551607, 0.589247, 0.140807, 0.131593]"
6999,233.3,00:03:53.30,2,,"[0.552685, 0.589951, 0.138272, 0.129303]"
7000,233.33333333333334,00:03:53.33,2,,"[0.550867, 0.590575, 0.142289, 0.128084]"
7001,233.36666666666667,00:03:53.36,2,,"[0.553121, 0.591741, 0.138053, 0.126835]"
7002,233.4,00:03:53.40,2,,"[0.553457, 0.595428, 0.137113, 0.118437]"
7003,233.43333333333334,00:03:53.43,2,,"[0.552586, 0.595535, 0.139169, 0.120308]"
7004,233.46666666666667,00:03:53.46,2,,"[0.551802, 0.596515, 0.139638, 0.118995]"
7005,233.5,00:03:53.50,2,,"[0.552063, 0.596427, 0.139074, 0.119921]"
7006,233.53333333333333,00:03:53.53,2,,"[0.551793, 0.595962, 0.139619, 0.120914]"
7007,233.56666666666666,00:03:53.56,2,,"[0.552806, 0.596576, 0.138357, 0.118812]"
7008,233.6,00:03:53.59,2,,"[0.55389, 0.596557, 0.136225, 0.118677]"
7009,233.63333333333333,00:03:53.63,2,,"[0.554723, 0.596024, 0.136263, 0.119882]"
7010,233.66666666666666,00:03:53.66,2,,"[0.555224, 0.59516, 0.135421, 0.120135]"
7011,233.7,00:03:53.69,2,,"[0.555807, 0.59502, 0.134412, 0.120689]"
7012,233.73333333333332,00:03:53.73,2,,"[0.557374, 0.594845, 0.13108, 0.120183]"
7013,233.76666666666668,00:03:53.76,2,,"[0.557953, 0.594399, 0.130003, 0.120321]"
7014,233.8,00:03:53.80,2,,"[0.562883, 0.594501, 0.120087, 0.120298]"
7015,233.83333333333334,00:03:53.83,2,,"[0.567987, 0.5938, 0.110051, 0.122427]"
7016,233.86666666666667,00:03:53.86,2,,"[0.572231, 0.59236, 0.103058, 0.125343]"
7017,233.9,00:03:53.90,2,,"[0.571946, 0.590958, 0.103529, 0.127814]"
7018,233.93333333333334,00:03:53.93,2,,"[0.570059, 0.591487, 0.106988, 0.126191]"
7019,233.96666666666667,00:03:53.96,2,,"[0.568365, 0.591156, 0.111464, 0.127033]"
7020,234.0,00:03:54.00,2,,"[0.568674, 0.591343, 0.11088, 0.126224]"
7021,234.03333333333333,00:03:54.03,2,,"[0.572418, 0.590971, 0.103358, 0.125491]"
7022,234.06666666666666,00:03:54.06,2,,"[0.572001, 0.592309, 0.103826, 0.122056]"
7023,234.1,00:03:54.09,2,,"[0.570719, 0.592588, 0.106379, 0.12078]"
7024,234.13333333333333,00:03:54.13,2,,"[0.572504, 0.593276, 0.103302, 0.119584]"
7025,234.16666666666666,00:03:54.16,2,,"[0.570954, 0.593095, 0.107164, 0.120742]"
7026,234.2,00:03:54.19,2,,"[0.571019, 0.593979, 0.107441, 0.118046]"
7027,234.23333333333332,00:03:54.23,2,,"[0.571788, 0.594357, 0.10455, 0.11869]"
7028,234.26666666666668,00:03:54.26,2,,"[0.571819, 0.594381, 0.104606, 0.119011]"
7029,234.3,00:03:54.30,2,,"[0.571575, 0.595323, 0.104931, 0.117358]"
7030,234.33333333333334,00:03:54.33,2,,"[0.564373, 0.596324, 0.119382, 0.115676]"
7031,234.36666666666667,00:03:54.36,2,,"[0.55719, 0.595123, 0.134777, 0.114565]"
7032,234.4,00:03:54.40,2,,"[0.555674, 0.593437, 0.136346, 0.118596]"
7033,234.43333333333334,00:03:54.43,2,,"[0.554239, 0.593434, 0.138978, 0.121121]"
7034,234.46666666666667,00:03:54.46,2,,"[0.554302, 0.593507, 0.13846, 0.118508]"
7035,234.5,00:03:54.50,2,,"[0.554848, 0.592987, 0.136013, 0.118633]"
7036,234.53333333333333,00:03:54.53,2,,"[0.5548, 0.593078, 0.135377, 0.117604]"
7037,234.56666666666666,00:03:54.56,2,,"[0.55327, 0.591418, 0.139112, 0.120204]"
7038,234.6,00:03:54.59,2,,"[0.553279, 0.589857, 0.138699, 0.123476]"
7039,234.63333333333333,00:03:54.63,2,,"[0.552032, 0.590331, 0.140283, 0.123972]"
7040,234.66666666666666,00:03:54.66,2,,"[0.553698, 0.588613, 0.137311, 0.127876]"
7041,234.7,00:03:54.69,2,,"[0.552444, 0.587598, 0.13949, 0.129044]"
7042,234.73333333333332,00:03:54.73,2,,"[0.552319, 0.586302, 0.139231, 0.130816]"
7043,234.76666666666668,00:03:54.76,2,,"[0.552284, 0.584316, 0.138972, 0.133261]"
7044,234.8,00:03:54.80,2,,"[0.552517, 0.583633, 0.137496, 0.132973]"
7045,234.83333333333334,00:03:54.83,2,,"[0.552056, 0.583189, 0.139017, 0.133817]"
7046,234.86666666666667,00:03:54.86,2,,"[0.552736, 0.583669, 0.137931, 0.134048]"
7047,234.9,00:03:54.90,2,,"[0.5524, 0.583167, 0.138748, 0.135536]"
7048,234.93333333333334,00:03:54.93,2,,"[0.552563, 0.582313, 0.138361, 0.136867]"
7049,234.96666666666667,00:03:54.96,2,,"[0.551796, 0.581041, 0.139645, 0.139303]"
7050,235.0,00:03:55.00,2,,"[0.551024, 0.580544, 0.139578, 0.138909]"
7051,235.03333333333333,00:03:55.03,2,,"[0.551205, 0.582063, 0.138845, 0.137967]"
7052,235.06666666666666,00:03:55.06,2,,"[0.551188, 0.5815, 0.138852, 0.138746]"
7053,235.1,00:03:55.09,2,,"[0.551368, 0.581472, 0.138078, 0.138741]"
7054,235.13333333333333,00:03:55.13,2,,"[0.551077, 0.581282, 0.138741, 0.140038]"
7055,235.16666666666666,00:03:55.16,2,,"[0.549806, 0.580893, 0.140947, 0.140749]"
7056,235.2,00:03:55.19,2,,"[0.54977, 0.580907, 0.141509, 0.140861]"
7057,235.23333333333332,00:03:55.23,2,,"[0.550483, 0.581213, 0.13991, 0.140994]"
7058,235.26666666666668,00:03:55.26,2,,"[0.551, 0.581034, 0.138702, 0.14116]"
7059,235.3,00:03:55.30,2,,"[0.550663, 0.581034, 0.139377, 0.140651]"
7060,235.33333333333334,00:03:55.33,2,,"[0.550635, 0.580256, 0.138924, 0.14167]"
7061,235.36666666666667,00:03:55.36,2,,"[0.550284, 0.580266, 0.139668, 0.141845]"
7062,235.4,00:03:55.40,2,,"[0.550158, 0.580099, 0.140152, 0.14275]"
7063,235.43333333333334,00:03:55.43,2,,"[0.550453, 0.580398, 0.139479, 0.142549]"
7064,235.46666666666667,00:03:55.46,2,,"[0.550335, 0.580591, 0.139867, 0.141883]"
7065,235.5,00:03:55.50,2,,"[0.550216, 0.580401, 0.140192, 0.142792]"
7066,235.53333333333333,00:03:55.53,2,,"[0.550504, 0.580446, 0.139628, 0.142485]"
7067,235.56666666666666,00:03:55.56,2,,"[0.550334, 0.580371, 0.139336, 0.142341]"
7068,235.6,00:03:55.59,2,,"[0.551781, 0.58055, 0.13706, 0.142025]"
7069,235.63333333333333,00:03:55.63,2,,"[0.552054, 0.580496, 0.136807, 0.142135]"
7070,235.66666666666666,00:03:55.66,2,,"[0.55183, 0.580207, 0.136831, 0.142629]"
7071,235.7,00:03:55.69,2,,"[0.551835, 0.579911, 0.136784, 0.142719]"
7072,235.73333333333332,00:03:55.73,2,,"[0.552107, 0.579994, 0.134939, 0.14288]"
7073,235.76666666666668,00:03:55.76,2,,"[0.552035, 0.579561, 0.134607, 0.143475]"
7074,235.8,00:03:55.80,2,,"[0.551454, 0.579396, 0.135153, 0.143308]"
7075,235.83333333333334,00:03:55.83,2,,"[0.552363, 0.579487, 0.133769, 0.143729]"
7076,235.86666666666667,00:03:55.86,2,,"[0.552575, 0.579295, 0.133682, 0.143774]"
7077,235.9,00:03:55.90,2,,"[0.551951, 0.579343, 0.135326, 0.143362]"
7078,235.93333333333334,00:03:55.93,2,,"[0.550751, 0.578407, 0.136966, 0.144265]"
7079,235.96666666666667,00:03:55.96,2,,"[0.550508, 0.578362, 0.136449, 0.145452]"
7080,236.0,00:03:56.00,2,,"[0.550666, 0.577919, 0.135935, 0.146202]"
7081,236.03333333333333,00:03:56.03,2,,"[0.551958, 0.5779, 0.134073, 0.144482]"
7082,236.06666666666666,00:03:56.06,2,,"[0.553753, 0.578253, 0.133491, 0.143765]"
7083,236.1,00:03:56.09,2,,"[0.553614, 0.578939, 0.135088, 0.142523]"
7084,236.13333333333333,00:03:56.13,2,,"[0.553762, 0.57915, 0.134826, 0.1422]"
7085,236.16666666666666,00:03:56.16,2,,"[0.553764, 0.579239, 0.13474, 0.142337]"
7086,236.2,00:03:56.19,2,,"[0.55361, 0.57932, 0.135513, 0.142472]"
7087,236.23333333333332,00:03:56.23,2,,"[0.552141, 0.579159, 0.138186, 0.142609]"
7088,236.26666666666668,00:03:56.26,2,,"[0.551273, 0.579408, 0.139641, 0.14254]"
7089,236.3,00:03:56.30,2,,"[0.549928, 0.579366, 0.142237, 0.143484]"
7090,236.33333333333334,00:03:56.33,2,,"[0.55054, 0.579717, 0.141106, 0.143898]"
7091,236.36666666666667,00:03:56.36,2,,"[0.552004, 0.578647, 0.137589, 0.145435]"
7092,236.4,00:03:56.40,2,,"[0.552511, 0.577716, 0.137252, 0.146954]"
7093,236.43333333333334,00:03:56.43,2,,"[0.554334, 0.577006, 0.133793, 0.14941]"
7094,236.46666666666667,00:03:56.46,2,,"[0.554367, 0.577616, 0.133902, 0.147846]"
7095,236.5,00:03:56.50,2,,"[0.554639, 0.577416, 0.133345, 0.147547]"
7096,236.53333333333333,00:03:56.53,2,,"[0.554724, 0.578093, 0.133933, 0.146334]"
7097,236.56666666666666,00:03:56.56,2,,"[0.555028, 0.578301, 0.133515, 0.145862]"
7098,236.6,00:03:56.59,2,,"[0.554524, 0.578251, 0.134698, 0.146117]"
7099,236.63333333333333,00:03:56.63,2,,"[0.553993, 0.577922, 0.135303, 0.146261]"
7100,236.66666666666666,00:03:56.66,2,,"[0.553322, 0.578974, 0.136987, 0.145514]"
7101,236.7,00:03:56.69,2,,"[0.553877, 0.579326, 0.135427, 0.144585]"
7102,236.73333333333332,00:03:56.73,2,,"[0.553974, 0.579496, 0.135815, 0.144214]"
7103,236.76666666666668,00:03:56.76,2,,"[0.553574, 0.579095, 0.136239, 0.144468]"
7104,236.8,00:03:56.80,2,,"[0.553393, 0.577839, 0.13685, 0.144442]"
7105,236.83333333333334,00:03:56.83,2,,"[0.553567, 0.577647, 0.13678, 0.146444]"
7106,236.86666666666667,00:03:56.86,2,,"[0.553678, 0.579152, 0.136226, 0.146257]"
7107,236.9,00:03:56.90,2,,"[0.553454, 0.578846, 0.136497, 0.146761]"
7108,236.93333333333334,00:03:56.93,2,,"[0.552609, 0.579714, 0.138328, 0.144504]"
7109,236.96666666666667,00:03:56.96,2,,"[0.553482, 0.579015, 0.13675, 0.143342]"
7110,237.0,00:03:57.00,2,,"[0.551966, 0.578809, 0.140271, 0.142807]"
7111,237.03333333333333,00:03:57.03,2,,"[0.552588, 0.579465, 0.139678, 0.143075]"
7112,237.06666666666666,00:03:57.06,2,,"[0.552544, 0.579909, 0.1395, 0.142964]"
7113,237.1,00:03:57.09,2,,"[0.552751, 0.580453, 0.139428, 0.143315]"
7114,237.13333333333333,00:03:57.13,2,,"[0.554391, 0.580895, 0.13677, 0.143966]"
7115,237.16666666666666,00:03:57.16,2,,"[0.554163, 0.581579, 0.136839, 0.143568]"
7116,237.2,00:03:57.19,2,,"[0.554542, 0.582594, 0.136244, 0.141436]"
7117,237.23333333333332,00:03:57.23,2,,"[0.553312, 0.58324, 0.137682, 0.140724]"
7118,237.26666666666668,00:03:57.26,2,,"[0.554345, 0.584047, 0.136046, 0.137982]"
7119,237.3,00:03:57.30,2,,"[0.557221, 0.585121, 0.131047, 0.135391]"
7120,237.33333333333334,00:03:57.33,2,,"[0.556567, 0.586228, 0.13252, 0.132051]"
7121,237.36666666666667,00:03:57.36,2,,"[0.555958, 0.585164, 0.133712, 0.133894]"
7122,237.4,00:03:57.40,2,,"[0.555584, 0.585368, 0.13348, 0.132528]"
7123,237.43333333333334,00:03:57.43,2,,"[0.556161, 0.584642, 0.131807, 0.133932]"
7124,237.46666666666667,00:03:57.46,2,,"[0.55574, 0.583898, 0.132796, 0.135623]"
7125,237.5,00:03:57.50,2,,"[0.556289, 0.58374, 0.131473, 0.136291]"
7126,237.53333333333333,00:03:57.53,2,,"[0.556793, 0.584279, 0.130257, 0.135181]"
7127,237.56666666666666,00:03:57.56,2,,"[0.557149, 0.583765, 0.129437, 0.136759]"
7128,237.6,00:03:57.59,2,,"[0.556145, 0.584288, 0.131992, 0.135748]"
7129,237.63333333333333,00:03:57.63,2,,"[0.558399, 0.585305, 0.128488, 0.133198]"
7130,237.66666666666666,00:03:57.66,2,,"[0.55837, 0.587436, 0.127493, 0.129293]"
7131,237.7,00:03:57.69,2,,"[0.559305, 0.586727, 0.126401, 0.130773]"
7132,237.73333333333332,00:03:57.73,2,,"[0.557859, 0.586926, 0.129658, 0.12963]"
7133,237.76666666666668,00:03:57.76,2,,"[0.558345, 0.58552, 0.128733, 0.131455]"
7134,237.8,00:03:57.80,2,,"[0.557537, 0.584513, 0.130464, 0.133195]"
7135,237.83333333333334,00:03:57.83,2,,"[0.556684, 0.585243, 0.13185, 0.131668]"
7136,237.86666666666667,00:03:57.86,2,,"[0.554162, 0.583922, 0.136613, 0.134673]"
7137,237.9,00:03:57.90,2,,"[0.5511, 0.582582, 0.143251, 0.136867]"
7138,237.93333333333334,00:03:57.93,2,,"[0.551002, 0.583684, 0.142802, 0.134643]"
7139,237.96666666666667,00:03:57.96,2,,"[0.550772, 0.58472, 0.14314, 0.134932]"
7140,238.0,00:03:58.00,2,,"[0.550147, 0.584528, 0.144221, 0.137318]"
7141,238.03333333333333,00:03:58.03,2,,"[0.548397, 0.584361, 0.147329, 0.139507]"
7142,238.06666666666666,00:03:58.06,2,,"[0.549887, 0.584803, 0.145115, 0.138287]"
7143,238.1,00:03:58.09,2,,"[0.550251, 0.584318, 0.144086, 0.138075]"
7144,238.13333333333333,00:03:58.13,2,,"[0.550619, 0.584298, 0.143563, 0.138018]"
7145,238.16666666666666,00:03:58.16,2,,"[0.551007, 0.584309, 0.142474, 0.137852]"
7146,238.2,00:03:58.19,2,,"[0.551786, 0.583978, 0.140574, 0.137768]"
7147,238.23333333333332,00:03:58.23,2,,"[0.551574, 0.583405, 0.141039, 0.13835]"
7148,238.26666666666668,00:03:58.26,2,,"[0.5513, 0.5816, 0.141189, 0.140194]"
7149,238.3,00:03:58.30,2,,"[0.551645, 0.581153, 0.140513, 0.141616]"
7150,238.33333333333334,00:03:58.33,2,,"[0.551303, 0.57976, 0.140683, 0.143283]"
7151,238.36666666666667,00:03:58.36,2,,"[0.550367, 0.57946, 0.14204, 0.142935]"
7152,238.4,00:03:58.40,2,,"[0.55022, 0.579033, 0.142075, 0.143864]"
7153,238.43333333333334,00:03:58.43,2,,"[0.549148, 0.578562, 0.144444, 0.144264]"
7154,238.46666666666667,00:03:58.46,2,,"[0.550282, 0.5783, 0.141729, 0.144786]"
7155,238.5,00:03:58.50,2,,"[0.551371, 0.578345, 0.140684, 0.146458]"
7156,238.53333333333333,00:03:58.53,2,,"[0.550788, 0.577927, 0.139978, 0.146913]"
7157,238.56666666666666,00:03:58.56,2,,"[0.550511, 0.577415, 0.140072, 0.148109]"
7158,238.6,00:03:58.59,2,,"[0.549808, 0.576303, 0.141201, 0.149538]"
7159,238.63333333333333,00:03:58.63,2,,"[0.549791, 0.575747, 0.141657, 0.151114]"
7160,238.66666666666666,00:03:58.66,2,,"[0.54994, 0.574814, 0.142075, 0.152621]"
7161,238.7,00:03:58.69,2,,"[0.550627, 0.571659, 0.141459, 0.158751]"
7162,238.73333333333332,00:03:58.73,2,,"[0.546353, 0.568283, 0.149335, 0.156087]"
7239,241.3,00:04:01.30,3,,"[0.494879, 0.487004, 0.214863, 0.131767]"
7245,241.5,00:04:01.50,3,,"[0.514374, 0.47797, 0.196327, 0.173139]"
7246,241.53333333333333,00:04:01.53,3,,"[0.517717, 0.473903, 0.192807, 0.176347]"
7247,241.56666666666666,00:04:01.56,3,,"[0.521643, 0.47166, 0.191281, 0.17935]"
7248,241.6,00:04:01.59,3,,"[0.525075, 0.470765, 0.18801, 0.166516]"
7249,241.63333333333333,00:04:01.63,3,,"[0.530871, 0.474048, 0.182654, 0.179189]"
7251,241.7,00:04:01.69,3,,"[0.534024, 0.504559, 0.179889, 0.23524]"
7252,241.73333333333332,00:04:01.73,3,,"[0.537951, 0.508336, 0.179678, 0.230977]"
7253,241.76666666666668,00:04:01.76,3,,"[0.540112, 0.516245, 0.182005, 0.237573]"
7254,241.8,00:04:01.80,3,,"[0.540579, 0.525695, 0.181255, 0.230245]"
7255,241.83333333333334,00:04:01.83,3,,"[0.539845, 0.527957, 0.178913, 0.229762]"
7256,241.86666666666667,00:04:01.86,3,,"[0.5401, 0.529522, 0.177821, 0.229175]"
7257,241.9,00:04:01.90,3,,"[0.539933, 0.530472, 0.180906, 0.228975]"
7258,241.93333333333334,00:04:01.93,3,,"[0.53864, 0.532244, 0.180415, 0.229732]"
7259,241.96666666666667,00:04:01.96,3,,"[0.536858, 0.533599, 0.178096, 0.229654]"
7260,242.0,00:04:02.00,3,,"[0.535477, 0.533163, 0.174661, 0.237091]"
7261,242.03333333333333,00:04:02.03,3,,"[0.535238, 0.53532, 0.172883, 0.234478]"
7262,242.06666666666666,00:04:02.06,3,,"[0.535149, 0.535667, 0.173066, 0.235101]"
7263,242.1,00:04:02.09,3,,"[0.535213, 0.535463, 0.172368, 0.235688]"
7264,242.13333333333333,00:04:02.13,3,,"[0.535232, 0.535276, 0.17093, 0.235066]"
7265,242.16666666666666,00:04:02.16,3,,"[0.535835, 0.535481, 0.17008, 0.235579]"
7266,242.2,00:04:02.19,3,,"[0.538816, 0.538638, 0.164981, 0.230229]"
7267,242.23333333333332,00:04:02.23,3,,"[0.539465, 0.537594, 0.162668, 0.231971]"
7268,242.26666666666668,00:04:02.26,3,,"[0.540511, 0.537028, 0.160748, 0.234561]"
7269,242.3,00:04:02.30,3,,"[0.541025, 0.535836, 0.159132, 0.236974]"
7270,242.33333333333334,00:04:02.33,3,,"[0.542425, 0.534456, 0.156573, 0.239534]"
7271,242.36666666666667,00:04:02.36,3,,"[0.542773, 0.533967, 0.156333, 0.238525]"
7272,242.4,00:04:02.40,3,,"[0.543496, 0.532859, 0.155204, 0.239097]"
7273,242.43333333333334,00:04:02.43,3,,"[0.544826, 0.532546, 0.152542, 0.24195]"
7274,242.46666666666667,00:04:02.46,3,,"[0.545934, 0.531606, 0.150165, 0.243379]"
7275,242.5,00:04:02.50,3,,"[0.546739, 0.531535, 0.148525, 0.24317]"
7276,242.53333333333333,00:04:02.53,3,,"[0.546672, 0.530819, 0.148023, 0.244556]"
7277,242.56666666666666,00:04:02.56,3,,"[0.546941, 0.530682, 0.14762, 0.244555]"
7278,242.6,00:04:02.59,3,,"[0.546478, 0.530856, 0.14831, 0.243962]"
7279,242.63333333333333,00:04:02.63,3,,"[0.54648, 0.531172, 0.148733, 0.242951]"
7280,242.66666666666666,00:04:02.66,3,,"[0.54592, 0.531552, 0.149798, 0.242324]"
7281,242.7,00:04:02.69,3,,"[0.545062, 0.530922, 0.151624, 0.242091]"
7282,242.73333333333332,00:04:02.73,3,,"[0.545438, 0.531373, 0.150929, 0.242014]"
7283,242.76666666666668,00:04:02.76,3,,"[0.54708, 0.532893, 0.147921, 0.241248]"
7284,242.8,00:04:02.80,3,,"[0.548548, 0.532809, 0.14439, 0.239543]"
7285,242.83333333333334,00:04:02.83,3,,"[0.549619, 0.530282, 0.141674, 0.244478]"
7286,242.86666666666667,00:04:02.86,3,,"[0.551334, 0.531902, 0.142562, 0.238885]"
7287,242.9,00:04:02.90,3,,"[0.550973, 0.532219, 0.142868, 0.239243]"
7288,242.93333333333334,00:04:02.93,3,,"[0.55077, 0.532378, 0.138747, 0.240141]"
7289,242.96666666666667,00:04:02.96,3,,"[0.551674, 0.532644, 0.137988, 0.238983]"
7290,243.0,00:04:03.00,3,,"[0.552349, 0.532935, 0.137036, 0.238632]"
7291,243.03333333333333,00:04:03.03,3,,"[0.552295, 0.533831, 0.136756, 0.236998]"
7292,243.06666666666666,00:04:03.06,3,,"[0.552604, 0.533477, 0.136244, 0.238409]"
7293,243.1,00:04:03.09,3,,"[0.552939, 0.534218, 0.135058, 0.236192]"
7294,243.13333333333333,00:04:03.13,3,,"[0.553348, 0.535377, 0.134194, 0.232702]"
7295,243.16666666666666,00:04:03.16,3,,"[0.553742, 0.536947, 0.132838, 0.230153]"
7296,243.2,00:04:03.19,3,,"[0.554363, 0.538374, 0.135411, 0.227569]"
7297,243.23333333333332,00:04:03.23,3,,"[0.555037, 0.543448, 0.134185, 0.219089]"
7298,243.26666666666668,00:04:03.26,3,,"[0.55568, 0.545895, 0.134148, 0.215628]"
7299,243.3,00:04:03.30,3,,"[0.555548, 0.546135, 0.134257, 0.215708]"
7300,243.33333333333334,00:04:03.33,3,,"[0.555675, 0.546238, 0.134198, 0.216413]"
7301,243.36666666666667,00:04:03.36,3,,"[0.556277, 0.546562, 0.133654, 0.215338]"
7302,243.4,00:04:03.40,3,,"[0.55575, 0.54392, 0.132842, 0.217439]"
7303,243.43333333333334,00:04:03.43,3,,"[0.555312, 0.541397, 0.133875, 0.222083]"
7304,243.46666666666667,00:04:03.46,3,,"[0.555634, 0.538621, 0.134319, 0.22371]"
7305,243.5,00:04:03.50,3,,"[0.555797, 0.535031, 0.134838, 0.23086]"
7306,243.53333333333333,00:04:03.53,3,,"[0.555994, 0.533586, 0.13401, 0.233228]"
7307,243.56666666666666,00:04:03.56,3,,"[0.555618, 0.533758, 0.133529, 0.231573]"
7308,243.6,00:04:03.59,3,,"[0.55658, 0.537857, 0.128176, 0.226009]"
7309,243.63333333333333,00:04:03.63,3,,"[0.556194, 0.538538, 0.128074, 0.226405]"
7310,243.66666666666666,00:04:03.66,3,,"[0.556466, 0.538725, 0.127881, 0.226578]"
7311,243.7,00:04:03.69,3,,"[0.556507, 0.538068, 0.127633, 0.22745]"
7312,243.73333333333332,00:04:03.73,3,,"[0.55716, 0.539184, 0.127644, 0.224706]"
7313,243.76666666666668,00:04:03.76,3,,"[0.557195, 0.539956, 0.127877, 0.223914]"
7314,243.8,00:04:03.80,3,,"[0.556805, 0.539975, 0.128452, 0.224615]"
7315,243.83333333333334,00:04:03.83,3,,"[0.556933, 0.540139, 0.128099, 0.225353]"
7316,243.86666666666667,00:04:03.86,3,,"[0.557117, 0.543151, 0.128308, 0.21867]"
7317,243.9,00:04:03.90,3,,"[0.557084, 0.54399, 0.128192, 0.218333]"
7318,243.93333333333334,00:04:03.93,3,,"[0.557611, 0.544839, 0.128587, 0.216382]"
7319,243.96666666666667,00:04:03.96,3,,"[0.556721, 0.540511, 0.12809, 0.223936]"
7320,244.0,00:04:04.00,3,,"[0.557529, 0.538796, 0.126966, 0.226061]"
7321,244.03333333333333,00:04:04.03,3,,"[0.557875, 0.535984, 0.12786, 0.229973]"
7322,244.06666666666666,00:04:04.06,3,,"[0.557652, 0.535838, 0.127766, 0.228875]"
7323,244.1,00:04:04.09,3,,"[0.557116, 0.53437, 0.128227, 0.233863]"
7324,244.13333333333333,00:04:04.13,3,,"[0.55664, 0.534495, 0.128175, 0.23394]"
7325,244.16666666666666,00:04:04.16,3,,"[0.557288, 0.534602, 0.127794, 0.233802]"
7326,244.2,00:04:04.19,3,,"[0.557406, 0.534563, 0.128583, 0.234339]"
7327,244.23333333333332,00:04:04.23,3,,"[0.555526, 0.535154, 0.133294, 0.231408]"
7328,244.26666666666668,00:04:04.26,3,,"[0.557425, 0.541137, 0.129688, 0.22359]"
7329,244.3,00:04:04.30,3,,"[0.557566, 0.543789, 0.129341, 0.218852]"
7330,244.33333333333334,00:04:04.33,3,,"[0.556678, 0.54421, 0.131619, 0.219063]"
7331,244.36666666666667,00:04:04.36,3,,"[0.556256, 0.544017, 0.132353, 0.218673]"
7332,244.4,00:04:04.40,3,,"[0.556228, 0.543805, 0.132283, 0.218571]"
7333,244.43333333333334,00:04:04.43,3,,"[0.556503, 0.541666, 0.131635, 0.222379]"
7334,244.46666666666667,00:04:04.46,3,,"[0.556621, 0.541577, 0.130924, 0.221428]"
7335,244.5,00:04:04.50,3,,"[0.557047, 0.541916, 0.129443, 0.220426]"
7336,244.53333333333333,00:04:04.53,3,,"[0.5579, 0.542218, 0.127711, 0.218169]"
7337,244.56666666666666,00:04:04.56,3,,"[0.558369, 0.542542, 0.126608, 0.217344]"
7338,244.6,00:04:04.59,3,,"[0.558066, 0.542589, 0.127094, 0.217571]"
7339,244.63333333333333,00:04:04.63,3,,"[0.557953, 0.543832, 0.127469, 0.215837]"
7340,244.66666666666666,00:04:04.66,3,,"[0.557734, 0.543507, 0.127883, 0.217684]"
7341,244.7,00:04:04.69,3,,"[0.557796, 0.542449, 0.127549, 0.219009]"
7342,244.73333333333332,00:04:04.73,3,,"[0.558027, 0.542552, 0.127516, 0.218538]"
7343,244.76666666666668,00:04:04.76,3,,"[0.558415, 0.543452, 0.126803, 0.218093]"
7344,244.8,00:04:04.80,3,,"[0.558758, 0.543599, 0.125978, 0.217804]"
7345,244.83333333333334,00:04:04.83,3,,"[0.558835, 0.543554, 0.125879, 0.217851]"
7346,244.86666666666667,00:04:04.86,3,,"[0.558833, 0.543294, 0.125677, 0.217702]"
7347,244.9,00:04:04.90,3,,"[0.559144, 0.543987, 0.124874, 0.21626]"
7348,244.93333333333334,00:04:04.93,3,,"[0.558925, 0.544131, 0.12498, 0.216308]"
7349,244.96666666666667,00:04:04.96,3,,"[0.558668, 0.5446, 0.125498, 0.21537]"
7350,245.0,00:04:05.00,3,,"[0.558583, 0.544835, 0.12548, 0.215197]"
7351,245.03333333333333,00:04:05.03,3,,"[0.558783, 0.545132, 0.124908, 0.213933]"
7352,245.06666666666666,00:04:05.06,3,,"[0.558696, 0.545164, 0.125268, 0.213929]"
7353,245.1,00:04:05.09,3,,"[0.558558, 0.545036, 0.125496, 0.21377]"
7354,245.13333333333333,00:04:05.13,3,,"[0.558467, 0.545191, 0.12593, 0.213804]"
7355,245.16666666666666,00:04:05.16,3,,"[0.558123, 0.544872, 0.126888, 0.214346]"
7356,245.2,00:04:05.19,3,,"[0.557463, 0.545037, 0.128342, 0.214191]"
7357,245.23333333333332,00:04:05.23,3,,"[0.556967, 0.544876, 0.130251, 0.215958]"
7358,245.26666666666668,00:04:05.26,3,,"[0.556408, 0.545509, 0.132002, 0.214564]"
7359,245.3,00:04:05.30,3,,"[0.555959, 0.54723, 0.133298, 0.212683]"
7360,245.33333333333334,00:04:05.33,3,,"[0.555502, 0.548557, 0.13371, 0.209622]"
7361,245.36666666666667,00:04:05.36,3,,"[0.555518, 0.548526, 0.133542, 0.20974]"
7362,245.4,00:04:05.40,3,,"[0.555281, 0.549066, 0.134496, 0.208386]"
7363,245.43333333333334,00:04:05.43,3,,"[0.555, 0.549585, 0.135776, 0.206583]"
7364,245.46666666666667,00:04:05.46,3,,"[0.554664, 0.549425, 0.136756, 0.206582]"
7365,245.5,00:04:05.50,3,,"[0.551875, 0.547673, 0.139108, 0.210228]"
7366,245.53333333333333,00:04:05.53,3,,"[0.551382, 0.54553, 0.140891, 0.214252]"
7367,245.56666666666666,00:04:05.56,3,,"[0.551214, 0.544486, 0.14165, 0.216599]"
7368,245.6,00:04:05.59,3,,"[0.551638, 0.544289, 0.141162, 0.216214]"
7369,245.63333333333333,00:04:05.63,3,,"[0.551747, 0.544131, 0.140999, 0.215568]"
7370,245.66666666666666,00:04:05.66,3,,"[0.551358, 0.54387, 0.141407, 0.216159]"
7371,245.7,00:04:05.69,3,,"[0.55181, 0.543806, 0.140826, 0.216801]"
7372,245.73333333333332,00:04:05.73,3,,"[0.551485, 0.543943, 0.140083, 0.216508]"
7373,245.76666666666668,00:04:05.76,3,,"[0.552181, 0.545989, 0.138069, 0.21243]"
7374,245.8,00:04:05.80,3,,"[0.552422, 0.545831, 0.137591, 0.212869]"
7375,245.83333333333334,00:04:05.83,3,,"[0.552699, 0.545652, 0.136853, 0.213684]"
7376,245.86666666666667,00:04:05.86,3,,"[0.553303, 0.54445, 0.13543, 0.216299]"
7377,245.9,00:04:05.90,3,,"[0.553651, 0.543873, 0.134438, 0.217422]"
7378,245.93333333333334,00:04:05.93,3,,"[0.554573, 0.542455, 0.134305, 0.219251]"
7379,245.96666666666667,00:04:05.96,3,,"[0.555656, 0.544633, 0.134265, 0.214477]"
7380,246.0,00:04:06.00,3,,"[0.556065, 0.544578, 0.133747, 0.21564]"
7381,246.03333333333333,00:04:06.03,3,,"[0.555876, 0.545778, 0.133259, 0.212457]"
7382,246.06666666666666,00:04:06.06,3,,"[0.555567, 0.548286, 0.134529, 0.208447]"
7383,246.1,00:04:06.09,3,,"[0.554803, 0.549341, 0.135518, 0.206639]"
7384,246.13333333333333,00:04:06.13,3,,"[0.552343, 0.551415, 0.137143, 0.20449]"
7385,246.16666666666666,00:04:06.16,3,,"[0.550237, 0.552936, 0.14085, 0.202756]"
7386,246.2,00:04:06.19,3,,"[0.549911, 0.554249, 0.140667, 0.199116]"
7387,246.23333333333332,00:04:06.23,3,,"[0.550175, 0.554733, 0.140994, 0.198556]"
7388,246.26666666666668,00:04:06.26,3,,"[0.549857, 0.554609, 0.141615, 0.198346]"
7389,246.3,00:04:06.30,3,,"[0.549258, 0.554809, 0.142568, 0.19791]"
7390,246.33333333333334,00:04:06.33,3,,"[0.547886, 0.555523, 0.144953, 0.196628]"
7391,246.36666666666667,00:04:06.36,3,,"[0.54562, 0.557235, 0.149019, 0.194446]"
7392,246.4,00:04:06.40,3,,"[0.543744, 0.559472, 0.152241, 0.189664]"
7393,246.43333333333334,00:04:06.43,3,,"[0.542979, 0.56073, 0.153799, 0.187955]"
7394,246.46666666666667,00:04:06.46,3,,"[0.54277, 0.562847, 0.15397, 0.184107]"
7395,246.5,00:04:06.50,3,,"[0.542504, 0.563674, 0.156276, 0.182576]"
7396,246.53333333333333,00:04:06.53,3,,"[0.542494, 0.564507, 0.155732, 0.180994]"
7397,246.56666666666666,00:04:06.56,3,,"[0.542216, 0.564608, 0.155755, 0.180667]"
7398,246.6,00:04:06.59,3,,"[0.542376, 0.564911, 0.154691, 0.17923]"
7399,246.63333333333333,00:04:06.63,3,,"[0.542362, 0.565166, 0.154755, 0.178992]"
7400,246.66666666666666,00:04:06.66,3,,"[0.542224, 0.565366, 0.156396, 0.179068]"
7401,246.7,00:04:06.69,3,,"[0.542371, 0.564795, 0.155103, 0.180213]"
7402,246.73333333333332,00:04:06.73,3,,"[0.542167, 0.564977, 0.156491, 0.180299]"
7403,246.76666666666668,00:04:06.76,3,,"[0.541921, 0.565465, 0.156272, 0.179615]"
7404,246.8,00:04:06.80,3,,"[0.541835, 0.565377, 0.156334, 0.180725]"
7405,246.83333333333334,00:04:06.83,3,,"[0.541788, 0.565516, 0.156336, 0.18062]"
7406,246.86666666666667,00:04:06.86,3,,"[0.541586, 0.565482, 0.156079, 0.179872]"
7407,246.9,00:04:06.90,3,,"[0.541676, 0.565059, 0.1565, 0.180891]"
7408,246.93333333333334,00:04:06.93,3,,"[0.541566, 0.564405, 0.156335, 0.182134]"
7409,246.96666666666667,00:04:06.96,3,,"[0.541509, 0.564589, 0.156675, 0.181843]"
7410,247.0,00:04:07.00,3,,"[0.541488, 0.564759, 0.156809, 0.181743]"
7411,247.03333333333333,00:04:07.03,3,,"[0.541609, 0.565073, 0.156654, 0.181616]"
7412,247.06666666666666,00:04:07.06,3,,"[0.541771, 0.565315, 0.156438, 0.181397]"
7413,247.1,00:04:07.09,3,,"[0.541543, 0.56557, 0.15741, 0.181214]"
7414,247.13333333333333,00:04:07.13,3,,"[0.541544, 0.565621, 0.156794, 0.180844]"
7415,247.16666666666666,00:04:07.16,3,,"[0.541508, 0.5653, 0.158543, 0.181818]"
7416,247.2,00:04:07.19,3,,"[0.541363, 0.564266, 0.158889, 0.183782]"
7417,247.23333333333332,00:04:07.23,3,,"[0.541512, 0.564359, 0.1586, 0.183376]"
7418,247.26666666666668,00:04:07.26,3,,"[0.541734, 0.564608, 0.158161, 0.182554]"
7419,247.3,00:04:07.30,3,,"[0.541759, 0.563915, 0.158562, 0.183717]"
7420,247.33333333333334,00:04:07.33,3,,"[0.541538, 0.562982, 0.15871, 0.185913]"
7421,247.36666666666667,00:04:07.36,3,,"[0.541491, 0.56359, 0.158888, 0.184665]"
7422,247.4,00:04:07.40,3,,"[0.540841, 0.564233, 0.160127, 0.183715]"
7423,247.43333333333334,00:04:07.43,3,,"[0.541056, 0.567544, 0.162262, 0.178428]"
7424,247.46666666666667,00:04:07.46,3,,"[0.54081, 0.566772, 0.159533, 0.1781]"
7425,247.5,00:04:07.50,3,,"[0.540494, 0.566859, 0.162884, 0.179616]"
7426,247.53333333333333,00:04:07.53,3,,"[0.540492, 0.565935, 0.161849, 0.181055]"
7427,247.56666666666666,00:04:07.56,3,,"[0.540171, 0.564711, 0.159126, 0.180812]"
7428,247.6,00:04:07.59,3,,"[0.541082, 0.563105, 0.159966, 0.185664]"
7429,247.63333333333333,00:04:07.63,3,,"[0.540018, 0.560254, 0.162142, 0.191724]"
7430,247.66666666666666,00:04:07.66,3,,"[0.540737, 0.559005, 0.160688, 0.193764]"
7431,247.7,00:04:07.69,3,,"[0.541879, 0.559453, 0.155386, 0.189831]"
7432,247.73333333333332,00:04:07.73,3,,"[0.54192, 0.557872, 0.154917, 0.193274]"
7433,247.76666666666668,00:04:07.76,3,,"[0.542013, 0.557274, 0.154838, 0.195127]"
7434,247.8,00:04:07.80,3,,"[0.542137, 0.556855, 0.154402, 0.195472]"
7435,247.83333333333334,00:04:07.83,3,,"[0.542232, 0.556894, 0.154531, 0.195203]"
7436,247.86666666666667,00:04:07.86,3,,"[0.542484, 0.55596, 0.154744, 0.196462]"
7437,247.9,00:04:07.90,3,,"[0.542461, 0.555563, 0.154518, 0.197465]"
7438,247.93333333333334,00:04:07.93,3,,"[0.542392, 0.553867, 0.153755, 0.20076]"
7439,247.96666666666667,00:04:07.96,3,,"[0.542168, 0.550856, 0.153759, 0.206207]"
7440,248.0,00:04:08.00,3,,"[0.542311, 0.548906, 0.154341, 0.208852]"
7441,248.03333333333333,00:04:08.03,3,,"[0.542286, 0.548142, 0.153265, 0.209365]"
7442,248.06666666666666,00:04:08.06,3,,"[0.54249, 0.548027, 0.153541, 0.210559]"
7443,248.1,00:04:08.09,3,,"[0.542302, 0.547779, 0.153657, 0.21142]"
7444,248.13333333333333,00:04:08.13,3,,"[0.54225, 0.548625, 0.154302, 0.209484]"
7445,248.16666666666666,00:04:08.16,3,,"[0.54223, 0.548798, 0.154776, 0.209582]"
7446,248.2,00:04:08.19,3,,"[0.542192, 0.547909, 0.153856, 0.211114]"
7447,248.23333333333332,00:04:08.23,3,,"[0.542109, 0.547255, 0.153849, 0.21239]"
7448,248.26666666666668,00:04:08.26,3,,"[0.54246, 0.546967, 0.153564, 0.214008]"
7449,248.3,00:04:08.30,3,,"[0.542412, 0.546461, 0.153307, 0.215261]"
7450,248.33333333333334,00:04:08.33,3,,"[0.542179, 0.546372, 0.152358, 0.214284]"
7451,248.36666666666667,00:04:08.36,3,,"[0.542783, 0.548205, 0.149352, 0.211079]"
7452,248.4,00:04:08.40,3,,"[0.54424, 0.550604, 0.146385, 0.206586]"
7453,248.43333333333334,00:04:08.43,3,,"[0.545187, 0.550759, 0.14517, 0.206675]"
7454,248.46666666666667,00:04:08.46,3,,"[0.546552, 0.55119, 0.144778, 0.205775]"
7455,248.5,00:04:08.50,3,,"[0.54712, 0.551958, 0.144551, 0.205096]"
7456,248.53333333333333,00:04:08.53,3,,"[0.547477, 0.552631, 0.144512, 0.203177]"
7457,248.56666666666666,00:04:08.56,3,,"[0.546748, 0.552608, 0.145782, 0.202853]"
7458,248.6,00:04:08.59,3,,"[0.546442, 0.553036, 0.147028, 0.202628]"
7459,248.63333333333333,00:04:08.63,3,,"[0.545831, 0.553171, 0.148994, 0.202007]"
7460,248.66666666666666,00:04:08.66,3,,"[0.54517, 0.554387, 0.149487, 0.199018]"
7461,248.7,00:04:08.69,3,,"[0.543701, 0.555336, 0.1513, 0.198231]"
7462,248.73333333333332,00:04:08.73,3,,"[0.543962, 0.55638, 0.15, 0.196104]"
7463,248.76666666666668,00:04:08.76,3,,"[0.543435, 0.556138, 0.150871, 0.196869]"
7464,248.8,00:04:08.80,3,,"[0.543129, 0.556011, 0.151494, 0.197648]"
7465,248.83333333333334,00:04:08.83,3,,"[0.543766, 0.555917, 0.150518, 0.197948]"
7466,248.86666666666667,00:04:08.86,3,,"[0.544253, 0.556081, 0.149523, 0.197269]"
7467,248.9,00:04:08.90,3,,"[0.544861, 0.555991, 0.148304, 0.197671]"
7468,248.93333333333334,00:04:08.93,3,,"[0.544753, 0.555663, 0.148461, 0.19846]"
7469,248.96666666666667,00:04:08.96,3,,"[0.545281, 0.555641, 0.147165, 0.198586]"
7470,249.0,00:04:09.00,3,,"[0.546065, 0.555756, 0.145583, 0.198454]"
7471,249.03333333333333,00:04:09.03,3,,"[0.545614, 0.555524, 0.146605, 0.198133]"
7472,249.06666666666666,00:04:09.06,3,,"[0.545685, 0.555604, 0.14713, 0.198129]"
7473,249.1,00:04:09.09,3,,"[0.545587, 0.555323, 0.147504, 0.198979]"
7474,249.13333333333333,00:04:09.13,3,,"[0.545218, 0.554722, 0.148433, 0.200067]"
7475,249.16666666666666,00:04:09.16,3,,"[0.54503, 0.554452, 0.148561, 0.20077]"
7476,249.2,00:04:09.19,3,,"[0.545458, 0.55405, 0.147498, 0.201745]"
7477,249.23333333333332,00:04:09.23,3,,"[0.545015, 0.553719, 0.147643, 0.202359]"
7478,249.26666666666668,00:04:09.26,3,,"[0.544971, 0.553647, 0.147958, 0.202443]"
7479,249.3,00:04:09.30,3,,"[0.544793, 0.553458, 0.147889, 0.202544]"
7480,249.33333333333334,00:04:09.33,3,,"[0.545183, 0.553687, 0.147813, 0.202436]"
7481,249.36666666666667,00:04:09.36,3,,"[0.545036, 0.553536, 0.14801, 0.202965]"
7482,249.4,00:04:09.40,3,,"[0.544968, 0.553428, 0.147451, 0.202631]"
7483,249.43333333333334,00:04:09.43,3,,"[0.545635, 0.5541, 0.146795, 0.201535]"
7484,249.46666666666667,00:04:09.46,3,,"[0.54592, 0.554562, 0.146232, 0.201127]"
7485,249.5,00:04:09.50,3,,"[0.545528, 0.554816, 0.146777, 0.200974]"
7486,249.53333333333333,00:04:09.53,3,,"[0.545254, 0.554896, 0.147202, 0.200547]"
7487,249.56666666666666,00:04:09.56,3,,"[0.545441, 0.555328, 0.147192, 0.199477]"
7488,249.6,00:04:09.59,3,,"[0.544881, 0.555576, 0.148085, 0.199144]"
7489,249.63333333333333,00:04:09.63,3,,"[0.544687, 0.555491, 0.148159, 0.199046]"
7490,249.66666666666666,00:04:09.66,3,,"[0.544169, 0.555536, 0.148634, 0.199301]"
7491,249.7,00:04:09.69,3,,"[0.543896, 0.555123, 0.149368, 0.200191]"
7492,249.73333333333332,00:04:09.73,3,,"[0.544179, 0.555282, 0.149274, 0.200125]"
7493,249.76666666666668,00:04:09.76,3,,"[0.54381, 0.554658, 0.150073, 0.201222]"
7494,249.8,00:04:09.80,3,,"[0.543639, 0.554322, 0.150627, 0.202042]"
7495,249.83333333333334,00:04:09.83,3,,"[0.543902, 0.55416, 0.150073, 0.202395]"
7496,249.86666666666667,00:04:09.86,3,,"[0.543564, 0.553857, 0.150331, 0.20293]"
7497,249.9,00:04:09.90,3,,"[0.543438, 0.553461, 0.150889, 0.20388]"
7498,249.93333333333334,00:04:09.93,3,,"[0.543444, 0.553204, 0.15025, 0.20414]"
7499,249.96666666666667,00:04:09.96,3,,"[0.54331, 0.55323, 0.150021, 0.203982]"
7500,250.0,00:04:10.00,3,,"[0.543516, 0.553441, 0.149424, 0.203577]"
7501,250.03333333333333,00:04:10.03,3,,"[0.54354, 0.553387, 0.149837, 0.20392]"
7502,250.06666666666666,00:04:10.06,3,,"[0.543654, 0.55307, 0.150245, 0.204309]"
7503,250.1,00:04:10.09,3,,"[0.543468, 0.553483, 0.15062, 0.203756]"
7504,250.13333333333333,00:04:10.13,3,,"[0.543486, 0.553588, 0.149942, 0.203632]"
7505,250.16666666666666,00:04:10.16,3,,"[0.54353, 0.553932, 0.149764, 0.20262]"
7506,250.2,00:04:10.19,3,,"[0.543393, 0.55381, 0.149617, 0.202929]"
7507,250.23333333333332,00:04:10.23,3,,"[0.543238, 0.553918, 0.149448, 0.202643]"
7508,250.26666666666668,00:04:10.26,3,,"[0.543252, 0.553888, 0.149513, 0.202703]"
7509,250.3,00:04:10.30,3,,"[0.543393, 0.554074, 0.149064, 0.202591]"
7510,250.33333333333334,00:04:10.33,3,,"[0.543658, 0.554475, 0.148813, 0.201536]"
7511,250.36666666666667,00:04:10.36,3,,"[0.543632, 0.554776, 0.148887, 0.20095]"
7512,250.4,00:04:10.40,3,,"[0.543591, 0.554649, 0.149573, 0.201313]"
7513,250.43333333333334,00:04:10.43,3,,"[0.543497, 0.554759, 0.149186, 0.201241]"
7514,250.46666666666667,00:04:10.46,3,,"[0.543382, 0.554631, 0.148909, 0.201126]"
7515,250.5,00:04:10.50,3,,"[0.542979, 0.554509, 0.149593, 0.200753]"
7516,250.53333333333333,00:04:10.53,3,,"[0.543012, 0.554901, 0.149474, 0.200395]"
7517,250.56666666666666,00:04:10.56,3,,"[0.542584, 0.555469, 0.150055, 0.199152]"
7518,250.6,00:04:10.59,3,,"[0.542107, 0.555741, 0.151043, 0.199155]"
7519,250.63333333333333,00:04:10.63,3,,"[0.542023, 0.556077, 0.151241, 0.19795]"
7520,250.66666666666666,00:04:10.66,3,,"[0.541985, 0.556237, 0.151104, 0.197326]"
7521,250.7,00:04:10.69,3,,"[0.542567, 0.556796, 0.150323, 0.196608]"
7522,250.73333333333332,00:04:10.73,3,,"[0.542629, 0.556646, 0.150704, 0.196508]"
7523,250.76666666666668,00:04:10.76,3,,"[0.542363, 0.555847, 0.151335, 0.198003]"
7524,250.8,00:04:10.80,3,,"[0.542669, 0.555455, 0.151334, 0.199009]"
7525,250.83333333333334,00:04:10.83,3,,"[0.542726, 0.55427, 0.150789, 0.200578]"
7526,250.86666666666667,00:04:10.86,3,,"[0.542554, 0.552595, 0.150451, 0.203097]"
7527,250.9,00:04:10.90,3,,"[0.543162, 0.552172, 0.149233, 0.203585]"
7528,250.93333333333334,00:04:10.93,3,,"[0.542981, 0.551635, 0.149339, 0.204868]"
7529,250.96666666666667,00:04:10.96,3,,"[0.543408, 0.551355, 0.148837, 0.205062]"
7530,251.0,00:04:11.00,3,,"[0.543572, 0.550786, 0.148867, 0.206119]"
7531,251.03333333333333,00:04:11.03,3,,"[0.543587, 0.549904, 0.148343, 0.207932]"
7532,251.06666666666666,00:04:11.06,3,,"[0.543988, 0.549862, 0.148203, 0.2082]"
7533,251.1,00:04:11.09,3,,"[0.544355, 0.550305, 0.146461, 0.206623]"
7534,251.13333333333333,00:04:11.13,3,,"[0.544855, 0.550635, 0.147401, 0.20549]"
7535,251.16666666666666,00:04:11.16,3,,"[0.544874, 0.550679, 0.147188, 0.206342]"
7536,251.2,00:04:11.19,3,,"[0.545547, 0.551328, 0.146306, 0.205401]"
7537,251.23333333333332,00:04:11.23,3,,"[0.546947, 0.552405, 0.14345, 0.202918]"
7538,251.26666666666668,00:04:11.26,3,,"[0.546602, 0.552646, 0.143231, 0.202091]"
7539,251.3,00:04:11.30,3,,"[0.546558, 0.551841, 0.144, 0.204092]"
7540,251.33333333333334,00:04:11.33,3,,"[0.546783, 0.551003, 0.143179, 0.205352]"
7541,251.36666666666667,00:04:11.36,3,,"[0.546766, 0.547396, 0.142617, 0.211843]"
7542,251.4,00:04:11.40,3,,"[0.547269, 0.545621, 0.140809, 0.214365]"
7543,251.43333333333334,00:04:11.43,3,,"[0.547322, 0.543507, 0.141266, 0.218748]"
7544,251.46666666666667,00:04:11.46,3,,"[0.547194, 0.542363, 0.141281, 0.220197]"
7545,251.5,00:04:11.50,3,,"[0.547969, 0.544906, 0.139547, 0.214021]"
7546,251.53333333333333,00:04:11.53,3,,"[0.548517, 0.545113, 0.138101, 0.214508]"
7547,251.56666666666666,00:04:11.56,3,,"[0.549623, 0.544629, 0.135965, 0.21596]"
7548,251.6,00:04:11.59,3,,"[0.551297, 0.543577, 0.133454, 0.21843]"
7549,251.63333333333333,00:04:11.63,3,,"[0.551941, 0.546765, 0.132084, 0.21199]"
7550,251.66666666666666,00:04:11.66,3,,"[0.552072, 0.545851, 0.132204, 0.214541]"
7551,251.7,00:04:11.69,3,,"[0.553058, 0.547586, 0.130602, 0.210515]"
7552,251.73333333333332,00:04:11.73,3,,"[0.553569, 0.54752, 0.129398, 0.210084]"
7553,251.76666666666668,00:04:11.76,3,,"[0.553592, 0.547529, 0.129696, 0.210188]"
7554,251.8,00:04:11.80,3,,"[0.554353, 0.547501, 0.128478, 0.210911]"
7555,251.83333333333334,00:04:11.83,3,,"[0.554622, 0.548646, 0.128672, 0.210468]"
7556,251.86666666666667,00:04:11.86,3,,"[0.554094, 0.550886, 0.129878, 0.206579]"
7557,251.9,00:04:11.90,3,,"[0.554155, 0.552836, 0.129812, 0.203389]"
7558,251.93333333333334,00:04:11.93,3,,"[0.553236, 0.553006, 0.132802, 0.203444]"
7559,251.96666666666667,00:04:11.96,3,,"[0.551705, 0.555009, 0.137179, 0.200243]"
7560,252.0,00:04:12.00,3,,"[0.550775, 0.556706, 0.138253, 0.197835]"
7561,252.03333333333333,00:04:12.03,3,,"[0.550892, 0.558201, 0.138694, 0.194331]"
7562,252.06666666666666,00:04:12.06,3,,"[0.550349, 0.557666, 0.140128, 0.195718]"
7563,252.1,00:04:12.09,3,,"[0.550391, 0.558211, 0.140035, 0.194775]"
7564,252.13333333333333,00:04:12.13,3,,"[0.549765, 0.557831, 0.140429, 0.195935]"
7565,252.16666666666666,00:04:12.16,3,,"[0.549705, 0.558132, 0.140139, 0.195162]"
7566,252.2,00:04:12.19,3,,"[0.549188, 0.557575, 0.140979, 0.19648]"
7567,252.23333333333332,00:04:12.23,3,,"[0.549611, 0.557168, 0.14014, 0.197197]"
7568,252.26666666666668,00:04:12.26,3,,"[0.549231, 0.55666, 0.142116, 0.19876]"
7569,252.3,00:04:12.30,3,,"[0.54914, 0.556386, 0.142691, 0.199672]"
7570,252.33333333333334,00:04:12.33,3,,"[0.548862, 0.556326, 0.142977, 0.199755]"
7571,252.36666666666667,00:04:12.36,3,,"[0.548407, 0.556051, 0.142307, 0.200022]"
7572,252.4,00:04:12.40,3,,"[0.547973, 0.55592, 0.143406, 0.200605]"
7573,252.43333333333334,00:04:12.43,3,,"[0.548049, 0.555702, 0.143706, 0.201082]"
7574,252.46666666666667,00:04:12.46,3,,"[0.547451, 0.555397, 0.144812, 0.201495]"
7575,252.5,00:04:12.50,3,,"[0.548324, 0.555438, 0.143384, 0.201901]"
7576,252.53333333333333,00:04:12.53,3,,"[0.549248, 0.556797, 0.141522, 0.199043]"
7577,252.56666666666666,00:04:12.56,3,,"[0.550223, 0.558478, 0.139852, 0.195369]"
7578,252.6,00:04:12.59,3,,"[0.549765, 0.559345, 0.139784, 0.19374]"
7579,252.63333333333333,00:04:12.63,3,,"[0.548938, 0.559181, 0.142502, 0.194783]"
7580,252.66666666666666,00:04:12.66,3,,"[0.549266, 0.560971, 0.141742, 0.191335]"
7581,252.7,00:04:12.69,3,,"[0.548792, 0.560866, 0.142503, 0.191559]"
7582,252.73333333333332,00:04:12.73,3,,"[0.548669, 0.561109, 0.142559, 0.191294]"
7583,252.76666666666668,00:04:12.76,3,,"[0.547998, 0.561025, 0.144468, 0.191191]"
7584,252.8,00:04:12.80,3,,"[0.548655, 0.561196, 0.142709, 0.191276]"
7585,252.83333333333334,00:04:12.83,3,,"[0.546781, 0.560493, 0.147668, 0.192208]"
7586,252.86666666666667,00:04:12.86,3,,"[0.544431, 0.563462, 0.151531, 0.186628]"
7587,252.9,00:04:12.90,3,,"[0.543354, 0.565232, 0.153345, 0.183145]"
7588,252.93333333333334,00:04:12.93,3,,"[0.543544, 0.569038, 0.152979, 0.175914]"
7589,252.96666666666667,00:04:12.96,3,,"[0.542641, 0.56968, 0.153045, 0.174068]"
7590,253.0,00:04:13.00,3,,"[0.541482, 0.570111, 0.154876, 0.174001]"
7591,253.03333333333333,00:04:13.03,3,,"[0.540702, 0.571213, 0.158322, 0.172892]"
7592,253.06666666666666,00:04:13.06,3,,"[0.539534, 0.57114, 0.160646, 0.172366]"
7593,253.1,00:04:13.09,3,,"[0.538543, 0.572278, 0.164491, 0.171119]"
7594,253.13333333333333,00:04:13.13,3,,"[0.538187, 0.573178, 0.164786, 0.16979]"
7595,253.16666666666666,00:04:13.16,3,,"[0.539077, 0.573381, 0.163071, 0.169976]"
7596,253.2,00:04:13.19,3,,"[0.538559, 0.573516, 0.164084, 0.168955]"
7597,253.23333333333332,00:04:13.23,3,,"[0.537442, 0.573421, 0.165967, 0.168564]"
7598,253.26666666666668,00:04:13.26,3,,"[0.537151, 0.573172, 0.165472, 0.169055]"
7599,253.3,00:04:13.30,3,,"[0.537415, 0.573565, 0.165094, 0.168353]"
7600,253.33333333333334,00:04:13.33,3,,"[0.537143, 0.574319, 0.165023, 0.166565]"
7601,253.36666666666667,00:04:13.36,3,,"[0.538267, 0.575254, 0.162925, 0.165551]"
7602,253.4,00:04:13.40,3,,"[0.539561, 0.575954, 0.161254, 0.164583]"
7603,253.43333333333334,00:04:13.43,3,,"[0.539655, 0.576452, 0.159993, 0.162996]"
7604,253.46666666666667,00:04:13.46,3,,"[0.539017, 0.575262, 0.16038, 0.164947]"
7605,253.5,00:04:13.50,3,,"[0.539735, 0.57619, 0.159474, 0.164234]"
7606,253.53333333333333,00:04:13.53,3,,"[0.540403, 0.576989, 0.157582, 0.161741]"
7607,253.56666666666666,00:04:13.56,3,,"[0.539731, 0.576182, 0.159244, 0.163072]"
7608,253.6,00:04:13.59,3,,"[0.539551, 0.575832, 0.158695, 0.163508]"
7609,253.63333333333333,00:04:13.63,3,,"[0.539477, 0.575318, 0.158322, 0.163591]"
7610,253.66666666666666,00:04:13.66,3,,"[0.540067, 0.575821, 0.156865, 0.163139]"
7611,253.7,00:04:13.69,3,,"[0.539088, 0.576027, 0.1571, 0.1624]"
7612,253.73333333333332,00:04:13.73,3,,"[0.539757, 0.577121, 0.158497, 0.161306]"
7613,253.76666666666668,00:04:13.76,3,,"[0.539654, 0.576897, 0.159363, 0.161839]"
7614,253.8,00:04:13.80,3,,"[0.539689, 0.577423, 0.15925, 0.161423]"
7615,253.83333333333334,00:04:13.83,3,,"[0.539785, 0.57698, 0.160163, 0.16234]"
7616,253.86666666666667,00:04:13.86,3,,"[0.53953, 0.57633, 0.15986, 0.162849]"
7617,253.9,00:04:13.90,3,,"[0.54033, 0.576756, 0.159827, 0.162418]"
7618,253.93333333333334,00:04:13.93,3,,"[0.540033, 0.577434, 0.159201, 0.161089]"
7619,253.96666666666667,00:04:13.96,3,,"[0.539797, 0.575629, 0.159049, 0.164013]"
7620,254.0,00:04:14.00,3,,"[0.540128, 0.574724, 0.160873, 0.164172]"
7621,254.03333333333333,00:04:14.03,3,,"[0.539818, 0.574833, 0.160923, 0.163483]"
7622,254.06666666666666,00:04:14.06,3,,"[0.538711, 0.574674, 0.16057, 0.165946]"
7623,254.1,00:04:14.09,3,,"[0.539037, 0.573223, 0.159213, 0.168215]"
7624,254.13333333333333,00:04:14.13,3,,"[0.539693, 0.570512, 0.158576, 0.172686]"
7625,254.16666666666666,00:04:14.16,3,,"[0.540239, 0.568252, 0.156549, 0.178073]"
7626,254.2,00:04:14.19,3,,"[0.54194, 0.567519, 0.1538, 0.176036]"
7627,254.23333333333332,00:04:14.23,3,,"[0.541244, 0.566586, 0.151344, 0.177199]"
7628,254.26666666666668,00:04:14.26,3,,"[0.541759, 0.565254, 0.151381, 0.179967]"
7629,254.3,00:04:14.30,3,,"[0.541754, 0.563146, 0.151228, 0.183868]"
7630,254.33333333333334,00:04:14.33,3,,"[0.542164, 0.560033, 0.149925, 0.190219]"
7631,254.36666666666667,00:04:14.36,3,,"[0.54333, 0.558967, 0.148472, 0.191648]"
7632,254.4,00:04:14.40,3,,"[0.544517, 0.559121, 0.144792, 0.1897]"
7633,254.43333333333334,00:04:14.43,3,,"[0.545104, 0.557158, 0.143108, 0.194366]"
7634,254.46666666666667,00:04:14.46,3,,"[0.547349, 0.55776, 0.141144, 0.192984]"
7635,254.5,00:04:14.50,3,,"[0.546358, 0.554865, 0.142414, 0.199109]"
7636,254.53333333333333,00:04:14.53,3,,"[0.546307, 0.554375, 0.141833, 0.200805]"
7637,254.56666666666666,00:04:14.56,3,,"[0.548197, 0.555151, 0.139178, 0.198164]"
7638,254.6,00:04:14.59,3,,"[0.548647, 0.555098, 0.138609, 0.197139]"
7639,254.63333333333333,00:04:14.63,3,,"[0.549578, 0.555482, 0.137732, 0.196666]"
7640,254.66666666666666,00:04:14.66,3,,"[0.548842, 0.555084, 0.138838, 0.197833]"
7641,254.7,00:04:14.69,3,,"[0.549457, 0.55714, 0.138123, 0.194661]"
7642,254.73333333333332,00:04:14.73,3,,"[0.549377, 0.55737, 0.138149, 0.194429]"
7643,254.76666666666668,00:04:14.76,3,,"[0.549554, 0.55934, 0.138969, 0.191531]"
7644,254.8,00:04:14.80,3,,"[0.54927, 0.559026, 0.139427, 0.19233]"
7645,254.83333333333334,00:04:14.83,3,,"[0.549609, 0.560253, 0.13917, 0.190358]"
7646,254.86666666666667,00:04:14.86,3,,"[0.550214, 0.561094, 0.139784, 0.18917]"
7647,254.9,00:04:14.90,3,,"[0.550689, 0.560848, 0.138574, 0.189334]"
7648,254.93333333333334,00:04:14.93,3,,"[0.550685, 0.561056, 0.13862, 0.189449]"
7649,254.96666666666667,00:04:14.96,3,,"[0.550412, 0.560848, 0.138593, 0.189648]"
7650,255.0,00:04:15.00,3,,"[0.550697, 0.56177, 0.138354, 0.186958]"
7651,255.03333333333333,00:04:15.03,3,,"[0.54985, 0.560129, 0.140312, 0.190825]"
7652,255.06666666666666,00:04:15.06,3,,"[0.549674, 0.55912, 0.141115, 0.193506]"
7653,255.1,00:04:15.09,3,,"[0.550231, 0.558846, 0.139613, 0.193958]"
7654,255.13333333333333,00:04:15.13,3,,"[0.550147, 0.559684, 0.139297, 0.192006]"
7655,255.16666666666666,00:04:15.16,3,,"[0.550976, 0.558815, 0.13819, 0.195422]"
7656,255.2,00:04:15.19,3,,"[0.551261, 0.556992, 0.138321, 0.199695]"
7657,255.23333333333332,00:04:15.23,3,,"[0.551672, 0.556808, 0.137506, 0.199591]"
7658,255.26666666666668,00:04:15.26,3,,"[0.551885, 0.554646, 0.137862, 0.204459]"
7659,255.3,00:04:15.30,3,,"[0.551531, 0.554168, 0.13834, 0.204618]"
7660,255.33333333333334,00:04:15.33,3,,"[0.553098, 0.554953, 0.135242, 0.203142]"
7661,255.36666666666667,00:04:15.36,3,,"[0.55393, 0.555002, 0.134357, 0.203102]"
7662,255.4,00:04:15.40,3,,"[0.554114, 0.554074, 0.136319, 0.205873]"
7663,255.43333333333334,00:04:15.43,3,,"[0.554747, 0.555216, 0.132027, 0.201552]"
7664,255.46666666666667,00:04:15.46,3,,"[0.554979, 0.5553, 0.131324, 0.201028]"
7665,255.5,00:04:15.50,3,,"[0.555746, 0.554465, 0.133884, 0.203943]"
7666,255.53333333333333,00:04:15.53,3,,"[0.55592, 0.554004, 0.133145, 0.204743]"
7667,255.56666666666666,00:04:15.56,3,,"[0.555179, 0.552501, 0.134024, 0.207753]"
7668,255.6,00:04:15.59,3,,"[0.555388, 0.552675, 0.133527, 0.207073]"
7669,255.63333333333333,00:04:15.63,3,,"[0.55521, 0.552864, 0.133705, 0.20669]"
7670,255.66666666666666,00:04:15.66,3,,"[0.555329, 0.553225, 0.133699, 0.205966]"
7671,255.7,00:04:15.69,3,,"[0.554013, 0.554629, 0.134925, 0.204533]"
7672,255.73333333333332,00:04:15.73,3,,"[0.55371, 0.555452, 0.135419, 0.203743]"
7673,255.76666666666668,00:04:15.76,3,,"[0.552994, 0.557385, 0.136919, 0.200083]"
7674,255.8,00:04:15.80,3,,"[0.551446, 0.558302, 0.140727, 0.197427]"
7675,255.83333333333334,00:04:15.83,3,,"[0.549767, 0.55884, 0.144446, 0.197082]"
7676,255.86666666666667,00:04:15.86,3,,"[0.548345, 0.562253, 0.145739, 0.189495]"
7677,255.9,00:04:15.90,3,,"[0.546694, 0.564387, 0.147842, 0.184593]"
7678,255.93333333333334,00:04:15.93,3,,"[0.546921, 0.563721, 0.146685, 0.186263]"
7679,255.96666666666667,00:04:15.96,3,,"[0.547058, 0.560176, 0.145472, 0.194031]"
7680,256.0,00:04:16.00,3,,"[0.549439, 0.55906, 0.142546, 0.195889]"
7681,256.03333333333336,00:04:16.03,3,,"[0.549978, 0.558075, 0.141145, 0.197681]"
7682,256.06666666666666,00:04:16.06,3,,"[0.551403, 0.556032, 0.139047, 0.201738]"
7683,256.1,00:04:16.10,3,,"[0.553117, 0.555128, 0.135416, 0.203133]"
7684,256.1333333333333,00:04:16.13,3,,"[0.553229, 0.552255, 0.134936, 0.209519]"
7685,256.1666666666667,00:04:16.16,3,,"[0.555336, 0.552206, 0.133237, 0.209291]"
7686,256.2,00:04:16.19,3,,"[0.556171, 0.551551, 0.130017, 0.210843]"
7687,256.23333333333335,00:04:16.23,3,,"[0.555674, 0.548407, 0.128139, 0.216359]"
7688,256.26666666666665,00:04:16.26,3,,"[0.556366, 0.546026, 0.1267, 0.220431]"
7689,256.3,00:04:16.30,3,,"[0.556823, 0.543448, 0.125605, 0.22455]"
7690,256.3333333333333,00:04:16.33,3,,"[0.55869, 0.547637, 0.124245, 0.218285]"
7691,256.3666666666667,00:04:16.36,3,,"[0.559304, 0.546825, 0.122516, 0.220183]"
7692,256.4,00:04:16.39,3,,"[0.559051, 0.544582, 0.121633, 0.221676]"
7693,256.43333333333334,00:04:16.43,3,,"[0.562, 0.541578, 0.116693, 0.230462]"
7694,256.46666666666664,00:04:16.46,3,,"[0.56356, 0.539321, 0.111655, 0.231558]"
7695,256.5,00:04:16.50,3,,"[0.564564, 0.538605, 0.108789, 0.23464]"
7696,256.53333333333336,00:04:16.53,3,,"[0.564957, 0.538909, 0.107382, 0.233477]"
7697,256.56666666666666,00:04:16.56,3,,"[0.564994, 0.537857, 0.10719, 0.236118]"
7698,256.6,00:04:16.60,3,,"[0.565116, 0.539412, 0.108093, 0.232617]"
7699,256.6333333333333,00:04:16.63,3,,"[0.563866, 0.538265, 0.110671, 0.234732]"
7700,256.6666666666667,00:04:16.66,3,,"[0.562127, 0.534185, 0.114047, 0.242238]"
7701,256.7,00:04:16.69,3,,"[0.561756, 0.530987, 0.115029, 0.248601]"
7702,256.73333333333335,00:04:16.73,3,,"[0.563652, 0.530752, 0.110388, 0.248569]"
7703,256.76666666666665,00:04:16.76,3,,"[0.564712, 0.5276, 0.106759, 0.254403]"
7704,256.8,00:04:16.80,3,,"[0.565625, 0.52675, 0.104919, 0.254527]"
7705,256.8333333333333,00:04:16.83,3,,"[0.566075, 0.523966, 0.10477, 0.259578]"
7706,256.8666666666667,00:04:16.86,3,,"[0.566354, 0.522111, 0.104861, 0.262532]"
7707,256.9,00:04:16.89,3,,"[0.566669, 0.523122, 0.103975, 0.259982]"
7708,256.93333333333334,00:04:16.93,3,,"[0.566838, 0.522952, 0.103611, 0.261293]"
7709,256.96666666666664,00:04:16.96,3,,"[0.566715, 0.519793, 0.1033, 0.266968]"
7710,257.0,00:04:17.00,3,,"[0.567727, 0.520979, 0.101667, 0.26579]"
7711,257.03333333333336,00:04:17.03,3,,"[0.568276, 0.518039, 0.100802, 0.271584]"
7712,257.06666666666666,00:04:17.06,3,,"[0.56922, 0.517284, 0.0990074, 0.273151]"
7713,257.1,00:04:17.10,3,,"[0.569911, 0.516593, 0.0972754, 0.274749]"
7714,257.1333333333333,00:04:17.13,3,,"[0.571841, 0.51944, 0.0936593, 0.269315]"
7715,257.1666666666667,00:04:17.16,3,,"[0.572337, 0.518948, 0.0931629, 0.26991]"
7716,257.2,00:04:17.19,3,,"[0.573029, 0.518999, 0.0919176, 0.270086]"
7717,257.23333333333335,00:04:17.23,3,,"[0.573487, 0.51772, 0.0910506, 0.272767]"
7718,257.26666666666665,00:04:17.26,3,,"[0.574066, 0.517389, 0.090247, 0.273548]"
7719,257.3,00:04:17.30,3,,"[0.573701, 0.517923, 0.0909849, 0.27303]"
7720,257.3333333333333,00:04:17.33,3,,"[0.5735, 0.516899, 0.0911276, 0.274569]"
7721,257.3666666666667,00:04:17.36,3,,"[0.573657, 0.518606, 0.0911278, 0.271316]"
7722,257.4,00:04:17.39,3,,"[0.574319, 0.519559, 0.0899887, 0.270216]"
7723,257.43333333333334,00:04:17.43,3,,"[0.57525, 0.518649, 0.0892126, 0.271993]"
7724,257.46666666666664,00:04:17.46,3,,"[0.575287, 0.518883, 0.0887724, 0.271456]"
7725,257.5,00:04:17.50,3,,"[0.575188, 0.519527, 0.0890115, 0.270332]"
7726,257.53333333333336,00:04:17.53,3,,"[0.57485, 0.519205, 0.0897707, 0.270721]"
7727,257.56666666666666,00:04:17.56,3,,"[0.574668, 0.520937, 0.0900675, 0.266832]"
7728,257.6,00:04:17.60,3,,"[0.57439, 0.52117, 0.090567, 0.26613]"
7729,257.6333333333333,00:04:17.63,3,,"[0.574223, 0.523403, 0.0910507, 0.261717]"
7730,257.6666666666667,00:04:17.66,3,,"[0.573649, 0.524657, 0.0919514, 0.258689]"
7731,257.7,00:04:17.69,3,,"[0.572232, 0.52574, 0.0942469, 0.256493]"
7732,257.73333333333335,00:04:17.73,3,,"[0.570444, 0.52877, 0.0971749, 0.250019]"
7733,257.76666666666665,00:04:17.76,3,,"[0.568779, 0.530595, 0.100094, 0.247536]"
7734,257.8,00:04:17.80,3,,"[0.568659, 0.531662, 0.100033, 0.246126]"
7735,257.8333333333333,00:04:17.83,3,,"[0.567918, 0.532901, 0.101671, 0.242695]"
7736,257.8666666666667,00:04:17.86,3,,"[0.567711, 0.534076, 0.102902, 0.240731]"
7737,257.9,00:04:17.89,3,,"[0.567182, 0.534565, 0.104037, 0.239801]"
7738,257.93333333333334,00:04:17.93,3,,"[0.566683, 0.536452, 0.103914, 0.236574]"
7739,257.96666666666664,00:04:17.96,3,,"[0.565447, 0.536514, 0.106206, 0.236104]"
7740,258.0,00:04:18.00,3,,"[0.564811, 0.536438, 0.107202, 0.236823]"
7741,258.03333333333336,00:04:18.03,3,,"[0.564314, 0.536469, 0.108638, 0.237281]"
7742,258.06666666666666,00:04:18.06,3,,"[0.563609, 0.536532, 0.110636, 0.236929]"
7743,258.1,00:04:18.10,3,,"[0.561494, 0.534655, 0.115805, 0.24058]"
7744,258.1333333333333,00:04:18.13,3,,"[0.56074, 0.536138, 0.118706, 0.238046]"
7745,258.1666666666667,00:04:18.16,3,,"[0.55833, 0.538255, 0.124212, 0.232004]"
7746,258.2,00:04:18.19,3,,"[0.556246, 0.538136, 0.129488, 0.232429]"
7747,258.23333333333335,00:04:18.23,3,,"[0.555334, 0.542254, 0.132092, 0.223512]"
7748,258.26666666666665,00:04:18.26,3,,"[0.554561, 0.543445, 0.134049, 0.220733]"
7749,258.3,00:04:18.30,3,,"[0.553325, 0.541515, 0.134785, 0.222941]"
7750,258.3333333333333,00:04:18.33,3,,"[0.553461, 0.545675, 0.136435, 0.213717]"
7751,258.3666666666667,00:04:18.36,3,,"[0.552361, 0.546232, 0.136933, 0.213926]"
7752,258.4,00:04:18.39,3,,"[0.551613, 0.544792, 0.137664, 0.216207]"
7753,258.43333333333334,00:04:18.43,3,,"[0.552157, 0.548161, 0.137794, 0.208789]"
7754,258.46666666666664,00:04:18.46,3,,"[0.550433, 0.547008, 0.140561, 0.211789]"
7755,258.5,00:04:18.50,3,,"[0.549318, 0.54713, 0.141603, 0.211114]"
7756,258.53333333333336,00:04:18.53,3,,"[0.548196, 0.545847, 0.142019, 0.212692]"
7757,258.56666666666666,00:04:18.56,3,,"[0.547128, 0.542723, 0.145074, 0.22031]"
7758,258.6,00:04:18.60,3,,"[0.548549, 0.545565, 0.142225, 0.214718]"
7759,258.6333333333333,00:04:18.63,3,,"[0.549522, 0.545737, 0.14046, 0.21422]"
7760,258.6666666666667,00:04:18.66,3,,"[0.549568, 0.542453, 0.139459, 0.220616]"
7761,258.7,00:04:18.69,3,,"[0.55044, 0.53871, 0.138651, 0.227575]"
7762,258.73333333333335,00:04:18.73,3,,"[0.550455, 0.537698, 0.137936, 0.230056]"
7763,258.76666666666665,00:04:18.76,3,,"[0.55075, 0.53781, 0.137042, 0.228647]"
7764,258.8,00:04:18.80,3,,"[0.55131, 0.536941, 0.135447, 0.230654]"
7765,258.8333333333333,00:04:18.83,3,,"[0.551681, 0.536473, 0.135009, 0.232397]"
7766,258.8666666666667,00:04:18.86,3,,"[0.552052, 0.535958, 0.134165, 0.233803]"
7767,258.9,00:04:18.89,3,,"[0.55188, 0.534351, 0.132978, 0.236831]"
7768,258.93333333333334,00:04:18.93,3,,"[0.552181, 0.533318, 0.131443, 0.239381]"
7769,258.96666666666664,00:04:18.96,3,,"[0.552807, 0.533166, 0.129964, 0.238521]"
7770,259.0,00:04:19.00,3,,"[0.553957, 0.534875, 0.13005, 0.236329]"
7771,259.03333333333336,00:04:19.03,3,,"[0.554245, 0.536633, 0.126917, 0.229827]"
7772,259.06666666666666,00:04:19.06,3,,"[0.554635, 0.53636, 0.125468, 0.231188]"
7773,259.1,00:04:19.10,3,,"[0.556293, 0.536977, 0.125377, 0.230792]"
7774,259.1333333333333,00:04:19.13,3,,"[0.556769, 0.539296, 0.124907, 0.227048]"
7775,259.1666666666667,00:04:19.16,3,,"[0.558287, 0.540466, 0.12246, 0.227485]"
7776,259.2,00:04:19.19,3,,"[0.55873, 0.540196, 0.121521, 0.228719]"
7777,259.23333333333335,00:04:19.23,3,,"[0.55873, 0.540572, 0.122186, 0.228863]"
7778,259.26666666666665,00:04:19.26,3,,"[0.558754, 0.54087, 0.122046, 0.228205]"
7779,259.3,00:04:19.30,3,,"[0.558742, 0.540872, 0.121958, 0.228457]"
7780,259.3333333333333,00:04:19.33,3,,"[0.559904, 0.540823, 0.119799, 0.227097]"
7781,259.3666666666667,00:04:19.36,3,,"[0.562098, 0.542663, 0.115761, 0.222216]"
7782,259.4,00:04:19.39,3,,"[0.562749, 0.540381, 0.113343, 0.225645]"
7783,259.43333333333334,00:04:19.43,3,,"[0.56461, 0.54202, 0.110168, 0.226654]"
7784,259.46666666666664,00:04:19.46,3,,"[0.565683, 0.543147, 0.107879, 0.224519]"
7785,259.5,00:04:19.50,3,,"[0.565722, 0.542834, 0.107942, 0.225424]"
7786,259.53333333333336,00:04:19.53,3,,"[0.565493, 0.54246, 0.108255, 0.226322]"
7787,259.56666666666666,00:04:19.56,3,,"[0.56514, 0.543899, 0.109312, 0.222777]"
7788,259.6,00:04:19.60,3,,"[0.564051, 0.545678, 0.111274, 0.217129]"
7789,259.6333333333333,00:04:19.63,3,,"[0.561805, 0.545326, 0.117384, 0.219215]"
7790,259.6666666666667,00:04:19.66,3,,"[0.559314, 0.543335, 0.121374, 0.224622]"
7791,259.7,00:04:19.69,3,,"[0.557609, 0.537259, 0.124324, 0.237492]"
7792,259.73333333333335,00:04:19.73,3,,"[0.557793, 0.536685, 0.124314, 0.238961]"
7793,259.76666666666665,00:04:19.76,3,,"[0.55744, 0.532729, 0.12289, 0.24622]"
7794,259.8,00:04:19.80,3,,"[0.559175, 0.531293, 0.120089, 0.248628]"
7795,259.8333333333333,00:04:19.83,3,,"[0.559343, 0.528124, 0.118237, 0.253604]"
7796,259.8666666666667,00:04:19.86,3,,"[0.559293, 0.527225, 0.11675, 0.253643]"
7797,259.9,00:04:19.89,3,,"[0.558139, 0.528416, 0.119702, 0.254042]"
7798,259.93333333333334,00:04:19.93,3,,"[0.555716, 0.528624, 0.126431, 0.254394]"
7799,259.96666666666664,00:04:19.96,3,,"[0.554537, 0.530355, 0.129354, 0.252806]"
7800,260.0,00:04:20.00,3,,"[0.554378, 0.533593, 0.132479, 0.248562]"
7801,260.03333333333336,00:04:20.03,3,,"[0.551082, 0.535912, 0.135074, 0.241648]"
7802,260.06666666666666,00:04:20.06,3,,"[0.550171, 0.539848, 0.137186, 0.233927]"
7803,260.1,00:04:20.10,3,,"[0.550979, 0.546414, 0.135963, 0.221277]"
7804,260.1333333333333,00:04:20.13,3,,"[0.552023, 0.549397, 0.135255, 0.214571]"
7805,260.1666666666667,00:04:20.16,3,,"[0.554097, 0.548411, 0.131561, 0.215709]"
7806,260.2,00:04:20.19,3,,"[0.555904, 0.549414, 0.131216, 0.21362]"
7807,260.23333333333335,00:04:20.23,3,,"[0.556727, 0.550448, 0.130017, 0.211531]"
7808,260.26666666666665,00:04:20.26,3,,"[0.556496, 0.550457, 0.131881, 0.211868]"
7809,260.3,00:04:20.30,3,,"[0.55703, 0.552116, 0.130929, 0.20853]"
7810,260.3333333333333,00:04:20.33,3,,"[0.555757, 0.554456, 0.132994, 0.204376]"
7811,260.3666666666667,00:04:20.36,3,,"[0.553179, 0.555427, 0.135402, 0.201103]"
7812,260.4,00:04:20.39,3,,"[0.551053, 0.555893, 0.13923, 0.200704]"
7813,260.43333333333334,00:04:20.43,3,,"[0.54933, 0.556793, 0.142022, 0.198747]"
7814,260.46666666666664,00:04:20.46,3,,"[0.549251, 0.559575, 0.142993, 0.193368]"
7815,260.5,00:04:20.50,3,,"[0.547282, 0.559338, 0.145128, 0.194317]"
7816,260.53333333333336,00:04:20.53,3,,"[0.545322, 0.55777, 0.149193, 0.196735]"
7817,260.56666666666666,00:04:20.56,3,,"[0.545224, 0.556555, 0.14938, 0.197992]"
7818,260.6,00:04:20.60,3,,"[0.544111, 0.554529, 0.151182, 0.201886]"
7819,260.6333333333333,00:04:20.63,3,,"[0.544221, 0.555273, 0.150915, 0.200433]"
7820,260.6666666666667,00:04:20.66,3,,"[0.544079, 0.554121, 0.151726, 0.202107]"
7821,260.7,00:04:20.69,3,,"[0.543898, 0.553982, 0.151961, 0.200705]"
7822,260.73333333333335,00:04:20.73,3,,"[0.544051, 0.553332, 0.152191, 0.201743]"
7823,260.76666666666665,00:04:20.76,3,,"[0.543628, 0.552736, 0.15262, 0.202771]"
7824,260.8,00:04:20.80,3,,"[0.543822, 0.552378, 0.15194, 0.203752]"
7825,260.8333333333333,00:04:20.83,3,,"[0.545621, 0.552483, 0.148636, 0.20354]"
7826,260.8666666666667,00:04:20.86,3,,"[0.550093, 0.554956, 0.14058, 0.199019]"
7827,260.9,00:04:20.89,3,,"[0.551683, 0.55465, 0.137528, 0.200157]"
7828,260.93333333333334,00:04:20.93,3,,"[0.552034, 0.551877, 0.136735, 0.204548]"
7829,260.96666666666664,00:04:20.96,3,,"[0.552361, 0.551476, 0.134963, 0.205838]"
7830,261.0,00:04:21.00,3,,"[0.552723, 0.552552, 0.134083, 0.203775]"
7831,261.03333333333336,00:04:21.03,3,,"[0.55336, 0.55304, 0.133173, 0.202588]"
7832,261.06666666666666,00:04:21.06,3,,"[0.553901, 0.552413, 0.132369, 0.204228]"
7833,261.1,00:04:21.10,3,,"[0.554237, 0.550613, 0.131443, 0.207693]"
7834,261.1333333333333,00:04:21.13,3,,"[0.554002, 0.547627, 0.132335, 0.214033]"
7835,261.1666666666667,00:04:21.16,3,,"[0.554333, 0.547291, 0.131567, 0.214281]"
7836,261.2,00:04:21.19,3,,"[0.554591, 0.54802, 0.130996, 0.213405]"
7837,261.23333333333335,00:04:21.23,3,,"[0.555172, 0.547321, 0.130903, 0.214893]"
7838,261.26666666666665,00:04:21.26,3,,"[0.555497, 0.546361, 0.130684, 0.216036]"
7839,261.3,00:04:21.30,3,,"[0.556063, 0.54487, 0.129902, 0.219378]"
7840,261.3333333333333,00:04:21.33,3,,"[0.556391, 0.544508, 0.128224, 0.219778]"
7841,261.3666666666667,00:04:21.36,3,,"[0.556837, 0.543149, 0.127509, 0.222648]"
7842,261.4,00:04:21.39,3,,"[0.556625, 0.54452, 0.127325, 0.219691]"
7843,261.43333333333334,00:04:21.43,3,,"[0.557062, 0.544192, 0.126922, 0.220159]"
7844,261.46666666666664,00:04:21.46,3,,"[0.557627, 0.546147, 0.128182, 0.219023]"
7845,261.5,00:04:21.50,3,,"[0.557634, 0.543888, 0.127251, 0.220836]"
7846,261.53333333333336,00:04:21.53,3,,"[0.558184, 0.543796, 0.126142, 0.221424]"
7847,261.56666666666666,00:04:21.56,3,,"[0.557858, 0.543494, 0.126633, 0.222132]"
7848,261.6,00:04:21.60,3,,"[0.557932, 0.543986, 0.126544, 0.221667]"
7849,261.6333333333333,00:04:21.63,3,,"[0.558607, 0.546176, 0.126471, 0.21979]"
7850,261.6666666666667,00:04:21.66,3,,"[0.559302, 0.546926, 0.124571, 0.218143]"
7851,261.7,00:04:21.69,3,,"[0.55963, 0.547079, 0.123714, 0.217441]"
7852,261.73333333333335,00:04:21.73,3,,"[0.559475, 0.547354, 0.124672, 0.216953]"
7853,261.76666666666665,00:04:21.76,3,,"[0.558747, 0.547938, 0.1261, 0.215814]"
7854,261.8,00:04:21.80,3,,"[0.558741, 0.548945, 0.125983, 0.212803]"
7855,261.8333333333333,00:04:21.83,3,,"[0.558292, 0.550207, 0.127522, 0.210871]"
7856,261.8666666666667,00:04:21.86,3,,"[0.557032, 0.549772, 0.130307, 0.213163]"
7857,261.9,00:04:21.89,3,,"[0.555934, 0.552782, 0.132411, 0.207045]"
7858,261.93333333333334,00:04:21.93,3,,"[0.554001, 0.556113, 0.13347, 0.199407]"
7859,261.96666666666664,00:04:21.96,3,,"[0.550759, 0.556531, 0.140615, 0.197955]"
7860,262.0,00:04:22.00,3,,"[0.550194, 0.557158, 0.142072, 0.19666]"
7861,262.03333333333336,00:04:22.03,3,,"[0.549578, 0.556548, 0.141989, 0.197458]"
7862,262.06666666666666,00:04:22.06,3,,"[0.549641, 0.555818, 0.141324, 0.199281]"
7863,262.1,00:04:22.10,3,,"[0.549871, 0.554129, 0.140873, 0.202363]"
7864,262.1333333333333,00:04:22.13,3,,"[0.550891, 0.552477, 0.139278, 0.207008]"
7865,262.1666666666667,00:04:22.16,3,,"[0.551495, 0.55316, 0.136567, 0.204862]"
7866,262.2,00:04:22.19,3,,"[0.552336, 0.552724, 0.135625, 0.205196]"
7867,262.23333333333335,00:04:22.23,3,,"[0.553505, 0.553972, 0.132996, 0.202511]"
7868,262.26666666666665,00:04:22.26,3,,"[0.55417, 0.554077, 0.132375, 0.202565]"
7869,262.3,00:04:22.30,3,,"[0.55419, 0.55428, 0.131433, 0.20269]"
7870,262.3333333333333,00:04:22.33,3,,"[0.553942, 0.554655, 0.13228, 0.202022]"
7871,262.3666666666667,00:04:22.36,3,,"[0.554092, 0.554676, 0.132123, 0.202165]"
7872,262.4,00:04:22.39,3,,"[0.55367, 0.554748, 0.133609, 0.201998]"
7873,262.43333333333334,00:04:22.43,3,,"[0.553203, 0.554593, 0.134317, 0.202063]"
7874,262.46666666666664,00:04:22.46,3,,"[0.553461, 0.555705, 0.133564, 0.200289]"
7875,262.5,00:04:22.50,3,,"[0.553029, 0.555911, 0.134848, 0.200444]"
7876,262.53333333333336,00:04:22.53,3,,"[0.552436, 0.557489, 0.136321, 0.197517]"
7877,262.56666666666666,00:04:22.56,3,,"[0.552357, 0.559483, 0.137321, 0.193711]"
7878,262.6,00:04:22.60,3,,"[0.550953, 0.561302, 0.139407, 0.190474]"
7879,262.6333333333333,00:04:22.63,3,,"[0.550409, 0.56159, 0.141681, 0.189894]"
7880,262.6666666666667,00:04:22.66,3,,"[0.549522, 0.563912, 0.142425, 0.18601]"
7881,262.7,00:04:22.69,3,,"[0.549117, 0.564313, 0.143192, 0.185345]"
7882,262.73333333333335,00:04:22.73,3,,"[0.549468, 0.563434, 0.142636, 0.186718]"
7883,262.76666666666665,00:04:22.76,3,,"[0.549582, 0.564356, 0.14242, 0.185207]"
7884,262.8,00:04:22.80,3,,"[0.550061, 0.56536, 0.14195, 0.183709]"
7885,262.8333333333333,00:04:22.83,3,,"[0.550009, 0.565439, 0.143057, 0.183511]"
7886,262.8666666666667,00:04:22.86,3,,"[0.549132, 0.565033, 0.143464, 0.184214]"
7887,262.9,00:04:22.89,3,,"[0.548171, 0.566803, 0.143932, 0.181257]"
7888,262.93333333333334,00:04:22.93,3,,"[0.548095, 0.568536, 0.143858, 0.177296]"
7889,262.96666666666664,00:04:22.96,3,,"[0.546613, 0.571051, 0.146066, 0.175242]"
7890,263.0,00:04:23.00,3,,"[0.545847, 0.572529, 0.150262, 0.173654]"
7891,263.03333333333336,00:04:23.03,3,,"[0.545267, 0.571933, 0.151485, 0.173598]"
7892,263.06666666666666,00:04:23.06,3,,"[0.545786, 0.571571, 0.149944, 0.17448]"
7893,263.1,00:04:23.10,3,,"[0.547861, 0.57206, 0.142906, 0.173641]"
7894,263.1333333333333,00:04:23.13,3,,"[0.550375, 0.567648, 0.140104, 0.179756]"
7895,263.1666666666667,00:04:23.16,3,,"[0.552456, 0.560563, 0.137186, 0.192401]"
7896,263.2,00:04:23.19,3,,"[0.553486, 0.556177, 0.133597, 0.201404]"
7897,263.23333333333335,00:04:23.23,3,,"[0.556717, 0.555544, 0.126497, 0.200877]"
7898,263.26666666666665,00:04:23.26,3,,"[0.558411, 0.549905, 0.12637, 0.213819]"
7899,263.3,00:04:23.30,3,,"[0.559403, 0.546284, 0.124381, 0.22177]"
7900,263.3333333333333,00:04:23.33,3,,"[0.561781, 0.536172, 0.117502, 0.240323]"
7901,263.3666666666667,00:04:23.36,3,,"[0.561808, 0.537693, 0.116993, 0.235518]"
7902,263.4,00:04:23.39,3,,"[0.561832, 0.536189, 0.117229, 0.239767]"
7903,263.43333333333334,00:04:23.43,3,,"[0.562732, 0.537376, 0.114383, 0.237892]"
7904,263.46666666666664,00:04:23.46,3,,"[0.562325, 0.537548, 0.115149, 0.237618]"
7905,263.5,00:04:23.50,3,,"[0.562572, 0.537169, 0.114221, 0.238056]"
7906,263.53333333333336,00:04:23.53,3,,"[0.562384, 0.539505, 0.115182, 0.23324]"
7907,263.56666666666666,00:04:23.56,3,,"[0.561888, 0.542035, 0.116901, 0.228706]"
7908,263.6,00:04:23.60,3,,"[0.561142, 0.546983, 0.119249, 0.218953]"
7909,263.6333333333333,00:04:23.63,3,,"[0.559218, 0.551147, 0.123261, 0.209436]"
7910,263.6666666666667,00:04:23.66,3,,"[0.557521, 0.553336, 0.12831, 0.204449]"
7911,263.7,00:04:23.69,3,,"[0.555217, 0.554894, 0.131373, 0.202075]"
7912,263.73333333333335,00:04:23.73,3,,"[0.554456, 0.557479, 0.131317, 0.196468]"
7913,263.76666666666665,00:04:23.76,3,,"[0.552899, 0.560391, 0.134248, 0.191575]"
7914,263.8,00:04:23.80,3,,"[0.552779, 0.56279, 0.136203, 0.187333]"
7915,263.8333333333333,00:04:23.83,3,,"[0.551689, 0.565541, 0.137695, 0.181834]"
7916,263.8666666666667,00:04:23.86,3,,"[0.5505, 0.567475, 0.142016, 0.178265]"
7917,263.9,00:04:23.89,3,,"[0.549646, 0.569107, 0.14308, 0.17589]"
7918,263.93333333333334,00:04:23.93,3,,"[0.549359, 0.568354, 0.142528, 0.176239]"
7919,263.96666666666664,00:04:23.96,3,,"[0.548937, 0.568509, 0.144257, 0.176146]"
7920,264.0,00:04:24.00,3,,"[0.549299, 0.569577, 0.143532, 0.174639]"
7921,264.03333333333336,00:04:24.03,3,,"[0.548737, 0.56942, 0.144046, 0.175031]"
7922,264.06666666666666,00:04:24.06,3,,"[0.548287, 0.572665, 0.143744, 0.169541]"
7923,264.1,00:04:24.10,3,,"[0.547339, 0.572665, 0.145438, 0.170351]"
7924,264.1333333333333,00:04:24.13,3,,"[0.546794, 0.573945, 0.14705, 0.16857]"
7925,264.1666666666667,00:04:24.16,3,,"[0.546858, 0.573755, 0.149616, 0.170072]"
7926,264.2,00:04:24.19,3,,"[0.545521, 0.574013, 0.149096, 0.168609]"
7927,264.23333333333335,00:04:24.23,3,,"[0.545861, 0.575389, 0.147783, 0.165778]"
7928,264.26666666666665,00:04:24.26,3,,"[0.546121, 0.574923, 0.147115, 0.167138]"
7929,264.3,00:04:24.30,3,,"[0.54664, 0.573577, 0.149991, 0.17117]"
7930,264.3333333333333,00:04:24.33,3,,"[0.546667, 0.573542, 0.149732, 0.171115]"
7931,264.3666666666667,00:04:24.36,3,,"[0.547125, 0.573892, 0.148899, 0.170335]"
7932,264.4,00:04:24.39,3,,"[0.547019, 0.573583, 0.14895, 0.171112]"
7933,264.43333333333334,00:04:24.43,3,,"[0.545695, 0.57361, 0.148327, 0.169434]"
7934,264.46666666666664,00:04:24.46,3,,"[0.545214, 0.573538, 0.15246, 0.170352]"
7935,264.5,00:04:24.50,3,,"[0.545412, 0.573461, 0.152619, 0.170286]"
7936,264.53333333333336,00:04:24.53,3,,"[0.544847, 0.573042, 0.153677, 0.17046]"
7937,264.56666666666666,00:04:24.56,3,,"[0.544843, 0.572424, 0.154368, 0.171181]"
7938,264.6,00:04:24.60,3,,"[0.544541, 0.572279, 0.155042, 0.171375]"
7939,264.6333333333333,00:04:24.63,3,,"[0.54589, 0.573995, 0.151441, 0.168789]"
7940,264.6666666666667,00:04:24.66,3,,"[0.546524, 0.574443, 0.146244, 0.167688]"
7941,264.7,00:04:24.69,3,,"[0.54847, 0.574112, 0.143033, 0.16729]"
7942,264.73333333333335,00:04:24.73,3,,"[0.549198, 0.570152, 0.143199, 0.174227]"
7943,264.76666666666665,00:04:24.76,3,,"[0.550881, 0.566726, 0.139606, 0.179841]"
7944,264.8,00:04:24.80,3,,"[0.550694, 0.560224, 0.138436, 0.19087]"
7945,264.8333333333333,00:04:24.83,3,,"[0.5511, 0.557308, 0.139253, 0.198319]"
7946,264.8666666666667,00:04:24.86,3,,"[0.55109, 0.555918, 0.138113, 0.200722]"
7947,264.9,00:04:24.89,3,,"[0.55196, 0.555409, 0.136963, 0.201016]"
7948,264.93333333333334,00:04:24.93,3,,"[0.552132, 0.555983, 0.136602, 0.200477]"
7949,264.96666666666664,00:04:24.96,3,,"[0.552436, 0.559708, 0.134482, 0.193404]"
7950,265.0,00:04:25.00,3,,"[0.55242, 0.561947, 0.133383, 0.190329]"
7951,265.03333333333336,00:04:25.03,3,,"[0.551217, 0.563108, 0.136924, 0.188481]"
7952,265.06666666666666,00:04:25.06,3,,"[0.551297, 0.565923, 0.136972, 0.182388]"
7953,265.1,00:04:25.10,3,,"[0.550942, 0.566613, 0.138132, 0.180951]"
7954,265.1333333333333,00:04:25.13,3,,"[0.551937, 0.566424, 0.136762, 0.180941]"
7955,265.1666666666667,00:04:25.16,3,,"[0.552279, 0.566745, 0.137283, 0.180988]"
7956,265.2,00:04:25.19,3,,"[0.552549, 0.567584, 0.137133, 0.179487]"
7957,265.23333333333335,00:04:25.23,3,,"[0.551951, 0.566448, 0.138355, 0.181225]"
7958,265.26666666666665,00:04:25.26,3,,"[0.552987, 0.566139, 0.136581, 0.181028]"
7959,265.3,00:04:25.30,3,,"[0.552691, 0.566528, 0.13691, 0.180571]"
7960,265.3333333333333,00:04:25.33,3,,"[0.55241, 0.566291, 0.138139, 0.180738]"
7961,265.3666666666667,00:04:25.36,3,,"[0.553396, 0.566953, 0.136337, 0.179378]"
7962,265.4,00:04:25.39,3,,"[0.553182, 0.565595, 0.1374, 0.181935]"
7963,265.43333333333334,00:04:25.43,3,,"[0.552702, 0.564344, 0.137509, 0.184216]"
7964,265.46666666666664,00:04:25.46,3,,"[0.553194, 0.565692, 0.136447, 0.181928]"
7965,265.5,00:04:25.50,3,,"[0.553183, 0.562632, 0.135981, 0.188586]"
7966,265.53333333333336,00:04:25.53,3,,"[0.55255, 0.560093, 0.135793, 0.193337]"
7967,265.56666666666666,00:04:25.56,3,,"[0.552167, 0.555722, 0.13607, 0.20129]"
7968,265.6,00:04:25.60,3,,"[0.552567, 0.551305, 0.13611, 0.208853]"
7969,265.6333333333333,00:04:25.63,3,,"[0.551434, 0.547126, 0.138659, 0.217376]"
7970,265.6666666666667,00:04:25.66,3,,"[0.550732, 0.541941, 0.142014, 0.224539]"
7971,265.7,00:04:25.69,3,,"[0.543202, 0.531506, 0.159225, 0.245464]"
8343,278.1,00:04:38.10,2,,"[0.554588, 0.567128, 0.130632, 0.157952]"
8344,278.1333333333333,00:04:38.13,2,,"[0.555182, 0.567111, 0.131447, 0.161019]"
8345,278.1666666666667,00:04:38.16,2,,"[0.554534, 0.570094, 0.132117, 0.158671]"
8346,278.2,00:04:38.19,2,,"[0.557634, 0.574289, 0.130264, 0.15164]"
8347,278.23333333333335,00:04:38.23,2,,"[0.558646, 0.575598, 0.129414, 0.145445]"
8348,278.26666666666665,00:04:38.26,2,,"[0.558661, 0.575515, 0.127998, 0.145904]"
8349,278.3,00:04:38.30,2,,"[0.559024, 0.577665, 0.12664, 0.145804]"
8350,278.3333333333333,00:04:38.33,2,,"[0.559552, 0.578723, 0.126173, 0.146035]"
8351,278.3666666666667,00:04:38.36,2,,"[0.558167, 0.579533, 0.127832, 0.140647]"
8352,278.4,00:04:38.39,2,,"[0.558522, 0.578751, 0.127235, 0.140554]"
8353,278.43333333333334,00:04:38.43,2,,"[0.559807, 0.578875, 0.124512, 0.141954]"
8374,279.1333333333333,00:04:39.13,2,,"[0.571379, 0.558486, 0.0999422, 0.190816]"
8375,279.1666666666667,00:04:39.16,2,,"[0.571245, 0.55845, 0.100198, 0.190864]"
8376,279.2,00:04:39.19,2,,"[0.572884, 0.55938, 0.0969983, 0.18826]"
8377,279.23333333333335,00:04:39.23,2,,"[0.572952, 0.560041, 0.0973676, 0.186748]"
8378,279.26666666666665,00:04:39.26,2,,"[0.574845, 0.562772, 0.0934384, 0.181894]"
8381,279.3666666666667,00:04:39.36,2,,"[0.576293, 0.564266, 0.0908781, 0.177977]"
8382,279.4,00:04:39.39,2,,"[0.575314, 0.565117, 0.0928236, 0.176696]"
8383,279.43333333333334,00:04:39.43,2,,"[0.574731, 0.564019, 0.0938295, 0.178422]"
8384,279.46666666666664,00:04:39.46,2,,"[0.576067, 0.56486, 0.0911194, 0.177253]"
8385,279.5,00:04:39.50,2,,"[0.575387, 0.564771, 0.0928699, 0.178093]"
8386,279.53333333333336,00:04:39.53,2,,"[0.576428, 0.567797, 0.0908464, 0.171618]"
8387,279.56666666666666,00:04:39.56,2,,"[0.576859, 0.568843, 0.0914179, 0.169802]"
8388,279.6,00:04:39.60,2,,"[0.577321, 0.569399, 0.0891538, 0.167486]"
8389,279.6333333333333,00:04:39.63,2,,"[0.577263, 0.570921, 0.0908237, 0.166023]"
8390,279.6666666666667,00:04:39.66,2,,"[0.576761, 0.569016, 0.0905617, 0.166655]"
8391,279.7,00:04:39.69,2,,"[0.57724, 0.569451, 0.0899162, 0.165912]"
8392,279.73333333333335,00:04:39.73,2,,"[0.577984, 0.569874, 0.0884392, 0.164367]"
8393,279.76666666666665,00:04:39.76,2,,"[0.577086, 0.569972, 0.0902241, 0.164768]"
8394,279.8,00:04:39.80,2,,"[0.578539, 0.570177, 0.0868178, 0.164604]"
8395,279.8333333333333,00:04:39.83,2,,"[0.577064, 0.571874, 0.0912355, 0.163886]"
8396,279.8666666666667,00:04:39.86,2,,"[0.577255, 0.572653, 0.0906224, 0.161878]"
8397,279.9,00:04:39.89,2,,"[0.577402, 0.57311, 0.0898126, 0.160789]"
8398,279.93333333333334,00:04:39.93,2,,"[0.576599, 0.571208, 0.0908239, 0.161381]"
8399,279.96666666666664,00:04:39.96,2,,"[0.578172, 0.574278, 0.0892305, 0.157717]"
8400,280.0,00:04:40.00,2,,"[0.578542, 0.575678, 0.0888446, 0.155194]"
8401,280.03333333333336,00:04:40.03,2,,"[0.578964, 0.57647, 0.086865, 0.152984]"
8402,280.06666666666666,00:04:40.06,2,,"[0.58051, 0.57503, 0.0832972, 0.152984]"
8403,280.1,00:04:40.10,2,,"[0.578629, 0.577121, 0.0874341, 0.152067]"
8404,280.1333333333333,00:04:40.13,2,,"[0.578191, 0.576848, 0.0885855, 0.152476]"
8405,280.1666666666667,00:04:40.16,2,,"[0.579895, 0.577138, 0.0854958, 0.151544]"
8406,280.2,00:04:40.19,2,,"[0.581706, 0.578015, 0.0819772, 0.150292]"
8407,280.23333333333335,00:04:40.23,2,,"[0.581121, 0.577643, 0.0834375, 0.150889]"
8408,280.26666666666665,00:04:40.26,2,,"[0.581949, 0.575759, 0.0816805, 0.150654]"
8409,280.3,00:04:40.30,2,,"[0.580027, 0.577672, 0.0854464, 0.150293]"
8410,280.3333333333333,00:04:40.33,2,,"[0.581215, 0.578394, 0.0825712, 0.14888]"
8411,280.3666666666667,00:04:40.36,2,,"[0.581106, 0.578064, 0.0834322, 0.149403]"
8412,280.4,00:04:40.39,2,,"[0.580916, 0.578373, 0.0842611, 0.148398]"
8413,280.43333333333334,00:04:40.43,2,,"[0.583006, 0.578948, 0.0804335, 0.148149]"
8414,280.46666666666664,00:04:40.46,2,,"[0.580827, 0.576918, 0.0850941, 0.151432]"
8415,280.5,00:04:40.50,2,,"[0.581079, 0.57753, 0.084623, 0.150034]"
8416,280.53333333333336,00:04:40.53,2,,"[0.580042, 0.574479, 0.0855423, 0.15337]"
8417,280.56666666666666,00:04:40.56,2,,"[0.581174, 0.574289, 0.0841489, 0.154727]"
8418,280.6,00:04:40.60,2,,"[0.579698, 0.573273, 0.0871972, 0.156643]"
8419,280.6333333333333,00:04:40.63,2,,"[0.581114, 0.573567, 0.0848393, 0.156606]"
8420,280.6666666666667,00:04:40.66,2,,"[0.579855, 0.572415, 0.0877604, 0.159045]"
8421,280.7,00:04:40.69,2,,"[0.580983, 0.571783, 0.0855096, 0.159358]"
8422,280.73333333333335,00:04:40.73,2,,"[0.579607, 0.573477, 0.0908598, 0.159643]"
8423,280.76666666666665,00:04:40.76,2,,"[0.580783, 0.572621, 0.0890393, 0.161947]"
8424,280.8,00:04:40.80,2,,"[0.58375, 0.577302, 0.082884, 0.152588]"
8425,280.8333333333333,00:04:40.83,2,,"[0.58502, 0.579959, 0.0808678, 0.14667]"
8426,280.8666666666667,00:04:40.86,2,,"[0.585256, 0.576642, 0.0804049, 0.153037]"
8427,280.9,00:04:40.89,2,,"[0.585248, 0.58033, 0.0801501, 0.147289]"
8428,280.93333333333334,00:04:40.93,2,,"[0.586932, 0.583449, 0.0781324, 0.140669]"
8429,280.96666666666664,00:04:40.96,2,,"[0.584789, 0.583629, 0.0824727, 0.140886]"
8430,281.0,00:04:41.00,2,,"[0.585286, 0.583288, 0.0825221, 0.141409]"
8431,281.03333333333336,00:04:41.03,2,,"[0.585859, 0.58245, 0.0804057, 0.142346]"
8432,281.06666666666666,00:04:41.06,2,,"[0.58701, 0.57607, 0.0789797, 0.155951]"
8442,281.4,00:04:41.39,2,,"[0.587913, 0.56225, 0.0791912, 0.187178]"
8443,281.43333333333334,00:04:41.43,2,,"[0.58856, 0.564505, 0.0782208, 0.182108]"
8444,281.46666666666664,00:04:41.46,2,,"[0.589197, 0.563253, 0.0775323, 0.184754]"
8445,281.5,00:04:41.50,2,,"[0.590827, 0.564081, 0.0743908, 0.183767]"
8446,281.53333333333336,00:04:41.53,2,,"[0.594907, 0.571897, 0.06464, 0.168329]"
8447,281.56666666666666,00:04:41.56,2,,"[0.596533, 0.572246, 0.0614815, 0.169261]"
8448,281.6,00:04:41.60,2,,"[0.595207, 0.576428, 0.063619, 0.160207]"
8449,281.6333333333333,00:04:41.63,2,,"[0.591696, 0.580479, 0.0704664, 0.152302]"
8450,281.6666666666667,00:04:41.66,2,,"[0.592087, 0.583661, 0.0697195, 0.145186]"
8451,281.7,00:04:41.69,2,,"[0.591062, 0.582276, 0.0730099, 0.146277]"
8452,281.73333333333335,00:04:41.73,2,,"[0.596798, 0.581988, 0.0616067, 0.147589]"
8453,281.76666666666665,00:04:41.76,2,,"[0.599749, 0.583565, 0.0550371, 0.141614]"
8454,281.8,00:04:41.80,2,,"[0.600257, 0.586521, 0.0536168, 0.135837]"
8455,281.8333333333333,00:04:41.83,2,,"[0.600028, 0.588151, 0.0545155, 0.132779]"
8456,281.8666666666667,00:04:41.86,2,,"[0.595682, 0.589265, 0.0630539, 0.130453]"
8457,281.9,00:04:41.89,2,,"[0.594362, 0.589692, 0.0650759, 0.129624]"
8458,281.93333333333334,00:04:41.93,2,,"[0.596736, 0.59271, 0.0625408, 0.123711]"
8459,281.96666666666664,00:04:41.96,2,,"[0.597342, 0.593194, 0.0608383, 0.123036]"
8463,282.1,00:04:42.10,2,,"[0.598863, 0.592875, 0.0550705, 0.12475]"
8464,282.1333333333333,00:04:42.13,2,,"[0.599261, 0.592978, 0.0541363, 0.124631]"
8465,282.1666666666667,00:04:42.16,2,,"[0.599468, 0.592002, 0.0539843, 0.126948]"
8466,282.2,00:04:42.19,2,,"[0.599288, 0.593722, 0.0544078, 0.123635]"
8467,282.23333333333335,00:04:42.23,2,,"[0.597352, 0.592537, 0.0584055, 0.125279]"
8468,282.26666666666665,00:04:42.26,2,,"[0.596189, 0.593169, 0.0600997, 0.123334]"
8469,282.3,00:04:42.30,2,,"[0.593513, 0.594093, 0.0656929, 0.120791]"
8470,282.3333333333333,00:04:42.33,2,,"[0.591667, 0.593901, 0.0696535, 0.120478]"
8471,282.3666666666667,00:04:42.36,2,,"[0.590559, 0.594746, 0.0719891, 0.118211]"
8472,282.4,00:04:42.39,2,,"[0.589224, 0.594612, 0.0756645, 0.117524]"
8473,282.43333333333334,00:04:42.43,2,,"[0.590068, 0.594323, 0.0729635, 0.119073]"
8474,282.46666666666664,00:04:42.46,2,,"[0.590589, 0.588969, 0.0719017, 0.130189]"
8476,282.53333333333336,00:04:42.53,2,,"[0.588533, 0.580091, 0.0769775, 0.154008]"
8477,282.56666666666666,00:04:42.56,2,,"[0.587947, 0.574004, 0.0773431, 0.166757]"
8478,282.6,00:04:42.60,2,,"[0.587554, 0.572144, 0.07806, 0.17072]"
8479,282.6333333333333,00:04:42.63,2,,"[0.587492, 0.568885, 0.0774105, 0.173128]"
8480,282.6666666666667,00:04:42.66,2,,"[0.585073, 0.566597, 0.0820465, 0.178225]"
8481,282.7,00:04:42.69,2,,"[0.584701, 0.56833, 0.0815952, 0.174085]"
8482,282.73333333333335,00:04:42.73,2,,"[0.58375, 0.568311, 0.0834919, 0.174205]"
8483,282.76666666666665,00:04:42.76,2,,"[0.583958, 0.569749, 0.0825572, 0.17069]"
8484,282.8,00:04:42.80,2,,"[0.581788, 0.566083, 0.0868784, 0.177283]"
8485,282.8333333333333,00:04:42.83,2,,"[0.581227, 0.566098, 0.088152, 0.177299]"
8486,282.8666666666667,00:04:42.86,2,,"[0.58145, 0.569851, 0.085966, 0.169709]"
8487,282.9,00:04:42.89,2,,"[0.580451, 0.570619, 0.0860071, 0.164824]"
8488,282.93333333333334,00:04:42.93,2,,"[0.579625, 0.573789, 0.0883733, 0.161846]"
8489,282.96666666666664,00:04:42.96,2,,"[0.578536, 0.573631, 0.0902046, 0.162492]"
8490,283.0,00:04:43.00,2,,"[0.579096, 0.574233, 0.0898378, 0.161041]"
8491,283.03333333333336,00:04:43.03,2,,"[0.579116, 0.573423, 0.086945, 0.159425]"
8492,283.06666666666666,00:04:43.06,2,,"[0.581019, 0.578209, 0.0843536, 0.152838]"
8493,283.1,00:04:43.10,2,,"[0.581787, 0.57835, 0.0831838, 0.152396]"
8494,283.1333333333333,00:04:43.13,2,,"[0.581566, 0.578053, 0.0830859, 0.153501]"
8495,283.1666666666667,00:04:43.16,2,,"[0.581931, 0.57839, 0.0814625, 0.151366]"
8496,283.2,00:04:43.19,2,,"[0.580661, 0.580108, 0.085382, 0.148423]"
8497,283.23333333333335,00:04:43.23,2,,"[0.580974, 0.580504, 0.0848343, 0.14778]"
8498,283.26666666666665,00:04:43.26,2,,"[0.581139, 0.580348, 0.0838986, 0.148228]"
8499,283.3,00:04:43.30,2,,"[0.581248, 0.581314, 0.0840023, 0.146809]"
8500,283.3333333333333,00:04:43.33,2,,"[0.580655, 0.580988, 0.0852522, 0.147183]"
8501,283.3666666666667,00:04:43.36,2,,"[0.580945, 0.580543, 0.0853133, 0.147006]"
8502,283.4,00:04:43.39,2,,"[0.581437, 0.580772, 0.0845179, 0.147225]"
8503,283.43333333333334,00:04:43.43,2,,"[0.581202, 0.580699, 0.0850978, 0.146888]"
8504,283.46666666666664,00:04:43.46,2,,"[0.582755, 0.581153, 0.0823011, 0.146231]"
8505,283.5,00:04:43.50,2,,"[0.583024, 0.581809, 0.0816088, 0.14466]"
8506,283.53333333333336,00:04:43.53,2,,"[0.583649, 0.581846, 0.0795807, 0.14328]"
8507,283.56666666666666,00:04:43.56,2,,"[0.584175, 0.582265, 0.0788947, 0.143251]"
8508,283.6,00:04:43.60,2,,"[0.584304, 0.58254, 0.0788124, 0.141778]"
8509,283.6333333333333,00:04:43.63,2,,"[0.584235, 0.58249, 0.0789959, 0.141635]"
8510,283.6666666666667,00:04:43.66,2,,"[0.584184, 0.582477, 0.0790861, 0.141648]"
8511,283.7,00:04:43.69,2,,"[0.583803, 0.58286, 0.0791054, 0.142543]"
8512,283.73333333333335,00:04:43.73,2,,"[0.583264, 0.582918, 0.079871, 0.140255]"
8513,283.76666666666665,00:04:43.76,2,,"[0.583591, 0.582636, 0.0792012, 0.140089]"
8514,283.8,00:04:43.80,2,,"[0.58417, 0.58294, 0.0780868, 0.14029]"
8515,283.8333333333333,00:04:43.83,2,,"[0.583799, 0.583088, 0.0785926, 0.141113]"
8516,283.8666666666667,00:04:43.86,2,,"[0.58123, 0.583342, 0.0843115, 0.141203]"
8517,283.9,00:04:43.89,2,,"[0.581407, 0.58388, 0.0831721, 0.141579]"
8518,283.93333333333334,00:04:43.93,2,,"[0.581, 0.58446, 0.084085, 0.139534]"
8519,283.96666666666664,00:04:43.96,2,,"[0.580535, 0.584344, 0.085352, 0.14045]"
8520,284.0,00:04:44.00,2,,"[0.581385, 0.584042, 0.0822912, 0.141134]"
8521,284.03333333333336,00:04:44.03,2,,"[0.582274, 0.584024, 0.0802041, 0.14032]"
8522,284.06666666666666,00:04:44.06,2,,"[0.583625, 0.584476, 0.0775579, 0.139816]"
8523,284.1,00:04:44.10,2,,"[0.584146, 0.584137, 0.075987, 0.139032]"
8524,284.1333333333333,00:04:44.13,2,,"[0.584118, 0.582963, 0.0763115, 0.141965]"
8525,284.1666666666667,00:04:44.16,2,,"[0.584465, 0.581787, 0.0761412, 0.142995]"
8526,284.2,00:04:44.19,2,,"[0.58298, 0.579008, 0.079016, 0.146461]"
8527,284.23333333333335,00:04:44.23,2,,"[0.583274, 0.579501, 0.0789286, 0.14643]"
8528,284.26666666666665,00:04:44.26,2,,"[0.583127, 0.579432, 0.0798538, 0.1469]"
8529,284.3,00:04:44.30,2,,"[0.583458, 0.579573, 0.0791527, 0.146309]"
8530,284.3333333333333,00:04:44.33,2,,"[0.583155, 0.579649, 0.0801359, 0.146006]"
8531,284.3666666666667,00:04:44.36,2,,"[0.584861, 0.579676, 0.0770393, 0.147013]"
8532,284.4,00:04:44.39,2,,"[0.585413, 0.58027, 0.0767895, 0.146504]"
8533,284.43333333333334,00:04:44.43,2,,"[0.586292, 0.580405, 0.0746613, 0.147724]"
8534,284.46666666666664,00:04:44.46,2,,"[0.587356, 0.580669, 0.0730883, 0.146801]"
8535,284.5,00:04:44.50,2,,"[0.588208, 0.579609, 0.0719364, 0.147927]"
8536,284.53333333333336,00:04:44.53,2,,"[0.588894, 0.580989, 0.071114, 0.145585]"
8537,284.56666666666666,00:04:44.56,2,,"[0.589166, 0.58048, 0.0707438, 0.14665]"
8538,284.6,00:04:44.60,2,,"[0.589332, 0.580312, 0.0702061, 0.146112]"
8539,284.6333333333333,00:04:44.63,2,,"[0.588639, 0.581749, 0.0716268, 0.14367]"
8540,284.6666666666667,00:04:44.66,2,,"[0.588521, 0.582014, 0.0714372, 0.142421]"
8541,284.7,00:04:44.69,2,,"[0.587505, 0.581784, 0.0730417, 0.142535]"
8542,284.73333333333335,00:04:44.73,2,,"[0.58525, 0.580907, 0.077163, 0.144435]"
8543,284.76666666666665,00:04:44.76,2,,"[0.583912, 0.580938, 0.0795353, 0.145736]"
8544,284.8,00:04:44.80,2,,"[0.582485, 0.580599, 0.0804766, 0.145373]"
8545,284.8333333333333,00:04:44.83,2,,"[0.581244, 0.579969, 0.0842386, 0.146908]"
8546,284.8666666666667,00:04:44.86,2,,"[0.581094, 0.580021, 0.0842329, 0.1466]"
8547,284.9,00:04:44.89,2,,"[0.581823, 0.580599, 0.0828917, 0.145403]"
8548,284.93333333333334,00:04:44.93,2,,"[0.582122, 0.580684, 0.0809853, 0.144755]"
8549,284.96666666666664,00:04:44.96,2,,"[0.582328, 0.580901, 0.0804888, 0.144045]"
8550,285.0,00:04:45.00,2,,"[0.581774, 0.581316, 0.0827808, 0.145281]"
8551,285.03333333333336,00:04:45.03,2,,"[0.581834, 0.581514, 0.0818733, 0.144838]"
8552,285.06666666666666,00:04:45.06,2,,"[0.582169, 0.582176, 0.0811533, 0.143917]"
8553,285.1,00:04:45.10,2,,"[0.582032, 0.583096, 0.0819958, 0.143301]"
8554,285.1333333333333,00:04:45.13,2,,"[0.582129, 0.582571, 0.0815642, 0.143524]"
8555,285.1666666666667,00:04:45.16,2,,"[0.581958, 0.582245, 0.0819912, 0.144717]"
8556,285.2,00:04:45.19,2,,"[0.582247, 0.58286, 0.0814631, 0.14285]"
8557,285.23333333333335,00:04:45.23,2,,"[0.581179, 0.58234, 0.0838213, 0.144347]"
8558,285.26666666666665,00:04:45.26,2,,"[0.581642, 0.582909, 0.0822109, 0.14325]"
8559,285.3,00:04:45.30,2,,"[0.581569, 0.581863, 0.0826748, 0.145066]"
8560,285.3333333333333,00:04:45.33,2,,"[0.581985, 0.58217, 0.0812837, 0.144779]"
8561,285.3666666666667,00:04:45.36,2,,"[0.582232, 0.581716, 0.0808657, 0.14298]"
8562,285.4,00:04:45.39,2,,"[0.582438, 0.581812, 0.0809109, 0.142384]"
8563,285.43333333333334,00:04:45.43,2,,"[0.582691, 0.581831, 0.0805505, 0.143219]"
8564,285.46666666666664,00:04:45.46,2,,"[0.583088, 0.583347, 0.0789856, 0.141187]"
8565,285.5,00:04:45.50,2,,"[0.582342, 0.585, 0.0802012, 0.1379]"
8566,285.53333333333336,00:04:45.53,2,,"[0.580262, 0.583823, 0.0852818, 0.141962]"
8567,285.56666666666666,00:04:45.56,2,,"[0.584809, 0.590862, 0.0763733, 0.12673]"
8568,285.6,00:04:45.60,2,,"[0.585642, 0.592911, 0.0749893, 0.123774]"
8569,285.6333333333333,00:04:45.63,2,,"[0.589777, 0.593614, 0.0661461, 0.122756]"
8570,285.6666666666667,00:04:45.66,2,,"[0.589841, 0.594669, 0.0658636, 0.121692]"
8571,285.7,00:04:45.69,2,,"[0.591508, 0.59691, 0.0609961, 0.118556]"
8572,285.73333333333335,00:04:45.73,2,,"[0.58997, 0.598798, 0.0643547, 0.113887]"
8573,285.76666666666665,00:04:45.76,2,,"[0.586775, 0.599955, 0.0712982, 0.111161]"
8574,285.8,00:04:45.80,2,,"[0.588397, 0.597545, 0.0677981, 0.11711]"
8575,285.8333333333333,00:04:45.83,2,,"[0.585155, 0.606203, 0.0748064, 0.0994462]"
8576,285.8666666666667,00:04:45.86,2,,"[0.583992, 0.600326, 0.0759385, 0.110686]"
8577,285.9,00:04:45.89,2,,"[0.58439, 0.599341, 0.0751246, 0.112997]"
8578,285.93333333333334,00:04:45.93,2,,"[0.584944, 0.599007, 0.0736905, 0.113982]"
8579,285.96666666666664,00:04:45.96,2,,"[0.587032, 0.599595, 0.0705714, 0.112761]"
8580,286.0,00:04:46.00,2,,"[0.586899, 0.597882, 0.071489, 0.115702]"
8581,286.03333333333336,00:04:46.03,2,,"[0.587758, 0.597059, 0.0715443, 0.117704]"
8582,286.06666666666666,00:04:46.06,2,,"[0.589346, 0.594035, 0.0668568, 0.12565]"
8583,286.1,00:04:46.10,2,,"[0.589272, 0.594399, 0.0675917, 0.124762]"
8584,286.1333333333333,00:04:46.13,2,,"[0.59051, 0.593664, 0.0657144, 0.125354]"
8585,286.1666666666667,00:04:46.16,2,,"[0.588902, 0.595048, 0.0687149, 0.121544]"
8586,286.2,00:04:46.19,2,,"[0.589221, 0.597114, 0.0659973, 0.116121]"
8587,286.23333333333335,00:04:46.23,2,,"[0.588209, 0.597038, 0.0675741, 0.116739]"
8588,286.26666666666665,00:04:46.26,2,,"[0.587464, 0.598458, 0.0695046, 0.114481]"
8589,286.3,00:04:46.30,2,,"[0.587642, 0.599122, 0.0686325, 0.112601]"
8590,286.3333333333333,00:04:46.33,2,,"[0.588445, 0.599735, 0.0663635, 0.111287]"
8591,286.3666666666667,00:04:46.36,2,,"[0.586333, 0.599818, 0.0711601, 0.111238]"
8592,286.4,00:04:46.39,2,,"[0.584098, 0.600305, 0.0760218, 0.110291]"
8593,286.43333333333334,00:04:46.43,2,,"[0.584776, 0.600462, 0.0743478, 0.11037]"
8594,286.46666666666664,00:04:46.46,2,,"[0.586274, 0.601757, 0.0710575, 0.107491]"
8595,286.5,00:04:46.50,2,,"[0.586102, 0.601149, 0.0713587, 0.109125]"
8596,286.53333333333336,00:04:46.53,2,,"[0.585124, 0.600948, 0.0732466, 0.108654]"
8597,286.56666666666666,00:04:46.56,2,,"[0.587138, 0.601684, 0.0693415, 0.108232]"
8598,286.6,00:04:46.60,2,,"[0.588455, 0.602059, 0.0663151, 0.106927]"
8599,286.6333333333333,00:04:46.63,2,,"[0.586849, 0.601767, 0.0698397, 0.108291]"
8600,286.6666666666667,00:04:46.66,2,,"[0.58786, 0.601847, 0.0677268, 0.109311]"
8601,286.7,00:04:46.69,2,,"[0.585433, 0.603111, 0.0725032, 0.106405]"
8602,286.73333333333335,00:04:46.73,2,,"[0.585303, 0.605287, 0.073005, 0.101769]"
8603,286.76666666666665,00:04:46.76,2,,"[0.584629, 0.607337, 0.0741657, 0.0976047]"
8604,286.8,00:04:46.80,2,,"[0.582136, 0.604435, 0.0788295, 0.10224]"
8605,286.8333333333333,00:04:46.83,2,,"[0.581056, 0.605204, 0.0823366, 0.101269]"
8606,286.8666666666667,00:04:46.86,2,,"[0.58178, 0.60592, 0.0808723, 0.100604]"
8607,286.9,00:04:46.89,2,,"[0.579762, 0.6049, 0.0851687, 0.101955]"
8608,286.93333333333334,00:04:46.93,2,,"[0.577699, 0.603366, 0.0869544, 0.104068]"
8609,286.96666666666664,00:04:46.96,2,,"[0.576787, 0.601303, 0.0888292, 0.108429]"
8610,287.0,00:04:47.00,2,,"[0.575785, 0.600273, 0.0902883, 0.110729]"
8611,287.03333333333336,00:04:47.03,2,,"[0.576175, 0.599894, 0.0903313, 0.110884]"
8612,287.06666666666666,00:04:47.06,2,,"[0.576142, 0.599271, 0.0902716, 0.111571]"
8613,287.1,00:04:47.10,2,,"[0.576312, 0.598493, 0.0896843, 0.112552]"
8614,287.1333333333333,00:04:47.13,2,,"[0.576565, 0.59883, 0.0885758, 0.112339]"
8615,287.1666666666667,00:04:47.16,2,,"[0.577843, 0.598034, 0.0859502, 0.113955]"
8616,287.2,00:04:47.19,2,,"[0.578322, 0.597751, 0.0847333, 0.114657]"
8617,287.23333333333335,00:04:47.23,2,,"[0.576554, 0.597856, 0.0887672, 0.114185]"
8618,287.26666666666665,00:04:47.26,2,,"[0.574651, 0.599149, 0.0918508, 0.112088]"
8619,287.3,00:04:47.30,2,,"[0.580195, 0.601462, 0.081514, 0.107503]"
8620,287.3333333333333,00:04:47.33,2,,"[0.573668, 0.598953, 0.0961622, 0.111986]"
8621,287.3666666666667,00:04:47.36,2,,"[0.578283, 0.598116, 0.0860441, 0.112427]"
8622,287.4,00:04:47.39,2,,"[0.577926, 0.597142, 0.0867329, 0.113208]"
8623,287.43333333333334,00:04:47.43,2,,"[0.578299, 0.595671, 0.0857218, 0.116838]"
8624,287.46666666666664,00:04:47.46,2,,"[0.579332, 0.591422, 0.0832207, 0.123117]"
8625,287.5,00:04:47.50,2,,"[0.580222, 0.590693, 0.081242, 0.1246]"
8626,287.53333333333336,00:04:47.53,2,,"[0.578574, 0.58738, 0.0844318, 0.130107]"
8627,287.56666666666666,00:04:47.56,2,,"[0.57775, 0.586133, 0.0863472, 0.132549]"
8628,287.6,00:04:47.60,2,,"[0.575969, 0.584146, 0.0906931, 0.136816]"
8629,287.6333333333333,00:04:47.63,2,,"[0.575745, 0.583858, 0.0913666, 0.136507]"
8630,287.6666666666667,00:04:47.66,2,,"[0.575421, 0.581164, 0.0922095, 0.141213]"
8631,287.7,00:04:47.69,2,,"[0.576253, 0.580436, 0.0903449, 0.142528]"
8632,287.73333333333335,00:04:47.73,2,,"[0.576878, 0.580744, 0.0896532, 0.142806]"
8633,287.76666666666665,00:04:47.76,2,,"[0.57728, 0.57773, 0.0886107, 0.146774]"
8634,287.8,00:04:47.80,2,,"[0.578066, 0.576967, 0.0878424, 0.147484]"
8635,287.8333333333333,00:04:47.83,2,,"[0.577571, 0.576651, 0.0889993, 0.148159]"
8636,287.8666666666667,00:04:47.86,2,,"[0.576639, 0.574723, 0.0913754, 0.151862]"
8637,287.9,00:04:47.89,2,,"[0.575826, 0.574614, 0.0935851, 0.151761]"
8638,287.93333333333334,00:04:47.93,2,,"[0.573076, 0.572708, 0.0992662, 0.155058]"
8639,287.96666666666664,00:04:47.96,2,,"[0.572393, 0.570087, 0.100384, 0.161144]"
8640,288.0,00:04:48.00,2,,"[0.578441, 0.577421, 0.0899493, 0.14919]"
8641,288.03333333333336,00:04:48.03,2,,"[0.5775, 0.574374, 0.0929669, 0.153026]"
8642,288.06666666666666,00:04:48.06,2,,"[0.573352, 0.559077, 0.100755, 0.179854]"
8643,288.1,00:04:48.10,2,,"[0.578524, 0.573497, 0.0917457, 0.155309]"
8644,288.1333333333333,00:04:48.13,2,,"[0.577938, 0.562564, 0.0916998, 0.17339]"
8645,288.1666666666667,00:04:48.16,2,,"[0.579329, 0.572313, 0.0892818, 0.155839]"
8646,288.2,00:04:48.19,2,,"[0.584146, 0.575577, 0.0796722, 0.151944]"
8647,288.23333333333335,00:04:48.23,2,,"[0.581755, 0.576157, 0.0853924, 0.14751]"
8648,288.26666666666665,00:04:48.26,2,,"[0.582408, 0.580497, 0.0838131, 0.136995]"
8649,288.3,00:04:48.30,2,,"[0.582556, 0.585856, 0.0848644, 0.130701]"
8650,288.3333333333333,00:04:48.33,2,,"[0.583679, 0.587339, 0.0818825, 0.128676]"
8651,288.3666666666667,00:04:48.36,2,,"[0.583181, 0.588857, 0.0844594, 0.128392]"
8652,288.4,00:04:48.39,2,,"[0.582724, 0.588335, 0.0849407, 0.129442]"
8653,288.43333333333334,00:04:48.43,2,,"[0.581127, 0.587235, 0.0885252, 0.131393]"
8654,288.46666666666664,00:04:48.46,2,,"[0.578415, 0.584262, 0.0915706, 0.132846]"
8655,288.5,00:04:48.50,2,,"[0.577034, 0.583778, 0.0931635, 0.134508]"
8656,288.53333333333336,00:04:48.53,2,,"[0.576976, 0.582941, 0.093625, 0.137285]"
8657,288.56666666666666,00:04:48.56,2,,"[0.577589, 0.583808, 0.0916952, 0.135362]"
8658,288.6,00:04:48.60,2,,"[0.57877, 0.583321, 0.0888025, 0.13747]"
8659,288.6333333333333,00:04:48.63,2,,"[0.57962, 0.584943, 0.0876162, 0.13411]"
8660,288.6666666666667,00:04:48.66,2,,"[0.579644, 0.582294, 0.0882349, 0.140291]"
8661,288.7,00:04:48.69,2,,"[0.580129, 0.58273, 0.0879243, 0.136803]"
8662,288.73333333333335,00:04:48.73,2,,"[0.580461, 0.5823, 0.087015, 0.13778]"
8663,288.76666666666665,00:04:48.76,2,,"[0.581521, 0.583493, 0.0851719, 0.134955]"
8664,288.8,00:04:48.80,2,,"[0.581137, 0.584974, 0.0859186, 0.134572]"
8665,288.8333333333333,00:04:48.83,2,,"[0.580956, 0.585925, 0.0878225, 0.13535]"
8666,288.8666666666667,00:04:48.86,2,,"[0.580878, 0.586836, 0.0878434, 0.133322]"
8667,288.9,00:04:48.89,2,,"[0.583873, 0.589682, 0.0817882, 0.128265]"
8668,288.93333333333334,00:04:48.93,2,,"[0.581755, 0.589074, 0.085498, 0.127606]"
8669,288.96666666666664,00:04:48.96,2,,"[0.58658, 0.592796, 0.0773188, 0.120876]"
8670,289.0,00:04:49.00,2,,"[0.588546, 0.593605, 0.0742957, 0.121016]"
8671,289.03333333333336,00:04:49.03,2,,"[0.586365, 0.595173, 0.0781988, 0.116417]"
8672,289.06666666666666,00:04:49.06,2,,"[0.59128, 0.597277, 0.0687665, 0.113436]"
8673,289.1,00:04:49.10,2,,"[0.593612, 0.597124, 0.0643047, 0.113917]"
8674,289.1333333333333,00:04:49.13,2,,"[0.600432, 0.596314, 0.0508484, 0.116661]"
8675,289.1666666666667,00:04:49.16,2,,"[0.596361, 0.597157, 0.0591347, 0.114823]"
8676,289.2,00:04:49.19,2,,"[0.595125, 0.59785, 0.0621798, 0.114039]"
8677,289.23333333333335,00:04:49.23,2,,"[0.591249, 0.596851, 0.0694682, 0.115582]"
8678,289.26666666666665,00:04:49.26,2,,"[0.589919, 0.596546, 0.0726203, 0.115827]"
8679,289.3,00:04:49.30,2,,"[0.596168, 0.583861, 0.0598782, 0.141406]"
8680,289.3333333333333,00:04:49.33,2,,"[0.595953, 0.582752, 0.0599985, 0.143579]"
8681,289.3666666666667,00:04:49.36,2,,"[0.598974, 0.581041, 0.053185, 0.147405]"
8681,289.3666666666667,00:04:49.36,2,,"[0.5868, 0.581498, 0.077792, 0.147629]"
8682,289.4,00:04:49.39,2,,"[0.584158, 0.568947, 0.0843958, 0.173877]"
8683,289.43333333333334,00:04:49.43,2,,"[0.581502, 0.554607, 0.0894572, 0.199019]"
8684,289.46666666666664,00:04:49.46,2,,"[0.580294, 0.554301, 0.0908344, 0.199247]"
8685,289.5,00:04:49.50,2,,"[0.578986, 0.553172, 0.0938918, 0.200816]"
8686,289.53333333333336,00:04:49.53,2,,"[0.579623, 0.55324, 0.0925565, 0.199409]"
8687,289.56666666666666,00:04:49.56,2,,"[0.579168, 0.553589, 0.0926886, 0.198485]"
8688,289.6,00:04:49.60,2,,"[0.581246, 0.554982, 0.0884953, 0.195157]"
8689,289.6333333333333,00:04:49.63,2,,"[0.582717, 0.555908, 0.0854006, 0.192556]"
8690,289.6666666666667,00:04:49.66,2,,"[0.583119, 0.557855, 0.0842415, 0.189014]"
8691,289.7,00:04:49.69,2,,"[0.582406, 0.561874, 0.0844886, 0.181719]"
8692,289.73333333333335,00:04:49.73,2,,"[0.581137, 0.566308, 0.0873779, 0.174867]"
8693,289.76666666666665,00:04:49.76,2,,"[0.580355, 0.566772, 0.0888513, 0.174574]"
8694,289.8,00:04:49.80,2,,"[0.58034, 0.566357, 0.0887495, 0.175094]"
8695,289.8333333333333,00:04:49.83,2,,"[0.581355, 0.568735, 0.0838148, 0.166855]"
8696,289.8666666666667,00:04:49.86,2,,"[0.581577, 0.575247, 0.0822624, 0.155065]"
8697,289.9,00:04:49.89,2,,"[0.581205, 0.580828, 0.0811194, 0.147295]"
8698,289.93333333333334,00:04:49.93,2,,"[0.579316, 0.585784, 0.0840366, 0.137324]"
8699,289.96666666666664,00:04:49.96,2,,"[0.579208, 0.586047, 0.0844369, 0.138122]"
8700,290.0,00:04:50.00,2,,"[0.580888, 0.586854, 0.0803403, 0.137717]"
8701,290.03333333333336,00:04:50.03,2,,"[0.578573, 0.584383, 0.0856607, 0.14181]"
8702,290.06666666666666,00:04:50.06,2,,"[0.580022, 0.586922, 0.0825638, 0.138089]"
8703,290.1,00:04:50.10,2,,"[0.581237, 0.588655, 0.0794039, 0.135691]"
8704,290.1333333333333,00:04:50.13,2,,"[0.581949, 0.590512, 0.0780918, 0.132056]"
8705,290.1666666666667,00:04:50.16,2,,"[0.58269, 0.591772, 0.0776875, 0.128294]"
8706,290.2,00:04:50.19,2,,"[0.587038, 0.609288, 0.0692421, 0.0936872]"
8707,290.23333333333335,00:04:50.23,2,,"[0.588327, 0.612272, 0.0668021, 0.0877117]"
8709,290.3,00:04:50.30,2,,"[0.589556, 0.612809, 0.0644581, 0.0873318]"
8710,290.3333333333333,00:04:50.33,2,,"[0.587979, 0.612576, 0.0681032, 0.0873032]"
8711,290.3666666666667,00:04:50.36,2,,"[0.585019, 0.612582, 0.0748327, 0.0878633]"
8712,290.4,00:04:50.39,2,,"[0.585854, 0.611778, 0.0732441, 0.0890036]"
8713,290.43333333333334,00:04:50.43,2,,"[0.585715, 0.611538, 0.0737699, 0.0896353]"
8714,290.46666666666664,00:04:50.46,2,,"[0.58501, 0.61182, 0.074757, 0.0880695]"
8715,290.5,00:04:50.50,2,,"[0.584206, 0.611115, 0.0778295, 0.0896241]"
8716,290.53333333333336,00:04:50.53,2,,"[0.586215, 0.610471, 0.0731663, 0.0899903]"
8717,290.56666666666666,00:04:50.56,2,,"[0.585775, 0.609815, 0.073745, 0.0913418]"
8718,290.6,00:04:50.60,2,,"[0.587736, 0.609229, 0.069613, 0.0927878]"
8719,290.6333333333333,00:04:50.63,2,,"[0.587928, 0.609483, 0.0696657, 0.0917584]"
8720,290.6666666666667,00:04:50.66,2,,"[0.588735, 0.609648, 0.06763, 0.0916816]"
8721,290.7,00:04:50.69,2,,"[0.590105, 0.609225, 0.0646421, 0.0924682]"
8722,290.73333333333335,00:04:50.73,2,,"[0.58775, 0.609936, 0.0697125, 0.0919831]"
8723,290.76666666666665,00:04:50.76,2,,"[0.587301, 0.609952, 0.0701905, 0.0915709]"
8724,290.8,00:04:50.80,2,,"[0.588114, 0.61075, 0.0682201, 0.0899818]"
8725,290.8333333333333,00:04:50.83,2,,"[0.585917, 0.610471, 0.0730236, 0.091436]"
8726,290.8666666666667,00:04:50.86,2,,"[0.587228, 0.610791, 0.0696974, 0.0897018]"
8727,290.9,00:04:50.89,2,,"[0.58857, 0.610952, 0.0664186, 0.0894514]"
8728,290.93333333333334,00:04:50.93,2,,"[0.585836, 0.611814, 0.0718395, 0.0871521]"
8729,290.96666666666664,00:04:50.96,2,,"[0.588034, 0.612637, 0.0683209, 0.0867666]"
8730,291.0,00:04:51.00,2,,"[0.584287, 0.611084, 0.0761595, 0.0891495]"
8731,291.03333333333336,00:04:51.03,2,,"[0.582947, 0.609846, 0.0787383, 0.0910038]"
8732,291.06666666666666,00:04:51.06,2,,"[0.582023, 0.609252, 0.0803101, 0.0928279]"
8733,291.1,00:04:51.10,2,,"[0.580881, 0.607745, 0.0828489, 0.0956601]"
8734,291.1333333333333,00:04:51.13,2,,"[0.581455, 0.60712, 0.0819695, 0.0964476]"
8735,291.1666666666667,00:04:51.16,2,,"[0.581458, 0.606333, 0.081424, 0.0991124]"
8736,291.2,00:04:51.19,2,,"[0.582924, 0.604953, 0.0795836, 0.101983]"
8737,291.23333333333335,00:04:51.23,2,,"[0.583584, 0.60357, 0.0786026, 0.104261]"
8738,291.26666666666665,00:04:51.26,2,,"[0.583444, 0.601118, 0.0796385, 0.107891]"
8739,291.3,00:04:51.30,2,,"[0.586262, 0.602179, 0.0734584, 0.106411]"
8740,291.3333333333333,00:04:51.33,2,,"[0.589969, 0.606739, 0.0656436, 0.0978944]"
8741,291.3666666666667,00:04:51.36,2,,"[0.586918, 0.606817, 0.0712608, 0.0968659]"
8742,291.4,00:04:51.39,2,,"[0.587874, 0.607347, 0.0707686, 0.0950399]"
8743,291.43333333333334,00:04:51.43,2,,"[0.589464, 0.605889, 0.0685682, 0.0972658]"
8744,291.46666666666664,00:04:51.46,2,,"[0.59039, 0.60598, 0.0665287, 0.0969416]"
8745,291.5,00:04:51.50,2,,"[0.590916, 0.602962, 0.0648172, 0.102499]"
8746,291.53333333333336,00:04:51.53,2,,"[0.590077, 0.601483, 0.0662041, 0.104569]"
8747,291.56666666666666,00:04:51.56,2,,"[0.593663, 0.600471, 0.0576782, 0.107071]"
8748,291.6,00:04:51.60,2,,"[0.591322, 0.599965, 0.0626255, 0.107608]"
8749,291.6333333333333,00:04:51.63,2,,"[0.590363, 0.597841, 0.0648578, 0.111604]"
8750,291.6666666666667,00:04:51.66,2,,"[0.590566, 0.597295, 0.0650154, 0.113363]"
8751,291.7,00:04:51.69,2,,"[0.587403, 0.586292, 0.0717028, 0.134996]"
8752,291.73333333333335,00:04:51.73,2,,"[0.583766, 0.580669, 0.0801943, 0.146908]"
8753,291.76666666666665,00:04:51.76,2,,"[0.584322, 0.580871, 0.0797061, 0.146577]"
8754,291.8,00:04:51.80,2,,"[0.584888, 0.583312, 0.0790606, 0.141522]"
8755,291.8333333333333,00:04:51.83,2,,"[0.584436, 0.583431, 0.0793385, 0.140959]"
8756,291.8666666666667,00:04:51.86,2,,"[0.583706, 0.582812, 0.0802457, 0.140521]"
8757,291.9,00:04:51.89,2,,"[0.584346, 0.58642, 0.078878, 0.133853]"
8758,291.93333333333334,00:04:51.93,2,,"[0.582522, 0.585173, 0.08214, 0.137889]"
8759,291.96666666666664,00:04:51.96,2,,"[0.582529, 0.589276, 0.0812243, 0.129202]"
8760,292.0,00:04:52.00,2,,"[0.582613, 0.589327, 0.0806159, 0.128834]"
8761,292.03333333333336,00:04:52.03,2,,"[0.583262, 0.589665, 0.0800425, 0.128416]"
8762,292.06666666666666,00:04:52.06,2,,"[0.583776, 0.590231, 0.0795187, 0.128128]"
8763,292.1,00:04:52.10,2,,"[0.582919, 0.587558, 0.0807913, 0.132802]"
8764,292.1333333333333,00:04:52.13,2,,"[0.584362, 0.589657, 0.0774813, 0.128789]"
8765,292.1666666666667,00:04:52.16,2,,"[0.589477, 0.609675, 0.06758, 0.0910495]"
8766,292.2,00:04:52.19,2,,"[0.587463, 0.611397, 0.0710745, 0.0880332]"
8767,292.23333333333335,00:04:52.23,2,,"[0.587409, 0.612105, 0.070057, 0.086683]"
8768,292.26666666666665,00:04:52.26,2,,"[0.587249, 0.610782, 0.070533, 0.0893466]"
8769,292.3,00:04:52.30,2,,"[0.57946, 0.608123, 0.0863979, 0.0949348]"
8770,292.3333333333333,00:04:52.33,2,,"[0.578966, 0.60814, 0.0874617, 0.0956038]"
8771,292.3666666666667,00:04:52.36,2,,"[0.577536, 0.605645, 0.0862466, 0.102271]"
8772,292.4,00:04:52.39,2,,"[0.577072, 0.602529, 0.0871814, 0.107737]"
8773,292.43333333333334,00:04:52.43,2,,"[0.578287, 0.600667, 0.085311, 0.111427]"
8774,292.46666666666664,00:04:52.46,2,,"[0.578879, 0.599228, 0.084699, 0.112763]"
8775,292.5,00:04:52.50,2,,"[0.579475, 0.600286, 0.0868227, 0.110548]"
8776,292.53333333333336,00:04:52.53,2,,"[0.578666, 0.599628, 0.0860638, 0.112463]"
8777,292.56666666666666,00:04:52.56,2,,"[0.578331, 0.602248, 0.0861982, 0.10869]"
8778,292.6,00:04:52.60,2,,"[0.577436, 0.604647, 0.0870003, 0.105755]"
8779,292.6333333333333,00:04:52.63,2,,"[0.576391, 0.606133, 0.0887396, 0.102457]"
8780,292.6666666666667,00:04:52.66,2,,"[0.576466, 0.606348, 0.0883648, 0.102519]"
8781,292.7,00:04:52.69,2,,"[0.576668, 0.606398, 0.0881445, 0.102678]"
8782,292.73333333333335,00:04:52.73,2,,"[0.576714, 0.605438, 0.0878424, 0.104565]"
8783,292.76666666666665,00:04:52.76,2,,"[0.578018, 0.606625, 0.0885648, 0.102189]"
8784,292.8,00:04:52.80,2,,"[0.577576, 0.604306, 0.0866604, 0.106186]"
8785,292.8333333333333,00:04:52.83,2,,"[0.576492, 0.60387, 0.0890686, 0.10585]"
8786,292.8666666666667,00:04:52.86,2,,"[0.575313, 0.604182, 0.0914668, 0.105918]"
8787,292.9,00:04:52.89,2,,"[0.574414, 0.604252, 0.0933715, 0.105579]"
8788,292.93333333333334,00:04:52.93,2,,"[0.574364, 0.60356, 0.0939981, 0.106144]"
8789,292.96666666666664,00:04:52.96,2,,"[0.574431, 0.603623, 0.0941397, 0.106225]"
8790,293.0,00:04:53.00,2,,"[0.574216, 0.603144, 0.0947609, 0.107464]"
8791,293.03333333333336,00:04:53.03,2,,"[0.574334, 0.602441, 0.0942949, 0.108153]"
8792,293.06666666666666,00:04:53.06,2,,"[0.573851, 0.60202, 0.0957034, 0.109335]"
8793,293.1,00:04:53.10,2,,"[0.573623, 0.601678, 0.095574, 0.108956]"
8794,293.1333333333333,00:04:53.13,2,,"[0.573755, 0.601236, 0.0955046, 0.110112]"
8795,293.1666666666667,00:04:53.16,2,,"[0.574363, 0.601669, 0.0950821, 0.108717]"
8796,293.2,00:04:53.19,2,,"[0.581732, 0.603929, 0.0828033, 0.104365]"
8797,293.23333333333335,00:04:53.23,2,,"[0.584765, 0.603559, 0.07712, 0.102368]"
8798,293.26666666666665,00:04:53.26,2,,"[0.585651, 0.595683, 0.0746277, 0.116244]"
8799,293.3,00:04:53.30,2,,"[0.584689, 0.583345, 0.0770706, 0.141409]"
8800,293.3333333333333,00:04:53.33,2,,"[0.580576, 0.576607, 0.0838204, 0.149846]"
8801,293.3666666666667,00:04:53.36,2,,"[0.574353, 0.571534, 0.0963957, 0.159003]"
8802,293.4,00:04:53.39,2,,"[0.570809, 0.56963, 0.103651, 0.161625]"
8803,293.43333333333334,00:04:53.43,2,,"[0.570668, 0.570343, 0.104464, 0.159593]"
8804,293.46666666666664,00:04:53.46,2,,"[0.569885, 0.569994, 0.105075, 0.159456]"
8805,293.5,00:04:53.50,2,,"[0.5696, 0.569326, 0.106008, 0.160224]"
8806,293.53333333333336,00:04:53.53,2,,"[0.5685, 0.568505, 0.107701, 0.162202]"
8807,293.56666666666666,00:04:53.56,2,,"[0.568446, 0.568456, 0.108032, 0.161981]"
8808,293.6,00:04:53.60,2,,"[0.569571, 0.568894, 0.10548, 0.160972]"
8809,293.6333333333333,00:04:53.63,2,,"[0.568613, 0.566484, 0.106965, 0.163905]"
8810,293.6666666666667,00:04:53.66,2,,"[0.568906, 0.566258, 0.106193, 0.164002]"
8811,293.7,00:04:53.69,2,,"[0.56965, 0.566949, 0.103728, 0.16288]"
8812,293.73333333333335,00:04:53.73,2,,"[0.568521, 0.56564, 0.104781, 0.166512]"
8813,293.76666666666665,00:04:53.76,2,,"[0.568334, 0.565747, 0.104806, 0.166883]"
8814,293.8,00:04:53.80,2,,"[0.570537, 0.568153, 0.099559, 0.164573]"
8815,293.8333333333333,00:04:53.83,2,,"[0.576566, 0.572801, 0.0882039, 0.157647]"
8816,293.8666666666667,00:04:53.86,2,,"[0.580261, 0.575876, 0.0815155, 0.152035]"
8817,293.9,00:04:53.89,2,,"[0.582158, 0.581176, 0.0789036, 0.144513]"
8818,293.93333333333334,00:04:53.93,2,,"[0.587237, 0.593214, 0.0696749, 0.121545]"
8819,293.96666666666664,00:04:53.96,2,,"[0.586522, 0.596725, 0.0713165, 0.116087]"
8820,294.0,00:04:54.00,2,,"[0.58604, 0.600036, 0.0734079, 0.109283]"
8821,294.03333333333336,00:04:54.03,2,,"[0.585407, 0.599738, 0.0747296, 0.109766]"
8822,294.06666666666666,00:04:54.06,2,,"[0.585525, 0.598805, 0.0744122, 0.111976]"
8823,294.1,00:04:54.10,2,,"[0.584093, 0.596053, 0.0775691, 0.116068]"
8824,294.1333333333333,00:04:54.13,2,,"[0.585435, 0.595523, 0.0746479, 0.118231]"
8825,294.1666666666667,00:04:54.16,2,,"[0.58425, 0.595815, 0.0770128, 0.116741]"
8826,294.2,00:04:54.19,2,,"[0.582628, 0.596297, 0.0800863, 0.11432]"
8827,294.23333333333335,00:04:54.23,2,,"[0.5846, 0.598204, 0.0761875, 0.111464]"
8828,294.26666666666665,00:04:54.26,2,,"[0.584668, 0.600961, 0.0757399, 0.105577]"
8829,294.3,00:04:54.30,2,,"[0.579491, 0.602105, 0.0868433, 0.0999179]"
8830,294.3333333333333,00:04:54.33,2,,"[0.590361, 0.603441, 0.065709, 0.0992544]"
8831,294.3666666666667,00:04:54.36,2,,"[0.591455, 0.603899, 0.0632494, 0.0994789]"
8832,294.4,00:04:54.39,2,,"[0.591449, 0.604044, 0.0634874, 0.100682]"
8833,294.43333333333334,00:04:54.43,2,,"[0.588217, 0.60155, 0.0700161, 0.10459]"
8834,294.46666666666664,00:04:54.46,2,,"[0.588514, 0.602183, 0.0694576, 0.103182]"
8835,294.5,00:04:54.50,2,,"[0.588376, 0.602014, 0.0700474, 0.103793]"
8836,294.53333333333336,00:04:54.53,2,,"[0.588484, 0.600127, 0.0698477, 0.10747]"
8837,294.56666666666666,00:04:54.56,2,,"[0.590611, 0.599314, 0.0677774, 0.109001]"
8838,294.6,00:04:54.60,2,,"[0.591653, 0.601932, 0.0659723, 0.102812]"
8839,294.6333333333333,00:04:54.63,2,,"[0.592386, 0.604603, 0.0615696, 0.0982579]"
8840,294.6666666666667,00:04:54.66,2,,"[0.592441, 0.602624, 0.060671, 0.102256]"
8841,294.7,00:04:54.69,2,,"[0.592559, 0.602792, 0.0604717, 0.10204]"
8842,294.73333333333335,00:04:54.73,2,,"[0.598995, 0.602533, 0.0475784, 0.102336]"
8843,294.76666666666665,00:04:54.76,2,,"[0.588451, 0.602553, 0.0686745, 0.102222]"
8844,294.8,00:04:54.80,2,,"[0.588841, 0.603353, 0.0678627, 0.100843]"
8845,294.8333333333333,00:04:54.83,2,,"[0.598393, 0.602005, 0.0486542, 0.104549]"
8846,294.8666666666667,00:04:54.86,2,,"[0.595653, 0.600855, 0.0540379, 0.106565]"
8847,294.9,00:04:54.89,2,,"[0.593972, 0.601818, 0.0576603, 0.104356]"
8848,294.93333333333334,00:04:54.93,2,,"[0.586311, 0.601294, 0.072953, 0.104899]"
8849,294.96666666666664,00:04:54.96,2,,"[0.585733, 0.601175, 0.0742722, 0.104073]"
8850,295.0,00:04:55.00,2,,"[0.585788, 0.598968, 0.0737073, 0.10803]"
8851,295.03333333333336,00:04:55.03,2,,"[0.585655, 0.598029, 0.0735224, 0.111103]"
8852,295.06666666666666,00:04:55.06,2,,"[0.584726, 0.598443, 0.074645, 0.109905]"
8853,295.1,00:04:55.10,2,,"[0.58394, 0.598602, 0.0755657, 0.110489]"
8854,295.1333333333333,00:04:55.13,2,,"[0.583189, 0.598272, 0.076306, 0.110381]"
8855,295.1666666666667,00:04:55.16,2,,"[0.583727, 0.599989, 0.0764318, 0.107967]"
8856,295.2,00:04:55.19,2,,"[0.585103, 0.603168, 0.0727275, 0.101304]"
8857,295.23333333333335,00:04:55.23,2,,"[0.585711, 0.603719, 0.0717388, 0.10037]"
8858,295.26666666666665,00:04:55.26,2,,"[0.585735, 0.604512, 0.0723844, 0.0999269]"
8859,295.3,00:04:55.30,2,,"[0.586466, 0.60364, 0.0714062, 0.0998013]"
8860,295.3333333333333,00:04:55.33,2,,"[0.587199, 0.603594, 0.0701935, 0.0987233]"
8861,295.3666666666667,00:04:55.36,2,,"[0.595921, 0.601, 0.052656, 0.104438]"
8862,295.4,00:04:55.39,2,,"[0.593507, 0.60105, 0.0577747, 0.10246]"
8863,295.43333333333334,00:04:55.43,2,,"[0.596165, 0.597748, 0.0527716, 0.109551]"
8864,295.46666666666664,00:04:55.46,2,,"[0.600603, 0.596898, 0.0440143, 0.110715]"
8865,295.5,00:04:55.50,2,,"[0.599305, 0.593799, 0.0468544, 0.116255]"
8866,295.53333333333336,00:04:55.53,2,,"[0.593878, 0.5845, 0.0580182, 0.133647]"
8867,295.56666666666666,00:04:55.56,2,,"[0.587052, 0.579886, 0.0711403, 0.142619]"
8868,295.6,00:04:55.60,2,,"[0.584131, 0.581898, 0.0759405, 0.140301]"
8869,295.6333333333333,00:04:55.63,2,,"[0.58356, 0.581677, 0.0767939, 0.141886]"
8870,295.6666666666667,00:04:55.66,2,,"[0.583481, 0.581875, 0.0774468, 0.141701]"
8871,295.7,00:04:55.69,2,,"[0.586152, 0.577813, 0.0735624, 0.149159]"
8872,295.73333333333335,00:04:55.73,2,,"[0.586793, 0.576373, 0.0728889, 0.150658]"
8873,295.76666666666665,00:04:55.76,2,,"[0.587153, 0.5786, 0.0724493, 0.145919]"
8874,295.8,00:04:55.80,2,,"[0.589638, 0.580118, 0.0685009, 0.140872]"
8875,295.8333333333333,00:04:55.83,2,,"[0.589662, 0.580429, 0.0680517, 0.14148]"
8876,295.8666666666667,00:04:55.86,2,,"[0.590396, 0.580449, 0.067424, 0.142161]"
8877,295.9,00:04:55.89,2,,"[0.590081, 0.579527, 0.0668462, 0.145999]"
8878,295.93333333333334,00:04:55.93,2,,"[0.59138, 0.579303, 0.0644558, 0.146698]"
